ISO-10303-21;
HEADER;
FILE_DESCRIPTION(('Open CASCADE Model'),'2;1');
FILE_NAME('Open CASCADE Shape Model','2026-10-09T04:12:39',('Author'),(
    'Open CASCADE'),'Open CASCADE STEP processor 7.8','Open CASCADE 7.8'
  ,'Unknown');
FILE_SCHEMA(('AUTOMOTIVE_DESIGN { 1 0 10303 214 1 1 1 1 }'));
ENDSEC;
DATA;
#1 = APPLICATION_PROTOCOL_DEFINITION('international standard',
  'automotive_design',2000,#2);
#2 = APPLICATION_CONTEXT(
  'core data for automotive mechanical design processes');
#3 = SHAPE_DEFINITION_REPRESENTATION(#4,#10);
#4 = PRODUCT_DEFINITION_SHAPE('','',#5);
#5 = PRODUCT_DEFINITION('design','',#6,#9);
#6 = PRODUCT_DEFINITION_FORMATION('','',#7);
#7 = PRODUCT('Open CASCADE STEP translator 7.8 3',
  'Open CASCADE STEP translator 7.8 3','',(#8));
#8 = PRODUCT_CONTEXT('',#2,'mechanical');
#9 = PRODUCT_DEFINITION_CONTEXT('part definition',#2,'design');
#10 = ADVANCED_BREP_SHAPE_REPRESENTATION('',(#11,#15),#12660);
#11 = AXIS2_PLACEMENT_3D('',#12,#13,#14);
#12 = CARTESIAN_POINT('',(0.,0.,0.));
#13 = DIRECTION('',(0.,0.,1.));
#14 = DIRECTION('',(1.,0.,-0.));
#15 = BREP_WITH_VOIDS('',#16,(#12109));
#16 = CLOSED_SHELL('',(#17,#552,#591,#625,#785,#812,#2736,#2809,#3355,
    #4284,#4317,#4505,#4558,#4615,#5106,#5145,#5179,#5257,#5752,#5942,
    #5995,#6052,#8182,#8240,#8293,#8346,#8394,#8433,#8465,#8469,#8496,
    #8529,#9935,#10021,#10079,#10132,#10185,#10233,#10272,#10307,#10455,
    #10460,#10486,#10514,#10519,#10596,#10646,#10696,#10724,#10778,
    #10878,#11297,#11325,#11453,#11458,#11486,#11540,#11545,#11580,
    #11619,#11653,#11730,#11780,#11830,#11858,#11912,#11919,#11929,
    #11961,#11965,#12065,#12092,#12102));
#17 = ADVANCED_FACE('',(#18,#105),#31,.T.);
#18 = FACE_BOUND('',#19,.F.);
#19 = EDGE_LOOP('',(#20,#54,#77,#104));
#20 = ORIENTED_EDGE('',*,*,#21,.F.);
#21 = EDGE_CURVE('',#22,#22,#24,.T.);
#22 = VERTEX_POINT('',#23);
#23 = CARTESIAN_POINT('',(130.,550.,-245.));
#24 = SURFACE_CURVE('',#25,(#30,#42),.PCURVE_S1.);
#25 = CIRCLE('',#26,25.);
#26 = AXIS2_PLACEMENT_3D('',#27,#28,#29);
#27 = CARTESIAN_POINT('',(130.,550.,-270.));
#28 = DIRECTION('',(1.,0.,-0.));
#29 = DIRECTION('',(0.,0.,1.));
#30 = PCURVE('',#31,#36);
#31 = CYLINDRICAL_SURFACE('',#32,25.);
#32 = AXIS2_PLACEMENT_3D('',#33,#34,#35);
#33 = CARTESIAN_POINT('',(130.,550.,-270.));
#34 = DIRECTION('',(-1.,-0.,0.));
#35 = DIRECTION('',(0.,0.,1.));
#36 = DEFINITIONAL_REPRESENTATION('',(#37),#41);
#37 = LINE('',#38,#39);
#38 = CARTESIAN_POINT('',(-0.,0.));
#39 = VECTOR('',#40,1.);
#40 = DIRECTION('',(-1.,0.));
#41 = ( GEOMETRIC_REPRESENTATION_CONTEXT(2) 
PARAMETRIC_REPRESENTATION_CONTEXT() REPRESENTATION_CONTEXT('2D SPACE',''
  ) );
#42 = PCURVE('',#43,#48);
#43 = PLANE('',#44);
#44 = AXIS2_PLACEMENT_3D('',#45,#46,#47);
#45 = CARTESIAN_POINT('',(130.,550.,-270.));
#46 = DIRECTION('',(1.,0.,0.));
#47 = DIRECTION('',(-0.,0.,1.));
#48 = DEFINITIONAL_REPRESENTATION('',(#49),#53);
#49 = CIRCLE('',#50,25.);
#50 = AXIS2_PLACEMENT_2D('',#51,#52);
#51 = CARTESIAN_POINT('',(0.,1.136868377216E-13));
#52 = DIRECTION('',(1.,0.));
#53 = ( GEOMETRIC_REPRESENTATION_CONTEXT(2) 
PARAMETRIC_REPRESENTATION_CONTEXT() REPRESENTATION_CONTEXT('2D SPACE',''
  ) );
#54 = ORIENTED_EDGE('',*,*,#55,.T.);
#55 = EDGE_CURVE('',#22,#56,#58,.T.);
#56 = VERTEX_POINT('',#57);
#57 = CARTESIAN_POINT('',(210.,550.,-245.));
#58 = SEAM_CURVE('',#59,(#63,#70),.PCURVE_S1.);
#59 = LINE('',#60,#61);
#60 = CARTESIAN_POINT('',(130.,550.,-245.));
#61 = VECTOR('',#62,1.);
#62 = DIRECTION('',(1.,0.,0.));
#63 = PCURVE('',#31,#64);
#64 = DEFINITIONAL_REPRESENTATION('',(#65),#69);
#65 = LINE('',#66,#67);
#66 = CARTESIAN_POINT('',(-6.28318530718,0.));
#67 = VECTOR('',#68,1.);
#68 = DIRECTION('',(-0.,-1.));
#69 = ( GEOMETRIC_REPRESENTATION_CONTEXT(2) 
PARAMETRIC_REPRESENTATION_CONTEXT() REPRESENTATION_CONTEXT('2D SPACE',''
  ) );
#70 = PCURVE('',#31,#71);
#71 = DEFINITIONAL_REPRESENTATION('',(#72),#76);
#72 = LINE('',#73,#74);
#73 = CARTESIAN_POINT('',(-0.,0.));
#74 = VECTOR('',#75,1.);
#75 = DIRECTION('',(-0.,-1.));
#76 = ( GEOMETRIC_REPRESENTATION_CONTEXT(2) 
PARAMETRIC_REPRESENTATION_CONTEXT() REPRESENTATION_CONTEXT('2D SPACE',''
  ) );
#77 = ORIENTED_EDGE('',*,*,#78,.T.);
#78 = EDGE_CURVE('',#56,#56,#79,.T.);
#79 = SURFACE_CURVE('',#80,(#85,#92),.PCURVE_S1.);
#80 = CIRCLE('',#81,25.);
#81 = AXIS2_PLACEMENT_3D('',#82,#83,#84);
#82 = CARTESIAN_POINT('',(210.,550.,-270.));
#83 = DIRECTION('',(1.,0.,-0.));
#84 = DIRECTION('',(0.,0.,1.));
#85 = PCURVE('',#31,#86);
#86 = DEFINITIONAL_REPRESENTATION('',(#87),#91);
#87 = LINE('',#88,#89);
#88 = CARTESIAN_POINT('',(-0.,-80.));
#89 = VECTOR('',#90,1.);
#90 = DIRECTION('',(-1.,0.));
#91 = ( GEOMETRIC_REPRESENTATION_CONTEXT(2) 
PARAMETRIC_REPRESENTATION_CONTEXT() REPRESENTATION_CONTEXT('2D SPACE',''
  ) );
#92 = PCURVE('',#93,#98);
#93 = PLANE('',#94);
#94 = AXIS2_PLACEMENT_3D('',#95,#96,#97);
#95 = CARTESIAN_POINT('',(210.,550.,-270.));
#96 = DIRECTION('',(1.,0.,0.));
#97 = DIRECTION('',(-0.,0.,1.));
#98 = DEFINITIONAL_REPRESENTATION('',(#99),#103);
#99 = CIRCLE('',#100,25.);
#100 = AXIS2_PLACEMENT_2D('',#101,#102);
#101 = CARTESIAN_POINT('',(0.,1.136868377216E-13));
#102 = DIRECTION('',(1.,0.));
#103 = ( GEOMETRIC_REPRESENTATION_CONTEXT(2) 
PARAMETRIC_REPRESENTATION_CONTEXT() REPRESENTATION_CONTEXT('2D SPACE',''
  ) );
#104 = ORIENTED_EDGE('',*,*,#55,.F.);
#105 = FACE_BOUND('',#106,.F.);
#106 = EDGE_LOOP('',(#107));
#107 = ORIENTED_EDGE('',*,*,#108,.T.);
#108 = EDGE_CURVE('',#109,#109,#111,.T.);
#109 = VERTEX_POINT('',#110);
#110 = CARTESIAN_POINT('',(159.90985221824,574.94379964943,
    -268.3246316676));
#111 = SURFACE_CURVE('',#112,(#255,#401),.PCURVE_S1.);
#112 = B_SPLINE_CURVE_WITH_KNOTS('',8,(#113,#114,#115,#116,#117,#118,
    #119,#120,#121,#122,#123,#124,#125,#126,#127,#128,#129,#130,#131,
    #132,#133,#134,#135,#136,#137,#138,#139,#140,#141,#142,#143,#144,
    #145,#146,#147,#148,#149,#150,#151,#152,#153,#154,#155,#156,#157,
    #158,#159,#160,#161,#162,#163,#164,#165,#166,#167,#168,#169,#170,
    #171,#172,#173,#174,#175,#176,#177,#178,#179,#180,#181,#182,#183,
    #184,#185,#186,#187,#188,#189,#190,#191,#192,#193,#194,#195,#196,
    #197,#198,#199,#200,#201,#202,#203,#204,#205,#206,#207,#208,#209,
    #210,#211,#212,#213,#214,#215,#216,#217,#218,#219,#220,#221,#222,
    #223,#224,#225,#226,#227,#228,#229,#230,#231,#232,#233,#234,#235,
    #236,#237,#238,#239,#240,#241,#242,#243,#244,#245,#246,#247,#248,
    #249,#250,#251,#252,#253,#254),.UNSPECIFIED.,.T.,.F.,(9,7,7,7,7,7,7,
    7,7,7,7,7,7,7,7,7,7,7,7,7,9),(0.,4.353737403714E-02,0.124881196247,
    0.167650864761,0.194965970752,0.215991594547,0.240370933701,
    0.274951767622,0.304552548971,0.367592381854,0.427094016489,
    0.538338256161,0.634621551553,0.658350314302,0.688242185497,
    0.716207206355,0.737949999724,0.77636527992,0.799731873085,
    0.892481873734,1.),.UNSPECIFIED.);
#113 = CARTESIAN_POINT('',(159.90985221824,574.94379964943,
    -268.3246316676));
#114 = CARTESIAN_POINT('',(160.43005153846,574.94379964943,
    -268.3246316676));
#115 = CARTESIAN_POINT('',(160.95315653479,574.94512087056,
    -268.3443034763));
#116 = CARTESIAN_POINT('',(161.47833123874,574.94784823615,
    -268.3849081817));
#117 = CARTESIAN_POINT('',(162.00479866759,574.95197783473,
    -268.4476919114));
#118 = CARTESIAN_POINT('',(162.53182990077,574.95739040642,
    -268.5338929472));
#119 = CARTESIAN_POINT('',(163.05873252541,574.96382132787,
    -268.6447498751));
#120 = CARTESIAN_POINT('',(163.58483845116,574.97082709536,
    -268.7815107737));
#121 = CARTESIAN_POINT('',(165.08973513187,574.99067967322,
    -269.2517299259));
#122 = CARTESIAN_POINT('',(166.06520437931,575.00331976161,
    -269.652961565));
#123 = CARTESIAN_POINT('',(167.02494421549,575.01127668275,
    -270.1554309081));
#124 = CARTESIAN_POINT('',(167.95924869186,575.00753600579,
    -270.7624050686));
#125 = CARTESIAN_POINT('',(168.85906862609,574.98214024464,
    -271.4738208048));
#126 = CARTESIAN_POINT('',(169.7153166069,574.9226649718,-272.2858572143
    ));
#127 = CARTESIAN_POINT('',(170.51847094548,574.81571079769,
    -273.1906659587));
#128 = CARTESIAN_POINT('',(171.64802427814,574.56082903446,
    -274.694900421));
#129 = CARTESIAN_POINT('',(172.02020819548,574.45631249691,
    -275.2360884319));
#130 = CARTESIAN_POINT('',(172.37386850388,574.33323053402,
    -275.7984708107));
#131 = CARTESIAN_POINT('',(172.70756424379,574.18973748272,
    -276.3801761537));
#132 = CARTESIAN_POINT('',(173.0198650968,574.02407634465,
    -276.9791259808));
#133 = CARTESIAN_POINT('',(173.30934234114,573.83462633208,
    -277.5930641717));
#134 = CARTESIAN_POINT('',(173.57456115713,573.61994510326,
    -278.2195840226));
#135 = CARTESIAN_POINT('',(173.9670407805,573.2248005489,-279.2627014837
    ));
#136 = CARTESIAN_POINT('',(174.10951760511,573.06000845797,
    -279.6733361428));
#137 = CARTESIAN_POINT('',(174.24103033275,572.8842102098,
    -280.0871347962));
#138 = CARTESIAN_POINT('',(174.3611488046,572.69725316459,
    -280.5031623856));
#139 = CARTESIAN_POINT('',(174.46948470986,572.4990558713,
    -280.9204799036));
#140 = CARTESIAN_POINT('',(174.56568979791,572.28961152907,
    -281.3381526207));
#141 = CARTESIAN_POINT('',(174.6494547194,572.06899028617,
    -281.7552575401));
#142 = CARTESIAN_POINT('',(174.77520167521,571.65902937659,
    -282.4908204995));
#143 = CARTESIAN_POINT('',(174.82235325556,571.47421632427,
    -282.8098202184));
#144 = CARTESIAN_POINT('',(174.86182768091,571.28302997289,
    -283.1273751446));
#145 = CARTESIAN_POINT('',(174.89351675702,571.08563323954,
    -283.4429884417));
#146 = CARTESIAN_POINT('',(174.91733928093,570.88222372191,
    -283.7561810319));
#147 = CARTESIAN_POINT('',(174.93324067013,570.67303421524,
    -284.0664921023));
#148 = CARTESIAN_POINT('',(174.94119259176,570.45833322939,
    -284.3734796098));
#149 = CARTESIAN_POINT('',(174.94119259176,569.98344115763,
    -285.0283307824));
#150 = CARTESIAN_POINT('',(174.93050174579,569.72150875894,
    -285.3748325351));
#151 = CARTESIAN_POINT('',(174.90912533687,569.45309829965,
    -285.7155832625));
#152 = CARTESIAN_POINT('',(174.8771146043,569.1787377229,-286.0499850955
    ));
#153 = CARTESIAN_POINT('',(174.83456722204,568.89900841055,
    -286.3774878474));
#154 = CARTESIAN_POINT('',(174.78162777721,568.61454066862,
    -286.6975917843));
#155 = CARTESIAN_POINT('',(174.71848824852,568.32600921275,
    -287.0098503942));
#156 = CARTESIAN_POINT('',(174.54170024374,567.62011115008,-287.74511375
    ));
#157 = CARTESIAN_POINT('',(174.41802381363,567.19956037623,
    -288.159569393));
#158 = CARTESIAN_POINT('',(174.27497092216,566.77409141717,
    -288.556605508));
#159 = CARTESIAN_POINT('',(174.11322192715,566.34539654587,
    -288.9357496092));
#160 = CARTESIAN_POINT('',(173.9335275387,565.91522588594,
    -289.2966911605));
#161 = CARTESIAN_POINT('',(173.73671244986,565.48536448909,
    -289.6392784704));
#162 = CARTESIAN_POINT('',(173.52368087565,565.05760582741,
    -289.9635126244));
#163 = CARTESIAN_POINT('',(173.10003883788,564.27088194393,
    -290.5314929162));
#164 = CARTESIAN_POINT('',(172.89339807952,563.91069603479,
    -290.7802395235));
#165 = CARTESIAN_POINT('',(172.67597781824,563.55404603513,
    -291.0160139824));
#166 = CARTESIAN_POINT('',(172.44824839045,563.20179094527,
    -291.2391005342));
#167 = CARTESIAN_POINT('',(172.21067599129,562.85476138736,
    -291.4498259759));
#168 = CARTESIAN_POINT('',(171.96372428982,562.5137542889,
    -291.6485536806));
#169 = CARTESIAN_POINT('',(171.7078560443,562.1795275664,-291.8356776171
    ));
#170 = CARTESIAN_POINT('',(170.88061808084,561.15696255408,
    -292.3863074784));
#171 = CARTESIAN_POINT('',(170.2787092866,560.49431098404,-292.710703121
    ));
#172 = CARTESIAN_POINT('',(169.64238366344,559.87217664302,
    -292.9884729158));
#173 = CARTESIAN_POINT('',(168.97615196922,559.29668311364,-293.22410031
    ));
#174 = CARTESIAN_POINT('',(168.2844097316,558.77252785949,
    -293.4224025394));
#175 = CARTESIAN_POINT('',(167.57146495122,558.30285892697,
    -293.588101471));
#176 = CARTESIAN_POINT('',(166.84164110473,557.8892619862,
    -293.7255140894));
#177 = CARTESIAN_POINT('',(165.39892003924,557.19455305663,
    -293.9450110416));
#178 = CARTESIAN_POINT('',(164.6895189823,556.90834160317,
    -294.0294414523));
#179 = CARTESIAN_POINT('',(163.97353442456,556.67203904928,
    -294.0953915251));
#180 = CARTESIAN_POINT('',(163.25317415736,556.48394379555,
    -294.1457473174));
#181 = CARTESIAN_POINT('',(162.53072239937,556.34190159137,
    -294.1827221002));
#182 = CARTESIAN_POINT('',(161.80865407102,556.24333958467,
    -294.2079797241));
#183 = CARTESIAN_POINT('',(161.08970949737,556.18529025386,
    -294.2227712885));
#184 = CARTESIAN_POINT('',(159.04431632631,556.12535857196,
    -294.2380198387));
#185 = CARTESIAN_POINT('',(157.72721595387,556.21603901501,
    -294.2148713445));
#186 = CARTESIAN_POINT('',(156.4292779086,556.41614283055,
    -294.1646951464));
#187 = CARTESIAN_POINT('',(155.15298409579,556.70871595407,
    -294.0883319018));
#188 = CARTESIAN_POINT('',(153.89964497645,557.08051460477,
    -293.9846397803));
#189 = CARTESIAN_POINT('',(152.66912390083,557.52212788103,
    -293.8511095881));
#190 = CARTESIAN_POINT('',(151.46022436979,558.02786371051,
    -293.6837178273));
#191 = CARTESIAN_POINT('',(149.24423338389,559.08633584683,
    -293.2961797541));
#192 = CARTESIAN_POINT('',(148.24216688807,559.6186837075,
    -293.0879571301));
#193 = CARTESIAN_POINT('',(147.25952691196,560.19179290059,
    -292.8471739464));
#194 = CARTESIAN_POINT('',(146.29208175464,560.8078220172,-292.567979634
    ));
#195 = CARTESIAN_POINT('',(145.33964577738,561.46960840363,
    -292.2427394667));
#196 = CARTESIAN_POINT('',(144.40720325979,562.17923229299,
    -291.8619126502));
#197 = CARTESIAN_POINT('',(143.50589392918,562.93686027956,
    -291.414035072));
#198 = CARTESIAN_POINT('',(142.44436483577,563.93743269828,
    -290.7558195377));
#199 = CARTESIAN_POINT('',(142.23709469157,564.13838358009,
    -290.6205579179));
#200 = CARTESIAN_POINT('',(142.03253741745,564.34261675964,
    -290.4798228626));
#201 = CARTESIAN_POINT('',(141.83087343446,564.55026495899,
    -290.3332477488));
#202 = CARTESIAN_POINT('',(141.63236543903,564.76142832735,
    -290.1804527249));
#203 = CARTESIAN_POINT('',(141.4373579283,564.97617356247,
    -290.0210440306));
#204 = CARTESIAN_POINT('',(141.24627672549,565.19453303193,
    -289.8546133175));
#205 = CARTESIAN_POINT('',(140.82450185257,565.6961275944,
    -289.4616994476));
#206 = CARTESIAN_POINT('',(140.59625438948,565.98166801673,
    -289.2307007059));
#207 = CARTESIAN_POINT('',(140.37578691005,566.27328757429,
    -288.9867447107));
#208 = CARTESIAN_POINT('',(140.16428592174,566.57101895469,
    -288.7288008367));
#209 = CARTESIAN_POINT('',(139.96322790555,566.87475200693,
    -288.4558100195));
#210 = CARTESIAN_POINT('',(139.7743848202,567.18422253373,
    -288.1666925225));
#211 = CARTESIAN_POINT('',(139.59983085011,567.49900298935,
    -287.8603573161));
#212 = CARTESIAN_POINT('',(139.29424702589,568.11739249934,
    -287.2319956181));
#213 = CARTESIAN_POINT('',(139.16016370634,568.42238293216,
    -286.9102524686));
#214 = CARTESIAN_POINT('',(139.04319704793,568.73062962562,
    -286.571701951));
#215 = CARTESIAN_POINT('',(138.9462280068,569.03954742748,
    -286.2176357261));
#216 = CARTESIAN_POINT('',(138.87153900175,569.34678767239,
    -285.8494654433));
#217 = CARTESIAN_POINT('',(138.82082545961,569.65023160948,
    -285.4687513402));
#218 = CARTESIAN_POINT('',(138.79520179008,569.94799237443,
    -285.0772127887));
#219 = CARTESIAN_POINT('',(138.79520179008,570.46423715787,
    -284.3653384031));
#220 = CARTESIAN_POINT('',(138.81069158713,570.68398820943,
    -284.0507925367));
#221 = CARTESIAN_POINT('',(138.84153013831,570.89687341074,
    -283.7342984007));
#222 = CARTESIAN_POINT('',(138.88729929304,571.10219426912,
    -283.4171497053));
#223 = CARTESIAN_POINT('',(138.94730265729,571.29935521588,
    -283.1007235205));
#224 = CARTESIAN_POINT('',(139.02056358409,571.48785813442,
    -282.7864846687));
#225 = CARTESIAN_POINT('',(139.10582229044,571.6672952493,
    -282.4759896469));
#226 = CARTESIAN_POINT('',(139.37063268923,572.13777698945,
    -281.6318385754));
#227 = CARTESIAN_POINT('',(139.57271415311,572.4095291704,
    -281.1084923038));
#228 = CARTESIAN_POINT('',(139.80208902728,572.65519226846,
    -280.6018095436));
#229 = CARTESIAN_POINT('',(140.0538745499,572.87725685188,
    -280.1123054709));
#230 = CARTESIAN_POINT('',(140.3239634991,573.07807294512,
    -279.6400834371));
#231 = CARTESIAN_POINT('',(140.60900104133,573.25982440157,
    -279.1848718098));
#232 = CARTESIAN_POINT('',(140.90636759085,573.42451341201,
    -278.746066375));
#233 = CARTESIAN_POINT('',(141.4013910832,573.66485502602,
    -278.0653078321));
#234 = CARTESIAN_POINT('',(141.59267026226,573.75020883467,
    -277.8133090326));
#235 = CARTESIAN_POINT('',(141.78755375983,573.83038501524,
    -277.5666572484));
#236 = CARTESIAN_POINT('',(141.98566236184,573.90572888222,
    -277.3252028487));
#237 = CARTESIAN_POINT('',(142.18668953302,573.97656347456,
    -277.0887717933));
#238 = CARTESIAN_POINT('',(142.39040185194,574.0431904063,
    -276.8571662006));
#239 = CARTESIAN_POINT('',(142.59663944599,574.10589071728,
    -276.6301649151));
#240 = CARTESIAN_POINT('',(143.63362673802,574.39925585673,
    -275.523786426));
#241 = CARTESIAN_POINT('',(144.50604329014,574.57743916926,
    -274.7027035492));
#242 = CARTESIAN_POINT('',(145.40673264153,574.71119117547,
    -273.9428759484));
#243 = CARTESIAN_POINT('',(146.32611859461,574.81004587423,
    -273.2409505057));
#244 = CARTESIAN_POINT('',(147.25986643994,574.88147614341,
    -272.5925803237));
#245 = CARTESIAN_POINT('',(148.20805381181,574.93120964384,
    -271.9933416064));
#246 = CARTESIAN_POINT('',(149.1742285994,574.96369223386,
    -271.4398365424));
#247 = CARTESIAN_POINT('',(151.31148519476,575.00462825224,
    -270.3415998522));
#248 = CARTESIAN_POINT('',(152.47878871072,575.00820416798,
    -269.8184179666));
#249 = CARTESIAN_POINT('',(153.66630548837,574.99970558324,
    -269.3619086537));
#250 = CARTESIAN_POINT('',(154.87504444845,574.98427450424,
    -268.9755532442));
#251 = CARTESIAN_POINT('',(156.10524986183,574.96674693891,
    -268.6662884164));
#252 = CARTESIAN_POINT('',(157.35596773271,574.95185778445,
    -268.4446047775));
#253 = CARTESIAN_POINT('',(158.62518127299,574.94379964943,
    -268.3246316676));
#254 = CARTESIAN_POINT('',(159.90985221824,574.94379964943,
    -268.3246316676));
#255 = PCURVE('',#31,#256);
#256 = DEFINITIONAL_REPRESENTATION('',(#257),#400);
#257 = B_SPLINE_CURVE_WITH_KNOTS('',8,(#258,#259,#260,#261,#262,#263,
    #264,#265,#266,#267,#268,#269,#270,#271,#272,#273,#274,#275,#276,
    #277,#278,#279,#280,#281,#282,#283,#284,#285,#286,#287,#288,#289,
    #290,#291,#292,#293,#294,#295,#296,#297,#298,#299,#300,#301,#302,
    #303,#304,#305,#306,#307,#308,#309,#310,#311,#312,#313,#314,#315,
    #316,#317,#318,#319,#320,#321,#322,#323,#324,#325,#326,#327,#328,
    #329,#330,#331,#332,#333,#334,#335,#336,#337,#338,#339,#340,#341,
    #342,#343,#344,#345,#346,#347,#348,#349,#350,#351,#352,#353,#354,
    #355,#356,#357,#358,#359,#360,#361,#362,#363,#364,#365,#366,#367,
    #368,#369,#370,#371,#372,#373,#374,#375,#376,#377,#378,#379,#380,
    #381,#382,#383,#384,#385,#386,#387,#388,#389,#390,#391,#392,#393,
    #394,#395,#396,#397,#398,#399),.UNSPECIFIED.,.F.,.F.,(9,7,7,7,7,7,7,
    7,7,7,7,7,7,7,7,7,7,7,7,7,9),(0.,4.353737403714E-02,0.124881196247,
    0.167650864761,0.194965970752,0.215991594547,0.240370933701,
    0.274951767622,0.304552548971,0.367592381854,0.427094016489,
    0.538338256161,0.634621551553,0.658350314302,0.688242185497,
    0.716207206355,0.737949999724,0.77636527992,0.799731873085,
    0.892481873734,1.),.UNSPECIFIED.);
#258 = CARTESIAN_POINT('',(-4.779453975562,-29.90985221824));
#259 = CARTESIAN_POINT('',(-4.779453975562,-30.43005153846));
#260 = CARTESIAN_POINT('',(-4.778665327035,-30.95315653479));
#261 = CARTESIAN_POINT('',(-4.77703748783,-31.47833123874));
#262 = CARTESIAN_POINT('',(-4.774520709705,-32.00479866759));
#263 = CARTESIAN_POINT('',(-4.771065903962,-32.53182990077));
#264 = CARTESIAN_POINT('',(-4.766624301966,-33.05873252541));
#265 = CARTESIAN_POINT('',(-4.761146910563,-33.58483845116));
#266 = CARTESIAN_POINT('',(-4.742321388485,-35.08973513187));
#267 = CARTESIAN_POINT('',(-4.726265074744,-36.06520437931));
#268 = CARTESIAN_POINT('',(-4.706167988192,-37.02494421548));
#269 = CARTESIAN_POINT('',(-4.681901112694,-37.95924869187));
#270 = CARTESIAN_POINT('',(-4.65345573193,-38.85906862608));
#271 = CARTESIAN_POINT('',(-4.620935858347,-39.7153166069));
#272 = CARTESIAN_POINT('',(-4.584537413858,-40.51847094548));
#273 = CARTESIAN_POINT('',(-4.523510389933,-41.64802427814));
#274 = CARTESIAN_POINT('',(-4.501468666329,-42.02020819548));
#275 = CARTESIAN_POINT('',(-4.478452844835,-42.37386850388));
#276 = CARTESIAN_POINT('',(-4.454504501577,-42.70756424379));
#277 = CARTESIAN_POINT('',(-4.429667579944,-43.0198650968));
#278 = CARTESIAN_POINT('',(-4.403987315258,-43.30934234114));
#279 = CARTESIAN_POINT('',(-4.377509658209,-43.57456115713));
#280 = CARTESIAN_POINT('',(-4.332891576557,-43.9670407805));
#281 = CARTESIAN_POINT('',(-4.31519626117,-44.10951760511));
#282 = CARTESIAN_POINT('',(-4.297218625954,-44.24103033275));
#283 = CARTESIAN_POINT('',(-4.278982285329,-44.3611488046));
#284 = CARTESIAN_POINT('',(-4.260510974864,-44.46948470986));
#285 = CARTESIAN_POINT('',(-4.241828492915,-44.56568979791));
#286 = CARTESIAN_POINT('',(-4.222958702069,-44.6494547194));
#287 = CARTESIAN_POINT('',(-4.189274977464,-44.77520167521));
#288 = CARTESIAN_POINT('',(-4.174530264503,-44.82235325556));
#289 = CARTESIAN_POINT('',(-4.159707133387,-44.86182768091));
#290 = CARTESIAN_POINT('',(-4.144821062293,-44.89351675702));
#291 = CARTESIAN_POINT('',(-4.129887431021,-44.91733928093));
#292 = CARTESIAN_POINT('',(-4.114921626298,-44.93324067013));
#293 = CARTESIAN_POINT('',(-4.099939147097,-44.94119259176));
#294 = CARTESIAN_POINT('',(-4.067582323072,-44.94119259176));
#295 = CARTESIAN_POINT('',(-4.050211192972,-44.93050174579));
#296 = CARTESIAN_POINT('',(-4.032866168778,-44.90912533688));
#297 = CARTESIAN_POINT('',(-4.015571032729,-44.8771146043));
#298 = CARTESIAN_POINT('',(-3.998349526146,-44.83456722204));
#299 = CARTESIAN_POINT('',(-3.981225375409,-44.78162777721));
#300 = CARTESIAN_POINT('',(-3.964222317941,-44.71848824852));
#301 = CARTESIAN_POINT('',(-3.923451656388,-44.54170024374));
#302 = CARTESIAN_POINT('',(-3.8998425201,-44.41802381363));
#303 = CARTESIAN_POINT('',(-3.876578943312,-44.27497092216));
#304 = CARTESIAN_POINT('',(-3.853702811126,-44.11322192715));
#305 = CARTESIAN_POINT('',(-3.831255864379,-43.9335275387));
#306 = CARTESIAN_POINT('',(-3.809279660783,-43.73671244987));
#307 = CARTESIAN_POINT('',(-3.787815302568,-43.52368087565));
#308 = CARTESIAN_POINT('',(-3.749002189719,-43.10003883788));
#309 = CARTESIAN_POINT('',(-3.731496775392,-42.89339807952));
#310 = CARTESIAN_POINT('',(-3.714400999556,-42.67597781824));
#311 = CARTESIAN_POINT('',(-3.697728973879,-42.44824839045));
#312 = CARTESIAN_POINT('',(-3.681494502994,-42.21067599129));
#313 = CARTESIAN_POINT('',(-3.665710977681,-41.96372428982));
#314 = CARTESIAN_POINT('',(-3.650391268063,-41.7078560443));
#315 = CARTESIAN_POINT('',(-3.60393556962,-40.88061808084));
#316 = CARTESIAN_POINT('',(-3.574445928054,-40.2787092866));
#317 = CARTESIAN_POINT('',(-3.54721933423,-39.64238366344));
#318 = CARTESIAN_POINT('',(-3.522365457521,-38.97615196922));
#319 = CARTESIAN_POINT('',(-3.499961203147,-38.2844097316));
#320 = CARTESIAN_POINT('',(-3.480045370113,-37.57146495122));
#321 = CARTESIAN_POINT('',(-3.462614203485,-36.84164110473));
#322 = CARTESIAN_POINT('',(-3.433471810753,-35.39892003924));
#323 = CARTESIAN_POINT('',(-3.421537779406,-34.6895189823));
#324 = CARTESIAN_POINT('',(-3.411725840509,-33.97353442456));
#325 = CARTESIAN_POINT('',(-3.4039374494,-33.25317415736));
#326 = CARTESIAN_POINT('',(-3.398066447444,-32.53072239937));
#327 = CARTESIAN_POINT('',(-3.393996651737,-31.80865407102));
#328 = CARTESIAN_POINT('',(-3.391600455319,-31.08970949737));
#329 = CARTESIAN_POINT('',(-3.389126810306,-29.04431632631));
#330 = CARTESIAN_POINT('',(-3.392870334116,-27.72721595387));
#331 = CARTESIAN_POINT('',(-3.40112231113,-26.42927790859));
#332 = CARTESIAN_POINT('',(-3.413216937041,-25.15298409581));
#333 = CARTESIAN_POINT('',(-3.428651210595,-23.89964497644));
#334 = CARTESIAN_POINT('',(-3.447096831182,-22.66912390083));
#335 = CARTESIAN_POINT('',(-3.46839509021,-21.46022436979));
#336 = CARTESIAN_POINT('',(-3.513482543391,-19.24423338389));
#337 = CARTESIAN_POINT('',(-3.53634192261,-18.24216688807));
#338 = CARTESIAN_POINT('',(-3.561194110245,-17.25952691196));
#339 = CARTESIAN_POINT('',(-3.588225417309,-16.29208175464));
#340 = CARTESIAN_POINT('',(-3.617688298001,-15.33964577738));
#341 = CARTESIAN_POINT('',(-3.649860532464,-14.40720325979));
#342 = CARTESIAN_POINT('',(-3.685024452876,-13.50589392918));
#343 = CARTESIAN_POINT('',(-3.732930909303,-12.44436483577));
#344 = CARTESIAN_POINT('',(-3.742619694774,-12.23709469157));
#345 = CARTESIAN_POINT('',(-3.752539792947,-12.03253741745));
#346 = CARTESIAN_POINT('',(-3.762705235231,-11.83087343446));
#347 = CARTESIAN_POINT('',(-3.773129572304,-11.63236543903));
#348 = CARTESIAN_POINT('',(-3.783825945224,-11.4373579283));
#349 = CARTESIAN_POINT('',(-3.794807156544,-11.24627672549));
#350 = CARTESIAN_POINT('',(-3.820293730713,-10.82450185257));
#351 = CARTESIAN_POINT('',(-3.834983073031,-10.59625438948));
#352 = CARTESIAN_POINT('',(-3.850187821633,-10.37578691005));
#353 = CARTESIAN_POINT('',(-3.865940042134,-10.16428592174));
#354 = CARTESIAN_POINT('',(-3.882269648192,-9.963227905558));
#355 = CARTESIAN_POINT('',(-3.8992043443,-9.774384820204));
#356 = CARTESIAN_POINT('',(-3.916769675688,-9.59983085011));
#357 = CARTESIAN_POINT('',(-3.952034253036,-9.294247025896));
#358 = CARTESIAN_POINT('',(-3.969764183068,-9.160163706345));
#359 = CARTESIAN_POINT('',(-3.988072175736,-9.043197047939));
#360 = CARTESIAN_POINT('',(-4.006859002066,-8.946228006805));
#361 = CARTESIAN_POINT('',(-4.026030588757,-8.871539001756));
#362 = CARTESIAN_POINT('',(-4.045496171443,-8.820825459619));
#363 = CARTESIAN_POINT('',(-4.065167016293,-8.795201790087));
#364 = CARTESIAN_POINT('',(-4.10034141192,-8.795201790087));
#365 = CARTESIAN_POINT('',(-4.115687233833,-8.81069158713));
#366 = CARTESIAN_POINT('',(-4.130940459947,-8.841530138317));
#367 = CARTESIAN_POINT('',(-4.146048233917,-8.887299293049));
#368 = CARTESIAN_POINT('',(-4.160956880298,-8.94730265729));
#369 = CARTESIAN_POINT('',(-4.175611255545,-9.020563584096));
#370 = CARTESIAN_POINT('',(-4.189954128509,-9.10582229044));
#371 = CARTESIAN_POINT('',(-4.228610441822,-9.37063268923));
#372 = CARTESIAN_POINT('',(-4.252187971484,-9.572714153119));
#373 = CARTESIAN_POINT('',(-4.274698162458,-9.802089027286));
#374 = CARTESIAN_POINT('',(-4.296185789592,-10.0538745499));
#375 = CARTESIAN_POINT('',(-4.316701089312,-10.3239634991));
#376 = CARTESIAN_POINT('',(-4.336300017633,-10.60900104133));
#377 = CARTESIAN_POINT('',(-4.355044096373,-10.90636759085));
#378 = CARTESIAN_POINT('',(-4.383921666495,-11.4013910832));
#379 = CARTESIAN_POINT('',(-4.394563252092,-11.59267026226));
#380 = CARTESIAN_POINT('',(-4.40493618851,-11.78755375983));
#381 = CARTESIAN_POINT('',(-4.415052282848,-11.98566236184));
#382 = CARTESIAN_POINT('',(-4.42492362608,-12.18668953302));
#383 = CARTESIAN_POINT('',(-4.434562653965,-12.39040185194));
#384 = CARTESIAN_POINT('',(-4.443982207957,-12.59663944599));
#385 = CARTESIAN_POINT('',(-4.489766685086,-13.63362673802));
#386 = CARTESIAN_POINT('',(-4.523339680919,-14.50604329014));
#387 = CARTESIAN_POINT('',(-4.554163315286,-15.40673264153));
#388 = CARTESIAN_POINT('',(-4.582488234084,-16.32611859461));
#389 = CARTESIAN_POINT('',(-4.608559655924,-17.25986643994));
#390 = CARTESIAN_POINT('',(-4.632599538451,-18.20805381181));
#391 = CARTESIAN_POINT('',(-4.654772771416,-19.1742285994));
#392 = CARTESIAN_POINT('',(-4.69873274567,-21.31148519476));
#393 = CARTESIAN_POINT('',(-4.719650819073,-22.47878871072));
#394 = CARTESIAN_POINT('',(-4.7379059278,-23.66630548838));
#395 = CARTESIAN_POINT('',(-4.753367291688,-24.87504444844));
#396 = CARTESIAN_POINT('',(-4.76575686954,-26.10524986184));
#397 = CARTESIAN_POINT('',(-4.774644246914,-27.35596773271));
#398 = CARTESIAN_POINT('',(-4.779453975562,-28.62518127299));
#399 = CARTESIAN_POINT('',(-4.779453975562,-29.90985221824));
#400 = ( GEOMETRIC_REPRESENTATION_CONTEXT(2) 
PARAMETRIC_REPRESENTATION_CONTEXT() REPRESENTATION_CONTEXT('2D SPACE',''
  ) );
#401 = PCURVE('',#402,#407);
#402 = CYLINDRICAL_SURFACE('',#403,16.);
#403 = AXIS2_PLACEMENT_3D('',#404,#405,#406);
#404 = CARTESIAN_POINT('',(170.,550.,-270.));
#405 = DIRECTION('',(0.465022737593,-0.716682101467,0.519731294957));
#406 = DIRECTION('',(0.,0.587068831465,0.80953702023));
#407 = DEFINITIONAL_REPRESENTATION('',(#408),#551);
#408 = B_SPLINE_CURVE_WITH_KNOTS('',8,(#409,#410,#411,#412,#413,#414,
    #415,#416,#417,#418,#419,#420,#421,#422,#423,#424,#425,#426,#427,
    #428,#429,#430,#431,#432,#433,#434,#435,#436,#437,#438,#439,#440,
    #441,#442,#443,#444,#445,#446,#447,#448,#449,#450,#451,#452,#453,
    #454,#455,#456,#457,#458,#459,#460,#461,#462,#463,#464,#465,#466,
    #467,#468,#469,#470,#471,#472,#473,#474,#475,#476,#477,#478,#479,
    #480,#481,#482,#483,#484,#485,#486,#487,#488,#489,#490,#491,#492,
    #493,#494,#495,#496,#497,#498,#499,#500,#501,#502,#503,#504,#505,
    #506,#507,#508,#509,#510,#511,#512,#513,#514,#515,#516,#517,#518,
    #519,#520,#521,#522,#523,#524,#525,#526,#527,#528,#529,#530,#531,
    #532,#533,#534,#535,#536,#537,#538,#539,#540,#541,#542,#543,#544,
    #545,#546,#547,#548,#549,#550),.UNSPECIFIED.,.F.,.F.,(9,7,7,7,7,7,7,
    7,7,7,7,7,7,7,7,7,7,7,7,7,9),(0.,4.353737403714E-02,0.124881196247,
    0.167650864761,0.194965970752,0.215991594547,0.240370933701,
    0.274951767622,0.304552548971,0.367592381854,0.427094016489,
    0.538338256161,0.634621551553,0.658350314302,0.688242185497,
    0.716207206355,0.737949999724,0.77636527992,0.799731873085,
    0.892481873734,1.),.UNSPECIFIED.);
#409 = CARTESIAN_POINT('',(0.,-21.69818154264));
#410 = CARTESIAN_POINT('',(-2.878323756968E-02,-21.45627703066));
#411 = CARTESIAN_POINT('',(-5.80939948724E-02,-21.22419226332));
#412 = CARTESIAN_POINT('',(-8.79458315137E-02,-21.003032275));
#413 = CARTESIAN_POINT('',(-0.118358915907,-20.79380322855));
#414 = CARTESIAN_POINT('',(-0.149359458058,-20.59740219088));
#415 = CARTESIAN_POINT('',(-0.18097973714,-20.41460523094));
#416 = CARTESIAN_POINT('',(-0.213258723866,-20.24605384017));
#417 = CARTESIAN_POINT('',(-0.307870609049,-19.80485826201));
#418 = CARTESIAN_POINT('',(-0.371979791901,-19.56883444663));
#419 = CARTESIAN_POINT('',(-0.438460423458,-19.38938522593));
#420 = CARTESIAN_POINT('',(-0.507266142578,-19.26769499081));
#421 = CARTESIAN_POINT('',(-0.578372442012,-19.20080259602));
#422 = CARTESIAN_POINT('',(-0.651746868241,-19.18204368705));
#423 = CARTESIAN_POINT('',(-0.727332672264,-19.20216393599));
#424 = CARTESIAN_POINT('',(-0.845887139277,-19.27602448028));
#425 = CARTESIAN_POINT('',(-0.887358572094,-19.30931771012));
#426 = CARTESIAN_POINT('',(-0.929435473717,-19.3489347075));
#427 = CARTESIAN_POINT('',(-0.972108038966,-19.39325017064));
#428 = CARTESIAN_POINT('',(-1.015368799713,-19.44058976973));
#429 = CARTESIAN_POINT('',(-1.059212824333,-19.48928372692));
#430 = CARTESIAN_POINT('',(-1.10363791659,-19.53771472625));
#431 = CARTESIAN_POINT('',(-1.177388739628,-19.61415053658));
#432 = CARTESIAN_POINT('',(-1.206369073755,-19.64321171469));
#433 = CARTESIAN_POINT('',(-1.235567467927,-19.67112795809));
#434 = CARTESIAN_POINT('',(-1.264966801931,-19.69750392722));
#435 = CARTESIAN_POINT('',(-1.29455100748,-19.72197378931));
#436 = CARTESIAN_POINT('',(-1.324304892485,-19.7442088067));
#437 = CARTESIAN_POINT('',(-1.354213965878,-19.76392339753));
#438 = CARTESIAN_POINT('',(-1.407395282219,-19.79393164708));
#439 = CARTESIAN_POINT('',(-1.43060576028,-19.8053470204));
#440 = CARTESIAN_POINT('',(-1.453881896499,-19.81501391201));
#441 = CARTESIAN_POINT('',(-1.477210545526,-19.82284117297));
#442 = CARTESIAN_POINT('',(-1.500578967834,-19.82875918763));
#443 = CARTESIAN_POINT('',(-1.523974580206,-19.83272067931));
#444 = CARTESIAN_POINT('',(-1.54738470623,-19.834701516));
#445 = CARTESIAN_POINT('',(-1.59794224377,-19.834701516));
#446 = CARTESIAN_POINT('',(-1.625084639753,-19.83203854518));
#447 = CARTESIAN_POINT('',(-1.652204231562,-19.82671290617));
#448 = CARTESIAN_POINT('',(-1.679281844971,-19.81876840762));
#449 = CARTESIAN_POINT('',(-1.706298200038,-19.80829034574));
#450 = CARTESIAN_POINT('',(-1.733233696423,-19.79540348586));
#451 = CARTESIAN_POINT('',(-1.76006819871,-19.78027004391));
#452 = CARTESIAN_POINT('',(-1.824671298349,-19.73871535491));
#453 = CARTESIAN_POINT('',(-1.862297741222,-19.71023206269));
#454 = CARTESIAN_POINT('',(-1.899640722151,-19.6781810164));
#455 = CARTESIAN_POINT('',(-1.936679408357,-19.64321309031));
#456 = CARTESIAN_POINT('',(-1.973391204979,-19.60607207409));
#457 = CARTESIAN_POINT('',(-2.00975138911,-19.56757494248));
#458 = CARTESIAN_POINT('',(-2.04573273537,-19.52858712847));
#459 = CARTESIAN_POINT('',(-2.111754681061,-19.4569565151));
#460 = CARTESIAN_POINT('',(-2.14192012267,-19.42419176827));
#461 = CARTESIAN_POINT('',(-2.171801669455,-19.39223182699));
#462 = CARTESIAN_POINT('',(-2.201399055929,-19.36162133333));
#463 = CARTESIAN_POINT('',(-2.230711532202,-19.33290863466));
#464 = CARTESIAN_POINT('',(-2.259737856705,-19.30663811429));
#465 = CARTESIAN_POINT('',(-2.288476288905,-19.28334252224));
#466 = CARTESIAN_POINT('',(-2.377509997753,-19.22135251361));
#467 = CARTESIAN_POINT('',(-2.436849834412,-19.19494183653));
#468 = CARTESIAN_POINT('',(-2.494890097874,-19.18934082804));
#469 = CARTESIAN_POINT('',(-2.551593604246,-19.20917073306));
#470 = CARTESIAN_POINT('',(-2.606933639547,-19.25825778754));
#471 = CARTESIAN_POINT('',(-2.660891345328,-19.33930892383));
#472 = CARTESIAN_POINT('',(-2.713451455606,-19.45369372028));
#473 = CARTESIAN_POINT('',(-2.812860286714,-19.74078579941));
#474 = CARTESIAN_POINT('',(-2.859716107284,-19.90943192174));
#475 = CARTESIAN_POINT('',(-2.905264833064,-20.10730352667));
#476 = CARTESIAN_POINT('',(-2.949590672313,-20.3336544096));
#477 = CARTESIAN_POINT('',(-2.992757263096,-20.58702875022));
#478 = CARTESIAN_POINT('',(-3.034807560969,-20.86529649249));
#479 = CARTESIAN_POINT('',(-3.075762031905,-21.16570678884));
#480 = CARTESIAN_POINT('',(-3.190124529886,-22.08183430573));
#481 = CARTESIAN_POINT('',(-3.261121844149,-22.74727398024));
#482 = CARTESIAN_POINT('',(-3.329436769675,-23.46817736584));
#483 = CARTESIAN_POINT('',(-3.395716007011,-24.2316765617));
#484 = CARTESIAN_POINT('',(-3.460543233479,-25.02707714778));
#485 = CARTESIAN_POINT('',(-3.524488526216,-25.84639393822));
#486 = CARTESIAN_POINT('',(-3.588164295017,-26.68401278805));
#487 = CARTESIAN_POINT('',(-3.707742089904,-28.27167135318));
#488 = CARTESIAN_POINT('',(-3.76298210359,-29.01095942783));
#489 = CARTESIAN_POINT('',(-3.818728780698,-29.75350390455));
#490 = CARTESIAN_POINT('',(-3.875663391606,-30.49977892043));
#491 = CARTESIAN_POINT('',(-3.934402038873,-31.24793627079));
#492 = CARTESIAN_POINT('',(-3.99550327653,-31.99219036874));
#493 = CARTESIAN_POINT('',(-4.059489642483,-32.72152212492));
#494 = CARTESIAN_POINT('',(-4.143498449773,-33.59015442171));
#495 = CARTESIAN_POINT('',(-4.160347637645,-33.76025795502));
#496 = CARTESIAN_POINT('',(-4.177460984221,-33.92860759039));
#497 = CARTESIAN_POINT('',(-4.194862036749,-34.09502400203));
#498 = CARTESIAN_POINT('',(-4.212573048277,-34.25925938444));
#499 = CARTESIAN_POINT('',(-4.230615313441,-34.42099669019));
#500 = CARTESIAN_POINT('',(-4.24900950425,-34.57984886765));
#501 = CARTESIAN_POINT('',(-4.291416760151,-34.93125798439));
#502 = CARTESIAN_POINT('',(-4.315664051098,-35.12198267931));
#503 = CARTESIAN_POINT('',(-4.340573093798,-35.30671202219));
#504 = CARTESIAN_POINT('',(-4.366195551087,-35.48438203848));
#505 = CARTESIAN_POINT('',(-4.392580133768,-35.65367675885));
#506 = CARTESIAN_POINT('',(-4.41977346743,-35.81302166372));
#507 = CARTESIAN_POINT('',(-4.447821225911,-35.9605787537));
#508 = CARTESIAN_POINT('',(-4.503851809373,-36.21929163471));
#509 = CARTESIAN_POINT('',(-4.531900716311,-36.33300462765));
#510 = CARTESIAN_POINT('',(-4.560750900417,-36.43235637246));
#511 = CARTESIAN_POINT('',(-4.590257831193,-36.5148257433));
#512 = CARTESIAN_POINT('',(-4.620291881229,-36.57840179541));
#513 = CARTESIAN_POINT('',(-4.65073345242,-36.62158855031));
#514 = CARTESIAN_POINT('',(-4.681469146569,-36.64340911161));
#515 = CARTESIAN_POINT('',(-4.736429139735,-36.64340911161));
#516 = CARTESIAN_POINT('',(-4.760406986319,-36.63021831875));
#517 = CARTESIAN_POINT('',(-4.784252652366,-36.60395679755));
#518 = CARTESIAN_POINT('',(-4.807895773392,-36.56499078201));
#519 = CARTESIAN_POINT('',(-4.83126374523,-36.51393298417));
#520 = CARTESIAN_POINT('',(-4.854279999556,-36.45164188988));
#521 = CARTESIAN_POINT('',(-4.876862297906,-36.37922004167));
#522 = CARTESIAN_POINT('',(-4.937894551642,-36.15453129778));
#523 = CARTESIAN_POINT('',(-4.975315982964,-35.98331931091));
#524 = CARTESIAN_POINT('',(-5.011277337387,-35.78937823724));
#525 = CARTESIAN_POINT('',(-5.045865481786,-35.57703137095));
#526 = CARTESIAN_POINT('',(-5.079167372884,-35.34992659898));
#527 = CARTESIAN_POINT('',(-5.111274097443,-35.11104794798));
#528 = CARTESIAN_POINT('',(-5.142283730406,-34.86273449027));
#529 = CARTESIAN_POINT('',(-5.190562628369,-34.45097432465));
#530 = CARTESIAN_POINT('',(-5.208474951447,-34.29222504171));
#531 = CARTESIAN_POINT('',(-5.22605882147,-34.13086796654));
#532 = CARTESIAN_POINT('',(-5.243333346839,-33.96724915515));
#533 = CARTESIAN_POINT('',(-5.260318197713,-33.80165221559));
#534 = CARTESIAN_POINT('',(-5.277033900594,-33.63429901024));
#535 = CARTESIAN_POINT('',(-5.293502132911,-33.46535035821));
#536 = CARTESIAN_POINT('',(-5.37422355204,-32.6183577086));
#537 = CARTESIAN_POINT('',(-5.435607550097,-31.91362249924));
#538 = CARTESIAN_POINT('',(-5.494369175051,-31.19573295736));
#539 = CARTESIAN_POINT('',(-5.550978169654,-30.47423235849));
#540 = CARTESIAN_POINT('',(-5.605935394285,-29.75423290033));
#541 = CARTESIAN_POINT('',(-5.659790300639,-29.03750420799));
#542 = CARTESIAN_POINT('',(-5.71314728863,-28.32381675046));
#543 = CARTESIAN_POINT('',(-5.828703844484,-26.78849397208));
#544 = CARTESIAN_POINT('',(-5.890314742062,-25.97632009138));
#545 = CARTESIAN_POINT('',(-5.952119177472,-25.18074482859));
#546 = CARTESIAN_POINT('',(-6.014672493018,-24.40679355292));
#547 = CARTESIAN_POINT('',(-6.078494509646,-23.66142376199));
#548 = CARTESIAN_POINT('',(-6.144112497326,-22.95392479849));
#549 = CARTESIAN_POINT('',(-6.212102959359,-22.29558274251));
#550 = CARTESIAN_POINT('',(-6.28318530718,-21.69818154264));
#551 = ( GEOMETRIC_REPRESENTATION_CONTEXT(2) 
PARAMETRIC_REPRESENTATION_CONTEXT() REPRESENTATION_CONTEXT('2D SPACE',''
  ) );
#552 = ADVANCED_FACE('',(#553,#556),#43,.F.);
#553 = FACE_BOUND('',#554,.F.);
#554 = EDGE_LOOP('',(#555));
#555 = ORIENTED_EDGE('',*,*,#21,.T.);
#556 = FACE_BOUND('',#557,.F.);
#557 = EDGE_LOOP('',(#558));
#558 = ORIENTED_EDGE('',*,*,#559,.T.);
#559 = EDGE_CURVE('',#560,#560,#562,.T.);
#560 = VERTEX_POINT('',#561);
#561 = CARTESIAN_POINT('',(130.,550.,-252.5));
#562 = SURFACE_CURVE('',#563,(#568,#579),.PCURVE_S1.);
#563 = CIRCLE('',#564,17.5);
#564 = AXIS2_PLACEMENT_3D('',#565,#566,#567);
#565 = CARTESIAN_POINT('',(130.,550.,-270.));
#566 = DIRECTION('',(-1.,-0.,0.));
#567 = DIRECTION('',(0.,0.,1.));
#568 = PCURVE('',#43,#569);
#569 = DEFINITIONAL_REPRESENTATION('',(#570),#578);
#570 = ( BOUNDED_CURVE() B_SPLINE_CURVE(2,(#571,#572,#573,#574,#575,#576
,#577),.UNSPECIFIED.,.T.,.F.) B_SPLINE_CURVE_WITH_KNOTS((1,2,2,2,2,1),(
    -2.094395102393,0.,2.094395102393,4.188790204786,6.28318530718,
8.377580409573),.UNSPECIFIED.) CURVE() GEOMETRIC_REPRESENTATION_ITEM() 
RATIONAL_B_SPLINE_CURVE((1.,0.5,1.,0.5,1.,0.5,1.)) REPRESENTATION_ITEM(
  '') );
#571 = CARTESIAN_POINT('',(17.5,1.136868377216E-13));
#572 = CARTESIAN_POINT('',(17.5,-30.31088913245));
#573 = CARTESIAN_POINT('',(-8.75,-15.15544456622));
#574 = CARTESIAN_POINT('',(-35.,1.094005739246E-13));
#575 = CARTESIAN_POINT('',(-8.75,15.155444566228));
#576 = CARTESIAN_POINT('',(17.5,30.310889132455));
#577 = CARTESIAN_POINT('',(17.5,1.136868377216E-13));
#578 = ( GEOMETRIC_REPRESENTATION_CONTEXT(2) 
PARAMETRIC_REPRESENTATION_CONTEXT() REPRESENTATION_CONTEXT('2D SPACE',''
  ) );
#579 = PCURVE('',#580,#585);
#580 = CYLINDRICAL_SURFACE('',#581,17.5);
#581 = AXIS2_PLACEMENT_3D('',#582,#583,#584);
#582 = CARTESIAN_POINT('',(115.,550.,-270.));
#583 = DIRECTION('',(-1.,-0.,0.));
#584 = DIRECTION('',(0.,0.,1.));
#585 = DEFINITIONAL_REPRESENTATION('',(#586),#590);
#586 = LINE('',#587,#588);
#587 = CARTESIAN_POINT('',(-6.28318530718,-15.));
#588 = VECTOR('',#589,1.);
#589 = DIRECTION('',(1.,-0.));
#590 = ( GEOMETRIC_REPRESENTATION_CONTEXT(2) 
PARAMETRIC_REPRESENTATION_CONTEXT() REPRESENTATION_CONTEXT('2D SPACE',''
  ) );
#591 = ADVANCED_FACE('',(#592,#595),#93,.T.);
#592 = FACE_BOUND('',#593,.T.);
#593 = EDGE_LOOP('',(#594));
#594 = ORIENTED_EDGE('',*,*,#78,.T.);
#595 = FACE_BOUND('',#596,.T.);
#596 = EDGE_LOOP('',(#597));
#597 = ORIENTED_EDGE('',*,*,#598,.T.);
#598 = EDGE_CURVE('',#599,#599,#601,.T.);
#599 = VERTEX_POINT('',#600);
#600 = CARTESIAN_POINT('',(210.,550.,-252.5));
#601 = SURFACE_CURVE('',#602,(#607,#618),.PCURVE_S1.);
#602 = CIRCLE('',#603,17.5);
#603 = AXIS2_PLACEMENT_3D('',#604,#605,#606);
#604 = CARTESIAN_POINT('',(210.,550.,-270.));
#605 = DIRECTION('',(-1.,-0.,0.));
#606 = DIRECTION('',(0.,0.,1.));
#607 = PCURVE('',#93,#608);
#608 = DEFINITIONAL_REPRESENTATION('',(#609),#617);
#609 = ( BOUNDED_CURVE() B_SPLINE_CURVE(2,(#610,#611,#612,#613,#614,#615
,#616),.UNSPECIFIED.,.T.,.F.) B_SPLINE_CURVE_WITH_KNOTS((1,2,2,2,2,1),(
    -2.094395102393,0.,2.094395102393,4.188790204786,6.28318530718,
8.377580409573),.UNSPECIFIED.) CURVE() GEOMETRIC_REPRESENTATION_ITEM() 
RATIONAL_B_SPLINE_CURVE((1.,0.5,1.,0.5,1.,0.5,1.)) REPRESENTATION_ITEM(
  '') );
#610 = CARTESIAN_POINT('',(17.5,1.136868377216E-13));
#611 = CARTESIAN_POINT('',(17.5,-30.31088913245));
#612 = CARTESIAN_POINT('',(-8.75,-15.15544456622));
#613 = CARTESIAN_POINT('',(-35.,1.094005739246E-13));
#614 = CARTESIAN_POINT('',(-8.75,15.155444566228));
#615 = CARTESIAN_POINT('',(17.5,30.310889132455));
#616 = CARTESIAN_POINT('',(17.5,1.136868377216E-13));
#617 = ( GEOMETRIC_REPRESENTATION_CONTEXT(2) 
PARAMETRIC_REPRESENTATION_CONTEXT() REPRESENTATION_CONTEXT('2D SPACE',''
  ) );
#618 = PCURVE('',#580,#619);
#619 = DEFINITIONAL_REPRESENTATION('',(#620),#624);
#620 = LINE('',#621,#622);
#621 = CARTESIAN_POINT('',(-6.28318530718,-95.));
#622 = VECTOR('',#623,1.);
#623 = DIRECTION('',(1.,-0.));
#624 = ( GEOMETRIC_REPRESENTATION_CONTEXT(2) 
PARAMETRIC_REPRESENTATION_CONTEXT() REPRESENTATION_CONTEXT('2D SPACE',''
  ) );
#625 = ADVANCED_FACE('',(#626),#402,.T.);
#626 = FACE_BOUND('',#627,.F.);
#627 = EDGE_LOOP('',(#628,#651,#652,#653,#692,#721,#757));
#628 = ORIENTED_EDGE('',*,*,#629,.F.);
#629 = EDGE_CURVE('',#109,#630,#632,.T.);
#630 = VERTEX_POINT('',#631);
#631 = CARTESIAN_POINT('',(85.735528943466,689.25952140232,
    -351.2253459159));
#632 = SEAM_CURVE('',#633,(#637,#644),.PCURVE_S1.);
#633 = LINE('',#634,#635);
#634 = CARTESIAN_POINT('',(170.,559.39310130343,-257.0474076763));
#635 = VECTOR('',#636,1.);
#636 = DIRECTION('',(-0.465022737593,0.716682101467,-0.519731294957));
#637 = PCURVE('',#402,#638);
#638 = DEFINITIONAL_REPRESENTATION('',(#639),#643);
#639 = LINE('',#640,#641);
#640 = CARTESIAN_POINT('',(-6.28318530718,0.));
#641 = VECTOR('',#642,1.);
#642 = DIRECTION('',(-0.,-1.));
#643 = ( GEOMETRIC_REPRESENTATION_CONTEXT(2) 
PARAMETRIC_REPRESENTATION_CONTEXT() REPRESENTATION_CONTEXT('2D SPACE',''
  ) );
#644 = PCURVE('',#402,#645);
#645 = DEFINITIONAL_REPRESENTATION('',(#646),#650);
#646 = LINE('',#647,#648);
#647 = CARTESIAN_POINT('',(-0.,0.));
#648 = VECTOR('',#649,1.);
#649 = DIRECTION('',(-0.,-1.));
#650 = ( GEOMETRIC_REPRESENTATION_CONTEXT(2) 
PARAMETRIC_REPRESENTATION_CONTEXT() REPRESENTATION_CONTEXT('2D SPACE',''
  ) );
#651 = ORIENTED_EDGE('',*,*,#108,.F.);
#652 = ORIENTED_EDGE('',*,*,#629,.T.);
#653 = ORIENTED_EDGE('',*,*,#654,.F.);
#654 = EDGE_CURVE('',#655,#630,#657,.T.);
#655 = VERTEX_POINT('',#656);
#656 = CARTESIAN_POINT('',(98.422116176567,689.70900667945,-365.));
#657 = SURFACE_CURVE('',#658,(#663,#675),.PCURVE_S1.);
#658 = ELLIPSE('',#659,16.086836422745,16.);
#659 = AXIS2_PLACEMENT_3D('',#660,#661,#662);
#660 = CARTESIAN_POINT('',(85.,681.,-365.));
#661 = DIRECTION('',(0.491866823507,-0.758053575053,0.428277719807));
#662 = DIRECTION('',(-0.233117095153,0.359274581942,0.903647162734));
#663 = PCURVE('',#402,#664);
#664 = DEFINITIONAL_REPRESENTATION('',(#665),#674);
#665 = B_SPLINE_CURVE_WITH_KNOTS('',7,(#666,#667,#668,#669,#670,#671,
    #672,#673),.UNSPECIFIED.,.F.,.F.,(8,8),(4.712388800712,
    5.957931655894),.PIECEWISE_BEZIER_KNOTS.);
#666 = CARTESIAN_POINT('',(-1.245542855182,-182.7867613084));
#667 = CARTESIAN_POINT('',(-1.067608161584,-182.4897485897));
#668 = CARTESIAN_POINT('',(-0.889673467987,-182.1927360565));
#669 = CARTESIAN_POINT('',(-0.711738774389,-181.9110814376));
#670 = CARTESIAN_POINT('',(-0.533804080792,-181.6601498682));
#671 = CARTESIAN_POINT('',(-0.355869387195,-181.4533005398));
#672 = CARTESIAN_POINT('',(-0.177934693597,-181.299965838));
#673 = CARTESIAN_POINT('',(-1.06581410364E-14,-181.2050556767));
#674 = ( GEOMETRIC_REPRESENTATION_CONTEXT(2) 
PARAMETRIC_REPRESENTATION_CONTEXT() REPRESENTATION_CONTEXT('2D SPACE',''
  ) );
#675 = PCURVE('',#676,#681);
#676 = CYLINDRICAL_SURFACE('',#677,16.);
#677 = AXIS2_PLACEMENT_3D('',#678,#679,#680);
#678 = CARTESIAN_POINT('',(85.,681.,-365.));
#679 = DIRECTION('',(0.51340073478,-0.791241132425,0.332200475446));
#680 = DIRECTION('',(0.838882261035,0.544312917466,0.));
#681 = DEFINITIONAL_REPRESENTATION('',(#682),#691);
#682 = B_SPLINE_CURVE_WITH_KNOTS('',7,(#683,#684,#685,#686,#687,#688,
    #689,#690),.UNSPECIFIED.,.F.,.F.,(8,8),(4.712388800712,
    5.957931655894),.PIECEWISE_BEZIER_KNOTS.);
#683 = CARTESIAN_POINT('',(-6.283185486852,2.999137223014E-07));
#684 = CARTESIAN_POINT('',(-6.105250793255,-0.297012418764));
#685 = CARTESIAN_POINT('',(-5.927316099657,-0.59402495201));
#686 = CARTESIAN_POINT('',(-5.74938140606,-0.875679570954));
#687 = CARTESIAN_POINT('',(-5.571446712463,-1.126611140302));
#688 = CARTESIAN_POINT('',(-5.393512018865,-1.33346046869));
#689 = CARTESIAN_POINT('',(-5.215577325268,-1.4867951705));
#690 = CARTESIAN_POINT('',(-5.03764263167,-1.58170533182));
#691 = ( GEOMETRIC_REPRESENTATION_CONTEXT(2) 
PARAMETRIC_REPRESENTATION_CONTEXT() REPRESENTATION_CONTEXT('2D SPACE',''
  ) );
#692 = ORIENTED_EDGE('',*,*,#693,.T.);
#693 = EDGE_CURVE('',#655,#694,#696,.T.);
#694 = VERTEX_POINT('',#695);
#695 = CARTESIAN_POINT('',(71.577883823433,672.29099332054,-365.));
#696 = SURFACE_CURVE('',#697,(#702,#709),.PCURVE_S1.);
#697 = CIRCLE('',#698,16.);
#698 = AXIS2_PLACEMENT_3D('',#699,#700,#701);
#699 = CARTESIAN_POINT('',(85.,681.,-365.));
#700 = DIRECTION('',(-0.465022737593,0.716682101467,-0.519731294957));
#701 = DIRECTION('',(0.,0.587068831465,0.80953702023));
#702 = PCURVE('',#402,#703);
#703 = DEFINITIONAL_REPRESENTATION('',(#704),#708);
#704 = LINE('',#705,#706);
#705 = CARTESIAN_POINT('',(-0.,-182.7867610085));
#706 = VECTOR('',#707,1.);
#707 = DIRECTION('',(-1.,0.));
#708 = ( GEOMETRIC_REPRESENTATION_CONTEXT(2) 
PARAMETRIC_REPRESENTATION_CONTEXT() REPRESENTATION_CONTEXT('2D SPACE',''
  ) );
#709 = PCURVE('',#710,#715);
#710 = PLANE('',#711);
#711 = AXIS2_PLACEMENT_3D('',#712,#713,#714);
#712 = CARTESIAN_POINT('',(85.,681.,-365.));
#713 = DIRECTION('',(-0.465022737593,0.716682101467,-0.519731294957));
#714 = DIRECTION('',(2.775557561563E-17,0.587068831465,0.80953702023));
#715 = DEFINITIONAL_REPRESENTATION('',(#716),#720);
#716 = CIRCLE('',#717,16.);
#717 = AXIS2_PLACEMENT_2D('',#718,#719);
#718 = CARTESIAN_POINT('',(4.601685192427E-14,-4.06799769964E-14));
#719 = DIRECTION('',(1.,-2.775557561563E-17));
#720 = ( GEOMETRIC_REPRESENTATION_CONTEXT(2) 
PARAMETRIC_REPRESENTATION_CONTEXT() REPRESENTATION_CONTEXT('2D SPACE',''
  ) );
#721 = ORIENTED_EDGE('',*,*,#722,.F.);
#722 = EDGE_CURVE('',#723,#694,#725,.T.);
#723 = VERTEX_POINT('',#724);
#724 = CARTESIAN_POINT('',(81.24988342292,686.77959143055,
    -350.4631759092));
#725 = SURFACE_CURVE('',#726,(#731,#744),.PCURVE_S1.);
#726 = ELLIPSE('',#727,16.086836422745,16.);
#727 = AXIS2_PLACEMENT_3D('',#728,#729,#730);
#728 = CARTESIAN_POINT('',(85.,681.,-365.));
#729 = DIRECTION('',(0.491866823507,-0.758053575053,0.428277719807));
#730 = DIRECTION('',(-0.233117095153,0.359274581942,0.903647162734));
#731 = PCURVE('',#402,#732);
#732 = DEFINITIONAL_REPRESENTATION('',(#733),#743);
#733 = B_SPLINE_CURVE_WITH_KNOTS('',8,(#734,#735,#736,#737,#738,#739,
    #740,#741,#742),.UNSPECIFIED.,.F.,.F.,(9,9),(0.,1.570796125861),
  .PIECEWISE_BEZIER_KNOTS.);
#734 = CARTESIAN_POINT('',(-5.957931655894,-181.1175378083));
#735 = CARTESIAN_POINT('',(-5.761582140161,-181.1175378083));
#736 = CARTESIAN_POINT('',(-5.56523262443,-181.191085059));
#737 = CARTESIAN_POINT('',(-5.368883108669,-181.3381789354));
#738 = CARTESIAN_POINT('',(-5.172533592977,-181.5527730418));
#739 = CARTESIAN_POINT('',(-4.976184077219,-181.8227623016));
#740 = CARTESIAN_POINT('',(-4.779834561497,-182.1312582761));
#741 = CARTESIAN_POINT('',(-4.583485045765,-182.4590095061));
#742 = CARTESIAN_POINT('',(-4.387135530033,-182.7867606731));
#743 = ( GEOMETRIC_REPRESENTATION_CONTEXT(2) 
PARAMETRIC_REPRESENTATION_CONTEXT() REPRESENTATION_CONTEXT('2D SPACE',''
  ) );
#744 = PCURVE('',#676,#745);
#745 = DEFINITIONAL_REPRESENTATION('',(#746),#756);
#746 = B_SPLINE_CURVE_WITH_KNOTS('',8,(#747,#748,#749,#750,#751,#752,
    #753,#754,#755),.UNSPECIFIED.,.F.,.F.,(9,9),(0.,1.570796125861),
  .PIECEWISE_BEZIER_KNOTS.);
#747 = CARTESIAN_POINT('',(-4.712388980385,-1.669223200224));
#748 = CARTESIAN_POINT('',(-4.516039464652,-1.669223200224));
#749 = CARTESIAN_POINT('',(-4.319689948919,-1.595675949544));
#750 = CARTESIAN_POINT('',(-4.123340433172,-1.44858207297));
#751 = CARTESIAN_POINT('',(-3.92699091744,-1.233987967234));
#752 = CARTESIAN_POINT('',(-3.730641401706,-0.963998706734));
#753 = CARTESIAN_POINT('',(-3.53429188599,-0.655502732469));
#754 = CARTESIAN_POINT('',(-3.337942370256,-0.327751502417));
#755 = CARTESIAN_POINT('',(-3.141592854524,-3.354032287461E-07));
#756 = ( GEOMETRIC_REPRESENTATION_CONTEXT(2) 
PARAMETRIC_REPRESENTATION_CONTEXT() REPRESENTATION_CONTEXT('2D SPACE',''
  ) );
#757 = ORIENTED_EDGE('',*,*,#758,.F.);
#758 = EDGE_CURVE('',#630,#723,#759,.T.);
#759 = SURFACE_CURVE('',#760,(#765,#775),.PCURVE_S1.);
#760 = ELLIPSE('',#761,16.086836422745,16.);
#761 = AXIS2_PLACEMENT_3D('',#762,#763,#764);
#762 = CARTESIAN_POINT('',(85.,681.,-365.));
#763 = DIRECTION('',(0.491866823507,-0.758053575053,0.428277719807));
#764 = DIRECTION('',(-0.233117095153,0.359274581942,0.903647162734));
#765 = PCURVE('',#402,#766);
#766 = DEFINITIONAL_REPRESENTATION('',(#767),#774);
#767 = B_SPLINE_CURVE_WITH_KNOTS('',5,(#768,#769,#770,#771,#772,#773),
  .UNSPECIFIED.,.F.,.F.,(6,6),(5.957931655894,6.28318530718),
  .PIECEWISE_BEZIER_KNOTS.);
#768 = CARTESIAN_POINT('',(-6.28318530718,-181.2050556767));
#769 = CARTESIAN_POINT('',(-6.218134576922,-181.1703576918));
#770 = CARTESIAN_POINT('',(-6.153083846665,-181.1440260734));
#771 = CARTESIAN_POINT('',(-6.088033116408,-181.1263670998));
#772 = CARTESIAN_POINT('',(-6.022982386151,-181.1175378083));
#773 = CARTESIAN_POINT('',(-5.957931655894,-181.1175378083));
#774 = ( GEOMETRIC_REPRESENTATION_CONTEXT(2) 
PARAMETRIC_REPRESENTATION_CONTEXT() REPRESENTATION_CONTEXT('2D SPACE',''
  ) );
#775 = PCURVE('',#676,#776);
#776 = DEFINITIONAL_REPRESENTATION('',(#777),#784);
#777 = B_SPLINE_CURVE_WITH_KNOTS('',5,(#778,#779,#780,#781,#782,#783),
  .UNSPECIFIED.,.F.,.F.,(6,6),(5.957931655894,6.28318530718),
  .PIECEWISE_BEZIER_KNOTS.);
#778 = CARTESIAN_POINT('',(-5.03764263167,-1.58170533182));
#779 = CARTESIAN_POINT('',(-4.972591901413,-1.61640331667));
#780 = CARTESIAN_POINT('',(-4.907541171156,-1.642734935125));
#781 = CARTESIAN_POINT('',(-4.842490440899,-1.660393908693));
#782 = CARTESIAN_POINT('',(-4.777439710642,-1.669223200224));
#783 = CARTESIAN_POINT('',(-4.712388980385,-1.669223200224));
#784 = ( GEOMETRIC_REPRESENTATION_CONTEXT(2) 
PARAMETRIC_REPRESENTATION_CONTEXT() REPRESENTATION_CONTEXT('2D SPACE',''
  ) );
#785 = ADVANCED_FACE('',(#786),#580,.F.);
#786 = FACE_BOUND('',#787,.T.);
#787 = EDGE_LOOP('',(#788,#789,#810,#811));
#788 = ORIENTED_EDGE('',*,*,#559,.T.);
#789 = ORIENTED_EDGE('',*,*,#790,.T.);
#790 = EDGE_CURVE('',#560,#599,#791,.T.);
#791 = SEAM_CURVE('',#792,(#796,#803),.PCURVE_S1.);
#792 = LINE('',#793,#794);
#793 = CARTESIAN_POINT('',(115.,550.,-252.5));
#794 = VECTOR('',#795,1.);
#795 = DIRECTION('',(1.,0.,0.));
#796 = PCURVE('',#580,#797);
#797 = DEFINITIONAL_REPRESENTATION('',(#798),#802);
#798 = LINE('',#799,#800);
#799 = CARTESIAN_POINT('',(-6.28318530718,0.));
#800 = VECTOR('',#801,1.);
#801 = DIRECTION('',(-0.,-1.));
#802 = ( GEOMETRIC_REPRESENTATION_CONTEXT(2) 
PARAMETRIC_REPRESENTATION_CONTEXT() REPRESENTATION_CONTEXT('2D SPACE',''
  ) );
#803 = PCURVE('',#580,#804);
#804 = DEFINITIONAL_REPRESENTATION('',(#805),#809);
#805 = LINE('',#806,#807);
#806 = CARTESIAN_POINT('',(-0.,0.));
#807 = VECTOR('',#808,1.);
#808 = DIRECTION('',(-0.,-1.));
#809 = ( GEOMETRIC_REPRESENTATION_CONTEXT(2) 
PARAMETRIC_REPRESENTATION_CONTEXT() REPRESENTATION_CONTEXT('2D SPACE',''
  ) );
#810 = ORIENTED_EDGE('',*,*,#598,.F.);
#811 = ORIENTED_EDGE('',*,*,#790,.F.);
#812 = ADVANCED_FACE('',(#813,#1937),#676,.T.);
#813 = FACE_BOUND('',#814,.F.);
#814 = EDGE_LOOP('',(#815,#838,#839,#840,#841,#868,#869,#1356,#1393,
    #1423,#1457));
#815 = ORIENTED_EDGE('',*,*,#816,.F.);
#816 = EDGE_CURVE('',#655,#817,#819,.T.);
#817 = VERTEX_POINT('',#818);
#818 = CARTESIAN_POINT('',(33.046186452081,790.46485131366,
    -407.3020721746));
#819 = SEAM_CURVE('',#820,(#824,#831),.PCURVE_S1.);
#820 = LINE('',#821,#822);
#821 = CARTESIAN_POINT('',(98.422116176567,689.70900667945,-365.));
#822 = VECTOR('',#823,1.);
#823 = DIRECTION('',(-0.51340073478,0.791241132425,-0.332200475446));
#824 = PCURVE('',#676,#825);
#825 = DEFINITIONAL_REPRESENTATION('',(#826),#830);
#826 = LINE('',#827,#828);
#827 = CARTESIAN_POINT('',(-6.28318530718,0.));
#828 = VECTOR('',#829,1.);
#829 = DIRECTION('',(-0.,-1.));
#830 = ( GEOMETRIC_REPRESENTATION_CONTEXT(2) 
PARAMETRIC_REPRESENTATION_CONTEXT() REPRESENTATION_CONTEXT('2D SPACE',''
  ) );
#831 = PCURVE('',#676,#832);
#832 = DEFINITIONAL_REPRESENTATION('',(#833),#837);
#833 = LINE('',#834,#835);
#834 = CARTESIAN_POINT('',(-0.,0.));
#835 = VECTOR('',#836,1.);
#836 = DIRECTION('',(-0.,-1.));
#837 = ( GEOMETRIC_REPRESENTATION_CONTEXT(2) 
PARAMETRIC_REPRESENTATION_CONTEXT() REPRESENTATION_CONTEXT('2D SPACE',''
  ) );
#838 = ORIENTED_EDGE('',*,*,#654,.T.);
#839 = ORIENTED_EDGE('',*,*,#758,.T.);
#840 = ORIENTED_EDGE('',*,*,#722,.T.);
#841 = ORIENTED_EDGE('',*,*,#842,.F.);
#842 = EDGE_CURVE('',#655,#694,#843,.T.);
#843 = SURFACE_CURVE('',#844,(#849,#856),.PCURVE_S1.);
#844 = CIRCLE('',#845,16.);
#845 = AXIS2_PLACEMENT_3D('',#846,#847,#848);
#846 = CARTESIAN_POINT('',(85.,681.,-365.));
#847 = DIRECTION('',(-0.51340073478,0.791241132425,-0.332200475446));
#848 = DIRECTION('',(0.838882261035,0.544312917466,0.));
#849 = PCURVE('',#676,#850);
#850 = DEFINITIONAL_REPRESENTATION('',(#851),#855);
#851 = LINE('',#852,#853);
#852 = CARTESIAN_POINT('',(-0.,0.));
#853 = VECTOR('',#854,1.);
#854 = DIRECTION('',(-1.,0.));
#855 = ( GEOMETRIC_REPRESENTATION_CONTEXT(2) 
PARAMETRIC_REPRESENTATION_CONTEXT() REPRESENTATION_CONTEXT('2D SPACE',''
  ) );
#856 = PCURVE('',#857,#862);
#857 = PLANE('',#858);
#858 = AXIS2_PLACEMENT_3D('',#859,#860,#861);
#859 = CARTESIAN_POINT('',(85.,681.,-365.));
#860 = DIRECTION('',(-0.51340073478,0.791241132425,-0.332200475446));
#861 = DIRECTION('',(0.838882261035,0.544312917466,-2.775557561563E-17)
  );
#862 = DEFINITIONAL_REPRESENTATION('',(#863),#867);
#863 = CIRCLE('',#864,16.);
#864 = AXIS2_PLACEMENT_2D('',#865,#866);
#865 = CARTESIAN_POINT('',(4.768493573894E-14,1.027848440875E-14));
#866 = DIRECTION('',(1.,-2.141632429689E-16));
#867 = ( GEOMETRIC_REPRESENTATION_CONTEXT(2) 
PARAMETRIC_REPRESENTATION_CONTEXT() REPRESENTATION_CONTEXT('2D SPACE',''
  ) );
#868 = ORIENTED_EDGE('',*,*,#816,.T.);
#869 = ORIENTED_EDGE('',*,*,#870,.T.);
#870 = EDGE_CURVE('',#817,#871,#873,.T.);
#871 = VERTEX_POINT('',#872);
#872 = CARTESIAN_POINT('',(-1.41077583643E-08,787.05118253905,
    -421.5989077023));
#873 = SURFACE_CURVE('',#874,(#1031,#1191),.PCURVE_S1.);
#874 = B_SPLINE_CURVE_WITH_KNOTS('',8,(#875,#876,#877,#878,#879,#880,
    #881,#882,#883,#884,#885,#886,#887,#888,#889,#890,#891,#892,#893,
    #894,#895,#896,#897,#898,#899,#900,#901,#902,#903,#904,#905,#906,
    #907,#908,#909,#910,#911,#912,#913,#914,#915,#916,#917,#918,#919,
    #920,#921,#922,#923,#924,#925,#926,#927,#928,#929,#930,#931,#932,
    #933,#934,#935,#936,#937,#938,#939,#940,#941,#942,#943,#944,#945,
    #946,#947,#948,#949,#950,#951,#952,#953,#954,#955,#956,#957,#958,
    #959,#960,#961,#962,#963,#964,#965,#966,#967,#968,#969,#970,#971,
    #972,#973,#974,#975,#976,#977,#978,#979,#980,#981,#982,#983,#984,
    #985,#986,#987,#988,#989,#990,#991,#992,#993,#994,#995,#996,#997,
    #998,#999,#1000,#1001,#1002,#1003,#1004,#1005,#1006,#1007,#1008,
    #1009,#1010,#1011,#1012,#1013,#1014,#1015,#1016,#1017,#1018,#1019,
    #1020,#1021,#1022,#1023,#1024,#1025,#1026,#1027,#1028,#1029,#1030),
  .UNSPECIFIED.,.T.,.F.,(9,7,7,7,7,7,7,7,7,7,7,7,7,7,7,7,7,7,7,7,7,7,9),
  (0.,1.459027984045E-02,2.449688156575E-02,3.777661642668E-02,
    5.852410943688E-02,8.105951076668E-02,0.167479430155,0.20507173417,
    0.321112366528,0.375331225714,0.420984693848,0.460534943055,
    0.485651229042,0.52472401579,0.550577407351,0.588897442064,
    0.629599118148,0.674765747327,0.728641851508,0.84414864373,
    0.940437599028,0.963640617938,1.),.UNSPECIFIED.);
#875 = CARTESIAN_POINT('',(33.04618645208,790.46485131366,
    -407.3020721746));
#876 = CARTESIAN_POINT('',(33.121977283117,790.34804426818,
    -407.5001719848));
#877 = CARTESIAN_POINT('',(33.193251380139,790.231067735,-407.703319214)
  );
#878 = CARTESIAN_POINT('',(33.259542088042,790.11421336795,
    -407.9113406865));
#879 = CARTESIAN_POINT('',(33.320414377219,789.99776093266,
    -408.1240597326));
#880 = CARTESIAN_POINT('',(33.375464611451,789.88197787534,
    -408.3412959786));
#881 = CARTESIAN_POINT('',(33.424320315784,789.76711889163,
    -408.5628651371));
#882 = CARTESIAN_POINT('',(33.466639944416,789.65342549535,
    -408.7885787974));
#883 = CARTESIAN_POINT('',(33.526198132614,789.46487547608,
    -409.1741839125));
#884 = CARTESIAN_POINT('',(33.547113903678,789.38930922497,
    -409.3318606218));
#885 = CARTESIAN_POINT('',(33.564750554399,789.31455422751,
    -409.4910938073));
#886 = CARTESIAN_POINT('',(33.579019769092,789.24072908919,
    -409.6517001923));
#887 = CARTESIAN_POINT('',(33.589854323751,789.16794362748,
    -409.8134937593));
#888 = CARTESIAN_POINT('',(33.597208086051,789.09629887193,
    -409.9762857498));
#889 = CARTESIAN_POINT('',(33.601056015347,789.02588706408,
    -410.1398846643));
#890 = CARTESIAN_POINT('',(33.601847446958,788.86416971666,
    -410.5242208366));
#891 = CARTESIAN_POINT('',(33.59599354765,788.77399177783,
    -410.7452593842));
#892 = CARTESIAN_POINT('',(33.583841257128,788.68643924388,
    -410.9667710081));
#893 = CARTESIAN_POINT('',(33.565462612164,788.60166879222,
    -411.1883012863));
#894 = CARTESIAN_POINT('',(33.540993021667,788.5198126507,
    -411.4093822243));
#895 = CARTESIAN_POINT('',(33.510631394438,788.44097887359,
    -411.629532206));
#896 = CARTESIAN_POINT('',(33.474640266915,788.36525161742,
    -411.8482559457));
#897 = CARTESIAN_POINT('',(33.36883003838,788.17932753825,
    -412.4037422977));
#898 = CARTESIAN_POINT('',(33.29145875479,788.07385167434,
    -412.7372465602));
#899 = CARTESIAN_POINT('',(33.202258180992,787.97596616543,
    -413.0651085644));
#900 = CARTESIAN_POINT('',(33.102266580477,787.88535907023,
    -413.3868908296));
#901 = CARTESIAN_POINT('',(32.992536007268,787.80170658937,
    -413.7021653187));
#902 = CARTESIAN_POINT('',(32.874133933803,787.7246754889,
    -414.0105116989));
#903 = CARTESIAN_POINT('',(32.748144878821,787.65392552372,
    -414.3115156038));
#904 = CARTESIAN_POINT('',(32.471783388354,787.51871290258,
    -414.9232890165));
#905 = CARTESIAN_POINT('',(32.319882681512,787.45514008021,
    -415.2334676419));
#906 = CARTESIAN_POINT('',(32.160966014639,787.39784171161,
    -415.5354705585));
#907 = CARTESIAN_POINT('',(31.995897788732,787.34630562259,
    -415.8295200242));
#908 = CARTESIAN_POINT('',(31.825412470216,787.30005923641,
    -416.1158887425));
#909 = CARTESIAN_POINT('',(31.650116355301,787.25866966304,
    -416.394895838));
#910 = CARTESIAN_POINT('',(31.470489334344,787.22174378849,
    -416.666902832));
#911 = CARTESIAN_POINT('',(30.582797635926,787.06308608184,
    -417.9501052532));
#912 = CARTESIAN_POINT('',(29.810920022575,786.99602474223,
    -418.8843115446));
#913 = CARTESIAN_POINT('',(28.998690973105,786.97241364555,
    -419.7383467434));
#914 = CARTESIAN_POINT('',(28.163920158502,786.98026463712,
    -420.5189244645));
#915 = CARTESIAN_POINT('',(27.315886265511,787.01092700149,
    -421.2348767882));
#916 = CARTESIAN_POINT('',(26.45586900293,787.05859446112,
    -421.8962573671));
#917 = CARTESIAN_POINT('',(25.577881882116,787.1197643912,
    -422.5132287642));
#918 = CARTESIAN_POINT('',(24.275186207256,787.22368775374,
    -423.346512956));
#919 = CARTESIAN_POINT('',(23.877476556123,787.25709403977,
    -423.5904377537));
#920 = CARTESIAN_POINT('',(23.47714280186,787.29208321002,-423.825873416
    ));
#921 = CARTESIAN_POINT('',(23.074315565848,787.32835923578,
    -424.0529835391));
#922 = CARTESIAN_POINT('',(22.669070849049,787.36564599259,
    -424.2719072619));
#923 = CARTESIAN_POINT('',(22.261439169398,787.4036824814,
    -424.4827539322));
#924 = CARTESIAN_POINT('',(21.851414699181,787.44221804984,
    -424.6855977738));
#925 = CARTESIAN_POINT('',(20.165805054888,787.60074396884,
    -425.4820156941));
#926 = CARTESIAN_POINT('',(18.873252499582,787.72255071575,
    -426.0058675912));
#927 = CARTESIAN_POINT('',(17.559556733429,787.83929185189,
    -426.4542798227));
#928 = CARTESIAN_POINT('',(16.222332414515,787.94435765984,
    -426.8245543825));
#929 = CARTESIAN_POINT('',(14.860831268897,788.03027215507,
    -427.1091230716));
#930 = CARTESIAN_POINT('',(13.476524047754,788.08842094977,
    -427.2954853412));
#931 = CARTESIAN_POINT('',(12.072715776719,788.1096638566,
    -427.3659497487));
#932 = CARTESIAN_POINT('',(9.991728487581,788.07826637564,-427.263045795
    ));
#933 = CARTESIAN_POINT('',(9.324363120153,788.0589359452,-427.1995064934
    ));
#934 = CARTESIAN_POINT('',(8.654467476136,788.02963814811,
    -427.1025141457));
#935 = CARTESIAN_POINT('',(7.984018356629,787.99001675526,
    -426.9694164567));
#936 = CARTESIAN_POINT('',(7.314834902865,787.9400797207,-426.7975489809
    ));
#937 = CARTESIAN_POINT('',(6.648621192286,787.88029626626,
    -426.5841939177));
#938 = CARTESIAN_POINT('',(5.98703783088,787.81170605166,-426.3265408995
    ));
#939 = CARTESIAN_POINT('',(4.78008006296,787.67232831783,-425.7649247601
    ));
#940 = CARTESIAN_POINT('',(4.233645638063,787.60369088463,
    -425.4750743263));
#941 = CARTESIAN_POINT('',(3.694620206885,787.53131643347,
    -425.1510289077));
#942 = CARTESIAN_POINT('',(3.165019937315,787.45677968118,
    -424.7920225477));
#943 = CARTESIAN_POINT('',(2.646793880744,787.38204143542,
    -424.3976217191));
#944 = CARTESIAN_POINT('',(2.141858537691,787.30941507327,-423.967762396
    ));
#945 = CARTESIAN_POINT('',(1.652129333658,787.24149982135,
    -423.5027953752));
#946 = CARTESIAN_POINT('',(0.77014594072,787.12873901204,-422.5710276764
    ));
#947 = CARTESIAN_POINT('',(0.373669911065,787.08203046879,
    -422.1128425757));
#948 = CARTESIAN_POINT('',(-8.634805036413E-03,787.04276158465,
    -421.6295168818));
#949 = CARTESIAN_POINT('',(-0.375539986687,787.01283943712,
    -421.1218146894));
#950 = CARTESIAN_POINT('',(-0.725828561377,786.9942228416,
    -420.5907239505));
#951 = CARTESIAN_POINT('',(-1.058289695558,786.98887338871,
    -420.0374485755));
#952 = CARTESIAN_POINT('',(-1.371713885225,786.9987064815,
    -419.4634005334));
#953 = CARTESIAN_POINT('',(-1.851067558033,787.04258443778,
    -418.4934763394));
#954 = CARTESIAN_POINT('',(-2.029104596235,787.06648570368,
    -418.1089845146));
#955 = CARTESIAN_POINT('',(-2.198640501941,787.09771154509,
    -417.717217345));
#956 = CARTESIAN_POINT('',(-2.359332965249,787.1367035816,
    -417.3187044458));
#957 = CARTESIAN_POINT('',(-2.51085448573,787.18387479391,
    -416.9140025676));
#958 = CARTESIAN_POINT('',(-2.652890832643,787.23960464008,
    -416.5036939844));
#959 = CARTESIAN_POINT('',(-2.785139505151,787.30423417173,
    -416.0883848812));
#960 = CARTESIAN_POINT('',(-3.097363006848,787.4929119601,
    -415.0158161419));
#961 = CARTESIAN_POINT('',(-3.263160862861,787.63010465181,
    -414.3518758538));
#962 = CARTESIAN_POINT('',(-3.403269061284,787.79065259611,
    -413.680160377));
#963 = CARTESIAN_POINT('',(-3.516551515092,787.97516635352,
    -413.0040387895));
#964 = CARTESIAN_POINT('',(-3.602147346921,788.18381219244,
    -412.3268985118));
#965 = CARTESIAN_POINT('',(-3.659458926498,788.41628924095,
    -411.6520793047));
#966 = CARTESIAN_POINT('',(-3.688149348112,788.67182527187,
    -410.9828145021));
#967 = CARTESIAN_POINT('',(-3.688149348112,789.13271649843,
    -409.8850553988));
#968 = CARTESIAN_POINT('',(-3.675588383206,789.32568869846,
    -409.4519725898));
#969 = CARTESIAN_POINT('',(-3.650472875156,789.52771358874,
    -409.0238561777));
#970 = CARTESIAN_POINT('',(-3.612867456458,789.7383077772,
    -408.6015898854));
#971 = CARTESIAN_POINT('',(-3.56289429986,789.95690207079,
    -408.1860093177));
#972 = CARTESIAN_POINT('',(-3.500733356768,790.18284662624,
    -407.777895978));
#973 = CARTESIAN_POINT('',(-3.42662350455,790.41541779351,
    -407.3779720157));
#974 = CARTESIAN_POINT('',(-3.213752301525,791.00719753228,
    -406.4072403131));
#975 = CARTESIAN_POINT('',(-3.061121282181,791.37318929714,
    -405.8473577032));
#976 = CARTESIAN_POINT('',(-2.883839329205,791.74965268521,
    -405.308620301));
#977 = CARTESIAN_POINT('',(-2.682868872748,792.1342669035,-404.792156614
    ));
#978 = CARTESIAN_POINT('',(-2.459269265627,792.52457750983,
    -404.2988457881));
#979 = CARTESIAN_POINT('',(-2.214202536089,792.91804300126,
    -403.8293167883));
#980 = CARTESIAN_POINT('',(-1.948942616289,793.31209010864,
    -403.3839522024));
#981 = CARTESIAN_POINT('',(-1.363179105547,794.12063425974,
    -402.5156719705));
#982 = CARTESIAN_POINT('',(-1.040032870215,794.53520257362,
    -402.095525572));
#983 = CARTESIAN_POINT('',(-0.696768803175,794.94524641591,
    -401.7022617001));
#984 = CARTESIAN_POINT('',(-0.334701340886,795.34821317422,
    -401.3354554455));
#985 = CARTESIAN_POINT('',(4.485329594945E-02,795.74167985751,
    -400.9944858358));
#986 = CARTESIAN_POINT('',(0.44057029192,796.12339900696,-400.6785689075
    ));
#987 = CARTESIAN_POINT('',(0.851109426436,796.49134460679,-400.386790779
    ));
#988 = CARTESIAN_POINT('',(1.745619556114,797.2348309522,-399.820019894)
  );
#989 = CARTESIAN_POINT('',(2.232619115573,797.60670463995,
    -399.5504350279));
#990 = CARTESIAN_POINT('',(2.734229342673,797.95698415655,
    -399.3079895893));
#991 = CARTESIAN_POINT('',(3.248598306452,798.28372343672,-399.091110858
    ));
#992 = CARTESIAN_POINT('',(3.77387217384,798.58545318567,-398.8981512751
    ));
#993 = CARTESIAN_POINT('',(4.308164733403,798.86119267417,
    -398.7274620234));
#994 = CARTESIAN_POINT('',(4.84952401295,799.11044539472,-398.5774388403
    ));
#995 = CARTESIAN_POINT('',(6.047624803768,799.5988613729,-398.2904001007
    ));
#996 = CARTESIAN_POINT('',(6.705438273568,799.82638364201,-398.161722034
    ));
#997 = CARTESIAN_POINT('',(7.367667872058,800.01665806878,
    -398.0572938211));
#998 = CARTESIAN_POINT('',(8.032698774642,800.170970992,-397.9744740979)
  );
#999 = CARTESIAN_POINT('',(8.698873901783,800.29092604409,
    -397.9110814577));
#1000 = CARTESIAN_POINT('',(9.364425705278,800.37839744005,
    -397.8652913936));
#1001 = CARTESIAN_POINT('',(10.027435699538,800.43549291812,
    -397.8355409065));
#1002 = CARTESIAN_POINT('',(12.097357714376,800.52677204485,
    -397.7880671063));
#1003 = CARTESIAN_POINT('',(13.494448479676,800.46033213067,
    -397.822875628));
#1004 = CARTESIAN_POINT('',(14.872168405113,800.28652528628,
    -397.9119433597));
#1005 = CARTESIAN_POINT('',(16.22727926845,800.02408796832,
    -398.0495056499));
#1006 = CARTESIAN_POINT('',(17.558364091607,799.68774632624,
    -398.2330056735));
#1007 = CARTESIAN_POINT('',(18.86617717553,799.28798019095,
    -398.4624871516));
#1008 = CARTESIAN_POINT('',(20.153050644274,798.83127036208,
    -398.7407387887));
#1009 = CARTESIAN_POINT('',(22.477394495181,797.89564118965,
    -399.3523532627));
#1010 = CARTESIAN_POINT('',(23.508812590836,797.43785997391,
    -399.6657065028));
#1011 = CARTESIAN_POINT('',(24.521961285141,796.94887409985,
    -400.0180730028));
#1012 = CARTESIAN_POINT('',(25.521573257916,796.42771007329,
    -400.4153768266));
#1013 = CARTESIAN_POINT('',(26.508347898268,795.87309679515,
    -400.8653671844));
#1014 = CARTESIAN_POINT('',(27.477783712398,795.28483916789,
    -401.3774099092));
#1015 = CARTESIAN_POINT('',(28.419189016883,794.66489590739,
    -401.9622570047));
#1016 = CARTESIAN_POINT('',(29.530223957807,793.86258525635,
    -402.7928946777));
#1017 = CARTESIAN_POINT('',(29.743703864483,793.70494868522,
    -402.9594057704));
#1018 = CARTESIAN_POINT('',(29.954869184538,793.54537175288,
    -403.1314947629));
#1019 = CARTESIAN_POINT('',(30.163586269306,793.38378778914,
    -403.3095273415));
#1020 = CARTESIAN_POINT('',(30.369641373935,793.2201613651,
    -403.4938748472));
#1021 = CARTESIAN_POINT('',(30.572741107691,793.05448928,-403.6849147431
    ));
#1022 = CARTESIAN_POINT('',(30.772512884261,792.88680154813,
    -403.8830310814));
#1023 = CARTESIAN_POINT('',(31.275627724221,792.45133597984,
    -404.4107671537));
#1024 = CARTESIAN_POINT('',(31.573467557786,792.1807190894,
    -404.7512545417));
#1025 = CARTESIAN_POINT('',(31.860946345936,791.90498762852,
    -405.1122755966));
#1026 = CARTESIAN_POINT('',(32.136154032843,791.62416797706,
    -405.4960480415));
#1027 = CARTESIAN_POINT('',(32.396337406326,791.33867795228,
    -405.9047823791));
#1028 = CARTESIAN_POINT('',(32.637883772193,791.04935904972,
    -406.3406509392));
#1029 = CARTESIAN_POINT('',(32.856299930264,790.75749995316,
    -406.8057524561));
#1030 = CARTESIAN_POINT('',(33.04618645208,790.46485131366,
    -407.3020721746));
#1031 = PCURVE('',#676,#1032);
#1032 = DEFINITIONAL_REPRESENTATION('',(#1033),#1190);
#1033 = B_SPLINE_CURVE_WITH_KNOTS('',8,(#1034,#1035,#1036,#1037,#1038,
    #1039,#1040,#1041,#1042,#1043,#1044,#1045,#1046,#1047,#1048,#1049,
    #1050,#1051,#1052,#1053,#1054,#1055,#1056,#1057,#1058,#1059,#1060,
    #1061,#1062,#1063,#1064,#1065,#1066,#1067,#1068,#1069,#1070,#1071,
    #1072,#1073,#1074,#1075,#1076,#1077,#1078,#1079,#1080,#1081,#1082,
    #1083,#1084,#1085,#1086,#1087,#1088,#1089,#1090,#1091,#1092,#1093,
    #1094,#1095,#1096,#1097,#1098,#1099,#1100,#1101,#1102,#1103,#1104,
    #1105,#1106,#1107,#1108,#1109,#1110,#1111,#1112,#1113,#1114,#1115,
    #1116,#1117,#1118,#1119,#1120,#1121,#1122,#1123,#1124,#1125,#1126,
    #1127,#1128,#1129,#1130,#1131,#1132,#1133,#1134,#1135,#1136,#1137,
    #1138,#1139,#1140,#1141,#1142,#1143,#1144,#1145,#1146,#1147,#1148,
    #1149,#1150,#1151,#1152,#1153,#1154,#1155,#1156,#1157,#1158,#1159,
    #1160,#1161,#1162,#1163,#1164,#1165,#1166,#1167,#1168,#1169,#1170,
    #1171,#1172,#1173,#1174,#1175,#1176,#1177,#1178,#1179,#1180,#1181,
    #1182,#1183,#1184,#1185,#1186,#1187,#1188,#1189),.UNSPECIFIED.,.F.,
  .F.,(9,7,7,7,7,7,7,7,7,7,7,7,7,7,7,7,7,7,7,7,7,7,9),(0.,
    1.459027984045E-02,2.449688156575E-02,3.777661642668E-02,
    5.852410943688E-02,8.105951076668E-02,0.167479430155,0.20507173417,
    0.321112366528,0.375331225714,0.420984693848,0.460534943055,
    0.485651229042,0.52472401579,0.550577407351,0.588897442064,
    0.629599118148,0.674765747327,0.728641851508,0.84414864373,
    0.940437599028,0.963640617938,1.),.UNSPECIFIED.);
#1034 = CARTESIAN_POINT('',(-8.881784197001E-16,-127.338987453));
#1035 = CARTESIAN_POINT('',(-1.456909414448E-02,-127.2734626968));
#1036 = CARTESIAN_POINT('',(-2.938764412726E-02,-127.2117994846));
#1037 = CARTESIAN_POINT('',(-4.44397972859E-02,-127.1544106368));
#1038 = CARTESIAN_POINT('',(-5.971074215069E-02,-127.1016821703));
#1039 = CARTESIAN_POINT('',(-7.51866336591E-02,-127.0539730064));
#1040 = CARTESIAN_POINT('',(-9.085451837017E-02,-127.0116146794));
#1041 = CARTESIAN_POINT('',(-0.106702259679,-126.9749110446));
#1042 = CARTESIAN_POINT('',(-0.133593247442,-126.9232434988));
#1043 = CARTESIAN_POINT('',(-0.144539736861,-126.9050944782));
#1044 = CARTESIAN_POINT('',(-0.155546158753,-126.8897879199));
#1045 = CARTESIAN_POINT('',(-0.166600891154,-126.877402126));
#1046 = CARTESIAN_POINT('',(-0.177692462666,-126.8679967064));
#1047 = CARTESIAN_POINT('',(-0.188809552458,-126.8616125786));
#1048 = CARTESIAN_POINT('',(-0.199940990272,-126.8582719674));
#1049 = CARTESIAN_POINT('',(-0.226001837646,-126.8575848879));
#1050 = CARTESIAN_POINT('',(-0.240921143817,-126.8626669003));
#1051 = CARTESIAN_POINT('',(-0.255808948759,-126.8732169959));
#1052 = CARTESIAN_POINT('',(-0.270640324978,-126.8891712013));
#1053 = CARTESIAN_POINT('',(-0.285389956769,-126.9104091536));
#1054 = CARTESIAN_POINT('',(-0.300031953338,-126.9367542368));
#1055 = CARTESIAN_POINT('',(-0.314539661925,-126.9679737186));
#1056 = CARTESIAN_POINT('',(-0.351298562395,-127.0597188189));
#1057 = CARTESIAN_POINT('',(-0.373285397146,-127.1267747253));
#1058 = CARTESIAN_POINT('',(-0.394839869378,-127.2040352382));
#1059 = CARTESIAN_POINT('',(-0.415954095003,-127.2905751603));
#1060 = CARTESIAN_POINT('',(-0.436618307911,-127.3854559687));
#1061 = CARTESIAN_POINT('',(-0.456820746246,-127.4877263191));
#1062 = CARTESIAN_POINT('',(-0.47654753867,-127.5964225503));
#1063 = CARTESIAN_POINT('',(-0.516675216834,-127.8345523736));
#1064 = CARTESIAN_POINT('',(-0.537040367757,-127.965278363));
#1065 = CARTESIAN_POINT('',(-0.556903025986,-128.101854983));
#1066 = CARTESIAN_POINT('',(-0.576288878697,-128.2435070303));
#1067 = CARTESIAN_POINT('',(-0.595224612845,-128.3895740995));
#1068 = CARTESIAN_POINT('',(-0.61373821036,-128.5395084106));
#1069 = CARTESIAN_POINT('',(-0.631859243325,-128.6928726371));
#1070 = CARTESIAN_POINT('',(-0.717725848844,-129.4493581583));
#1071 = CARTESIAN_POINT('',(-0.781423542738,-130.102922776));
#1072 = CARTESIAN_POINT('',(-0.841258809562,-130.784950595));
#1073 = CARTESIAN_POINT('',(-0.897775565668,-131.4790428621));
#1074 = CARTESIAN_POINT('',(-0.951579577472,-132.1765251121));
#1075 = CARTESIAN_POINT('',(-1.003389616449,-132.8754860042));
#1076 = CARTESIAN_POINT('',(-1.05406077273,-133.5796035933));
#1077 = CARTESIAN_POINT('',(-1.126563505578,-134.6074543537));
#1078 = CARTESIAN_POINT('',(-1.148356684716,-134.9191031422));
#1079 = CARTESIAN_POINT('',(-1.169990154426,-135.2305314955));
#1080 = CARTESIAN_POINT('',(-1.191489157039,-135.541492469));
#1081 = CARTESIAN_POINT('',(-1.21287905991,-135.8517747848));
#1082 = CARTESIAN_POINT('',(-1.234185382836,-136.1611925873));
#1083 = CARTESIAN_POINT('',(-1.255433825479,-136.469575199));
#1084 = CARTESIAN_POINT('',(-1.342141692023,-137.7249710684));
#1085 = CARTESIAN_POINT('',(-1.407137041621,-138.6589708577));
#1086 = CARTESIAN_POINT('',(-1.472452775149,-139.5747563746));
#1087 = CARTESIAN_POINT('',(-1.538806087275,-140.4674260961));
#1088 = CARTESIAN_POINT('',(-1.606859366521,-141.328934721));
#1089 = CARTESIAN_POINT('',(-1.677287706175,-142.1475584182));
#1090 = CARTESIAN_POINT('',(-1.750839344279,-142.9084911874));
#1091 = CARTESIAN_POINT('',(-1.864776180625,-143.91784387));
#1092 = CARTESIAN_POINT('',(-1.902037727971,-144.2240669221));
#1093 = CARTESIAN_POINT('',(-1.940293709336,-144.5125893118));
#1094 = CARTESIAN_POINT('',(-1.979577787403,-144.7812331911));
#1095 = CARTESIAN_POINT('',(-2.019940255753,-145.028185775));
#1096 = CARTESIAN_POINT('',(-2.061448153981,-145.2520406019));
#1097 = CARTESIAN_POINT('',(-2.104186642136,-145.4518341316));
#1098 = CARTESIAN_POINT('',(-2.185373744374,-145.774636592));
#1099 = CARTESIAN_POINT('',(-2.223380482913,-145.9045792149));
#1100 = CARTESIAN_POINT('',(-2.262265443467,-146.0164015825));
#1101 = CARTESIAN_POINT('',(-2.302015837742,-146.1100601223));
#1102 = CARTESIAN_POINT('',(-2.342620830244,-146.1859616435));
#1103 = CARTESIAN_POINT('',(-2.384069632563,-146.2449313831));
#1104 = CARTESIAN_POINT('',(-2.426349357484,-146.2881591101));
#1105 = CARTESIAN_POINT('',(-2.506774950786,-146.3422153691));
#1106 = CARTESIAN_POINT('',(-2.544712667928,-146.3565994251));
#1107 = CARTESIAN_POINT('',(-2.583245065891,-146.3612427656));
#1108 = CARTESIAN_POINT('',(-2.622361754253,-146.3572776119));
#1109 = CARTESIAN_POINT('',(-2.662052771181,-146.3459572114));
#1110 = CARTESIAN_POINT('',(-2.702308683974,-146.3286119522));
#1111 = CARTESIAN_POINT('',(-2.743120689612,-146.3066054764));
#1112 = CARTESIAN_POINT('',(-2.810746295263,-146.2652147697));
#1113 = CARTESIAN_POINT('',(-2.837236278619,-146.2478024136));
#1114 = CARTESIAN_POINT('',(-2.863942295688,-146.2294042023));
#1115 = CARTESIAN_POINT('',(-2.890856747718,-146.2103697596));
#1116 = CARTESIAN_POINT('',(-2.917972651477,-146.1910426666));
#1117 = CARTESIAN_POINT('',(-2.945283483855,-146.1717552717));
#1118 = CARTESIAN_POINT('',(-2.972783026461,-146.1528234996));
#1119 = CARTESIAN_POINT('',(-3.043529700872,-146.1061010565));
#1120 = CARTESIAN_POINT('',(-3.087067330385,-146.079213019));
#1121 = CARTESIAN_POINT('',(-3.130994547947,-146.0550326075));
#1122 = CARTESIAN_POINT('',(-3.175234155172,-146.0345788641));
#1123 = CARTESIAN_POINT('',(-3.219713550526,-146.0186666747));
#1124 = CARTESIAN_POINT('',(-3.264362896898,-146.0078606235));
#1125 = CARTESIAN_POINT('',(-3.309113212305,-146.0024508399));
#1126 = CARTESIAN_POINT('',(-3.383524856941,-146.0024508399));
#1127 = CARTESIAN_POINT('',(-3.413151005235,-146.0048192583));
#1128 = CARTESIAN_POINT('',(-3.442749622377,-146.0095548653));
#1129 = CARTESIAN_POINT('',(-3.472297677822,-146.0166019368));
#1130 = CARTESIAN_POINT('',(-3.501772028448,-146.0258504157));
#1131 = CARTESIAN_POINT('',(-3.531149135817,-146.0371381223));
#1132 = CARTESIAN_POINT('',(-3.560404788968,-146.050255013));
#1133 = CARTESIAN_POINT('',(-3.632659412589,-146.0867297185));
#1134 = CARTESIAN_POINT('',(-3.675457965454,-146.1119633103));
#1135 = CARTESIAN_POINT('',(-3.717882677941,-146.1398511217));
#1136 = CARTESIAN_POINT('',(-3.759905033029,-146.169425849));
#1137 = CARTESIAN_POINT('',(-3.801494177723,-146.1995813616));
#1138 = CARTESIAN_POINT('',(-3.842616381823,-146.2291122467));
#1139 = CARTESIAN_POINT('',(-3.883234587864,-146.2567635612));
#1140 = CARTESIAN_POINT('',(-3.96587213594,-146.3073424282));
#1141 = CARTESIAN_POINT('',(-4.007854566512,-146.3298895824));
#1142 = CARTESIAN_POINT('',(-4.049247300466,-146.347458667));
#1143 = CARTESIAN_POINT('',(-4.090041250546,-146.3585636279));
#1144 = CARTESIAN_POINT('',(-4.13022640835,-146.361756756));
#1145 = CARTESIAN_POINT('',(-4.169791966968,-146.3556794978));
#1146 = CARTESIAN_POINT('',(-4.208726443619,-146.3391132646));
#1147 = CARTESIAN_POINT('',(-4.289509703462,-146.2798665272));
#1148 = CARTESIAN_POINT('',(-4.331201856353,-146.2345261326));
#1149 = CARTESIAN_POINT('',(-4.372078239524,-146.1736141449));
#1150 = CARTESIAN_POINT('',(-4.412126943155,-146.0960190813));
#1151 = CARTESIAN_POINT('',(-4.451337934214,-146.0009828149));
#1152 = CARTESIAN_POINT('',(-4.489701020227,-145.8881499968));
#1153 = CARTESIAN_POINT('',(-4.527204011656,-145.757596977));
#1154 = CARTESIAN_POINT('',(-4.60752094729,-145.4335915566));
#1155 = CARTESIAN_POINT('',(-4.649894287933,-145.2331477007));
#1156 = CARTESIAN_POINT('',(-4.691055321731,-145.0090203892));
#1157 = CARTESIAN_POINT('',(-4.731087978968,-144.7621790159));
#1158 = CARTESIAN_POINT('',(-4.77005849304,-144.4940185222));
#1159 = CARTESIAN_POINT('',(-4.808016774859,-144.2063232225));
#1160 = CARTESIAN_POINT('',(-4.844996571896,-143.9012265691));
#1161 = CARTESIAN_POINT('',(-4.958234270661,-142.8949800663));
#1162 = CARTESIAN_POINT('',(-5.03140527368,-142.1367060554));
#1163 = CARTESIAN_POINT('',(-5.101489360061,-141.3214488518));
#1164 = CARTESIAN_POINT('',(-5.169224585973,-140.4637809964));
#1165 = CARTESIAN_POINT('',(-5.235277937129,-139.5752325234));
#1166 = CARTESIAN_POINT('',(-5.300303902268,-138.6637227718));
#1167 = CARTESIAN_POINT('',(-5.365009761532,-137.7341087113));
#1168 = CARTESIAN_POINT('',(-5.484539978868,-136.0036592035));
#1169 = CARTESIAN_POINT('',(-5.538604056299,-135.2160091631));
#1170 = CARTESIAN_POINT('',(-5.593125895747,-134.4260084611));
#1171 = CARTESIAN_POINT('',(-5.648777623097,-133.6324250444));
#1172 = CARTESIAN_POINT('',(-5.706165018901,-132.8364683915));
#1173 = CARTESIAN_POINT('',(-5.765834312495,-132.0434065377));
#1174 = CARTESIAN_POINT('',(-5.828292493624,-131.2638502384));
#1175 = CARTESIAN_POINT('',(-5.909889869034,-130.3345611251));
#1176 = CARTESIAN_POINT('',(-5.925956344136,-130.1555469093));
#1177 = CARTESIAN_POINT('',(-5.942269110756,-129.9780386913));
#1178 = CARTESIAN_POINT('',(-5.958851036043,-129.8021738154));
#1179 = CARTESIAN_POINT('',(-5.975723711271,-129.6281573453));
#1180 = CARTESIAN_POINT('',(-5.99290774958,-129.4562627688));
#1181 = CARTESIAN_POINT('',(-6.010423083714,-129.2868327028));
#1182 = CARTESIAN_POINT('',(-6.056285761518,-128.8592890791));
#1183 = CARTESIAN_POINT('',(-6.085143649519,-128.605364747));
#1184 = CARTESIAN_POINT('',(-6.114998298607,-128.3595342187));
#1185 = CARTESIAN_POINT('',(-6.145972123085,-128.1235357196));
#1186 = CARTESIAN_POINT('',(-6.178176379324,-127.8998476752));
#1187 = CARTESIAN_POINT('',(-6.211714057334,-127.6917123203));
#1188 = CARTESIAN_POINT('',(-6.246683865313,-127.5031533273));
#1189 = CARTESIAN_POINT('',(-6.28318530718,-127.338987453));
#1190 = ( GEOMETRIC_REPRESENTATION_CONTEXT(2) 
PARAMETRIC_REPRESENTATION_CONTEXT() REPRESENTATION_CONTEXT('2D SPACE',''
  ) );
#1191 = PCURVE('',#1192,#1197);
#1192 = CYLINDRICAL_SURFACE('',#1193,25.);
#1193 = AXIS2_PLACEMENT_3D('',#1194,#1195,#1196);
#1194 = CARTESIAN_POINT('',(-50.,812.,-420.));
#1195 = DIRECTION('',(-1.,-0.,0.));
#1196 = DIRECTION('',(0.,0.,1.));
#1197 = DEFINITIONAL_REPRESENTATION('',(#1198),#1355);
#1198 = B_SPLINE_CURVE_WITH_KNOTS('',8,(#1199,#1200,#1201,#1202,#1203,
    #1204,#1205,#1206,#1207,#1208,#1209,#1210,#1211,#1212,#1213,#1214,
    #1215,#1216,#1217,#1218,#1219,#1220,#1221,#1222,#1223,#1224,#1225,
    #1226,#1227,#1228,#1229,#1230,#1231,#1232,#1233,#1234,#1235,#1236,
    #1237,#1238,#1239,#1240,#1241,#1242,#1243,#1244,#1245,#1246,#1247,
    #1248,#1249,#1250,#1251,#1252,#1253,#1254,#1255,#1256,#1257,#1258,
    #1259,#1260,#1261,#1262,#1263,#1264,#1265,#1266,#1267,#1268,#1269,
    #1270,#1271,#1272,#1273,#1274,#1275,#1276,#1277,#1278,#1279,#1280,
    #1281,#1282,#1283,#1284,#1285,#1286,#1287,#1288,#1289,#1290,#1291,
    #1292,#1293,#1294,#1295,#1296,#1297,#1298,#1299,#1300,#1301,#1302,
    #1303,#1304,#1305,#1306,#1307,#1308,#1309,#1310,#1311,#1312,#1313,
    #1314,#1315,#1316,#1317,#1318,#1319,#1320,#1321,#1322,#1323,#1324,
    #1325,#1326,#1327,#1328,#1329,#1330,#1331,#1332,#1333,#1334,#1335,
    #1336,#1337,#1338,#1339,#1340,#1341,#1342,#1343,#1344,#1345,#1346,
    #1347,#1348,#1349,#1350,#1351,#1352,#1353,#1354),.UNSPECIFIED.,.T.,
  .F.,(9,7,7,7,7,7,7,7,7,7,7,7,7,7,7,7,7,7,7,7,7,7,9),(0.,
    1.459027984045E-02,2.449688156575E-02,3.777661642668E-02,
    5.852410943688E-02,8.105951076668E-02,0.167479430155,0.20507173417,
    0.321112366528,0.375331225714,0.420984693848,0.460534943055,
    0.485651229042,0.52472401579,0.550577407351,0.588897442064,
    0.629599118148,0.674765747327,0.728641851508,0.84414864373,
    0.940437599028,0.963640617938,1.),.UNSPECIFIED.);
#1199 = CARTESIAN_POINT('',(-1.038031273678,-83.04618645208));
#1200 = CARTESIAN_POINT('',(-1.047230179759,-83.12197728311));
#1201 = CARTESIAN_POINT('',(-1.056606445244,-83.19325138013));
#1202 = CARTESIAN_POINT('',(-1.066149360916,-83.25954208804));
#1203 = CARTESIAN_POINT('',(-1.075848536172,-83.32041437721));
#1204 = CARTESIAN_POINT('',(-1.085693880831,-83.37546461145));
#1205 = CARTESIAN_POINT('',(-1.095675586943,-83.42432031578));
#1206 = CARTESIAN_POINT('',(-1.105784110589,-83.46663994441));
#1207 = CARTESIAN_POINT('',(-1.122953497978,-83.52619813261));
#1208 = CARTESIAN_POINT('',(-1.129947231814,-83.54711390367));
#1209 = CARTESIAN_POINT('',(-1.136983164528,-83.56475055439));
#1210 = CARTESIAN_POINT('',(-1.144053167738,-83.57901976909));
#1211 = CARTESIAN_POINT('',(-1.151149175352,-83.58985432375));
#1212 = CARTESIAN_POINT('',(-1.158263183568,-83.59720808605));
#1213 = CARTESIAN_POINT('',(-1.165387250872,-83.60105601534));
#1214 = CARTESIAN_POINT('',(-1.182066185791,-83.60184744695));
#1215 = CARTESIAN_POINT('',(-1.19161465541,-83.59599354765));
#1216 = CARTESIAN_POINT('',(-1.201141167478,-83.58384125712));
#1217 = CARTESIAN_POINT('',(-1.210627859621,-83.56546261216));
#1218 = CARTESIAN_POINT('',(-1.220056690633,-83.54099302166));
#1219 = CARTESIAN_POINT('',(-1.229409384596,-83.51063139443));
#1220 = CARTESIAN_POINT('',(-1.238667375008,-83.47464026691));
#1221 = CARTESIAN_POINT('',(-1.262098392076,-83.36883003838));
#1222 = CARTESIAN_POINT('',(-1.276087885299,-83.29145875479));
#1223 = CARTESIAN_POINT('',(-1.289771440307,-83.20225818099));
#1224 = CARTESIAN_POINT('',(-1.303140084001,-83.10226658047));
#1225 = CARTESIAN_POINT('',(-1.316184588855,-82.99253600726));
#1226 = CARTESIAN_POINT('',(-1.328895403307,-82.8741339338));
#1227 = CARTESIAN_POINT('',(-1.341262582157,-82.74814487882));
#1228 = CARTESIAN_POINT('',(-1.366324079683,-82.47178338835));
#1229 = CARTESIAN_POINT('',(-1.378987646559,-82.31988268151));
#1230 = CARTESIAN_POINT('',(-1.391281101062,-82.16096601463));
#1231 = CARTESIAN_POINT('',(-1.403220106134,-81.99589778873));
#1232 = CARTESIAN_POINT('',(-1.414821295189,-81.82541247021));
#1233 = CARTESIAN_POINT('',(-1.426102263095,-81.6501163553));
#1234 = CARTESIAN_POINT('',(-1.437081557163,-81.47048933434));
#1235 = CARTESIAN_POINT('',(-1.488800501032,-80.58279763592));
#1236 = CARTESIAN_POINT('',(-1.526215510483,-79.81092002257));
#1237 = CARTESIAN_POINT('',(-1.560339853939,-78.9986909731));
#1238 = CARTESIAN_POINT('',(-1.591526298272,-78.16392015849));
#1239 = CARTESIAN_POINT('',(-1.62016431436,-77.31588626551));
#1240 = CARTESIAN_POINT('',(-1.646671691364,-76.45586900292));
#1241 = CARTESIAN_POINT('',(-1.671463635683,-75.57788188211));
#1242 = CARTESIAN_POINT('',(-1.705053220013,-74.27518620725));
#1243 = CARTESIAN_POINT('',(-1.714900580327,-73.87747655612));
#1244 = CARTESIAN_POINT('',(-1.724420420147,-73.47714280186));
#1245 = CARTESIAN_POINT('',(-1.733618943533,-73.07431556584));
#1246 = CARTESIAN_POINT('',(-1.742501119708,-72.66907084905));
#1247 = CARTESIAN_POINT('',(-1.751070503717,-72.26143916939));
#1248 = CARTESIAN_POINT('',(-1.75932905709,-71.85141469918));
#1249 = CARTESIAN_POINT('',(-1.791810731205,-70.16580505488));
#1250 = CARTESIAN_POINT('',(-1.813312789265,-68.87325249958));
#1251 = CARTESIAN_POINT('',(-1.831838359859,-67.55955673341));
#1252 = CARTESIAN_POINT('',(-1.847228739929,-66.22233241453));
#1253 = CARTESIAN_POINT('',(-1.859118966414,-64.86083126888));
#1254 = CARTESIAN_POINT('',(-1.866927843012,-63.47652404775));
#1255 = CARTESIAN_POINT('',(-1.86987167896,-62.07271577671));
#1256 = CARTESIAN_POINT('',(-1.865568187264,-59.99172848758));
#1257 = CARTESIAN_POINT('',(-1.862911580176,-59.32436312015));
#1258 = CARTESIAN_POINT('',(-1.858858818898,-58.65446747613));
#1259 = CARTESIAN_POINT('',(-1.853304080946,-57.98401835662));
#1260 = CARTESIAN_POINT('',(-1.846145389654,-57.31483490286));
#1261 = CARTESIAN_POINT('',(-1.837283492461,-56.64862119228));
#1262 = CARTESIAN_POINT('',(-1.826619936245,-55.98703783088));
#1263 = CARTESIAN_POINT('',(-1.803473831924,-54.78008006296));
#1264 = CARTESIAN_POINT('',(-1.791559878058,-54.23364563806));
#1265 = CARTESIAN_POINT('',(-1.778280535905,-53.69462020688));
#1266 = CARTESIAN_POINT('',(-1.763617628503,-53.16501993731));
#1267 = CARTESIAN_POINT('',(-1.74756638349,-52.64679388074));
#1268 = CARTESIAN_POINT('',(-1.730135088187,-52.14185853769));
#1269 = CARTESIAN_POINT('',(-1.711344760394,-51.65212933365));
#1270 = CARTESIAN_POINT('',(-1.67380212235,-50.77014594072));
#1271 = CARTESIAN_POINT('',(-1.655382928836,-50.37366991106));
#1272 = CARTESIAN_POINT('',(-1.635993240036,-49.99136519496));
#1273 = CARTESIAN_POINT('',(-1.615660478198,-49.62446001331));
#1274 = CARTESIAN_POINT('',(-1.594416630392,-49.27417143862));
#1275 = CARTESIAN_POINT('',(-1.572297376776,-48.94171030444));
#1276 = CARTESIAN_POINT('',(-1.549341218841,-48.62828611477));
#1277 = CARTESIAN_POINT('',(-1.510504571877,-48.14893244196));
#1278 = CARTESIAN_POINT('',(-1.495097398295,-47.97089540376));
#1279 = CARTESIAN_POINT('',(-1.479381054914,-47.80135949805));
#1280 = CARTESIAN_POINT('',(-1.463369716465,-47.64066703475));
#1281 = CARTESIAN_POINT('',(-1.447077776676,-47.48914551427));
#1282 = CARTESIAN_POINT('',(-1.430519860516,-47.34710916735));
#1283 = CARTESIAN_POINT('',(-1.413710836443,-47.21486049484));
#1284 = CARTESIAN_POINT('',(-1.370149330346,-46.90263699315));
#1285 = CARTESIAN_POINT('',(-1.343042568452,-46.73683913713));
#1286 = CARTESIAN_POINT('',(-1.31543927744,-46.59673093871));
#1287 = CARTESIAN_POINT('',(-1.287434142593,-46.4834484849));
#1288 = CARTESIAN_POINT('',(-1.259122126827,-46.39785265307));
#1289 = CARTESIAN_POINT('',(-1.230598285736,-46.3405410735));
#1290 = CARTESIAN_POINT('',(-1.201958070853,-46.31185065188));
#1291 = CARTESIAN_POINT('',(-1.154334618286,-46.31185065188));
#1292 = CARTESIAN_POINT('',(-1.135373882525,-46.32441161679));
#1293 = CARTESIAN_POINT('',(-1.116445748438,-46.34952712484));
#1294 = CARTESIAN_POINT('',(-1.097579909138,-46.38713254354));
#1295 = CARTESIAN_POINT('',(-1.078805988597,-46.43710570014));
#1296 = CARTESIAN_POINT('',(-1.060153583108,-46.49926664323));
#1297 = CARTESIAN_POINT('',(-1.041652271846,-46.57337649545));
#1298 = CARTESIAN_POINT('',(-0.996176593995,-46.78624769847));
#1299 = CARTESIAN_POINT('',(-0.969434126019,-46.93887871781));
#1300 = CARTESIAN_POINT('',(-0.943165319678,-47.11616067079));
#1301 = CARTESIAN_POINT('',(-0.917430392812,-47.31713112725));
#1302 = CARTESIAN_POINT('',(-0.892289018805,-47.54073073437));
#1303 = CARTESIAN_POINT('',(-0.867800162553,-47.78579746391));
#1304 = CARTESIAN_POINT('',(-0.844021387615,-48.05105738371));
#1305 = CARTESIAN_POINT('',(-0.796563546023,-48.63682089445));
#1306 = CARTESIAN_POINT('',(-0.772963690527,-48.95996712978));
#1307 = CARTESIAN_POINT('',(-0.750251646293,-49.30323119682));
#1308 = CARTESIAN_POINT('',(-0.72846900393,-49.66529865911));
#1309 = CARTESIAN_POINT('',(-0.707654323787,-50.04485329594));
#1310 = CARTESIAN_POINT('',(-0.687842093299,-50.44057029192));
#1311 = CARTESIAN_POINT('',(-0.669061684322,-50.85110942643));
#1312 = CARTESIAN_POINT('',(-0.631666472181,-51.74561955611));
#1313 = CARTESIAN_POINT('',(-0.613299392576,-52.23261911557));
#1314 = CARTESIAN_POINT('',(-0.59626572518,-52.73422934267));
#1315 = CARTESIAN_POINT('',(-0.580584213528,-53.24859830645));
#1316 = CARTESIAN_POINT('',(-0.566261396824,-53.77387217384));
#1317 = CARTESIAN_POINT('',(-0.553291314054,-54.3081647334));
#1318 = CARTESIAN_POINT('',(-0.541655206565,-54.84952401295));
#1319 = CARTESIAN_POINT('',(-0.518994530289,-56.04762480376));
#1320 = CARTESIAN_POINT('',(-0.508540374298,-56.70543827356));
#1321 = CARTESIAN_POINT('',(-0.499859424374,-57.36766787205));
#1322 = CARTESIAN_POINT('',(-0.492854398059,-58.03269877464));
#1323 = CARTESIAN_POINT('',(-0.487427430585,-58.69887390178));
#1324 = CARTESIAN_POINT('',(-0.483478218975,-59.36442570527));
#1325 = CARTESIAN_POINT('',(-0.480902936879,-60.02743569953));
#1326 = CARTESIAN_POINT('',(-0.476787475169,-62.09735771437));
#1327 = CARTESIAN_POINT('',(-0.479787679906,-63.49444847967));
#1328 = CARTESIAN_POINT('',(-0.48759961225,-64.8721684051));
#1329 = CARTESIAN_POINT('',(-0.499451798549,-66.22727926846));
#1330 = CARTESIAN_POINT('',(-0.51477226009,-67.55836409159));
#1331 = CARTESIAN_POINT('',(-0.533201576176,-68.86617717553));
#1332 = CARTESIAN_POINT('',(-0.554582645477,-70.15305064427));
#1333 = CARTESIAN_POINT('',(-0.599294598475,-72.47739449518));
#1334 = CARTESIAN_POINT('',(-0.621479798207,-73.50881259083));
#1335 = CARTESIAN_POINT('',(-0.645576438728,-74.52196128514));
#1336 = CARTESIAN_POINT('',(-0.671769345633,-75.52157325791));
#1337 = CARTESIAN_POINT('',(-0.700307825691,-76.50834789827));
#1338 = CARTESIAN_POINT('',(-0.731465526749,-77.47778371239));
#1339 = CARTESIAN_POINT('',(-0.765519804338,-78.41918901688));
#1340 = CARTESIAN_POINT('',(-0.811713506498,-79.5302239578));
#1341 = CARTESIAN_POINT('',(-0.820884758658,-79.74370386448));
#1342 = CARTESIAN_POINT('',(-0.830271517609,-79.95486918453));
#1343 = CARTESIAN_POINT('',(-0.839887457806,-80.1635862693));
#1344 = CARTESIAN_POINT('',(-0.849745813602,-80.36964137393));
#1345 = CARTESIAN_POINT('',(-0.859859438444,-80.57274110769));
#1346 = CARTESIAN_POINT('',(-0.870240864077,-80.77251288426));
#1347 = CARTESIAN_POINT('',(-0.897609038972,-81.27562772422));
#1348 = CARTESIAN_POINT('',(-0.915003363721,-81.57346755778));
#1349 = CARTESIAN_POINT('',(-0.933168514912,-81.86094634593));
#1350 = CARTESIAN_POINT('',(-0.952181812983,-82.13615403284));
#1351 = CARTESIAN_POINT('',(-0.972114010855,-82.39633740632));
#1352 = CARTESIAN_POINT('',(-0.993029054808,-82.63788377219));
#1353 = CARTESIAN_POINT('',(-1.014984313298,-82.85629993026));
#1354 = CARTESIAN_POINT('',(-1.038031273678,-83.04618645208));
#1355 = ( GEOMETRIC_REPRESENTATION_CONTEXT(2) 
PARAMETRIC_REPRESENTATION_CONTEXT() REPRESENTATION_CONTEXT('2D SPACE',''
  ) );
#1356 = ORIENTED_EDGE('',*,*,#1357,.T.);
#1357 = EDGE_CURVE('',#871,#1358,#1360,.T.);
#1358 = VERTEX_POINT('',#1359);
#1359 = CARTESIAN_POINT('',(-7.815970093361E-13,782.60514368372,
    -411.3151012975));
#1360 = SURFACE_CURVE('',#1361,(#1366,#1377),.PCURVE_S1.);
#1361 = ELLIPSE('',#1362,31.164739191242,16.);
#1362 = AXIS2_PLACEMENT_3D('',#1363,#1364,#1365);
#1363 = CARTESIAN_POINT('',(0.,812.,-420.));
#1364 = DIRECTION('',(-1.,0.,0.));
#1365 = DIRECTION('',(0.,-0.92203235514,0.38711282086));
#1366 = PCURVE('',#676,#1367);
#1367 = DEFINITIONAL_REPRESENTATION('',(#1368),#1376);
#1368 = B_SPLINE_CURVE_WITH_KNOTS('',6,(#1369,#1370,#1371,#1372,#1373,
    #1374,#1375),.UNSPECIFIED.,.F.,.F.,(7,7),(5.51316520659,
    6.070883577015),.PIECEWISE_BEZIER_KNOTS.);
#1369 = CARTESIAN_POINT('',(-2.583874283166,-146.3632558427));
#1370 = CARTESIAN_POINT('',(-2.676827344903,-144.63267253));
#1371 = CARTESIAN_POINT('',(-2.76978040664,-143.1011553289));
#1372 = CARTESIAN_POINT('',(-2.862733468378,-141.7956172258));
#1373 = CARTESIAN_POINT('',(-2.955686530115,-140.7378202143));
#1374 = CARTESIAN_POINT('',(-3.048639591852,-139.942942852));
#1375 = CARTESIAN_POINT('',(-3.14159265359,-139.4191300761));
#1376 = ( GEOMETRIC_REPRESENTATION_CONTEXT(2) 
PARAMETRIC_REPRESENTATION_CONTEXT() REPRESENTATION_CONTEXT('2D SPACE',''
  ) );
#1377 = PCURVE('',#1378,#1383);
#1378 = CYLINDRICAL_SURFACE('',#1379,16.);
#1379 = AXIS2_PLACEMENT_3D('',#1380,#1381,#1382);
#1380 = CARTESIAN_POINT('',(-85.,681.,-365.));
#1381 = DIRECTION('',(-0.51340073478,-0.791241132425,0.332200475446));
#1382 = DIRECTION('',(0.838882261035,-0.544312917466,0.));
#1383 = DEFINITIONAL_REPRESENTATION('',(#1384),#1392);
#1384 = B_SPLINE_CURVE_WITH_KNOTS('',6,(#1385,#1386,#1387,#1388,#1389,
    #1390,#1391),.UNSPECIFIED.,.F.,.F.,(7,7),(5.51316520659,
    6.070883577015),.PIECEWISE_BEZIER_KNOTS.);
#1385 = CARTESIAN_POINT('',(-0.557718370424,-146.3632558427));
#1386 = CARTESIAN_POINT('',(-0.464765308687,-144.63267253));
#1387 = CARTESIAN_POINT('',(-0.371812246949,-143.1011553289));
#1388 = CARTESIAN_POINT('',(-0.278859185212,-141.7956172258));
#1389 = CARTESIAN_POINT('',(-0.185906123475,-140.7378202143));
#1390 = CARTESIAN_POINT('',(-9.295306173737E-02,-139.942942852));
#1391 = CARTESIAN_POINT('',(7.105427357601E-15,-139.4191300761));
#1392 = ( GEOMETRIC_REPRESENTATION_CONTEXT(2) 
PARAMETRIC_REPRESENTATION_CONTEXT() REPRESENTATION_CONTEXT('2D SPACE',''
  ) );
#1393 = ORIENTED_EDGE('',*,*,#1394,.T.);
#1394 = EDGE_CURVE('',#1358,#1395,#1397,.T.);
#1395 = VERTEX_POINT('',#1396);
#1396 = CARTESIAN_POINT('',(0.,783.26510212616,-407.9357299002));
#1397 = SURFACE_CURVE('',#1398,(#1403,#1413),.PCURVE_S1.);
#1398 = ELLIPSE('',#1399,31.164739191242,16.);
#1399 = AXIS2_PLACEMENT_3D('',#1400,#1401,#1402);
#1400 = CARTESIAN_POINT('',(0.,812.,-420.));
#1401 = DIRECTION('',(-1.,0.,0.));
#1402 = DIRECTION('',(0.,-0.92203235514,0.38711282086));
#1403 = PCURVE('',#676,#1404);
#1404 = DEFINITIONAL_REPRESENTATION('',(#1405),#1412);
#1405 = B_SPLINE_CURVE_WITH_KNOTS('',5,(#1406,#1407,#1408,#1409,#1410,
    #1411),.UNSPECIFIED.,.F.,.F.,(6,6),(6.070883577015,6.28318530718),
  .PIECEWISE_BEZIER_KNOTS.);
#1406 = CARTESIAN_POINT('',(-3.14159265359,-139.4191300761));
#1407 = CARTESIAN_POINT('',(-3.184052999623,-139.179855852));
#1408 = CARTESIAN_POINT('',(-3.226513345656,-138.9994986835));
#1409 = CARTESIAN_POINT('',(-3.268973691689,-138.8789577699));
#1410 = CARTESIAN_POINT('',(-3.311434037722,-138.8186875566));
#1411 = CARTESIAN_POINT('',(-3.353894383755,-138.8186875566));
#1412 = ( GEOMETRIC_REPRESENTATION_CONTEXT(2) 
PARAMETRIC_REPRESENTATION_CONTEXT() REPRESENTATION_CONTEXT('2D SPACE',''
  ) );
#1413 = PCURVE('',#1378,#1414);
#1414 = DEFINITIONAL_REPRESENTATION('',(#1415),#1422);
#1415 = B_SPLINE_CURVE_WITH_KNOTS('',5,(#1416,#1417,#1418,#1419,#1420,
    #1421),.UNSPECIFIED.,.F.,.F.,(6,6),(6.070883577015,6.28318530718),
  .PIECEWISE_BEZIER_KNOTS.);
#1416 = CARTESIAN_POINT('',(-6.28318530718,-139.4191300761));
#1417 = CARTESIAN_POINT('',(-6.240724961147,-139.179855852));
#1418 = CARTESIAN_POINT('',(-6.198264615114,-138.9994986835));
#1419 = CARTESIAN_POINT('',(-6.155804269081,-138.8789577699));
#1420 = CARTESIAN_POINT('',(-6.113343923048,-138.8186875566));
#1421 = CARTESIAN_POINT('',(-6.070883577015,-138.8186875566));
#1422 = ( GEOMETRIC_REPRESENTATION_CONTEXT(2) 
PARAMETRIC_REPRESENTATION_CONTEXT() REPRESENTATION_CONTEXT('2D SPACE',''
  ) );
#1423 = ORIENTED_EDGE('',*,*,#1424,.T.);
#1424 = EDGE_CURVE('',#1395,#1425,#1427,.T.);
#1425 = VERTEX_POINT('',#1426);
#1426 = CARTESIAN_POINT('',(-7.353406758503E-09,795.67005724,
    -401.0703151234));
#1427 = SURFACE_CURVE('',#1428,(#1433,#1445),.PCURVE_S1.);
#1428 = ELLIPSE('',#1429,31.164739191242,16.);
#1429 = AXIS2_PLACEMENT_3D('',#1430,#1431,#1432);
#1430 = CARTESIAN_POINT('',(0.,812.,-420.));
#1431 = DIRECTION('',(-1.,0.,0.));
#1432 = DIRECTION('',(0.,-0.92203235514,0.38711282086));
#1433 = PCURVE('',#676,#1434);
#1434 = DEFINITIONAL_REPRESENTATION('',(#1435),#1444);
#1435 = B_SPLINE_CURVE_WITH_KNOTS('',7,(#1436,#1437,#1438,#1439,#1440,
    #1441,#1442,#1443),.UNSPECIFIED.,.F.,.F.,(8,8),(0.,0.770020100589),
  .PIECEWISE_BEZIER_KNOTS.);
#1436 = CARTESIAN_POINT('',(-3.353894383755,-138.8186875566));
#1437 = CARTESIAN_POINT('',(-3.463897255267,-138.8186875566));
#1438 = CARTESIAN_POINT('',(-3.57390012678,-139.1962433681));
#1439 = CARTESIAN_POINT('',(-3.683902998293,-139.951354036));
#1440 = CARTESIAN_POINT('',(-3.793905869807,-141.0728301097));
#1441 = CARTESIAN_POINT('',(-3.903908741318,-142.5382747526));
#1442 = CARTESIAN_POINT('',(-4.013911612831,-144.3152422514));
#1443 = CARTESIAN_POINT('',(-4.123914484344,-146.3632558427));
#1444 = ( GEOMETRIC_REPRESENTATION_CONTEXT(2) 
PARAMETRIC_REPRESENTATION_CONTEXT() REPRESENTATION_CONTEXT('2D SPACE',''
  ) );
#1445 = PCURVE('',#1378,#1446);
#1446 = DEFINITIONAL_REPRESENTATION('',(#1447),#1456);
#1447 = B_SPLINE_CURVE_WITH_KNOTS('',7,(#1448,#1449,#1450,#1451,#1452,
    #1453,#1454,#1455),.UNSPECIFIED.,.F.,.F.,(8,8),(0.,0.770020100589),
  .PIECEWISE_BEZIER_KNOTS.);
#1448 = CARTESIAN_POINT('',(-6.070883577015,-138.8186875566));
#1449 = CARTESIAN_POINT('',(-5.960880705502,-138.8186875566));
#1450 = CARTESIAN_POINT('',(-5.850877833989,-139.1962433681));
#1451 = CARTESIAN_POINT('',(-5.740874962477,-139.951354036));
#1452 = CARTESIAN_POINT('',(-5.630872090965,-141.0728301097));
#1453 = CARTESIAN_POINT('',(-5.520869219451,-142.5382747526));
#1454 = CARTESIAN_POINT('',(-5.410866347938,-144.3152422514));
#1455 = CARTESIAN_POINT('',(-5.300863476426,-146.3632558427));
#1456 = ( GEOMETRIC_REPRESENTATION_CONTEXT(2) 
PARAMETRIC_REPRESENTATION_CONTEXT() REPRESENTATION_CONTEXT('2D SPACE',''
  ) );
#1457 = ORIENTED_EDGE('',*,*,#1458,.T.);
#1458 = EDGE_CURVE('',#1425,#817,#1459,.T.);
#1459 = SURFACE_CURVE('',#1460,(#1617,#1777),.PCURVE_S1.);
#1460 = B_SPLINE_CURVE_WITH_KNOTS('',8,(#1461,#1462,#1463,#1464,#1465,
    #1466,#1467,#1468,#1469,#1470,#1471,#1472,#1473,#1474,#1475,#1476,
    #1477,#1478,#1479,#1480,#1481,#1482,#1483,#1484,#1485,#1486,#1487,
    #1488,#1489,#1490,#1491,#1492,#1493,#1494,#1495,#1496,#1497,#1498,
    #1499,#1500,#1501,#1502,#1503,#1504,#1505,#1506,#1507,#1508,#1509,
    #1510,#1511,#1512,#1513,#1514,#1515,#1516,#1517,#1518,#1519,#1520,
    #1521,#1522,#1523,#1524,#1525,#1526,#1527,#1528,#1529,#1530,#1531,
    #1532,#1533,#1534,#1535,#1536,#1537,#1538,#1539,#1540,#1541,#1542,
    #1543,#1544,#1545,#1546,#1547,#1548,#1549,#1550,#1551,#1552,#1553,
    #1554,#1555,#1556,#1557,#1558,#1559,#1560,#1561,#1562,#1563,#1564,
    #1565,#1566,#1567,#1568,#1569,#1570,#1571,#1572,#1573,#1574,#1575,
    #1576,#1577,#1578,#1579,#1580,#1581,#1582,#1583,#1584,#1585,#1586,
    #1587,#1588,#1589,#1590,#1591,#1592,#1593,#1594,#1595,#1596,#1597,
    #1598,#1599,#1600,#1601,#1602,#1603,#1604,#1605,#1606,#1607,#1608,
    #1609,#1610,#1611,#1612,#1613,#1614,#1615,#1616),.UNSPECIFIED.,.T.,
  .F.,(9,7,7,7,7,7,7,7,7,7,7,7,7,7,7,7,7,7,7,7,7,7,9),(0.,
    1.459027984045E-02,2.449688156575E-02,3.777661642668E-02,
    5.852410943688E-02,8.105951076668E-02,0.167479430155,0.20507173417,
    0.321112366528,0.375331225714,0.420984693848,0.460534943055,
    0.485651229042,0.52472401579,0.550577407351,0.588897442064,
    0.629599118148,0.674765747327,0.728641851508,0.84414864373,
    0.940437599028,0.963640617938,1.),.UNSPECIFIED.);
#1461 = CARTESIAN_POINT('',(33.04618645208,790.46485131366,
    -407.3020721746));
#1462 = CARTESIAN_POINT('',(33.121977283117,790.34804426818,
    -407.5001719848));
#1463 = CARTESIAN_POINT('',(33.193251380139,790.231067735,-407.703319214
    ));
#1464 = CARTESIAN_POINT('',(33.259542088042,790.11421336795,
    -407.9113406865));
#1465 = CARTESIAN_POINT('',(33.320414377219,789.99776093266,
    -408.1240597326));
#1466 = CARTESIAN_POINT('',(33.375464611451,789.88197787534,
    -408.3412959786));
#1467 = CARTESIAN_POINT('',(33.424320315784,789.76711889163,
    -408.5628651371));
#1468 = CARTESIAN_POINT('',(33.466639944416,789.65342549535,
    -408.7885787974));
#1469 = CARTESIAN_POINT('',(33.526198132614,789.46487547608,
    -409.1741839125));
#1470 = CARTESIAN_POINT('',(33.547113903678,789.38930922497,
    -409.3318606218));
#1471 = CARTESIAN_POINT('',(33.564750554399,789.31455422751,
    -409.4910938073));
#1472 = CARTESIAN_POINT('',(33.579019769092,789.24072908919,
    -409.6517001923));
#1473 = CARTESIAN_POINT('',(33.589854323751,789.16794362748,
    -409.8134937593));
#1474 = CARTESIAN_POINT('',(33.597208086051,789.09629887193,
    -409.9762857498));
#1475 = CARTESIAN_POINT('',(33.601056015347,789.02588706408,
    -410.1398846643));
#1476 = CARTESIAN_POINT('',(33.601847446958,788.86416971666,
    -410.5242208366));
#1477 = CARTESIAN_POINT('',(33.59599354765,788.77399177783,
    -410.7452593842));
#1478 = CARTESIAN_POINT('',(33.583841257128,788.68643924388,
    -410.9667710081));
#1479 = CARTESIAN_POINT('',(33.565462612164,788.60166879222,
    -411.1883012863));
#1480 = CARTESIAN_POINT('',(33.540993021667,788.5198126507,
    -411.4093822243));
#1481 = CARTESIAN_POINT('',(33.510631394438,788.44097887359,
    -411.629532206));
#1482 = CARTESIAN_POINT('',(33.474640266915,788.36525161742,
    -411.8482559457));
#1483 = CARTESIAN_POINT('',(33.36883003838,788.17932753825,
    -412.4037422977));
#1484 = CARTESIAN_POINT('',(33.29145875479,788.07385167434,
    -412.7372465602));
#1485 = CARTESIAN_POINT('',(33.202258180992,787.97596616543,
    -413.0651085644));
#1486 = CARTESIAN_POINT('',(33.102266580477,787.88535907023,
    -413.3868908296));
#1487 = CARTESIAN_POINT('',(32.992536007268,787.80170658937,
    -413.7021653187));
#1488 = CARTESIAN_POINT('',(32.874133933803,787.7246754889,
    -414.0105116989));
#1489 = CARTESIAN_POINT('',(32.748144878821,787.65392552372,
    -414.3115156038));
#1490 = CARTESIAN_POINT('',(32.471783388354,787.51871290258,
    -414.9232890165));
#1491 = CARTESIAN_POINT('',(32.319882681512,787.45514008021,
    -415.2334676419));
#1492 = CARTESIAN_POINT('',(32.160966014639,787.39784171161,
    -415.5354705585));
#1493 = CARTESIAN_POINT('',(31.995897788732,787.34630562259,
    -415.8295200242));
#1494 = CARTESIAN_POINT('',(31.825412470216,787.30005923641,
    -416.1158887425));
#1495 = CARTESIAN_POINT('',(31.650116355301,787.25866966304,
    -416.394895838));
#1496 = CARTESIAN_POINT('',(31.470489334344,787.22174378849,
    -416.666902832));
#1497 = CARTESIAN_POINT('',(30.582797635926,787.06308608184,
    -417.9501052532));
#1498 = CARTESIAN_POINT('',(29.810920022575,786.99602474223,
    -418.8843115446));
#1499 = CARTESIAN_POINT('',(28.998690973105,786.97241364555,
    -419.7383467434));
#1500 = CARTESIAN_POINT('',(28.163920158502,786.98026463712,
    -420.5189244645));
#1501 = CARTESIAN_POINT('',(27.315886265511,787.01092700149,
    -421.2348767882));
#1502 = CARTESIAN_POINT('',(26.45586900293,787.05859446112,
    -421.8962573671));
#1503 = CARTESIAN_POINT('',(25.577881882116,787.1197643912,
    -422.5132287642));
#1504 = CARTESIAN_POINT('',(24.275186207256,787.22368775374,
    -423.346512956));
#1505 = CARTESIAN_POINT('',(23.877476556123,787.25709403977,
    -423.5904377537));
#1506 = CARTESIAN_POINT('',(23.47714280186,787.29208321002,
    -423.825873416));
#1507 = CARTESIAN_POINT('',(23.074315565848,787.32835923578,
    -424.0529835391));
#1508 = CARTESIAN_POINT('',(22.669070849049,787.36564599259,
    -424.2719072619));
#1509 = CARTESIAN_POINT('',(22.261439169398,787.4036824814,
    -424.4827539322));
#1510 = CARTESIAN_POINT('',(21.851414699181,787.44221804984,
    -424.6855977738));
#1511 = CARTESIAN_POINT('',(20.165805054888,787.60074396884,
    -425.4820156941));
#1512 = CARTESIAN_POINT('',(18.873252499582,787.72255071575,
    -426.0058675912));
#1513 = CARTESIAN_POINT('',(17.559556733429,787.83929185189,
    -426.4542798227));
#1514 = CARTESIAN_POINT('',(16.222332414515,787.94435765984,
    -426.8245543825));
#1515 = CARTESIAN_POINT('',(14.860831268897,788.03027215507,
    -427.1091230716));
#1516 = CARTESIAN_POINT('',(13.476524047754,788.08842094977,
    -427.2954853412));
#1517 = CARTESIAN_POINT('',(12.072715776719,788.1096638566,
    -427.3659497487));
#1518 = CARTESIAN_POINT('',(9.991728487581,788.07826637564,
    -427.263045795));
#1519 = CARTESIAN_POINT('',(9.324363120153,788.0589359452,
    -427.1995064934));
#1520 = CARTESIAN_POINT('',(8.654467476136,788.02963814811,
    -427.1025141457));
#1521 = CARTESIAN_POINT('',(7.984018356629,787.99001675526,
    -426.9694164567));
#1522 = CARTESIAN_POINT('',(7.314834902865,787.9400797207,
    -426.7975489809));
#1523 = CARTESIAN_POINT('',(6.648621192286,787.88029626626,
    -426.5841939177));
#1524 = CARTESIAN_POINT('',(5.98703783088,787.81170605166,
    -426.3265408995));
#1525 = CARTESIAN_POINT('',(4.78008006296,787.67232831783,
    -425.7649247601));
#1526 = CARTESIAN_POINT('',(4.233645638063,787.60369088463,
    -425.4750743263));
#1527 = CARTESIAN_POINT('',(3.694620206885,787.53131643347,
    -425.1510289077));
#1528 = CARTESIAN_POINT('',(3.165019937315,787.45677968118,
    -424.7920225477));
#1529 = CARTESIAN_POINT('',(2.646793880744,787.38204143542,
    -424.3976217191));
#1530 = CARTESIAN_POINT('',(2.141858537691,787.30941507327,
    -423.967762396));
#1531 = CARTESIAN_POINT('',(1.652129333658,787.24149982135,
    -423.5027953752));
#1532 = CARTESIAN_POINT('',(0.77014594072,787.12873901204,
    -422.5710276764));
#1533 = CARTESIAN_POINT('',(0.373669911065,787.08203046879,
    -422.1128425757));
#1534 = CARTESIAN_POINT('',(-8.634805036413E-03,787.04276158465,
    -421.6295168818));
#1535 = CARTESIAN_POINT('',(-0.375539986687,787.01283943712,
    -421.1218146894));
#1536 = CARTESIAN_POINT('',(-0.725828561377,786.9942228416,
    -420.5907239505));
#1537 = CARTESIAN_POINT('',(-1.058289695558,786.98887338871,
    -420.0374485755));
#1538 = CARTESIAN_POINT('',(-1.371713885225,786.9987064815,
    -419.4634005334));
#1539 = CARTESIAN_POINT('',(-1.851067558033,787.04258443778,
    -418.4934763394));
#1540 = CARTESIAN_POINT('',(-2.029104596235,787.06648570368,
    -418.1089845146));
#1541 = CARTESIAN_POINT('',(-2.198640501941,787.09771154509,
    -417.717217345));
#1542 = CARTESIAN_POINT('',(-2.359332965249,787.1367035816,
    -417.3187044458));
#1543 = CARTESIAN_POINT('',(-2.51085448573,787.18387479391,
    -416.9140025676));
#1544 = CARTESIAN_POINT('',(-2.652890832643,787.23960464008,
    -416.5036939844));
#1545 = CARTESIAN_POINT('',(-2.785139505151,787.30423417173,
    -416.0883848812));
#1546 = CARTESIAN_POINT('',(-3.097363006848,787.4929119601,
    -415.0158161419));
#1547 = CARTESIAN_POINT('',(-3.263160862861,787.63010465181,
    -414.3518758538));
#1548 = CARTESIAN_POINT('',(-3.403269061284,787.79065259611,
    -413.680160377));
#1549 = CARTESIAN_POINT('',(-3.516551515092,787.97516635352,
    -413.0040387895));
#1550 = CARTESIAN_POINT('',(-3.602147346921,788.18381219244,
    -412.3268985118));
#1551 = CARTESIAN_POINT('',(-3.659458926498,788.41628924095,
    -411.6520793047));
#1552 = CARTESIAN_POINT('',(-3.688149348112,788.67182527187,
    -410.9828145021));
#1553 = CARTESIAN_POINT('',(-3.688149348112,789.13271649843,
    -409.8850553988));
#1554 = CARTESIAN_POINT('',(-3.675588383206,789.32568869846,
    -409.4519725898));
#1555 = CARTESIAN_POINT('',(-3.650472875156,789.52771358874,
    -409.0238561777));
#1556 = CARTESIAN_POINT('',(-3.612867456458,789.7383077772,
    -408.6015898854));
#1557 = CARTESIAN_POINT('',(-3.56289429986,789.95690207079,
    -408.1860093177));
#1558 = CARTESIAN_POINT('',(-3.500733356768,790.18284662624,
    -407.777895978));
#1559 = CARTESIAN_POINT('',(-3.42662350455,790.41541779351,
    -407.3779720157));
#1560 = CARTESIAN_POINT('',(-3.213752301525,791.00719753228,
    -406.4072403131));
#1561 = CARTESIAN_POINT('',(-3.061121282181,791.37318929714,
    -405.8473577032));
#1562 = CARTESIAN_POINT('',(-2.883839329205,791.74965268521,
    -405.308620301));
#1563 = CARTESIAN_POINT('',(-2.682868872748,792.1342669035,
    -404.792156614));
#1564 = CARTESIAN_POINT('',(-2.459269265627,792.52457750983,
    -404.2988457881));
#1565 = CARTESIAN_POINT('',(-2.214202536089,792.91804300126,
    -403.8293167883));
#1566 = CARTESIAN_POINT('',(-1.948942616289,793.31209010864,
    -403.3839522024));
#1567 = CARTESIAN_POINT('',(-1.363179105547,794.12063425974,
    -402.5156719705));
#1568 = CARTESIAN_POINT('',(-1.040032870215,794.53520257362,
    -402.095525572));
#1569 = CARTESIAN_POINT('',(-0.696768803175,794.94524641591,
    -401.7022617001));
#1570 = CARTESIAN_POINT('',(-0.334701340886,795.34821317422,
    -401.3354554455));
#1571 = CARTESIAN_POINT('',(4.485329594945E-02,795.74167985751,
    -400.9944858358));
#1572 = CARTESIAN_POINT('',(0.44057029192,796.12339900696,
    -400.6785689075));
#1573 = CARTESIAN_POINT('',(0.851109426436,796.49134460679,
    -400.386790779));
#1574 = CARTESIAN_POINT('',(1.745619556114,797.2348309522,-399.820019894
    ));
#1575 = CARTESIAN_POINT('',(2.232619115573,797.60670463995,
    -399.5504350279));
#1576 = CARTESIAN_POINT('',(2.734229342673,797.95698415655,
    -399.3079895893));
#1577 = CARTESIAN_POINT('',(3.248598306452,798.28372343672,
    -399.091110858));
#1578 = CARTESIAN_POINT('',(3.77387217384,798.58545318567,
    -398.8981512751));
#1579 = CARTESIAN_POINT('',(4.308164733403,798.86119267417,
    -398.7274620234));
#1580 = CARTESIAN_POINT('',(4.84952401295,799.11044539472,
    -398.5774388403));
#1581 = CARTESIAN_POINT('',(6.047624803768,799.5988613729,
    -398.2904001007));
#1582 = CARTESIAN_POINT('',(6.705438273568,799.82638364201,
    -398.161722034));
#1583 = CARTESIAN_POINT('',(7.367667872058,800.01665806878,
    -398.0572938211));
#1584 = CARTESIAN_POINT('',(8.032698774642,800.170970992,-397.9744740979
    ));
#1585 = CARTESIAN_POINT('',(8.698873901783,800.29092604409,
    -397.9110814577));
#1586 = CARTESIAN_POINT('',(9.364425705278,800.37839744005,
    -397.8652913936));
#1587 = CARTESIAN_POINT('',(10.027435699538,800.43549291812,
    -397.8355409065));
#1588 = CARTESIAN_POINT('',(12.097357714376,800.52677204485,
    -397.7880671063));
#1589 = CARTESIAN_POINT('',(13.494448479676,800.46033213067,
    -397.822875628));
#1590 = CARTESIAN_POINT('',(14.872168405113,800.28652528628,
    -397.9119433597));
#1591 = CARTESIAN_POINT('',(16.22727926845,800.02408796832,
    -398.0495056499));
#1592 = CARTESIAN_POINT('',(17.558364091607,799.68774632624,
    -398.2330056735));
#1593 = CARTESIAN_POINT('',(18.86617717553,799.28798019095,
    -398.4624871516));
#1594 = CARTESIAN_POINT('',(20.153050644274,798.83127036208,
    -398.7407387887));
#1595 = CARTESIAN_POINT('',(22.477394495181,797.89564118965,
    -399.3523532627));
#1596 = CARTESIAN_POINT('',(23.508812590836,797.43785997391,
    -399.6657065028));
#1597 = CARTESIAN_POINT('',(24.521961285141,796.94887409985,
    -400.0180730028));
#1598 = CARTESIAN_POINT('',(25.521573257916,796.42771007329,
    -400.4153768266));
#1599 = CARTESIAN_POINT('',(26.508347898268,795.87309679515,
    -400.8653671844));
#1600 = CARTESIAN_POINT('',(27.477783712398,795.28483916789,
    -401.3774099092));
#1601 = CARTESIAN_POINT('',(28.419189016883,794.66489590739,
    -401.9622570047));
#1602 = CARTESIAN_POINT('',(29.530223957807,793.86258525635,
    -402.7928946777));
#1603 = CARTESIAN_POINT('',(29.743703864483,793.70494868522,
    -402.9594057704));
#1604 = CARTESIAN_POINT('',(29.954869184538,793.54537175288,
    -403.1314947629));
#1605 = CARTESIAN_POINT('',(30.163586269306,793.38378778914,
    -403.3095273415));
#1606 = CARTESIAN_POINT('',(30.369641373935,793.2201613651,
    -403.4938748472));
#1607 = CARTESIAN_POINT('',(30.572741107691,793.05448928,-403.6849147431
    ));
#1608 = CARTESIAN_POINT('',(30.772512884261,792.88680154813,
    -403.8830310814));
#1609 = CARTESIAN_POINT('',(31.275627724221,792.45133597984,
    -404.4107671537));
#1610 = CARTESIAN_POINT('',(31.573467557786,792.1807190894,
    -404.7512545417));
#1611 = CARTESIAN_POINT('',(31.860946345936,791.90498762852,
    -405.1122755966));
#1612 = CARTESIAN_POINT('',(32.136154032843,791.62416797706,
    -405.4960480415));
#1613 = CARTESIAN_POINT('',(32.396337406326,791.33867795228,
    -405.9047823791));
#1614 = CARTESIAN_POINT('',(32.637883772193,791.04935904972,
    -406.3406509392));
#1615 = CARTESIAN_POINT('',(32.856299930264,790.75749995316,
    -406.8057524561));
#1616 = CARTESIAN_POINT('',(33.04618645208,790.46485131366,
    -407.3020721746));
#1617 = PCURVE('',#676,#1618);
#1618 = DEFINITIONAL_REPRESENTATION('',(#1619),#1776);
#1619 = B_SPLINE_CURVE_WITH_KNOTS('',8,(#1620,#1621,#1622,#1623,#1624,
    #1625,#1626,#1627,#1628,#1629,#1630,#1631,#1632,#1633,#1634,#1635,
    #1636,#1637,#1638,#1639,#1640,#1641,#1642,#1643,#1644,#1645,#1646,
    #1647,#1648,#1649,#1650,#1651,#1652,#1653,#1654,#1655,#1656,#1657,
    #1658,#1659,#1660,#1661,#1662,#1663,#1664,#1665,#1666,#1667,#1668,
    #1669,#1670,#1671,#1672,#1673,#1674,#1675,#1676,#1677,#1678,#1679,
    #1680,#1681,#1682,#1683,#1684,#1685,#1686,#1687,#1688,#1689,#1690,
    #1691,#1692,#1693,#1694,#1695,#1696,#1697,#1698,#1699,#1700,#1701,
    #1702,#1703,#1704,#1705,#1706,#1707,#1708,#1709,#1710,#1711,#1712,
    #1713,#1714,#1715,#1716,#1717,#1718,#1719,#1720,#1721,#1722,#1723,
    #1724,#1725,#1726,#1727,#1728,#1729,#1730,#1731,#1732,#1733,#1734,
    #1735,#1736,#1737,#1738,#1739,#1740,#1741,#1742,#1743,#1744,#1745,
    #1746,#1747,#1748,#1749,#1750,#1751,#1752,#1753,#1754,#1755,#1756,
    #1757,#1758,#1759,#1760,#1761,#1762,#1763,#1764,#1765,#1766,#1767,
    #1768,#1769,#1770,#1771,#1772,#1773,#1774,#1775),.UNSPECIFIED.,.F.,
  .F.,(9,7,7,7,7,7,7,7,7,7,7,7,7,7,7,7,7,7,7,7,7,7,9),(0.,
    1.459027984045E-02,2.449688156575E-02,3.777661642668E-02,
    5.852410943688E-02,8.105951076668E-02,0.167479430155,0.20507173417,
    0.321112366528,0.375331225714,0.420984693848,0.460534943055,
    0.485651229042,0.52472401579,0.550577407351,0.588897442064,
    0.629599118148,0.674765747327,0.728641851508,0.84414864373,
    0.940437599028,0.963640617938,1.),.UNSPECIFIED.);
#1620 = CARTESIAN_POINT('',(-8.881784197001E-16,-127.338987453));
#1621 = CARTESIAN_POINT('',(-1.456909414448E-02,-127.2734626968));
#1622 = CARTESIAN_POINT('',(-2.938764412726E-02,-127.2117994846));
#1623 = CARTESIAN_POINT('',(-4.44397972859E-02,-127.1544106368));
#1624 = CARTESIAN_POINT('',(-5.971074215069E-02,-127.1016821703));
#1625 = CARTESIAN_POINT('',(-7.51866336591E-02,-127.0539730064));
#1626 = CARTESIAN_POINT('',(-9.085451837017E-02,-127.0116146794));
#1627 = CARTESIAN_POINT('',(-0.106702259679,-126.9749110446));
#1628 = CARTESIAN_POINT('',(-0.133593247442,-126.9232434988));
#1629 = CARTESIAN_POINT('',(-0.144539736861,-126.9050944782));
#1630 = CARTESIAN_POINT('',(-0.155546158753,-126.8897879199));
#1631 = CARTESIAN_POINT('',(-0.166600891154,-126.877402126));
#1632 = CARTESIAN_POINT('',(-0.177692462666,-126.8679967064));
#1633 = CARTESIAN_POINT('',(-0.188809552458,-126.8616125786));
#1634 = CARTESIAN_POINT('',(-0.199940990272,-126.8582719674));
#1635 = CARTESIAN_POINT('',(-0.226001837646,-126.8575848879));
#1636 = CARTESIAN_POINT('',(-0.240921143817,-126.8626669003));
#1637 = CARTESIAN_POINT('',(-0.255808948759,-126.8732169959));
#1638 = CARTESIAN_POINT('',(-0.270640324978,-126.8891712013));
#1639 = CARTESIAN_POINT('',(-0.285389956769,-126.9104091536));
#1640 = CARTESIAN_POINT('',(-0.300031953338,-126.9367542368));
#1641 = CARTESIAN_POINT('',(-0.314539661925,-126.9679737186));
#1642 = CARTESIAN_POINT('',(-0.351298562395,-127.0597188189));
#1643 = CARTESIAN_POINT('',(-0.373285397146,-127.1267747253));
#1644 = CARTESIAN_POINT('',(-0.394839869378,-127.2040352382));
#1645 = CARTESIAN_POINT('',(-0.415954095003,-127.2905751603));
#1646 = CARTESIAN_POINT('',(-0.436618307911,-127.3854559687));
#1647 = CARTESIAN_POINT('',(-0.456820746246,-127.4877263191));
#1648 = CARTESIAN_POINT('',(-0.47654753867,-127.5964225503));
#1649 = CARTESIAN_POINT('',(-0.516675216834,-127.8345523736));
#1650 = CARTESIAN_POINT('',(-0.537040367757,-127.965278363));
#1651 = CARTESIAN_POINT('',(-0.556903025986,-128.101854983));
#1652 = CARTESIAN_POINT('',(-0.576288878697,-128.2435070303));
#1653 = CARTESIAN_POINT('',(-0.595224612845,-128.3895740995));
#1654 = CARTESIAN_POINT('',(-0.61373821036,-128.5395084106));
#1655 = CARTESIAN_POINT('',(-0.631859243325,-128.6928726371));
#1656 = CARTESIAN_POINT('',(-0.717725848844,-129.4493581583));
#1657 = CARTESIAN_POINT('',(-0.781423542738,-130.102922776));
#1658 = CARTESIAN_POINT('',(-0.841258809562,-130.784950595));
#1659 = CARTESIAN_POINT('',(-0.897775565668,-131.4790428621));
#1660 = CARTESIAN_POINT('',(-0.951579577472,-132.1765251121));
#1661 = CARTESIAN_POINT('',(-1.003389616449,-132.8754860042));
#1662 = CARTESIAN_POINT('',(-1.05406077273,-133.5796035933));
#1663 = CARTESIAN_POINT('',(-1.126563505578,-134.6074543537));
#1664 = CARTESIAN_POINT('',(-1.148356684716,-134.9191031422));
#1665 = CARTESIAN_POINT('',(-1.169990154426,-135.2305314955));
#1666 = CARTESIAN_POINT('',(-1.191489157039,-135.541492469));
#1667 = CARTESIAN_POINT('',(-1.21287905991,-135.8517747848));
#1668 = CARTESIAN_POINT('',(-1.234185382836,-136.1611925873));
#1669 = CARTESIAN_POINT('',(-1.255433825479,-136.469575199));
#1670 = CARTESIAN_POINT('',(-1.342141692023,-137.7249710684));
#1671 = CARTESIAN_POINT('',(-1.407137041621,-138.6589708577));
#1672 = CARTESIAN_POINT('',(-1.472452775149,-139.5747563746));
#1673 = CARTESIAN_POINT('',(-1.538806087275,-140.4674260961));
#1674 = CARTESIAN_POINT('',(-1.606859366521,-141.328934721));
#1675 = CARTESIAN_POINT('',(-1.677287706175,-142.1475584182));
#1676 = CARTESIAN_POINT('',(-1.750839344279,-142.9084911874));
#1677 = CARTESIAN_POINT('',(-1.864776180625,-143.91784387));
#1678 = CARTESIAN_POINT('',(-1.902037727971,-144.2240669221));
#1679 = CARTESIAN_POINT('',(-1.940293709336,-144.5125893118));
#1680 = CARTESIAN_POINT('',(-1.979577787403,-144.7812331911));
#1681 = CARTESIAN_POINT('',(-2.019940255753,-145.028185775));
#1682 = CARTESIAN_POINT('',(-2.061448153981,-145.2520406019));
#1683 = CARTESIAN_POINT('',(-2.104186642136,-145.4518341316));
#1684 = CARTESIAN_POINT('',(-2.185373744374,-145.774636592));
#1685 = CARTESIAN_POINT('',(-2.223380482913,-145.9045792149));
#1686 = CARTESIAN_POINT('',(-2.262265443467,-146.0164015825));
#1687 = CARTESIAN_POINT('',(-2.302015837742,-146.1100601223));
#1688 = CARTESIAN_POINT('',(-2.342620830244,-146.1859616435));
#1689 = CARTESIAN_POINT('',(-2.384069632563,-146.2449313831));
#1690 = CARTESIAN_POINT('',(-2.426349357484,-146.2881591101));
#1691 = CARTESIAN_POINT('',(-2.506774950786,-146.3422153691));
#1692 = CARTESIAN_POINT('',(-2.544712667928,-146.3565994251));
#1693 = CARTESIAN_POINT('',(-2.583245065891,-146.3612427656));
#1694 = CARTESIAN_POINT('',(-2.622361754253,-146.3572776119));
#1695 = CARTESIAN_POINT('',(-2.662052771181,-146.3459572114));
#1696 = CARTESIAN_POINT('',(-2.702308683974,-146.3286119522));
#1697 = CARTESIAN_POINT('',(-2.743120689612,-146.3066054764));
#1698 = CARTESIAN_POINT('',(-2.810746295263,-146.2652147697));
#1699 = CARTESIAN_POINT('',(-2.837236278619,-146.2478024136));
#1700 = CARTESIAN_POINT('',(-2.863942295688,-146.2294042023));
#1701 = CARTESIAN_POINT('',(-2.890856747718,-146.2103697596));
#1702 = CARTESIAN_POINT('',(-2.917972651477,-146.1910426666));
#1703 = CARTESIAN_POINT('',(-2.945283483855,-146.1717552717));
#1704 = CARTESIAN_POINT('',(-2.972783026461,-146.1528234996));
#1705 = CARTESIAN_POINT('',(-3.043529700872,-146.1061010565));
#1706 = CARTESIAN_POINT('',(-3.087067330385,-146.079213019));
#1707 = CARTESIAN_POINT('',(-3.130994547947,-146.0550326075));
#1708 = CARTESIAN_POINT('',(-3.175234155172,-146.0345788641));
#1709 = CARTESIAN_POINT('',(-3.219713550526,-146.0186666747));
#1710 = CARTESIAN_POINT('',(-3.264362896898,-146.0078606235));
#1711 = CARTESIAN_POINT('',(-3.309113212305,-146.0024508399));
#1712 = CARTESIAN_POINT('',(-3.383524856941,-146.0024508399));
#1713 = CARTESIAN_POINT('',(-3.413151005235,-146.0048192583));
#1714 = CARTESIAN_POINT('',(-3.442749622377,-146.0095548653));
#1715 = CARTESIAN_POINT('',(-3.472297677822,-146.0166019368));
#1716 = CARTESIAN_POINT('',(-3.501772028448,-146.0258504157));
#1717 = CARTESIAN_POINT('',(-3.531149135817,-146.0371381223));
#1718 = CARTESIAN_POINT('',(-3.560404788968,-146.050255013));
#1719 = CARTESIAN_POINT('',(-3.632659412589,-146.0867297185));
#1720 = CARTESIAN_POINT('',(-3.675457965454,-146.1119633103));
#1721 = CARTESIAN_POINT('',(-3.717882677941,-146.1398511217));
#1722 = CARTESIAN_POINT('',(-3.759905033029,-146.169425849));
#1723 = CARTESIAN_POINT('',(-3.801494177723,-146.1995813616));
#1724 = CARTESIAN_POINT('',(-3.842616381823,-146.2291122467));
#1725 = CARTESIAN_POINT('',(-3.883234587864,-146.2567635612));
#1726 = CARTESIAN_POINT('',(-3.96587213594,-146.3073424282));
#1727 = CARTESIAN_POINT('',(-4.007854566512,-146.3298895824));
#1728 = CARTESIAN_POINT('',(-4.049247300466,-146.347458667));
#1729 = CARTESIAN_POINT('',(-4.090041250546,-146.3585636279));
#1730 = CARTESIAN_POINT('',(-4.13022640835,-146.361756756));
#1731 = CARTESIAN_POINT('',(-4.169791966968,-146.3556794978));
#1732 = CARTESIAN_POINT('',(-4.208726443619,-146.3391132646));
#1733 = CARTESIAN_POINT('',(-4.289509703462,-146.2798665272));
#1734 = CARTESIAN_POINT('',(-4.331201856353,-146.2345261326));
#1735 = CARTESIAN_POINT('',(-4.372078239524,-146.1736141449));
#1736 = CARTESIAN_POINT('',(-4.412126943155,-146.0960190813));
#1737 = CARTESIAN_POINT('',(-4.451337934214,-146.0009828149));
#1738 = CARTESIAN_POINT('',(-4.489701020227,-145.8881499968));
#1739 = CARTESIAN_POINT('',(-4.527204011656,-145.757596977));
#1740 = CARTESIAN_POINT('',(-4.60752094729,-145.4335915566));
#1741 = CARTESIAN_POINT('',(-4.649894287933,-145.2331477007));
#1742 = CARTESIAN_POINT('',(-4.691055321731,-145.0090203892));
#1743 = CARTESIAN_POINT('',(-4.731087978968,-144.7621790159));
#1744 = CARTESIAN_POINT('',(-4.77005849304,-144.4940185222));
#1745 = CARTESIAN_POINT('',(-4.808016774859,-144.2063232225));
#1746 = CARTESIAN_POINT('',(-4.844996571896,-143.9012265691));
#1747 = CARTESIAN_POINT('',(-4.958234270661,-142.8949800663));
#1748 = CARTESIAN_POINT('',(-5.03140527368,-142.1367060554));
#1749 = CARTESIAN_POINT('',(-5.101489360061,-141.3214488518));
#1750 = CARTESIAN_POINT('',(-5.169224585973,-140.4637809964));
#1751 = CARTESIAN_POINT('',(-5.235277937129,-139.5752325234));
#1752 = CARTESIAN_POINT('',(-5.300303902268,-138.6637227718));
#1753 = CARTESIAN_POINT('',(-5.365009761532,-137.7341087113));
#1754 = CARTESIAN_POINT('',(-5.484539978868,-136.0036592035));
#1755 = CARTESIAN_POINT('',(-5.538604056299,-135.2160091631));
#1756 = CARTESIAN_POINT('',(-5.593125895747,-134.4260084611));
#1757 = CARTESIAN_POINT('',(-5.648777623097,-133.6324250444));
#1758 = CARTESIAN_POINT('',(-5.706165018901,-132.8364683915));
#1759 = CARTESIAN_POINT('',(-5.765834312495,-132.0434065377));
#1760 = CARTESIAN_POINT('',(-5.828292493624,-131.2638502384));
#1761 = CARTESIAN_POINT('',(-5.909889869034,-130.3345611251));
#1762 = CARTESIAN_POINT('',(-5.925956344136,-130.1555469093));
#1763 = CARTESIAN_POINT('',(-5.942269110756,-129.9780386913));
#1764 = CARTESIAN_POINT('',(-5.958851036043,-129.8021738154));
#1765 = CARTESIAN_POINT('',(-5.975723711271,-129.6281573453));
#1766 = CARTESIAN_POINT('',(-5.99290774958,-129.4562627688));
#1767 = CARTESIAN_POINT('',(-6.010423083714,-129.2868327028));
#1768 = CARTESIAN_POINT('',(-6.056285761518,-128.8592890791));
#1769 = CARTESIAN_POINT('',(-6.085143649519,-128.605364747));
#1770 = CARTESIAN_POINT('',(-6.114998298607,-128.3595342187));
#1771 = CARTESIAN_POINT('',(-6.145972123085,-128.1235357196));
#1772 = CARTESIAN_POINT('',(-6.178176379324,-127.8998476752));
#1773 = CARTESIAN_POINT('',(-6.211714057334,-127.6917123203));
#1774 = CARTESIAN_POINT('',(-6.246683865313,-127.5031533273));
#1775 = CARTESIAN_POINT('',(-6.28318530718,-127.338987453));
#1776 = ( GEOMETRIC_REPRESENTATION_CONTEXT(2) 
PARAMETRIC_REPRESENTATION_CONTEXT() REPRESENTATION_CONTEXT('2D SPACE',''
  ) );
#1777 = PCURVE('',#1192,#1778);
#1778 = DEFINITIONAL_REPRESENTATION('',(#1779),#1936);
#1779 = B_SPLINE_CURVE_WITH_KNOTS('',8,(#1780,#1781,#1782,#1783,#1784,
    #1785,#1786,#1787,#1788,#1789,#1790,#1791,#1792,#1793,#1794,#1795,
    #1796,#1797,#1798,#1799,#1800,#1801,#1802,#1803,#1804,#1805,#1806,
    #1807,#1808,#1809,#1810,#1811,#1812,#1813,#1814,#1815,#1816,#1817,
    #1818,#1819,#1820,#1821,#1822,#1823,#1824,#1825,#1826,#1827,#1828,
    #1829,#1830,#1831,#1832,#1833,#1834,#1835,#1836,#1837,#1838,#1839,
    #1840,#1841,#1842,#1843,#1844,#1845,#1846,#1847,#1848,#1849,#1850,
    #1851,#1852,#1853,#1854,#1855,#1856,#1857,#1858,#1859,#1860,#1861,
    #1862,#1863,#1864,#1865,#1866,#1867,#1868,#1869,#1870,#1871,#1872,
    #1873,#1874,#1875,#1876,#1877,#1878,#1879,#1880,#1881,#1882,#1883,
    #1884,#1885,#1886,#1887,#1888,#1889,#1890,#1891,#1892,#1893,#1894,
    #1895,#1896,#1897,#1898,#1899,#1900,#1901,#1902,#1903,#1904,#1905,
    #1906,#1907,#1908,#1909,#1910,#1911,#1912,#1913,#1914,#1915,#1916,
    #1917,#1918,#1919,#1920,#1921,#1922,#1923,#1924,#1925,#1926,#1927,
    #1928,#1929,#1930,#1931,#1932,#1933,#1934,#1935),.UNSPECIFIED.,.T.,
  .F.,(9,7,7,7,7,7,7,7,7,7,7,7,7,7,7,7,7,7,7,7,7,7,9),(0.,
    1.459027984045E-02,2.449688156575E-02,3.777661642668E-02,
    5.852410943688E-02,8.105951076668E-02,0.167479430155,0.20507173417,
    0.321112366528,0.375331225714,0.420984693848,0.460534943055,
    0.485651229042,0.52472401579,0.550577407351,0.588897442064,
    0.629599118148,0.674765747327,0.728641851508,0.84414864373,
    0.940437599028,0.963640617938,1.),.UNSPECIFIED.);
#1780 = CARTESIAN_POINT('',(-1.038031273678,-83.04618645208));
#1781 = CARTESIAN_POINT('',(-1.047230179759,-83.12197728311));
#1782 = CARTESIAN_POINT('',(-1.056606445244,-83.19325138013));
#1783 = CARTESIAN_POINT('',(-1.066149360916,-83.25954208804));
#1784 = CARTESIAN_POINT('',(-1.075848536172,-83.32041437721));
#1785 = CARTESIAN_POINT('',(-1.085693880831,-83.37546461145));
#1786 = CARTESIAN_POINT('',(-1.095675586943,-83.42432031578));
#1787 = CARTESIAN_POINT('',(-1.105784110589,-83.46663994441));
#1788 = CARTESIAN_POINT('',(-1.122953497978,-83.52619813261));
#1789 = CARTESIAN_POINT('',(-1.129947231814,-83.54711390367));
#1790 = CARTESIAN_POINT('',(-1.136983164528,-83.56475055439));
#1791 = CARTESIAN_POINT('',(-1.144053167738,-83.57901976909));
#1792 = CARTESIAN_POINT('',(-1.151149175352,-83.58985432375));
#1793 = CARTESIAN_POINT('',(-1.158263183568,-83.59720808605));
#1794 = CARTESIAN_POINT('',(-1.165387250872,-83.60105601534));
#1795 = CARTESIAN_POINT('',(-1.182066185791,-83.60184744695));
#1796 = CARTESIAN_POINT('',(-1.19161465541,-83.59599354765));
#1797 = CARTESIAN_POINT('',(-1.201141167478,-83.58384125712));
#1798 = CARTESIAN_POINT('',(-1.210627859621,-83.56546261216));
#1799 = CARTESIAN_POINT('',(-1.220056690633,-83.54099302166));
#1800 = CARTESIAN_POINT('',(-1.229409384596,-83.51063139443));
#1801 = CARTESIAN_POINT('',(-1.238667375008,-83.47464026691));
#1802 = CARTESIAN_POINT('',(-1.262098392076,-83.36883003838));
#1803 = CARTESIAN_POINT('',(-1.276087885299,-83.29145875479));
#1804 = CARTESIAN_POINT('',(-1.289771440307,-83.20225818099));
#1805 = CARTESIAN_POINT('',(-1.303140084001,-83.10226658047));
#1806 = CARTESIAN_POINT('',(-1.316184588855,-82.99253600726));
#1807 = CARTESIAN_POINT('',(-1.328895403307,-82.8741339338));
#1808 = CARTESIAN_POINT('',(-1.341262582157,-82.74814487882));
#1809 = CARTESIAN_POINT('',(-1.366324079683,-82.47178338835));
#1810 = CARTESIAN_POINT('',(-1.378987646559,-82.31988268151));
#1811 = CARTESIAN_POINT('',(-1.391281101062,-82.16096601463));
#1812 = CARTESIAN_POINT('',(-1.403220106134,-81.99589778873));
#1813 = CARTESIAN_POINT('',(-1.414821295189,-81.82541247021));
#1814 = CARTESIAN_POINT('',(-1.426102263095,-81.6501163553));
#1815 = CARTESIAN_POINT('',(-1.437081557163,-81.47048933434));
#1816 = CARTESIAN_POINT('',(-1.488800501032,-80.58279763592));
#1817 = CARTESIAN_POINT('',(-1.526215510483,-79.81092002257));
#1818 = CARTESIAN_POINT('',(-1.560339853939,-78.9986909731));
#1819 = CARTESIAN_POINT('',(-1.591526298272,-78.16392015849));
#1820 = CARTESIAN_POINT('',(-1.62016431436,-77.31588626551));
#1821 = CARTESIAN_POINT('',(-1.646671691364,-76.45586900292));
#1822 = CARTESIAN_POINT('',(-1.671463635683,-75.57788188211));
#1823 = CARTESIAN_POINT('',(-1.705053220013,-74.27518620725));
#1824 = CARTESIAN_POINT('',(-1.714900580327,-73.87747655612));
#1825 = CARTESIAN_POINT('',(-1.724420420147,-73.47714280186));
#1826 = CARTESIAN_POINT('',(-1.733618943533,-73.07431556584));
#1827 = CARTESIAN_POINT('',(-1.742501119708,-72.66907084905));
#1828 = CARTESIAN_POINT('',(-1.751070503717,-72.26143916939));
#1829 = CARTESIAN_POINT('',(-1.75932905709,-71.85141469918));
#1830 = CARTESIAN_POINT('',(-1.791810731205,-70.16580505488));
#1831 = CARTESIAN_POINT('',(-1.813312789265,-68.87325249958));
#1832 = CARTESIAN_POINT('',(-1.831838359859,-67.55955673341));
#1833 = CARTESIAN_POINT('',(-1.847228739929,-66.22233241453));
#1834 = CARTESIAN_POINT('',(-1.859118966414,-64.86083126888));
#1835 = CARTESIAN_POINT('',(-1.866927843012,-63.47652404775));
#1836 = CARTESIAN_POINT('',(-1.86987167896,-62.07271577671));
#1837 = CARTESIAN_POINT('',(-1.865568187264,-59.99172848758));
#1838 = CARTESIAN_POINT('',(-1.862911580176,-59.32436312015));
#1839 = CARTESIAN_POINT('',(-1.858858818898,-58.65446747613));
#1840 = CARTESIAN_POINT('',(-1.853304080946,-57.98401835662));
#1841 = CARTESIAN_POINT('',(-1.846145389654,-57.31483490286));
#1842 = CARTESIAN_POINT('',(-1.837283492461,-56.64862119228));
#1843 = CARTESIAN_POINT('',(-1.826619936245,-55.98703783088));
#1844 = CARTESIAN_POINT('',(-1.803473831924,-54.78008006296));
#1845 = CARTESIAN_POINT('',(-1.791559878058,-54.23364563806));
#1846 = CARTESIAN_POINT('',(-1.778280535905,-53.69462020688));
#1847 = CARTESIAN_POINT('',(-1.763617628503,-53.16501993731));
#1848 = CARTESIAN_POINT('',(-1.74756638349,-52.64679388074));
#1849 = CARTESIAN_POINT('',(-1.730135088187,-52.14185853769));
#1850 = CARTESIAN_POINT('',(-1.711344760394,-51.65212933365));
#1851 = CARTESIAN_POINT('',(-1.67380212235,-50.77014594072));
#1852 = CARTESIAN_POINT('',(-1.655382928836,-50.37366991106));
#1853 = CARTESIAN_POINT('',(-1.635993240036,-49.99136519496));
#1854 = CARTESIAN_POINT('',(-1.615660478198,-49.62446001331));
#1855 = CARTESIAN_POINT('',(-1.594416630392,-49.27417143862));
#1856 = CARTESIAN_POINT('',(-1.572297376776,-48.94171030444));
#1857 = CARTESIAN_POINT('',(-1.549341218841,-48.62828611477));
#1858 = CARTESIAN_POINT('',(-1.510504571877,-48.14893244196));
#1859 = CARTESIAN_POINT('',(-1.495097398295,-47.97089540376));
#1860 = CARTESIAN_POINT('',(-1.479381054914,-47.80135949805));
#1861 = CARTESIAN_POINT('',(-1.463369716465,-47.64066703475));
#1862 = CARTESIAN_POINT('',(-1.447077776676,-47.48914551427));
#1863 = CARTESIAN_POINT('',(-1.430519860516,-47.34710916735));
#1864 = CARTESIAN_POINT('',(-1.413710836443,-47.21486049484));
#1865 = CARTESIAN_POINT('',(-1.370149330346,-46.90263699315));
#1866 = CARTESIAN_POINT('',(-1.343042568452,-46.73683913713));
#1867 = CARTESIAN_POINT('',(-1.31543927744,-46.59673093871));
#1868 = CARTESIAN_POINT('',(-1.287434142593,-46.4834484849));
#1869 = CARTESIAN_POINT('',(-1.259122126827,-46.39785265307));
#1870 = CARTESIAN_POINT('',(-1.230598285736,-46.3405410735));
#1871 = CARTESIAN_POINT('',(-1.201958070853,-46.31185065188));
#1872 = CARTESIAN_POINT('',(-1.154334618286,-46.31185065188));
#1873 = CARTESIAN_POINT('',(-1.135373882525,-46.32441161679));
#1874 = CARTESIAN_POINT('',(-1.116445748438,-46.34952712484));
#1875 = CARTESIAN_POINT('',(-1.097579909138,-46.38713254354));
#1876 = CARTESIAN_POINT('',(-1.078805988597,-46.43710570014));
#1877 = CARTESIAN_POINT('',(-1.060153583108,-46.49926664323));
#1878 = CARTESIAN_POINT('',(-1.041652271846,-46.57337649545));
#1879 = CARTESIAN_POINT('',(-0.996176593995,-46.78624769847));
#1880 = CARTESIAN_POINT('',(-0.969434126019,-46.93887871781));
#1881 = CARTESIAN_POINT('',(-0.943165319678,-47.11616067079));
#1882 = CARTESIAN_POINT('',(-0.917430392812,-47.31713112725));
#1883 = CARTESIAN_POINT('',(-0.892289018805,-47.54073073437));
#1884 = CARTESIAN_POINT('',(-0.867800162553,-47.78579746391));
#1885 = CARTESIAN_POINT('',(-0.844021387615,-48.05105738371));
#1886 = CARTESIAN_POINT('',(-0.796563546023,-48.63682089445));
#1887 = CARTESIAN_POINT('',(-0.772963690527,-48.95996712978));
#1888 = CARTESIAN_POINT('',(-0.750251646293,-49.30323119682));
#1889 = CARTESIAN_POINT('',(-0.72846900393,-49.66529865911));
#1890 = CARTESIAN_POINT('',(-0.707654323787,-50.04485329594));
#1891 = CARTESIAN_POINT('',(-0.687842093299,-50.44057029192));
#1892 = CARTESIAN_POINT('',(-0.669061684322,-50.85110942643));
#1893 = CARTESIAN_POINT('',(-0.631666472181,-51.74561955611));
#1894 = CARTESIAN_POINT('',(-0.613299392576,-52.23261911557));
#1895 = CARTESIAN_POINT('',(-0.59626572518,-52.73422934267));
#1896 = CARTESIAN_POINT('',(-0.580584213528,-53.24859830645));
#1897 = CARTESIAN_POINT('',(-0.566261396824,-53.77387217384));
#1898 = CARTESIAN_POINT('',(-0.553291314054,-54.3081647334));
#1899 = CARTESIAN_POINT('',(-0.541655206565,-54.84952401295));
#1900 = CARTESIAN_POINT('',(-0.518994530289,-56.04762480376));
#1901 = CARTESIAN_POINT('',(-0.508540374298,-56.70543827356));
#1902 = CARTESIAN_POINT('',(-0.499859424374,-57.36766787205));
#1903 = CARTESIAN_POINT('',(-0.492854398059,-58.03269877464));
#1904 = CARTESIAN_POINT('',(-0.487427430585,-58.69887390178));
#1905 = CARTESIAN_POINT('',(-0.483478218975,-59.36442570527));
#1906 = CARTESIAN_POINT('',(-0.480902936879,-60.02743569953));
#1907 = CARTESIAN_POINT('',(-0.476787475169,-62.09735771437));
#1908 = CARTESIAN_POINT('',(-0.479787679906,-63.49444847967));
#1909 = CARTESIAN_POINT('',(-0.48759961225,-64.8721684051));
#1910 = CARTESIAN_POINT('',(-0.499451798549,-66.22727926846));
#1911 = CARTESIAN_POINT('',(-0.51477226009,-67.55836409159));
#1912 = CARTESIAN_POINT('',(-0.533201576176,-68.86617717553));
#1913 = CARTESIAN_POINT('',(-0.554582645477,-70.15305064427));
#1914 = CARTESIAN_POINT('',(-0.599294598475,-72.47739449518));
#1915 = CARTESIAN_POINT('',(-0.621479798207,-73.50881259083));
#1916 = CARTESIAN_POINT('',(-0.645576438728,-74.52196128514));
#1917 = CARTESIAN_POINT('',(-0.671769345633,-75.52157325791));
#1918 = CARTESIAN_POINT('',(-0.700307825691,-76.50834789827));
#1919 = CARTESIAN_POINT('',(-0.731465526749,-77.47778371239));
#1920 = CARTESIAN_POINT('',(-0.765519804338,-78.41918901688));
#1921 = CARTESIAN_POINT('',(-0.811713506498,-79.5302239578));
#1922 = CARTESIAN_POINT('',(-0.820884758658,-79.74370386448));
#1923 = CARTESIAN_POINT('',(-0.830271517609,-79.95486918453));
#1924 = CARTESIAN_POINT('',(-0.839887457806,-80.1635862693));
#1925 = CARTESIAN_POINT('',(-0.849745813602,-80.36964137393));
#1926 = CARTESIAN_POINT('',(-0.859859438444,-80.57274110769));
#1927 = CARTESIAN_POINT('',(-0.870240864077,-80.77251288426));
#1928 = CARTESIAN_POINT('',(-0.897609038972,-81.27562772422));
#1929 = CARTESIAN_POINT('',(-0.915003363721,-81.57346755778));
#1930 = CARTESIAN_POINT('',(-0.933168514912,-81.86094634593));
#1931 = CARTESIAN_POINT('',(-0.952181812983,-82.13615403284));
#1932 = CARTESIAN_POINT('',(-0.972114010855,-82.39633740632));
#1933 = CARTESIAN_POINT('',(-0.993029054808,-82.63788377219));
#1934 = CARTESIAN_POINT('',(-1.014984313298,-82.85629993026));
#1935 = CARTESIAN_POINT('',(-1.038031273678,-83.04618645208));
#1936 = ( GEOMETRIC_REPRESENTATION_CONTEXT(2) 
PARAMETRIC_REPRESENTATION_CONTEXT() REPRESENTATION_CONTEXT('2D SPACE',''
  ) );
#1937 = FACE_BOUND('',#1938,.F.);
#1938 = EDGE_LOOP('',(#1939,#2302,#2342,#2703));
#1939 = ORIENTED_EDGE('',*,*,#1940,.F.);
#1940 = EDGE_CURVE('',#1941,#1943,#1945,.T.);
#1941 = VERTEX_POINT('',#1942);
#1942 = CARTESIAN_POINT('',(59.5,700.80256325441,-363.0446705675));
#1943 = VERTEX_POINT('',#1944);
#1944 = CARTESIAN_POINT('',(59.5,739.18616711141,-374.0812378653));
#1945 = SURFACE_CURVE('',#1946,(#2061,#2179),.PCURVE_S1.);
#1946 = B_SPLINE_CURVE_WITH_KNOTS('',8,(#1947,#1948,#1949,#1950,#1951,
    #1952,#1953,#1954,#1955,#1956,#1957,#1958,#1959,#1960,#1961,#1962,
    #1963,#1964,#1965,#1966,#1967,#1968,#1969,#1970,#1971,#1972,#1973,
    #1974,#1975,#1976,#1977,#1978,#1979,#1980,#1981,#1982,#1983,#1984,
    #1985,#1986,#1987,#1988,#1989,#1990,#1991,#1992,#1993,#1994,#1995,
    #1996,#1997,#1998,#1999,#2000,#2001,#2002,#2003,#2004,#2005,#2006,
    #2007,#2008,#2009,#2010,#2011,#2012,#2013,#2014,#2015,#2016,#2017,
    #2018,#2019,#2020,#2021,#2022,#2023,#2024,#2025,#2026,#2027,#2028,
    #2029,#2030,#2031,#2032,#2033,#2034,#2035,#2036,#2037,#2038,#2039,
    #2040,#2041,#2042,#2043,#2044,#2045,#2046,#2047,#2048,#2049,#2050,
    #2051,#2052,#2053,#2054,#2055,#2056,#2057,#2058,#2059,#2060),
  .UNSPECIFIED.,.F.,.F.,(9,7,7,7,7,7,7,7,7,7,7,7,7,7,7,7,9),(0.,
    5.554971455673E-02,0.125850681029,0.18101980989,0.313989334351,
    0.434878524767,0.575395239213,0.618003082103,0.636678998905,
    0.665254817517,0.688672359105,0.713108100588,0.737650306975,
    0.761116163446,0.855762712436,0.936165578427,1.),.UNSPECIFIED.);
#1947 = CARTESIAN_POINT('',(59.5000006,700.80256339575,-363.0446699489)
  );
#1948 = CARTESIAN_POINT('',(59.042382476521,700.69476305942,
    -363.5164262946));
#1949 = CARTESIAN_POINT('',(58.596813905635,700.59573311586,
    -364.0098697921));
#1950 = CARTESIAN_POINT('',(58.164533002695,700.5076566209,
    -364.523788573));
#1951 = CARTESIAN_POINT('',(57.746421159009,700.43265755056,
    -365.0567448169));
#1952 = CARTESIAN_POINT('',(57.343041544744,700.37273888096,
    -365.6070998198));
#1953 = CARTESIAN_POINT('',(56.954674893561,700.32972897198,
    -366.1730329331));
#1954 = CARTESIAN_POINT('',(56.581352568997,700.30523625465,
    -366.7525543751));
#1955 = CARTESIAN_POINT('',(55.769230538406,700.29476027627,
    -368.0913984954));
#1956 = CARTESIAN_POINT('',(55.340255455317,700.32074115259,
    -368.856139289));
#1957 = CARTESIAN_POINT('',(54.935434976389,700.38107521156,
    -369.6332212907));
#1958 = CARTESIAN_POINT('',(54.553651373536,700.47755911381,
    -370.4178256618));
#1959 = CARTESIAN_POINT('',(54.193308134119,700.61117154669,
    -371.2049363573));
#1960 = CARTESIAN_POINT('',(53.852444586217,700.78199033544,
    -371.9893787404));
#1961 = CARTESIAN_POINT('',(53.528892920277,700.98908509633,
    -372.7658453738));
#1962 = CARTESIAN_POINT('',(52.97851817578,701.41968342712,
    -374.1278300645));
#1963 = CARTESIAN_POINT('',(52.745688225585,701.63019919283,
    -374.7189127643));
#1964 = CARTESIAN_POINT('',(52.520558287147,701.86129365221,
    -375.3007402442));
#1965 = CARTESIAN_POINT('',(52.301689573289,702.11220111116,
    -375.8719015717));
#1966 = CARTESIAN_POINT('',(52.087689265137,702.38198882902,
    -376.4310451084));
#1967 = CARTESIAN_POINT('',(51.877235773031,702.66955306057,
    -376.9768832251));
#1968 = CARTESIAN_POINT('',(51.669114,702.97361572556,-377.5082055363));
#1969 = CARTESIAN_POINT('',(50.963699224584,704.0618360884,
    -379.2668373555));
#1970 = CARTESIAN_POINT('',(50.473872586163,704.91623209118,
    -380.4155858782));
#1971 = CARTESIAN_POINT('',(49.973698269909,705.84107217024,
    -381.4657361237));
#1972 = CARTESIAN_POINT('',(49.448906808506,706.82165285905,
    -382.4147685592));
#1973 = CARTESIAN_POINT('',(48.889658461394,707.84374744838,
    -383.2625672056));
#1974 = CARTESIAN_POINT('',(48.292171396742,708.89423689073,
    -384.0108028007));
#1975 = CARTESIAN_POINT('',(47.659001040525,709.96031996189,
    -384.662309958));
#1976 = CARTESIAN_POINT('',(46.397285569329,712.00002234759,
    -385.7294286414));
#1977 = CARTESIAN_POINT('',(45.771051475469,712.97727490817,
    -386.1632040368));
#1978 = CARTESIAN_POINT('',(45.120023605442,713.95867994075,
    -386.5288812409));
#1979 = CARTESIAN_POINT('',(44.44658252,714.94353658156,-386.8310508389)
  );
#1980 = CARTESIAN_POINT('',(43.754202385487,715.9317725845,
    -387.0729522409));
#1981 = CARTESIAN_POINT('',(43.047072294499,716.92368501041,
    -387.2566716879));
#1982 = CARTESIAN_POINT('',(42.32998363139,717.91982214322,-387.38320424
    ));
#1983 = CARTESIAN_POINT('',(40.769756240489,720.08463414222,
    -387.5328288734));
#1984 = CARTESIAN_POINT('',(39.944577067941,721.22797911172,
    -387.5339183268));
#1985 = CARTESIAN_POINT('',(39.124454256685,722.37606001955,
    -387.4634223056));
#1986 = CARTESIAN_POINT('',(38.302842328424,723.55081856861,
    -387.3174402106));
#1987 = CARTESIAN_POINT('',(37.482506809179,724.7663457486,
    -387.0839745335));
#1988 = CARTESIAN_POINT('',(36.680190440882,726.02809408748,
    -386.7454052078));
#1989 = CARTESIAN_POINT('',(35.929974126355,727.33213728795,
    -386.2802859204));
#1990 = CARTESIAN_POINT('',(35.095498327182,729.06794702852,
    -385.4811232416));
#1991 = CARTESIAN_POINT('',(34.910311280869,729.47674232378,
    -385.2804789758));
#1992 = CARTESIAN_POINT('',(34.735161121674,729.8916748505,
    -385.0635321274));
#1993 = CARTESIAN_POINT('',(34.571846633702,730.31342878569,
    -384.8285790626));
#1994 = CARTESIAN_POINT('',(34.422931284492,730.74216321295,
    -384.5738633913));
#1995 = CARTESIAN_POINT('',(34.291780803099,731.17752427727,
    -384.2976361556));
#1996 = CARTESIAN_POINT('',(34.182607136643,731.61866358629,
    -383.9982259274));
#1997 = CARTESIAN_POINT('',(34.064537728434,732.25957842362,
    -383.5320558254));
#1998 = CARTESIAN_POINT('',(34.033716744415,732.45598781828,
    -383.385075721));
#1999 = CARTESIAN_POINT('',(34.008565122721,732.65307686105,
    -383.2332539615));
#2000 = CARTESIAN_POINT('',(33.989574873126,732.8504519309,-383.0766789)
  );
#2001 = CARTESIAN_POINT('',(33.977220565609,733.04773976207,
    -382.9154515163));
#2002 = CARTESIAN_POINT('',(33.971959170233,733.24458723933,
    -382.749685151));
#2003 = CARTESIAN_POINT('',(33.974229897019,733.44066119317,
    -382.5795052405));
#2004 = CARTESIAN_POINT('',(34.000097880203,733.93399570106,
    -382.1381155196));
#2005 = CARTESIAN_POINT('',(34.034356748954,734.22969455901,
    -381.8612635202));
#2006 = CARTESIAN_POINT('',(34.088621210184,734.51975990412,
    -381.5766641408));
#2007 = CARTESIAN_POINT('',(34.16354447364,734.80170945477,
    -381.286633715));
#2008 = CARTESIAN_POINT('',(34.259012828776,735.07350579444,
    -380.9936283322));
#2009 = CARTESIAN_POINT('',(34.374114955002,735.33349731447,
    -380.7002358698));
#2010 = CARTESIAN_POINT('',(34.507110104132,735.58035781755,
    -380.4091655484));
#2011 = CARTESIAN_POINT('',(34.776912980741,736.00369257694,
    -379.8889183528));
#2012 = CARTESIAN_POINT('',(34.908629964363,736.18472064726,
    -379.6581862402));
#2013 = CARTESIAN_POINT('',(35.049670897686,736.35644765212,
    -379.4314703483));
#2014 = CARTESIAN_POINT('',(35.199132073696,736.51920710281,
    -379.2091815923));
#2015 = CARTESIAN_POINT('',(35.356081131314,736.67332710152,
    -378.9917095669));
#2016 = CARTESIAN_POINT('',(35.519556900161,736.81913007984,
    -378.7794219863));
#2017 = CARTESIAN_POINT('',(35.688569245307,736.95693253742,
    -378.5726641242));
#2018 = CARTESIAN_POINT('',(36.043173687098,737.2228143328,
    -378.1621169522));
#2019 = CARTESIAN_POINT('',(36.229579285579,737.35051938946,
    -377.9583704777));
#2020 = CARTESIAN_POINT('',(36.420604160057,737.47074934338,
    -377.760465441));
#2021 = CARTESIAN_POINT('',(36.615629098215,737.58405275253,
    -377.568307975));
#2022 = CARTESIAN_POINT('',(36.814128837246,737.69094024023,
    -377.3817675938));
#2023 = CARTESIAN_POINT('',(37.015673678269,737.79188739534,
    -377.2006810532));
#2024 = CARTESIAN_POINT('',(37.219931100739,737.88733767256,
    -377.0248562098));
#2025 = CARTESIAN_POINT('',(37.634304389209,738.06846663834,
    -376.6825514736));
#2026 = CARTESIAN_POINT('',(37.844478310555,738.15411681429,
    -376.516085534));
#2027 = CARTESIAN_POINT('',(38.056844103243,738.23502314159,
    -376.3545527465));
#2028 = CARTESIAN_POINT('',(38.271119129802,738.31152572921,
    -376.1978117306));
#2029 = CARTESIAN_POINT('',(38.487084027695,738.38393947427,
    -376.045707248));
#2030 = CARTESIAN_POINT('',(38.704583584059,738.45255606228,
    -375.8980724093));
#2031 = CARTESIAN_POINT('',(38.923527610449,738.51764596753,
    -375.7547308813));
#2032 = CARTESIAN_POINT('',(39.354591490418,738.63856393523,
    -375.4823736075));
#2033 = CARTESIAN_POINT('',(39.566546142784,738.69466077542,
    -375.3530327305));
#2034 = CARTESIAN_POINT('',(39.779613030459,738.74793835008,
    -375.2273900802));
#2035 = CARTESIAN_POINT('',(39.993677440576,738.79857058194,
    -375.1053561082));
#2036 = CARTESIAN_POINT('',(40.20865302712,738.84671889498,
    -374.9868389237));
#2037 = CARTESIAN_POINT('',(40.424482146421,738.89253316914,
    -374.8717451174));
#2038 = CARTESIAN_POINT('',(40.641136192654,738.93615269499,
    -374.7599805849));
#2039 = CARTESIAN_POINT('',(41.735792820305,739.14531165352,
    -374.2137124809));
#2040 = CARTESIAN_POINT('',(42.629726434096,739.27995543696,
    -373.8269477316));
#2041 = CARTESIAN_POINT('',(43.533744865021,739.38836892628,
    -373.4891472508));
#2042 = CARTESIAN_POINT('',(44.443979456958,739.47557059709,
    -373.1981017889));
#2043 = CARTESIAN_POINT('',(45.358754845587,739.54527303687,
    -372.9518459921));
#2044 = CARTESIAN_POINT('',(46.27802291632,739.60016265612,
    -372.7490195047));
#2045 = CARTESIAN_POINT('',(47.202840681903,739.64205302739,
    -372.5891458794));
#2046 = CARTESIAN_POINT('',(48.926675873572,739.69727711957,
    -372.3740175929));
#2047 = CARTESIAN_POINT('',(49.721856057454,739.71390091555,
    -372.3068665386));
#2048 = CARTESIAN_POINT('',(50.519319100398,739.72237762843,
    -372.2717571782));
#2049 = CARTESIAN_POINT('',(51.318109443264,739.72297241557,
    -372.2691634217));
#2050 = CARTESIAN_POINT('',(52.117404328272,739.7156217828,
    -372.2996515552));
#2051 = CARTESIAN_POINT('',(52.916484688216,739.69991229912,
    -372.3638760627));
#2052 = CARTESIAN_POINT('',(53.714702095356,739.67503744625,
    -372.4625717605));
#2053 = CARTESIAN_POINT('',(55.143999025853,739.61170295271,
    -372.7029057185));
#2054 = CARTESIAN_POINT('',(55.775591395546,739.57710031679,
    -372.8314980658));
#2055 = CARTESIAN_POINT('',(56.40536099031,739.53531772862,
    -372.9826241667));
#2056 = CARTESIAN_POINT('',(57.032495892342,739.48559559014,
    -373.1565107358));
#2057 = CARTESIAN_POINT('',(57.656229247312,739.42701148271,
    -373.3533026466));
#2058 = CARTESIAN_POINT('',(58.275838078975,739.35846855433,
    -373.5730586764));
#2059 = CARTESIAN_POINT('',(58.890641825853,739.27868248361,
    -373.8157466708));
#2060 = CARTESIAN_POINT('',(59.5000006,739.18616702031,-374.0812381267)
  );
#2061 = PCURVE('',#676,#2062);
#2062 = DEFINITIONAL_REPRESENTATION('',(#2063),#2178);
#2063 = B_SPLINE_CURVE_WITH_KNOTS('',8,(#2064,#2065,#2066,#2067,#2068,
    #2069,#2070,#2071,#2072,#2073,#2074,#2075,#2076,#2077,#2078,#2079,
    #2080,#2081,#2082,#2083,#2084,#2085,#2086,#2087,#2088,#2089,#2090,
    #2091,#2092,#2093,#2094,#2095,#2096,#2097,#2098,#2099,#2100,#2101,
    #2102,#2103,#2104,#2105,#2106,#2107,#2108,#2109,#2110,#2111,#2112,
    #2113,#2114,#2115,#2116,#2117,#2118,#2119,#2120,#2121,#2122,#2123,
    #2124,#2125,#2126,#2127,#2128,#2129,#2130,#2131,#2132,#2133,#2134,
    #2135,#2136,#2137,#2138,#2139,#2140,#2141,#2142,#2143,#2144,#2145,
    #2146,#2147,#2148,#2149,#2150,#2151,#2152,#2153,#2154,#2155,#2156,
    #2157,#2158,#2159,#2160,#2161,#2162,#2163,#2164,#2165,#2166,#2167,
    #2168,#2169,#2170,#2171,#2172,#2173,#2174,#2175,#2176,#2177),
  .UNSPECIFIED.,.F.,.F.,(9,7,7,7,7,7,7,7,7,7,7,7,7,7,7,7,9),(0.,
    5.554971455673E-02,0.125850681029,0.18101980989,0.313989334351,
    0.434878524767,0.575395239213,0.618003082103,0.636678998905,
    0.665254817517,0.688672359105,0.713108100588,0.737650306975,
    0.761116163446,0.855762712436,0.936165578427,1.),.UNSPECIFIED.);
#2064 = CARTESIAN_POINT('',(-3.987176951686,-28.11075954241));
#2065 = CARTESIAN_POINT('',(-3.950215667134,-28.41712264538));
#2066 = CARTESIAN_POINT('',(-3.913113450629,-28.73144347687));
#2067 = CARTESIAN_POINT('',(-3.875960821866,-29.0544111278));
#2068 = CARTESIAN_POINT('',(-3.838841211657,-29.38677602385));
#2069 = CARTESIAN_POINT('',(-3.801833079394,-29.72928949185));
#2070 = CARTESIAN_POINT('',(-3.765012052852,-30.08264925615));
#2071 = CARTESIAN_POINT('',(-3.728453090344,-30.44745086504));
#2072 = CARTESIAN_POINT('',(-3.646393889759,-31.3008705406));
#2073 = CARTESIAN_POINT('',(-3.601186918192,-31.7957110567));
#2074 = CARTESIAN_POINT('',(-3.556764556248,-32.3094319876));
#2075 = CARTESIAN_POINT('',(-3.513277974318,-32.84242794703));
#2076 = CARTESIAN_POINT('',(-3.470880000315,-33.3946266309));
#2077 = CARTESIAN_POINT('',(-3.429730461364,-33.96537721131));
#2078 = CARTESIAN_POINT('',(-3.389998862448,-34.55329335224));
#2079 = CARTESIAN_POINT('',(-3.321929732945,-35.62901522317));
#2080 = CARTESIAN_POINT('',(-3.292958581952,-36.11147697741));
#2081 = CARTESIAN_POINT('',(-3.264975994698,-36.60319366043));
#2082 = CARTESIAN_POINT('',(-3.238015080508,-37.10382938545));
#2083 = CARTESIAN_POINT('',(-3.212111991909,-37.61291218903));
#2084 = CARTESIAN_POINT('',(-3.187304762017,-38.12981949659));
#2085 = CARTESIAN_POINT('',(-3.163631287858,-38.65376177958));
#2086 = CARTESIAN_POINT('',(-3.086884959551,-40.46118528227));
#2087 = CARTESIAN_POINT('',(-3.039580941349,-41.77031070455));
#2088 = CARTESIAN_POINT('',(-2.999189639417,-43.10773248834));
#2089 = CARTESIAN_POINT('',(-2.965781225444,-44.46830561119));
#2090 = CARTESIAN_POINT('',(-2.939366152544,-45.84578651722));
#2091 = CARTESIAN_POINT('',(-2.9198045686,-47.23229149166));
#2092 = CARTESIAN_POINT('',(-2.906755488736,-48.61732138166));
#2093 = CARTESIAN_POINT('',(-2.893239875468,-51.23348079112));
#2094 = CARTESIAN_POINT('',(-2.891711061261,-52.47233265034));
#2095 = CARTESIAN_POINT('',(-2.894699486742,-53.70457700759));
#2096 = CARTESIAN_POINT('',(-2.901881522711,-54.92996212354));
#2097 = CARTESIAN_POINT('',(-2.912986557477,-56.14772332816));
#2098 = CARTESIAN_POINT('',(-2.927798110424,-57.35663803526));
#2099 = CARTESIAN_POINT('',(-2.946163225357,-58.55501072877));
#2100 = CARTESIAN_POINT('',(-2.993390372999,-61.11862628962));
#2101 = CARTESIAN_POINT('',(-3.022881875514,-62.44729736848));
#2102 = CARTESIAN_POINT('',(-3.056505460738,-63.75333904827));
#2103 = CARTESIAN_POINT('',(-3.094929245908,-65.05617717926));
#2104 = CARTESIAN_POINT('',(-3.13906251594,-66.36155573105));
#2105 = CARTESIAN_POINT('',(-3.189909502726,-67.65933983759));
#2106 = CARTESIAN_POINT('',(-3.248502915529,-68.92180121499));
#2107 = CARTESIAN_POINT('',(-3.336616293172,-70.45818354638));
#2108 = CARTESIAN_POINT('',(-3.358066636542,-70.81006024387));
#2109 = CARTESIAN_POINT('',(-3.380597636964,-71.15622430044));
#2110 = CARTESIAN_POINT('',(-3.404338803337,-71.49572762002));
#2111 = CARTESIAN_POINT('',(-3.429416610266,-71.82679651635));
#2112 = CARTESIAN_POINT('',(-3.455955393798,-72.14684203239));
#2113 = CARTESIAN_POINT('',(-3.484079911513,-72.45247521921));
#2114 = CARTESIAN_POINT('',(-3.526998917753,-72.86534839232));
#2115 = CARTESIAN_POINT('',(-3.540423657545,-72.98775223943));
#2116 = CARTESIAN_POINT('',(-3.554185557414,-73.10617479719));
#2117 = CARTESIAN_POINT('',(-3.568276880911,-73.2200813692));
#2118 = CARTESIAN_POINT('',(-3.582690426199,-73.32896651317));
#2119 = CARTESIAN_POINT('',(-3.597419568179,-73.43235387288));
#2120 = CARTESIAN_POINT('',(-3.612458300618,-73.52979601018));
#2121 = CARTESIAN_POINT('',(-3.651277402678,-73.76023204817));
#2122 = CARTESIAN_POINT('',(-3.675457649362,-73.88464225317));
#2123 = CARTESIAN_POINT('',(-3.700175292523,-73.99175042188));
#2124 = CARTESIAN_POINT('',(-3.725266159666,-74.08002659977));
#2125 = CARTESIAN_POINT('',(-3.750564125219,-74.14873299222));
#2126 = CARTESIAN_POINT('',(-3.775895893757,-74.19789034526));
#2127 = CARTESIAN_POINT('',(-3.801075072812,-74.22824302283));
#2128 = CARTESIAN_POINT('',(-3.846235607451,-74.2518595364));
#2129 = CARTESIAN_POINT('',(-3.866323257758,-74.2508234781));
#2130 = CARTESIAN_POINT('',(-3.886142108524,-74.238975302));
#2131 = CARTESIAN_POINT('',(-3.905674507554,-74.21717936607));
#2132 = CARTESIAN_POINT('',(-3.92490138907,-74.18630337665));
#2133 = CARTESIAN_POINT('',(-3.94380213463,-74.14721807527));
#2134 = CARTESIAN_POINT('',(-3.962354434051,-74.10079692557));
#2135 = CARTESIAN_POINT('',(-3.999504316525,-73.99273539176));
#2136 = CARTESIAN_POINT('',(-4.018111970441,-73.93039543845));
#2137 = CARTESIAN_POINT('',(-4.03636901666,-73.86170986516));
#2138 = CARTESIAN_POINT('',(-4.054288673832,-73.78739943479));
#2139 = CARTESIAN_POINT('',(-4.071885751238,-73.70809449642));
#2140 = CARTESIAN_POINT('',(-4.089176929355,-73.62433773339));
#2141 = CARTESIAN_POINT('',(-4.106181040416,-73.53658691147));
#2142 = CARTESIAN_POINT('',(-4.13973058523,-73.35345025258));
#2143 = CARTESIAN_POINT('',(-4.15627664548,-73.25801668485));
#2144 = CARTESIAN_POINT('',(-4.172569953009,-73.15934307606));
#2145 = CARTESIAN_POINT('',(-4.188623789577,-73.05779667405));
#2146 = CARTESIAN_POINT('',(-4.204452504909,-72.95368768899));
#2147 = CARTESIAN_POINT('',(-4.220071726184,-72.84727116015));
#2148 = CARTESIAN_POINT('',(-4.235498567525,-72.73874882269));
#2149 = CARTESIAN_POINT('',(-4.265336147234,-72.52263836382));
#2150 = CARTESIAN_POINT('',(-4.279758771339,-72.4152397161));
#2151 = CARTESIAN_POINT('',(-4.294027886408,-72.30626787975));
#2152 = CARTESIAN_POINT('',(-4.308151969855,-72.19588961525));
#2153 = CARTESIAN_POINT('',(-4.322139904214,-72.08424645186));
#2154 = CARTESIAN_POINT('',(-4.336001079428,-71.97145554441));
#2155 = CARTESIAN_POINT('',(-4.349745495161,-71.85761053009));
#2156 = CARTESIAN_POINT('',(-4.418392486339,-71.27963766044));
#2157 = CARTESIAN_POINT('',(-4.471884432672,-70.79874375237));
#2158 = CARTESIAN_POINT('',(-4.524105720812,-70.30818375741));
#2159 = CARTESIAN_POINT('',(-4.575311233652,-69.81318075702));
#2160 = CARTESIAN_POINT('',(-4.625769478768,-69.31687954494));
#2161 = CARTESIAN_POINT('',(-4.675764872332,-68.82097851093));
#2162 = CARTESIAN_POINT('',(-4.725597546436,-68.326211681));
#2163 = CARTESIAN_POINT('',(-4.818041680433,-67.41342328112));
#2164 = CARTESIAN_POINT('',(-4.86051353351,-66.99602300945));
#2165 = CARTESIAN_POINT('',(-4.903074686592,-66.58164867489));
#2166 = CARTESIAN_POINT('',(-4.94580199214,-66.17115809885));
#2167 = CARTESIAN_POINT('',(-4.988772750326,-65.76511156704));
#2168 = CARTESIAN_POINT('',(-5.032066369484,-65.36376854537));
#2169 = CARTESIAN_POINT('',(-5.075765644208,-64.96706789299));
#2170 = CARTESIAN_POINT('',(-5.155043106875,-64.2629919974));
#2171 = CARTESIAN_POINT('',(-5.190437298855,-63.95407142078));
#2172 = CARTESIAN_POINT('',(-5.226153248033,-63.64789130828));
#2173 = CARTESIAN_POINT('',(-5.262205747946,-63.34434278856));
#2174 = CARTESIAN_POINT('',(-5.298611372375,-63.04313783661));
#2175 = CARTESIAN_POINT('',(-5.3353886433,-62.74379928047));
#2176 = CARTESIAN_POINT('',(-5.372558359143,-62.44564963127));
#2177 = CARTESIAN_POINT('',(-5.410144083264,-62.1477987368));
#2178 = ( GEOMETRIC_REPRESENTATION_CONTEXT(2) 
PARAMETRIC_REPRESENTATION_CONTEXT() REPRESENTATION_CONTEXT('2D SPACE',''
  ) );
#2179 = PCURVE('',#2180,#2185);
#2180 = CYLINDRICAL_SURFACE('',#2181,20.);
#2181 = AXIS2_PLACEMENT_3D('',#2182,#2183,#2184);
#2182 = CARTESIAN_POINT('',(24.,720.3,-367.5));
#2183 = DIRECTION('',(-1.,-0.,0.));
#2184 = DIRECTION('',(0.,0.,1.));
#2185 = DEFINITIONAL_REPRESENTATION('',(#2186),#2301);
#2186 = B_SPLINE_CURVE_WITH_KNOTS('',8,(#2187,#2188,#2189,#2190,#2191,
    #2192,#2193,#2194,#2195,#2196,#2197,#2198,#2199,#2200,#2201,#2202,
    #2203,#2204,#2205,#2206,#2207,#2208,#2209,#2210,#2211,#2212,#2213,
    #2214,#2215,#2216,#2217,#2218,#2219,#2220,#2221,#2222,#2223,#2224,
    #2225,#2226,#2227,#2228,#2229,#2230,#2231,#2232,#2233,#2234,#2235,
    #2236,#2237,#2238,#2239,#2240,#2241,#2242,#2243,#2244,#2245,#2246,
    #2247,#2248,#2249,#2250,#2251,#2252,#2253,#2254,#2255,#2256,#2257,
    #2258,#2259,#2260,#2261,#2262,#2263,#2264,#2265,#2266,#2267,#2268,
    #2269,#2270,#2271,#2272,#2273,#2274,#2275,#2276,#2277,#2278,#2279,
    #2280,#2281,#2282,#2283,#2284,#2285,#2286,#2287,#2288,#2289,#2290,
    #2291,#2292,#2293,#2294,#2295,#2296,#2297,#2298,#2299,#2300),
  .UNSPECIFIED.,.F.,.F.,(9,7,7,7,7,7,7,7,7,7,7,7,7,7,7,7,9),(0.,
    5.554971455673E-02,0.125850681029,0.18101980989,0.313989334351,
    0.434878524767,0.575395239213,0.618003082103,0.636678998905,
    0.665254817517,0.688672359105,0.713108100588,0.737650306975,
    0.761116163446,0.855762712436,0.936165578427,1.),.UNSPECIFIED.);
#2187 = CARTESIAN_POINT('',(-1.346144960446,-35.5000006));
#2188 = CARTESIAN_POINT('',(-1.370340774247,-35.04238247652));
#2189 = CARTESIAN_POINT('',(-1.395496011591,-34.59681390563));
#2190 = CARTESIAN_POINT('',(-1.421548864198,-34.16453300269));
#2191 = CARTESIAN_POINT('',(-1.448434378175,-33.746421159));
#2192 = CARTESIAN_POINT('',(-1.476086368828,-33.34304154474));
#2193 = CARTESIAN_POINT('',(-1.504438290468,-32.95467489356));
#2194 = CARTESIAN_POINT('',(-1.53342306119,-32.58135256899));
#2195 = CARTESIAN_POINT('',(-1.600367316444,-31.7692305384));
#2196 = CARTESIAN_POINT('',(-1.638593024107,-31.34025545531));
#2197 = CARTESIAN_POINT('',(-1.677502005203,-30.93543497638));
#2198 = CARTESIAN_POINT('',(-1.716947227367,-30.55365137353));
#2199 = CARTESIAN_POINT('',(-1.756781319188,-30.19330813411));
#2200 = CARTESIAN_POINT('',(-1.796851246629,-29.85244458621));
#2201 = CARTESIAN_POINT('',(-1.836990028229,-29.52889292027));
#2202 = CARTESIAN_POINT('',(-1.908411614959,-28.97851817578));
#2203 = CARTESIAN_POINT('',(-1.939763945952,-28.74568822558));
#2204 = CARTESIAN_POINT('',(-1.971032412233,-28.52055828714));
#2205 = CARTESIAN_POINT('',(-2.002184735031,-28.30168957328));
#2206 = CARTESIAN_POINT('',(-2.03318716423,-28.08768926513));
#2207 = CARTESIAN_POINT('',(-2.064003447195,-27.87723577303));
#2208 = CARTESIAN_POINT('',(-2.094594124012,-27.669114));
#2209 = CARTESIAN_POINT('',(-2.197998783401,-26.96369922458));
#2210 = CARTESIAN_POINT('',(-2.26932046264,-26.47387258616));
#2211 = CARTESIAN_POINT('',(-2.338897956843,-25.9736982699));
#2212 = CARTESIAN_POINT('',(-2.406712340331,-25.4489068085));
#2213 = CARTESIAN_POINT('',(-2.472742002692,-24.88965846139));
#2214 = CARTESIAN_POINT('',(-2.536958560572,-24.29217139674));
#2215 = CARTESIAN_POINT('',(-2.599290212219,-23.65900104052));
#2216 = CARTESIAN_POINT('',(-2.714389388006,-22.39728556932));
#2217 = CARTESIAN_POINT('',(-2.767738923503,-21.77105147546));
#2218 = CARTESIAN_POINT('',(-2.819944849836,-21.12002360544));
#2219 = CARTESIAN_POINT('',(-2.871277607055,-20.44658252));
#2220 = CARTESIAN_POINT('',(-2.92198151089,-19.75420238548));
#2221 = CARTESIAN_POINT('',(-2.972285054173,-19.04707229449));
#2222 = CARTESIAN_POINT('',(-3.022409584859,-18.32998363139));
#2223 = CARTESIAN_POINT('',(-3.13090841575,-16.76975624048));
#2224 = CARTESIAN_POINT('',(-3.187943370684,-15.94457706794));
#2225 = CARTESIAN_POINT('',(-3.245269980149,-15.12445425668));
#2226 = CARTESIAN_POINT('',(-3.304215947295,-14.30284232842));
#2227 = CARTESIAN_POINT('',(-3.365805493824,-13.48250680917));
#2228 = CARTESIAN_POINT('',(-3.430791198052,-12.68019044088));
#2229 = CARTESIAN_POINT('',(-3.49974352925,-11.92997412635));
#2230 = CARTESIAN_POINT('',(-3.595290591511,-11.09549832718));
#2231 = CARTESIAN_POINT('',(-3.618052619952,-10.91031128087));
#2232 = CARTESIAN_POINT('',(-3.64145104552,-10.73516112167));
#2233 = CARTESIAN_POINT('',(-3.665572614855,-10.5718466337));
#2234 = CARTESIAN_POINT('',(-3.690486738337,-10.42293128449));
#2235 = CARTESIAN_POINT('',(-3.716246602958,-10.29178080309));
#2236 = CARTESIAN_POINT('',(-3.742890045767,-10.18260713664));
#2237 = CARTESIAN_POINT('',(-3.782515996628,-10.06453772843));
#2238 = CARTESIAN_POINT('',(-3.794780651021,-10.03371674441));
#2239 = CARTESIAN_POINT('',(-3.807217865084,-10.00856512272));
#2240 = CARTESIAN_POINT('',(-3.819812162314,-9.989574873126));
#2241 = CARTESIAN_POINT('',(-3.832548815356,-9.977220565609));
#2242 = CARTESIAN_POINT('',(-3.845413785682,-9.971959170233));
#2243 = CARTESIAN_POINT('',(-3.858393663263,-9.974229897019));
#2244 = CARTESIAN_POINT('',(-3.891492145945,-10.0000978802));
#2245 = CARTESIAN_POINT('',(-3.911740671343,-10.03435674895));
#2246 = CARTESIAN_POINT('',(-3.932049758172,-10.08862121018));
#2247 = CARTESIAN_POINT('',(-3.952263166824,-10.16354447364));
#2248 = CARTESIAN_POINT('',(-3.972235486785,-10.25901282877));
#2249 = CARTESIAN_POINT('',(-3.99182835702,-10.374114955));
#2250 = CARTESIAN_POINT('',(-4.010907262316,-10.50711010413));
#2251 = CARTESIAN_POINT('',(-4.044443416801,-10.77691298074));
#2252 = CARTESIAN_POINT('',(-4.05910470077,-10.90862996436));
#2253 = CARTESIAN_POINT('',(-4.073321948352,-11.04967089768));
#2254 = CARTESIAN_POINT('',(-4.087093710688,-11.19913207369));
#2255 = CARTESIAN_POINT('',(-4.100418052723,-11.35608113131));
#2256 = CARTESIAN_POINT('',(-4.113292706734,-11.51955690016));
#2257 = CARTESIAN_POINT('',(-4.12571522585,-11.6885692453));
#2258 = CARTESIAN_POINT('',(-4.150171416759,-12.04317368709));
#2259 = CARTESIAN_POINT('',(-4.16219312766,-12.22957928557));
#2260 = CARTESIAN_POINT('',(-4.173769460115,-12.42060416005));
#2261 = CARTESIAN_POINT('',(-4.184921331062,-12.61562909821));
#2262 = CARTESIAN_POINT('',(-4.19566947135,-12.81412883724));
#2263 = CARTESIAN_POINT('',(-4.206034512557,-13.01567367826));
#2264 = CARTESIAN_POINT('',(-4.216037073797,-13.21993110073));
#2265 = CARTESIAN_POINT('',(-4.23540071464,-13.6343043892));
#2266 = CARTESIAN_POINT('',(-4.244760504864,-13.84447831055));
#2267 = CARTESIAN_POINT('',(-4.25379272282,-14.05684410324));
#2268 = CARTESIAN_POINT('',(-4.262512562503,-14.2711191298));
#2269 = CARTESIAN_POINT('',(-4.270934930266,-14.48708402769));
#2270 = CARTESIAN_POINT('',(-4.279074466804,-14.70458358405));
#2271 = CARTESIAN_POINT('',(-4.286945569126,-14.92352761044));
#2272 = CARTESIAN_POINT('',(-4.301845203309,-15.35459149041));
#2273 = CARTESIAN_POINT('',(-4.30889404312,-15.56654614278));
#2274 = CARTESIAN_POINT('',(-4.315717264683,-15.77961303045));
#2275 = CARTESIAN_POINT('',(-4.322322922898,-15.99367744057));
#2276 = CARTESIAN_POINT('',(-4.328718801474,-16.20865302712));
#2277 = CARTESIAN_POINT('',(-4.334912419556,-16.42448214642));
#2278 = CARTESIAN_POINT('',(-4.340911038352,-16.64113619265));
#2279 = CARTESIAN_POINT('',(-4.370158102796,-17.7357928203));
#2280 = CARTESIAN_POINT('',(-4.390625208635,-18.62972643409));
#2281 = CARTESIAN_POINT('',(-4.408356009106,-19.53374486502));
#2282 = CARTESIAN_POINT('',(-4.423543534162,-20.44397945695));
#2283 = CARTESIAN_POINT('',(-4.436338370188,-21.35875484558));
#2284 = CARTESIAN_POINT('',(-4.446843604947,-22.27802291632));
#2285 = CARTESIAN_POINT('',(-4.455107167168,-23.2028406819));
#2286 = CARTESIAN_POINT('',(-4.466212332636,-24.92667587357));
#2287 = CARTESIAN_POINT('',(-4.469671103989,-25.72185605745));
#2288 = CARTESIAN_POINT('',(-4.47147704502,-26.51931910039));
#2289 = CARTESIAN_POINT('',(-4.471610110326,-27.31810944326));
#2290 = CARTESIAN_POINT('',(-4.470041959592,-28.11740432827));
#2291 = CARTESIAN_POINT('',(-4.466736105167,-28.91648468821));
#2292 = CARTESIAN_POINT('',(-4.461647286541,-29.71470209535));
#2293 = CARTESIAN_POINT('',(-4.449220333026,-31.14399902585));
#2294 = CARTESIAN_POINT('',(-4.442562091732,-31.77559139554));
#2295 = CARTESIAN_POINT('',(-4.434722632454,-32.40536099031));
#2296 = CARTESIAN_POINT('',(-4.425680593068,-33.03249589234));
#2297 = CARTESIAN_POINT('',(-4.415415638982,-33.65622924731));
#2298 = CARTESIAN_POINT('',(-4.403907797447,-34.27583807897));
#2299 = CARTESIAN_POINT('',(-4.391136451878,-34.89064182585));
#2300 = CARTESIAN_POINT('',(-4.377078996197,-35.5000006));
#2301 = ( GEOMETRIC_REPRESENTATION_CONTEXT(2) 
PARAMETRIC_REPRESENTATION_CONTEXT() REPRESENTATION_CONTEXT('2D SPACE',''
  ) );
#2302 = ORIENTED_EDGE('',*,*,#2303,.F.);
#2303 = EDGE_CURVE('',#2304,#1941,#2306,.T.);
#2304 = VERTEX_POINT('',#2305);
#2305 = CARTESIAN_POINT('',(59.5,705.10480476726,-362.4894070371));
#2306 = SURFACE_CURVE('',#2307,(#2312,#2330),.PCURVE_S1.);
#2307 = ELLIPSE('',#2308,31.164739191242,16.);
#2308 = AXIS2_PLACEMENT_3D('',#2309,#2310,#2311);
#2309 = CARTESIAN_POINT('',(59.5,720.3,-381.5));
#2310 = DIRECTION('',(1.,0.,0.));
#2311 = DIRECTION('',(0.,-0.92203235514,0.38711282086));
#2312 = PCURVE('',#676,#2313);
#2313 = DEFINITIONAL_REPRESENTATION('',(#2314),#2329);
#2314 = B_SPLINE_CURVE_WITH_KNOTS('',7,(#2315,#2316,#2317,#2318,#2319,
    #2320,#2321,#2322,#2323,#2324,#2325,#2326,#2327,#2328),
  .UNSPECIFIED.,.F.,.F.,(8,6,8),(3.969421210828,4.92469071055,
    5.879960210271),.UNSPECIFIED.);
#2315 = CARTESIAN_POINT('',(-5.667658480106,-67.76048459186));
#2316 = CARTESIAN_POINT('',(-5.531191408717,-65.07263049397));
#2317 = CARTESIAN_POINT('',(-5.394724337329,-61.99169571927));
#2318 = CARTESIAN_POINT('',(-5.25825726594,-58.59944115258));
#2319 = CARTESIAN_POINT('',(-5.121790194551,-54.99555365528));
#2320 = CARTESIAN_POINT('',(-4.985323123163,-51.29146749957));
#2321 = CARTESIAN_POINT('',(-4.848856051773,-47.60129674799));
#2322 = CARTESIAN_POINT('',(-4.575921908996,-40.46583019186));
#2323 = CARTESIAN_POINT('',(-4.439454837608,-37.02053496899));
#2324 = CARTESIAN_POINT('',(-4.302987766216,-33.80619769398));
#2325 = CARTESIAN_POINT('',(-4.166520694833,-30.9257681332));
#2326 = CARTESIAN_POINT('',(-4.03005362344,-28.46831082361));
#2327 = CARTESIAN_POINT('',(-3.893586552052,-26.50175772105));
#2328 = CARTESIAN_POINT('',(-3.757119480664,-25.06967377076));
#2329 = ( GEOMETRIC_REPRESENTATION_CONTEXT(2) 
PARAMETRIC_REPRESENTATION_CONTEXT() REPRESENTATION_CONTEXT('2D SPACE',''
  ) );
#2330 = PCURVE('',#2331,#2336);
#2331 = PLANE('',#2332);
#2332 = AXIS2_PLACEMENT_3D('',#2333,#2334,#2335);
#2333 = CARTESIAN_POINT('',(59.5,720.3,-367.5));
#2334 = DIRECTION('',(1.,0.,0.));
#2335 = DIRECTION('',(-0.,0.,1.));
#2336 = DEFINITIONAL_REPRESENTATION('',(#2337),#2341);
#2337 = ELLIPSE('',#2338,31.164739191242,16.);
#2338 = AXIS2_PLACEMENT_2D('',#2339,#2340);
#2339 = CARTESIAN_POINT('',(-14.,-2.273736754432E-13));
#2340 = DIRECTION('',(0.38711282086,0.92203235514));
#2341 = ( GEOMETRIC_REPRESENTATION_CONTEXT(2) 
PARAMETRIC_REPRESENTATION_CONTEXT() REPRESENTATION_CONTEXT('2D SPACE',''
  ) );
#2342 = ORIENTED_EDGE('',*,*,#2343,.T.);
#2343 = EDGE_CURVE('',#2304,#2344,#2346,.T.);
#2344 = VERTEX_POINT('',#2345);
#2345 = CARTESIAN_POINT('',(59.5,735.75582115147,-371.6373412396));
#2346 = SURFACE_CURVE('',#2347,(#2462,#2580),.PCURVE_S1.);
#2347 = B_SPLINE_CURVE_WITH_KNOTS('',8,(#2348,#2349,#2350,#2351,#2352,
    #2353,#2354,#2355,#2356,#2357,#2358,#2359,#2360,#2361,#2362,#2363,
    #2364,#2365,#2366,#2367,#2368,#2369,#2370,#2371,#2372,#2373,#2374,
    #2375,#2376,#2377,#2378,#2379,#2380,#2381,#2382,#2383,#2384,#2385,
    #2386,#2387,#2388,#2389,#2390,#2391,#2392,#2393,#2394,#2395,#2396,
    #2397,#2398,#2399,#2400,#2401,#2402,#2403,#2404,#2405,#2406,#2407,
    #2408,#2409,#2410,#2411,#2412,#2413,#2414,#2415,#2416,#2417,#2418,
    #2419,#2420,#2421,#2422,#2423,#2424,#2425,#2426,#2427,#2428,#2429,
    #2430,#2431,#2432,#2433,#2434,#2435,#2436,#2437,#2438,#2439,#2440,
    #2441,#2442,#2443,#2444,#2445,#2446,#2447,#2448,#2449,#2450,#2451,
    #2452,#2453,#2454,#2455,#2456,#2457,#2458,#2459,#2460,#2461),
  .UNSPECIFIED.,.F.,.F.,(9,7,7,7,7,7,7,7,7,7,7,7,7,7,7,7,9),(0.,
    9.429433341128E-02,0.166679278644,0.213916822961,0.288315838625,
    0.4280002478,0.507102742272,0.530013909893,0.555463705323,
    0.582224713128,0.618517833596,0.665113012304,0.689266610404,
    0.715057447803,0.832457134966,0.86633831915,1.),.UNSPECIFIED.);
#2348 = CARTESIAN_POINT('',(59.5000006,705.10480491401,-362.4894065921)
  );
#2349 = CARTESIAN_POINT('',(58.79072641781,704.9313198281,
    -363.0155198706));
#2350 = CARTESIAN_POINT('',(58.097326936834,704.76595179292,
    -363.5870155388));
#2351 = CARTESIAN_POINT('',(57.424755025185,704.61532355772,
    -364.2017468974));
#2352 = CARTESIAN_POINT('',(56.776122288196,704.48620741836,
    -364.85657674));
#2353 = CARTESIAN_POINT('',(56.153122122274,704.38503970975,
    -365.5475133102));
#2354 = CARTESIAN_POINT('',(55.556328802032,704.31761147869,
    -366.269772285));
#2355 = CARTESIAN_POINT('',(54.985402144393,704.28884290126,
    -367.0178371373));
#2356 = CARTESIAN_POINT('',(54.019956747119,704.31307048743,
    -368.3749550764));
#2357 = CARTESIAN_POINT('',(53.616440153071,704.34859235093,
    -368.9742803633));
#2358 = CARTESIAN_POINT('',(53.228170785705,704.41059375228,
    -369.5804913614));
#2359 = CARTESIAN_POINT('',(52.854358310115,704.50008405404,
    -370.1903530823));
#2360 = CARTESIAN_POINT('',(52.494004813384,704.61755759987,
    -370.8005198156));
#2361 = CARTESIAN_POINT('',(52.14598880621,704.76294752015,
    -371.4075657986));
#2362 = CARTESIAN_POINT('',(51.809170102499,704.93556928081,
    -372.0080179318));
#2363 = CARTESIAN_POINT('',(51.26936609501,705.26356734482,
    -372.983695165));
#2364 = CARTESIAN_POINT('',(51.060415529441,705.40417468527,
    -373.364916241));
#2365 = CARTESIAN_POINT('',(50.855202094397,705.55562731243,
    -373.7414644655));
#2366 = CARTESIAN_POINT('',(50.653270861047,705.71763073507,
    -374.112745998));
#2367 = CARTESIAN_POINT('',(50.454191854583,705.88983460925,
    -374.4781850775));
#2368 = CARTESIAN_POINT('',(50.257566190382,706.07183206732,
    -374.8372267613));
#2369 = CARTESIAN_POINT('',(50.063033157027,706.26315913089,
    -375.1893406986));
#2370 = CARTESIAN_POINT('',(49.566689737551,706.77850645932,
    -376.0769043457));
#2371 = CARTESIAN_POINT('',(49.267614706735,707.1154610151,
    -376.6011705827));
#2372 = CARTESIAN_POINT('',(48.971288813709,707.47264686235,
    -377.1058409223));
#2373 = CARTESIAN_POINT('',(48.676207245048,707.84848768813,
    -377.5900525593));
#2374 = CARTESIAN_POINT('',(48.381134248651,708.2413470209,
    -378.053068083));
#2375 = CARTESIAN_POINT('',(48.085113837754,708.64953396161,
    -378.4942806598));
#2376 = CARTESIAN_POINT('',(47.787481664235,709.07130950405,
    -378.913219928));
#2377 = CARTESIAN_POINT('',(46.925371260486,710.31894879227,
    -380.0536858429));
#2378 = CARTESIAN_POINT('',(46.357173762548,711.17280505503,
    -380.7164780585));
#2379 = CARTESIAN_POINT('',(45.777402148478,712.0594867008,
    -381.3010854492));
#2380 = CARTESIAN_POINT('',(45.183389036746,712.97362853555,
    -381.8100449763));
#2381 = CARTESIAN_POINT('',(44.574880416329,713.91088170272,
    -382.2452943553));
#2382 = CARTESIAN_POINT('',(43.953797192275,714.86767577996,
    -382.6081548854));
#2383 = CARTESIAN_POINT('',(43.323975170128,715.84088234116,
    -382.8992901178));
#2384 = CARTESIAN_POINT('',(42.332724684093,717.38647322437,
    -383.2429051757));
#2385 = CARTESIAN_POINT('',(41.973083492289,717.95007044882,
    -383.3442246752));
#2386 = CARTESIAN_POINT('',(41.612509012411,718.51906062153,
    -383.4228097297));
#2387 = CARTESIAN_POINT('',(41.251520968601,719.09410496635,
    -383.4785037823));
#2388 = CARTESIAN_POINT('',(40.89091997411,719.67582788677,
    -383.5108115501));
#2389 = CARTESIAN_POINT('',(40.531889278739,720.2647409656,
    -383.5189030417));
#2390 = CARTESIAN_POINT('',(40.17611621355,720.86118426909,
    -383.5016235394));
#2391 = CARTESIAN_POINT('',(39.724506712488,721.64025607574,
    -383.4447324154));
#2392 = CARTESIAN_POINT('',(39.623511689025,721.81593404725,
    -383.4296993906));
#2393 = CARTESIAN_POINT('',(39.522982862635,721.99236202798,
    -383.4123690372));
#2394 = CARTESIAN_POINT('',(39.422962850321,722.1695777331,
    -383.3926952167));
#2395 = CARTESIAN_POINT('',(39.323502580395,722.34761367539,
    -383.3706272926));
#2396 = CARTESIAN_POINT('',(39.224661586944,722.52649740565,
    -383.3461103345));
#2397 = CARTESIAN_POINT('',(39.126508304296,722.70625175324,
    -383.3190853221));
#2398 = CARTESIAN_POINT('',(38.920941535215,723.08755421424,
    -383.2566140519));
#2399 = CARTESIAN_POINT('',(38.813724031335,723.28927869842,
    -383.2205716826));
#2400 = CARTESIAN_POINT('',(38.7075350673,723.49216513794,-383.181265726
    ));
#2401 = CARTESIAN_POINT('',(38.602464133826,723.69629325485,
    -383.1385896072));
#2402 = CARTESIAN_POINT('',(38.498623830518,723.90172653878,
    -383.0924274671));
#2403 = CARTESIAN_POINT('',(38.396150701496,724.10851291127,
    -383.0426549384));
#2404 = CARTESIAN_POINT('',(38.29520607103,724.31668539021,
    -382.9891399216));
#2405 = CARTESIAN_POINT('',(38.091635247594,724.74663786451,
    -382.8713896399));
#2406 = CARTESIAN_POINT('',(37.98921588443,724.96851235601,
    -382.8067589194));
#2407 = CARTESIAN_POINT('',(37.888862391779,725.1920601299,
    -382.7376507556));
#2408 = CARTESIAN_POINT('',(37.790770771803,725.41741337155,
    -382.6638482414));
#2409 = CARTESIAN_POINT('',(37.69519132406,725.64466405135,
    -382.585120284));
#2410 = CARTESIAN_POINT('',(37.602430542849,725.87386542553,
    -382.5012238848));
#2411 = CARTESIAN_POINT('',(37.51285301455,726.10503353704,
    -382.4119064185));
#2412 = CARTESIAN_POINT('',(37.310291717006,726.65429814348,
    -382.1880714998));
#2413 = CARTESIAN_POINT('',(37.200290156008,726.97415339883,
    -382.0487352939));
#2414 = CARTESIAN_POINT('',(37.097820696105,727.29801461051,
    -381.8980951736));
#2415 = CARTESIAN_POINT('',(37.004118598887,727.62596542936,
    -381.7353035691));
#2416 = CARTESIAN_POINT('',(36.92072507555,727.95787636269,
    -381.5594905872));
#2417 = CARTESIAN_POINT('',(36.849501928807,728.29340965509,
    -381.3697881119));
#2418 = CARTESIAN_POINT('',(36.792648084582,728.63202571643,
    -381.1653568783));
#2419 = CARTESIAN_POINT('',(36.701453510009,729.4107419058,
    -380.6630445426));
#2420 = CARTESIAN_POINT('',(36.676933911132,729.8621887831,
    -380.3487730272));
#2421 = CARTESIAN_POINT('',(36.688163717886,730.31407188079,
    -380.0066873243));
#2422 = CARTESIAN_POINT('',(36.741386476817,730.7562292727,
    -379.641704827));
#2423 = CARTESIAN_POINT('',(36.839831984336,731.18083360839,
    -379.2598091681));
#2424 = CARTESIAN_POINT('',(36.983512297541,731.58202429525,
    -378.8678726652));
#2425 = CARTESIAN_POINT('',(37.169027532621,731.9556495994,
    -378.4733752718));
#2426 = CARTESIAN_POINT('',(37.503547327907,732.476729471,-377.882657541
    ));
#2427 = CARTESIAN_POINT('',(37.626542492429,732.64557301144,
    -377.6834411064));
#2428 = CARTESIAN_POINT('',(37.757565298733,732.80569127558,
    -377.4871024538));
#2429 = CARTESIAN_POINT('',(37.895827243018,732.95740537959,
    -377.2940437785));
#2430 = CARTESIAN_POINT('',(38.040514014462,733.10103003352,
    -377.1046461494));
#2431 = CARTESIAN_POINT('',(38.190785565167,733.23687361795,
    -376.919269658));
#2432 = CARTESIAN_POINT('',(38.345776180115,733.36523826054,
    -376.7382535667));
#2433 = CARTESIAN_POINT('',(38.674178335949,733.61581580096,
    -376.3736264281));
#2434 = CARTESIAN_POINT('',(38.848513173165,733.73731694092,
    -376.1902418742));
#2435 = CARTESIAN_POINT('',(39.026938739662,733.85151403589,
    -376.0117609118));
#2436 = CARTESIAN_POINT('',(39.208883088361,733.95895638564,
    -375.8381360691));
#2437 = CARTESIAN_POINT('',(39.393864444395,734.06015472274,
    -375.6692787134));
#2438 = CARTESIAN_POINT('',(39.581493005287,734.15558404899,
    -375.5050634761));
#2439 = CARTESIAN_POINT('',(39.771472741131,734.24568647188,
    -375.3453326782));
#2440 = CARTESIAN_POINT('',(40.838179494975,734.71864717953,
    -374.4823758826));
#2441 = CARTESIAN_POINT('',(41.772940384327,735.01150420411,
    -373.8512904789));
#2442 = CARTESIAN_POINT('',(42.736173610083,735.23497607694,
    -373.2973272993));
#2443 = CARTESIAN_POINT('',(43.708389517928,735.40758880087,
    -372.8153559669));
#2444 = CARTESIAN_POINT('',(44.681144653392,735.54268973136,
    -372.3976532711));
#2445 = CARTESIAN_POINT('',(45.656153908585,735.64959440164,
    -372.0359917187));
#2446 = CARTESIAN_POINT('',(46.643929747857,735.73473537813,
    -371.7240827339));
#2447 = CARTESIAN_POINT('',(47.95391553518,735.82146678539,
    -371.3846140629));
#2448 = CARTESIAN_POINT('',(48.247941438987,735.83928940308,
    -371.3130793201));
#2449 = CARTESIAN_POINT('',(48.542558176855,735.85561025212,
    -371.2460217923));
#2450 = CARTESIAN_POINT('',(48.837726086719,735.87051882107,
    -371.1834308112));
#2451 = CARTESIAN_POINT('',(49.133413818409,735.88409440718,
    -371.1253013192));
#2452 = CARTESIAN_POINT('',(49.429598427824,735.89640659979,
    -371.0716339831));
#2453 = CARTESIAN_POINT('',(49.7262654711,735.90751576367,
    -371.0224353086));
#2454 = CARTESIAN_POINT('',(51.195644299111,735.95675700089,
    -370.8013064612));
#2455 = CARTESIAN_POINT('',(52.379862481537,735.97827303461,
    -370.6939488588));
#2456 = CARTESIAN_POINT('',(53.570771369335,735.98476848592,
    -370.6581297985));
#2457 = CARTESIAN_POINT('',(54.76399633302,735.97729552601,
    -370.6963381086));
#2458 = CARTESIAN_POINT('',(55.956016828282,735.95506143002,
    -370.8110463113));
#2459 = CARTESIAN_POINT('',(57.144030901651,735.91503362072,
    -371.0046497337));
#2460 = CARTESIAN_POINT('',(58.325880607326,735.85163352122,
    -371.2794160178));
#2461 = CARTESIAN_POINT('',(59.5000006,735.75582110251,-371.6373414225)
  );
#2462 = PCURVE('',#676,#2463);
#2463 = DEFINITIONAL_REPRESENTATION('',(#2464),#2579);
#2464 = B_SPLINE_CURVE_WITH_KNOTS('',8,(#2465,#2466,#2467,#2468,#2469,
    #2470,#2471,#2472,#2473,#2474,#2475,#2476,#2477,#2478,#2479,#2480,
    #2481,#2482,#2483,#2484,#2485,#2486,#2487,#2488,#2489,#2490,#2491,
    #2492,#2493,#2494,#2495,#2496,#2497,#2498,#2499,#2500,#2501,#2502,
    #2503,#2504,#2505,#2506,#2507,#2508,#2509,#2510,#2511,#2512,#2513,
    #2514,#2515,#2516,#2517,#2518,#2519,#2520,#2521,#2522,#2523,#2524,
    #2525,#2526,#2527,#2528,#2529,#2530,#2531,#2532,#2533,#2534,#2535,
    #2536,#2537,#2538,#2539,#2540,#2541,#2542,#2543,#2544,#2545,#2546,
    #2547,#2548,#2549,#2550,#2551,#2552,#2553,#2554,#2555,#2556,#2557,
    #2558,#2559,#2560,#2561,#2562,#2563,#2564,#2565,#2566,#2567,#2568,
    #2569,#2570,#2571,#2572,#2573,#2574,#2575,#2576,#2577,#2578),
  .UNSPECIFIED.,.F.,.F.,(9,7,7,7,7,7,7,7,7,7,7,7,7,7,7,7,9),(0.,
    9.429433341128E-02,0.166679278644,0.213916822961,0.288315838625,
    0.4280002478,0.507102742272,0.530013909893,0.555463705323,
    0.582224713128,0.618517833596,0.665113012304,0.689266610404,
    0.715057447803,0.832457134966,0.86633831915,1.),.UNSPECIFIED.);
#2465 = CARTESIAN_POINT('',(-4.169123847253,-31.33041124215));
#2466 = CARTESIAN_POINT('',(-4.118787453095,-31.73205967386));
#2467 = CARTESIAN_POINT('',(-4.067997311771,-32.14705661817));
#2468 = CARTESIAN_POINT('',(-4.017070289589,-32.577386326));
#2469 = CARTESIAN_POINT('',(-3.966272720148,-33.02576763452));
#2470 = CARTESIAN_POINT('',(-3.915840573911,-33.49509778226));
#2471 = CARTESIAN_POINT('',(-3.865997548948,-33.98807469629));
#2472 = CARTESIAN_POINT('',(-3.816967956927,-34.50693347965));
#2473 = CARTESIAN_POINT('',(-3.73214435541,-35.47259894331));
#2474 = CARTESIAN_POINT('',(-3.696024611795,-35.90696716396));
#2475 = CARTESIAN_POINT('',(-3.660732044305,-36.35674658327));
#2476 = CARTESIAN_POINT('',(-3.626374647966,-36.82206694423));
#2477 = CARTESIAN_POINT('',(-3.593060105103,-37.30272027456));
#2478 = CARTESIAN_POINT('',(-3.560897043131,-37.79809139772));
#2479 = CARTESIAN_POINT('',(-3.529994356345,-38.3070702892));
#2480 = CARTESIAN_POINT('',(-3.481181420341,-39.16785206363));
#2481 = CARTESIAN_POINT('',(-3.46247618792,-39.51302357151));
#2482 = CARTESIAN_POINT('',(-3.444353675974,-39.86330534729));
#2483 = CARTESIAN_POINT('',(-3.426826574886,-40.21850066407));
#2484 = CARTESIAN_POINT('',(-3.409907718674,-40.57836179664));
#2485 = CARTESIAN_POINT('',(-3.39360972787,-40.94258725));
#2486 = CARTESIAN_POINT('',(-3.377944555732,-41.31081891209));
#2487 = CARTESIAN_POINT('',(-3.339263926609,-42.26825505763));
#2488 = CARTESIAN_POINT('',(-3.317209366398,-42.86257419569));
#2489 = CARTESIAN_POINT('',(-3.296757836311,-43.46497998794));
#2490 = CARTESIAN_POINT('',(-3.277910983725,-44.07471113875));
#2491 = CARTESIAN_POINT('',(-3.26067003133,-44.69086227237));
#2492 = CARTESIAN_POINT('',(-3.245032717063,-45.31238469381));
#2493 = CARTESIAN_POINT('',(-3.230990666866,-45.93808725231));
#2494 = CARTESIAN_POINT('',(-3.195126998651,-47.74674220947));
#2495 = CARTESIAN_POINT('',(-3.177343783642,-48.93424130784));
#2496 = CARTESIAN_POINT('',(-3.164876143945,-50.12768232312));
#2497 = CARTESIAN_POINT('',(-3.157506660546,-51.32503230859));
#2498 = CARTESIAN_POINT('',(-3.155049831109,-52.52362438943));
#2499 = CARTESIAN_POINT('',(-3.157343337848,-53.72008624282));
#2500 = CARTESIAN_POINT('',(-3.164248150524,-54.91019365596));
#2501 = CARTESIAN_POINT('',(-3.182124707166,-56.75618655012));
#2502 = CARTESIAN_POINT('',(-3.190038877744,-57.42042629427));
#2503 = CARTESIAN_POINT('',(-3.199401812281,-58.08185991824));
#2504 = CARTESIAN_POINT('',(-3.210231414925,-58.74069177452));
#2505 = CARTESIAN_POINT('',(-3.222563510651,-59.39684034821));
#2506 = CARTESIAN_POINT('',(-3.236450580456,-60.04982721978));
#2507 = CARTESIAN_POINT('',(-3.251961345336,-60.69867158885));
#2508 = CARTESIAN_POINT('',(-3.274168740286,-61.52806263861));
#2509 = CARTESIAN_POINT('',(-3.279301498658,-61.71392321702));
#2510 = CARTESIAN_POINT('',(-3.28458286311,-61.89937471397));
#2511 = CARTESIAN_POINT('',(-3.290016386909,-62.08440976446));
#2512 = CARTESIAN_POINT('',(-3.295605791326,-62.26901112583));
#2513 = CARTESIAN_POINT('',(-3.301354969335,-62.45315178465));
#2514 = CARTESIAN_POINT('',(-3.307267989315,-62.63679506366));
#2515 = CARTESIAN_POINT('',(-3.320104013797,-63.02328239933));
#2516 = CARTESIAN_POINT('',(-3.327065266858,-63.22596736168));
#2517 = CARTESIAN_POINT('',(-3.334241014025,-63.42795949254));
#2518 = CARTESIAN_POINT('',(-3.341639667851,-63.62924052242));
#2519 = CARTESIAN_POINT('',(-3.349269906536,-63.82976438975));
#2520 = CARTESIAN_POINT('',(-3.357140683131,-64.02945759535));
#2521 = CARTESIAN_POINT('',(-3.365261234733,-64.22821955675));
#2522 = CARTESIAN_POINT('',(-3.382452691674,-64.63381235016));
#2523 = CARTESIAN_POINT('',(-3.391548839597,-64.84048039429));
#2524 = CARTESIAN_POINT('',(-3.400946560737,-65.04592438008));
#2525 = CARTESIAN_POINT('',(-3.410663090217,-65.25007621365));
#2526 = CARTESIAN_POINT('',(-3.420715906545,-65.45280339269));
#2527 = CARTESIAN_POINT('',(-3.43112276516,-65.6539099771));
#2528 = CARTESIAN_POINT('',(-3.441901731978,-65.85313755951));
#2529 = CARTESIAN_POINT('',(-3.468219206374,-66.31737536128));
#2530 = CARTESIAN_POINT('',(-3.48409146086,-66.58064532413));
#2531 = CARTESIAN_POINT('',(-3.500751473429,-66.83946281243));
#2532 = CARTESIAN_POINT('',(-3.518263103106,-67.09297826685));
#2533 = CARTESIAN_POINT('',(-3.5366902854,-67.3400089896));
#2534 = CARTESIAN_POINT('',(-3.556097219512,-67.57904349523));
#2535 = CARTESIAN_POINT('',(-3.576549032274,-67.80824710345));
#2536 = CARTESIAN_POINT('',(-3.625797866634,-68.30435034782));
#2537 = CARTESIAN_POINT('',(-3.655937082621,-68.56974091951));
#2538 = CARTESIAN_POINT('',(-3.688057420994,-68.80788298924));
#2539 = CARTESIAN_POINT('',(-3.721724619591,-69.00916414206));
#2540 = CARTESIAN_POINT('',(-3.756502615145,-69.16772064211));
#2541 = CARTESIAN_POINT('',(-3.791935427065,-69.28119214451));
#2542 = CARTESIAN_POINT('',(-3.827528683077,-69.35052397362));
#2543 = CARTESIAN_POINT('',(-3.880943731902,-69.3948443816));
#2544 = CARTESIAN_POINT('',(-3.898978842398,-69.39911473359));
#2545 = CARTESIAN_POINT('',(-3.916795412013,-69.39331589148));
#2546 = CARTESIAN_POINT('',(-3.934374823398,-69.37824036342));
#2547 = CARTESIAN_POINT('',(-3.951697481106,-69.35468182003));
#2548 = CARTESIAN_POINT('',(-3.96874267125,-69.32343516848));
#2549 = CARTESIAN_POINT('',(-3.985488421153,-69.28529662647));
#2550 = CARTESIAN_POINT('',(-4.019447517295,-69.19383266638));
#2551 = CARTESIAN_POINT('',(-4.036655605226,-69.13954529646));
#2552 = CARTESIAN_POINT('',(-4.053544492143,-69.07900745766));
#2553 = CARTESIAN_POINT('',(-4.070124807864,-69.01293164656));
#2554 = CARTESIAN_POINT('',(-4.086409149587,-68.94193987546));
#2555 = CARTESIAN_POINT('',(-4.102412288808,-68.86656646267));
#2556 = CARTESIAN_POINT('',(-4.118151378234,-68.78726082282));
#2557 = CARTESIAN_POINT('',(-4.20417827642,-68.32716409973));
#2558 = CARTESIAN_POINT('',(-4.270907839405,-67.86933082492));
#2559 = CARTESIAN_POINT('',(-4.334121937378,-67.36759948513));
#2560 = CARTESIAN_POINT('',(-4.39424774185,-66.84493030507));
#2561 = CARTESIAN_POINT('',(-4.451867933539,-66.31365348282));
#2562 = CARTESIAN_POINT('',(-4.507786354943,-65.77752624751));
#2563 = CARTESIAN_POINT('',(-4.563046127671,-65.23415213543));
#2564 = CARTESIAN_POINT('',(-4.634993753632,-64.51745827269));
#2565 = CARTESIAN_POINT('',(-4.651058366579,-64.35684327026));
#2566 = CARTESIAN_POINT('',(-4.667081620282,-64.196224005));
#2567 = CARTESIAN_POINT('',(-4.683070935292,-64.03568810249));
#2568 = CARTESIAN_POINT('',(-4.699033660052,-63.87531272102));
#2569 = CARTESIAN_POINT('',(-4.714977148652,-63.71516492358));
#2570 = CARTESIAN_POINT('',(-4.730908838588,-63.55530204991));
#2571 = CARTESIAN_POINT('',(-4.809670468713,-62.76642446401));
#2572 = CARTESIAN_POINT('',(-4.872683950239,-62.13980610337));
#2573 = CARTESIAN_POINT('',(-4.936072170884,-61.52163296467));
#2574 = CARTESIAN_POINT('',(-5.000031648713,-60.91581029712));
#2575 = CARTESIAN_POINT('',(-5.064770807974,-60.32433968711));
#2576 = CARTESIAN_POINT('',(-5.130512559465,-59.74705588875));
#2577 = CARTESIAN_POINT('',(-5.19750564201,-59.18140610516));
#2578 = CARTESIAN_POINT('',(-5.266044586877,-58.62170430114));
#2579 = ( GEOMETRIC_REPRESENTATION_CONTEXT(2) 
PARAMETRIC_REPRESENTATION_CONTEXT() REPRESENTATION_CONTEXT('2D SPACE',''
  ) );
#2580 = PCURVE('',#2581,#2586);
#2581 = CYLINDRICAL_SURFACE('',#2582,16.);
#2582 = AXIS2_PLACEMENT_3D('',#2583,#2584,#2585);
#2583 = CARTESIAN_POINT('',(24.,720.3,-367.5));
#2584 = DIRECTION('',(-1.,-0.,0.));
#2585 = DIRECTION('',(0.,0.,1.));
#2586 = DEFINITIONAL_REPRESENTATION('',(#2587),#2702);
#2587 = B_SPLINE_CURVE_WITH_KNOTS('',8,(#2588,#2589,#2590,#2591,#2592,
    #2593,#2594,#2595,#2596,#2597,#2598,#2599,#2600,#2601,#2602,#2603,
    #2604,#2605,#2606,#2607,#2608,#2609,#2610,#2611,#2612,#2613,#2614,
    #2615,#2616,#2617,#2618,#2619,#2620,#2621,#2622,#2623,#2624,#2625,
    #2626,#2627,#2628,#2629,#2630,#2631,#2632,#2633,#2634,#2635,#2636,
    #2637,#2638,#2639,#2640,#2641,#2642,#2643,#2644,#2645,#2646,#2647,
    #2648,#2649,#2650,#2651,#2652,#2653,#2654,#2655,#2656,#2657,#2658,
    #2659,#2660,#2661,#2662,#2663,#2664,#2665,#2666,#2667,#2668,#2669,
    #2670,#2671,#2672,#2673,#2674,#2675,#2676,#2677,#2678,#2679,#2680,
    #2681,#2682,#2683,#2684,#2685,#2686,#2687,#2688,#2689,#2690,#2691,
    #2692,#2693,#2694,#2695,#2696,#2697,#2698,#2699,#2700,#2701),
  .UNSPECIFIED.,.F.,.F.,(9,7,7,7,7,7,7,7,7,7,7,7,7,7,7,7,9),(0.,
    9.429433341128E-02,0.166679278644,0.213916822961,0.288315838625,
    0.4280002478,0.507102742272,0.530013909893,0.555463705323,
    0.582224713128,0.618517833596,0.665113012304,0.689266610404,
    0.715057447803,0.832457134966,0.86633831915,1.),.UNSPECIFIED.);
#2588 = CARTESIAN_POINT('',(-1.252275547818,-35.5000006));
#2589 = CARTESIAN_POINT('',(-1.286899208488,-34.79072641781));
#2590 = CARTESIAN_POINT('',(-1.32405772706,-34.09732693683));
#2591 = CARTESIAN_POINT('',(-1.363557294153,-33.42475502518));
#2592 = CARTESIAN_POINT('',(-1.405181317782,-32.77612228819));
#2593 = CARTESIAN_POINT('',(-1.448712706197,-32.15312212227));
#2594 = CARTESIAN_POINT('',(-1.493939945485,-31.55632880203));
#2595 = CARTESIAN_POINT('',(-1.540654450035,-30.98540214439));
#2596 = CARTESIAN_POINT('',(-1.625487836291,-30.01995674711));
#2597 = CARTESIAN_POINT('',(-1.662979327894,-29.61644015307));
#2598 = CARTESIAN_POINT('',(-1.701006838247,-29.2281707857));
#2599 = CARTESIAN_POINT('',(-1.739456854075,-28.85435831011));
#2600 = CARTESIAN_POINT('',(-1.778215177322,-28.49400481338));
#2601 = CARTESIAN_POINT('',(-1.817163244998,-28.14598880621));
#2602 = CARTESIAN_POINT('',(-1.856173114197,-27.80917010249));
#2603 = CARTESIAN_POINT('',(-1.920506498602,-27.26936609501));
#2604 = CARTESIAN_POINT('',(-1.945891091686,-27.06041552944));
#2605 = CARTESIAN_POINT('',(-1.971239831659,-26.85520209439));
#2606 = CARTESIAN_POINT('',(-1.996536490713,-26.65327086104));
#2607 = CARTESIAN_POINT('',(-2.021764259163,-26.45419185458));
#2608 = CARTESIAN_POINT('',(-2.046905497322,-26.25756619038));
#2609 = CARTESIAN_POINT('',(-2.071941526456,-26.06303315702));
#2610 = CARTESIAN_POINT('',(-2.136087115758,-25.56668973755));
#2611 = CARTESIAN_POINT('',(-2.174998128759,-25.26761470673));
#2612 = CARTESIAN_POINT('',(-2.213576939854,-24.9712888137));
#2613 = CARTESIAN_POINT('',(-2.251813100379,-24.67620724504));
#2614 = CARTESIAN_POINT('',(-2.289694031621,-24.38113424865));
#2615 = CARTESIAN_POINT('',(-2.327204775031,-24.08511383775));
#2616 = CARTESIAN_POINT('',(-2.36432773196,-23.78748166423));
#2617 = CARTESIAN_POINT('',(-2.469974295891,-22.92537126048));
#2618 = CARTESIAN_POINT('',(-2.53731249936,-22.35717376254));
#2619 = CARTESIAN_POINT('',(-2.603367098104,-21.77740214847));
#2620 = CARTESIAN_POINT('',(-2.668399977075,-21.18338903674));
#2621 = CARTESIAN_POINT('',(-2.732646218004,-20.57488041632));
#2622 = CARTESIAN_POINT('',(-2.796326676243,-19.95379719227));
#2623 = CARTESIAN_POINT('',(-2.859651338504,-19.32397517012));
#2624 = CARTESIAN_POINT('',(-2.958609238451,-18.33272468409));
#2625 = CARTESIAN_POINT('',(-2.994368840465,-17.97308349228));
#2626 = CARTESIAN_POINT('',(-3.030218850106,-17.61250901241));
#2627 = CARTESIAN_POINT('',(-3.066267051293,-17.2515209686));
#2628 = CARTESIAN_POINT('',(-3.102618163717,-16.89091997411));
#2629 = CARTESIAN_POINT('',(-3.139373303097,-16.53188927873));
#2630 = CARTESIAN_POINT('',(-3.176630675047,-16.17611621355));
#2631 = CARTESIAN_POINT('',(-3.225452316313,-15.72450671248));
#2632 = CARTESIAN_POINT('',(-3.236471459585,-15.62351168902));
#2633 = CARTESIAN_POINT('',(-3.247549819791,-15.52298286263));
#2634 = CARTESIAN_POINT('',(-3.258692050546,-15.42296285032));
#2635 = CARTESIAN_POINT('',(-3.269902604767,-15.32350258039));
#2636 = CARTESIAN_POINT('',(-3.281185767783,-15.22466158694));
#2637 = CARTESIAN_POINT('',(-3.292545690453,-15.12650830429));
#2638 = CARTESIAN_POINT('',(-3.316694822357,-14.92094153521));
#2639 = CARTESIAN_POINT('',(-3.329500933737,-14.81372403133));
#2640 = CARTESIAN_POINT('',(-3.342414817224,-14.7075350673));
#2641 = CARTESIAN_POINT('',(-3.355445797696,-14.60246413382));
#2642 = CARTESIAN_POINT('',(-3.368602550595,-14.49862383051));
#2643 = CARTESIAN_POINT('',(-3.381893188429,-14.39615070149));
#2644 = CARTESIAN_POINT('',(-3.395325347265,-14.29520607103));
#2645 = CARTESIAN_POINT('',(-3.423186909258,-14.09163524759));
#2646 = CARTESIAN_POINT('',(-3.437628538074,-13.98921588443));
#2647 = CARTESIAN_POINT('',(-3.452249384697,-13.88886239177));
#2648 = CARTESIAN_POINT('',(-3.467065860598,-13.7907707718));
#2649 = CARTESIAN_POINT('',(-3.482092741269,-13.69519132406));
#2650 = CARTESIAN_POINT('',(-3.497343343801,-13.60243054284));
#2651 = CARTESIAN_POINT('',(-3.512829704452,-13.51285301455));
#2652 = CARTESIAN_POINT('',(-3.549899827968,-13.310291717));
#2653 = CARTESIAN_POINT('',(-3.571699038453,-13.200290156));
#2654 = CARTESIAN_POINT('',(-3.594011540243,-13.0978206961));
#2655 = CARTESIAN_POINT('',(-3.616879641741,-13.00411859888));
#2656 = CARTESIAN_POINT('',(-3.640337538945,-12.92072507555));
#2657 = CARTESIAN_POINT('',(-3.66441190031,-12.8495019288));
#2658 = CARTESIAN_POINT('',(-3.689122304714,-12.79264808458));
#2659 = CARTESIAN_POINT('',(-3.747039156018,-12.70145351));
#2660 = CARTESIAN_POINT('',(-3.781396862222,-12.67693391113));
#2661 = CARTESIAN_POINT('',(-3.816772223244,-12.68816371788));
#2662 = CARTESIAN_POINT('',(-3.852542492641,-12.74138647681));
#2663 = CARTESIAN_POINT('',(-3.888173420209,-12.83983198433));
#2664 = CARTESIAN_POINT('',(-3.923182948445,-12.98351229754));
#2665 = CARTESIAN_POINT('',(-3.957120738522,-13.16902753262));
#2666 = CARTESIAN_POINT('',(-4.006352003599,-13.5035473279));
#2667 = CARTESIAN_POINT('',(-4.022670211772,-13.62654249242));
#2668 = CARTESIAN_POINT('',(-4.038500015409,-13.75756529873));
#2669 = CARTESIAN_POINT('',(-4.053841318446,-13.89582724301));
#2670 = CARTESIAN_POINT('',(-4.068693198791,-14.04051401446));
#2671 = CARTESIAN_POINT('',(-4.083054095664,-14.19078556516));
#2672 = CARTESIAN_POINT('',(-4.096921996944,-14.34577618011));
#2673 = CARTESIAN_POINT('',(-4.124573712957,-14.67417833594));
#2674 = CARTESIAN_POINT('',(-4.138320679664,-14.84851317316));
#2675 = CARTESIAN_POINT('',(-4.151560911828,-15.02693873966));
#2676 = CARTESIAN_POINT('',(-4.164319395114,-15.20888308836));
#2677 = CARTESIAN_POINT('',(-4.176620844132,-15.39386444439));
#2678 = CARTESIAN_POINT('',(-4.188489830898,-15.58149300528));
#2679 = CARTESIAN_POINT('',(-4.199950913302,-15.77147274113));
#2680 = CARTESIAN_POINT('',(-4.261455050041,-16.83817949497));
#2681 = CARTESIAN_POINT('',(-4.304840710102,-17.77294038432));
#2682 = CARTESIAN_POINT('',(-4.342110369765,-18.73617361008));
#2683 = CARTESIAN_POINT('',(-4.374069095559,-19.70838951792));
#2684 = CARTESIAN_POINT('',(-4.401488029975,-20.68114465339));
#2685 = CARTESIAN_POINT('',(-4.425049631411,-21.65615390858));
#2686 = CARTESIAN_POINT('',(-4.445254505927,-22.64392974785));
#2687 = CARTESIAN_POINT('',(-4.467152825243,-23.95391553518));
#2688 = CARTESIAN_POINT('',(-4.471760340399,-24.24794143898));
#2689 = CARTESIAN_POINT('',(-4.476073681636,-24.54255817685));
#2690 = CARTESIAN_POINT('',(-4.480094970633,-24.83772608671));
#2691 = CARTESIAN_POINT('',(-4.483825765012,-25.1334138184));
#2692 = CARTESIAN_POINT('',(-4.487267077475,-25.42959842782));
#2693 = CARTESIAN_POINT('',(-4.490419394938,-25.7262654711));
#2694 = CARTESIAN_POINT('',(-4.504578461516,-27.19564429911));
#2695 = CARTESIAN_POINT('',(-4.511420178866,-28.37986248154));
#2696 = CARTESIAN_POINT('',(-4.513695815025,-29.57077136931));
#2697 = CARTESIAN_POINT('',(-4.511262605817,-30.76399633305));
#2698 = CARTESIAN_POINT('',(-4.503958992309,-31.95601682826));
#2699 = CARTESIAN_POINT('',(-4.491604523415,-33.14403090165));
#2700 = CARTESIAN_POINT('',(-4.473991055635,-34.32588060732));
#2701 = CARTESIAN_POINT('',(-4.450833088011,-35.5000006));
#2702 = ( GEOMETRIC_REPRESENTATION_CONTEXT(2) 
PARAMETRIC_REPRESENTATION_CONTEXT() REPRESENTATION_CONTEXT('2D SPACE',''
  ) );
#2703 = ORIENTED_EDGE('',*,*,#2704,.F.);
#2704 = EDGE_CURVE('',#1943,#2344,#2705,.T.);
#2705 = SURFACE_CURVE('',#2706,(#2711,#2729),.PCURVE_S1.);
#2706 = ELLIPSE('',#2707,31.164739191242,16.);
#2707 = AXIS2_PLACEMENT_3D('',#2708,#2709,#2710);
#2708 = CARTESIAN_POINT('',(59.5,720.3,-381.5));
#2709 = DIRECTION('',(1.,0.,0.));
#2710 = DIRECTION('',(0.,-0.92203235514,0.38711282086));
#2711 = PCURVE('',#676,#2712);
#2712 = DEFINITIONAL_REPRESENTATION('',(#2713),#2728);
#2713 = B_SPLINE_CURVE_WITH_KNOTS('',7,(#2714,#2715,#2716,#2717,#2718,
    #2719,#2720,#2721,#2722,#2723,#2724,#2725,#2726,#2727),
  .UNSPECIFIED.,.F.,.F.,(8,6,8),(3.969421210828,4.92469071055,
    5.879960210271),.UNSPECIFIED.);
#2714 = CARTESIAN_POINT('',(-5.667658480106,-67.76048459186));
#2715 = CARTESIAN_POINT('',(-5.531191408717,-65.07263049397));
#2716 = CARTESIAN_POINT('',(-5.394724337329,-61.99169571927));
#2717 = CARTESIAN_POINT('',(-5.25825726594,-58.59944115258));
#2718 = CARTESIAN_POINT('',(-5.121790194551,-54.99555365528));
#2719 = CARTESIAN_POINT('',(-4.985323123163,-51.29146749957));
#2720 = CARTESIAN_POINT('',(-4.848856051773,-47.60129674799));
#2721 = CARTESIAN_POINT('',(-4.575921908996,-40.46583019186));
#2722 = CARTESIAN_POINT('',(-4.439454837608,-37.02053496899));
#2723 = CARTESIAN_POINT('',(-4.302987766216,-33.80619769398));
#2724 = CARTESIAN_POINT('',(-4.166520694833,-30.9257681332));
#2725 = CARTESIAN_POINT('',(-4.03005362344,-28.46831082361));
#2726 = CARTESIAN_POINT('',(-3.893586552052,-26.50175772105));
#2727 = CARTESIAN_POINT('',(-3.757119480664,-25.06967377076));
#2728 = ( GEOMETRIC_REPRESENTATION_CONTEXT(2) 
PARAMETRIC_REPRESENTATION_CONTEXT() REPRESENTATION_CONTEXT('2D SPACE',''
  ) );
#2729 = PCURVE('',#2331,#2730);
#2730 = DEFINITIONAL_REPRESENTATION('',(#2731),#2735);
#2731 = ELLIPSE('',#2732,31.164739191242,16.);
#2732 = AXIS2_PLACEMENT_2D('',#2733,#2734);
#2733 = CARTESIAN_POINT('',(-14.,-2.273736754432E-13));
#2734 = DIRECTION('',(0.38711282086,0.92203235514));
#2735 = ( GEOMETRIC_REPRESENTATION_CONTEXT(2) 
PARAMETRIC_REPRESENTATION_CONTEXT() REPRESENTATION_CONTEXT('2D SPACE',''
  ) );
#2736 = ADVANCED_FACE('',(#2737),#710,.T.);
#2737 = FACE_BOUND('',#2738,.T.);
#2738 = EDGE_LOOP('',(#2739,#2760,#2761,#2782));
#2739 = ORIENTED_EDGE('',*,*,#2740,.T.);
#2740 = EDGE_CURVE('',#2741,#655,#2743,.T.);
#2741 = VERTEX_POINT('',#2742);
#2742 = CARTESIAN_POINT('',(95.905469393461,688.07606792705,-365.));
#2743 = SURFACE_CURVE('',#2744,(#2748,#2754),.PCURVE_S1.);
#2744 = LINE('',#2745,#2746);
#2745 = CARTESIAN_POINT('',(85.,681.,-365.));
#2746 = VECTOR('',#2747,1.);
#2747 = DIRECTION('',(0.838882261035,0.544312917466,3.496233963756E-15)
  );
#2748 = PCURVE('',#710,#2749);
#2749 = DEFINITIONAL_REPRESENTATION('',(#2750),#2753);
#2750 = B_SPLINE_CURVE_WITH_KNOTS('',1,(#2751,#2752),.UNSPECIFIED.,.F.,
  .F.,(2,2),(-16.,16.),.PIECEWISE_BEZIER_KNOTS.);
#2751 = CARTESIAN_POINT('',(-5.112786374522,-15.16111524553));
#2752 = CARTESIAN_POINT('',(5.112786374523,15.161115245538));
#2753 = ( GEOMETRIC_REPRESENTATION_CONTEXT(2) 
PARAMETRIC_REPRESENTATION_CONTEXT() REPRESENTATION_CONTEXT('2D SPACE',''
  ) );
#2754 = PCURVE('',#857,#2755);
#2755 = DEFINITIONAL_REPRESENTATION('',(#2756),#2759);
#2756 = B_SPLINE_CURVE_WITH_KNOTS('',1,(#2757,#2758),.UNSPECIFIED.,.F.,
  .F.,(2,2),(-16.,16.),.PIECEWISE_BEZIER_KNOTS.);
#2757 = CARTESIAN_POINT('',(-16.,-1.939833462377E-13));
#2758 = CARTESIAN_POINT('',(16.,-3.137199177004E-13));
#2759 = ( GEOMETRIC_REPRESENTATION_CONTEXT(2) 
PARAMETRIC_REPRESENTATION_CONTEXT() REPRESENTATION_CONTEXT('2D SPACE',''
  ) );
#2760 = ORIENTED_EDGE('',*,*,#693,.T.);
#2761 = ORIENTED_EDGE('',*,*,#2762,.T.);
#2762 = EDGE_CURVE('',#694,#2763,#2765,.T.);
#2763 = VERTEX_POINT('',#2764);
#2764 = CARTESIAN_POINT('',(74.094530606539,673.92393207294,
    -364.9999999999));
#2765 = SURFACE_CURVE('',#2766,(#2770,#2776),.PCURVE_S1.);
#2766 = LINE('',#2767,#2768);
#2767 = CARTESIAN_POINT('',(85.,681.,-365.));
#2768 = VECTOR('',#2769,1.);
#2769 = DIRECTION('',(0.838882261035,0.544312917466,3.496233963756E-15)
  );
#2770 = PCURVE('',#710,#2771);
#2771 = DEFINITIONAL_REPRESENTATION('',(#2772),#2775);
#2772 = B_SPLINE_CURVE_WITH_KNOTS('',1,(#2773,#2774),.UNSPECIFIED.,.F.,
  .F.,(2,2),(-16.,16.),.PIECEWISE_BEZIER_KNOTS.);
#2773 = CARTESIAN_POINT('',(-5.112786374522,-15.16111524553));
#2774 = CARTESIAN_POINT('',(5.112786374523,15.161115245538));
#2775 = ( GEOMETRIC_REPRESENTATION_CONTEXT(2) 
PARAMETRIC_REPRESENTATION_CONTEXT() REPRESENTATION_CONTEXT('2D SPACE',''
  ) );
#2776 = PCURVE('',#857,#2777);
#2777 = DEFINITIONAL_REPRESENTATION('',(#2778),#2781);
#2778 = B_SPLINE_CURVE_WITH_KNOTS('',1,(#2779,#2780),.UNSPECIFIED.,.F.,
  .F.,(2,2),(-16.,16.),.PIECEWISE_BEZIER_KNOTS.);
#2779 = CARTESIAN_POINT('',(-16.,-1.939833462377E-13));
#2780 = CARTESIAN_POINT('',(16.,-3.137199177004E-13));
#2781 = ( GEOMETRIC_REPRESENTATION_CONTEXT(2) 
PARAMETRIC_REPRESENTATION_CONTEXT() REPRESENTATION_CONTEXT('2D SPACE',''
  ) );
#2782 = ORIENTED_EDGE('',*,*,#2783,.F.);
#2783 = EDGE_CURVE('',#2741,#2763,#2784,.T.);
#2784 = SURFACE_CURVE('',#2785,(#2790,#2797),.PCURVE_S1.);
#2785 = CIRCLE('',#2786,13.);
#2786 = AXIS2_PLACEMENT_3D('',#2787,#2788,#2789);
#2787 = CARTESIAN_POINT('',(85.,681.,-365.));
#2788 = DIRECTION('',(-0.465022737593,0.716682101467,-0.519731294957));
#2789 = DIRECTION('',(0.,0.587068831465,0.80953702023));
#2790 = PCURVE('',#710,#2791);
#2791 = DEFINITIONAL_REPRESENTATION('',(#2792),#2796);
#2792 = CIRCLE('',#2793,13.);
#2793 = AXIS2_PLACEMENT_2D('',#2794,#2795);
#2794 = CARTESIAN_POINT('',(4.601685192427E-14,-1.55182735377E-14));
#2795 = DIRECTION('',(1.,-2.775557561563E-17));
#2796 = ( GEOMETRIC_REPRESENTATION_CONTEXT(2) 
PARAMETRIC_REPRESENTATION_CONTEXT() REPRESENTATION_CONTEXT('2D SPACE',''
  ) );
#2797 = PCURVE('',#2798,#2803);
#2798 = CYLINDRICAL_SURFACE('',#2799,13.);
#2799 = AXIS2_PLACEMENT_3D('',#2800,#2801,#2802);
#2800 = CARTESIAN_POINT('',(170.,550.,-270.));
#2801 = DIRECTION('',(0.465022737593,-0.716682101467,0.519731294957));
#2802 = DIRECTION('',(0.,0.587068831465,0.80953702023));
#2803 = DEFINITIONAL_REPRESENTATION('',(#2804),#2808);
#2804 = LINE('',#2805,#2806);
#2805 = CARTESIAN_POINT('',(-0.,-182.7867610085));
#2806 = VECTOR('',#2807,1.);
#2807 = DIRECTION('',(-1.,0.));
#2808 = ( GEOMETRIC_REPRESENTATION_CONTEXT(2) 
PARAMETRIC_REPRESENTATION_CONTEXT() REPRESENTATION_CONTEXT('2D SPACE',''
  ) );
#2809 = ADVANCED_FACE('',(#2810,#2892),#1192,.T.);
#2810 = FACE_BOUND('',#2811,.F.);
#2811 = EDGE_LOOP('',(#2812,#2837,#2864,#2865));
#2812 = ORIENTED_EDGE('',*,*,#2813,.F.);
#2813 = EDGE_CURVE('',#2814,#2816,#2818,.T.);
#2814 = VERTEX_POINT('',#2815);
#2815 = CARTESIAN_POINT('',(-50.,812.,-395.));
#2816 = VERTEX_POINT('',#2817);
#2817 = CARTESIAN_POINT('',(50.,812.,-395.));
#2818 = SEAM_CURVE('',#2819,(#2823,#2830),.PCURVE_S1.);
#2819 = LINE('',#2820,#2821);
#2820 = CARTESIAN_POINT('',(-50.,812.,-395.));
#2821 = VECTOR('',#2822,1.);
#2822 = DIRECTION('',(1.,0.,0.));
#2823 = PCURVE('',#1192,#2824);
#2824 = DEFINITIONAL_REPRESENTATION('',(#2825),#2829);
#2825 = LINE('',#2826,#2827);
#2826 = CARTESIAN_POINT('',(-6.28318530718,0.));
#2827 = VECTOR('',#2828,1.);
#2828 = DIRECTION('',(-0.,-1.));
#2829 = ( GEOMETRIC_REPRESENTATION_CONTEXT(2) 
PARAMETRIC_REPRESENTATION_CONTEXT() REPRESENTATION_CONTEXT('2D SPACE',''
  ) );
#2830 = PCURVE('',#1192,#2831);
#2831 = DEFINITIONAL_REPRESENTATION('',(#2832),#2836);
#2832 = LINE('',#2833,#2834);
#2833 = CARTESIAN_POINT('',(-0.,0.));
#2834 = VECTOR('',#2835,1.);
#2835 = DIRECTION('',(-0.,-1.));
#2836 = ( GEOMETRIC_REPRESENTATION_CONTEXT(2) 
PARAMETRIC_REPRESENTATION_CONTEXT() REPRESENTATION_CONTEXT('2D SPACE',''
  ) );
#2837 = ORIENTED_EDGE('',*,*,#2838,.F.);
#2838 = EDGE_CURVE('',#2814,#2814,#2839,.T.);
#2839 = SURFACE_CURVE('',#2840,(#2845,#2852),.PCURVE_S1.);
#2840 = CIRCLE('',#2841,25.);
#2841 = AXIS2_PLACEMENT_3D('',#2842,#2843,#2844);
#2842 = CARTESIAN_POINT('',(-50.,812.,-420.));
#2843 = DIRECTION('',(1.,0.,-0.));
#2844 = DIRECTION('',(0.,0.,1.));
#2845 = PCURVE('',#1192,#2846);
#2846 = DEFINITIONAL_REPRESENTATION('',(#2847),#2851);
#2847 = LINE('',#2848,#2849);
#2848 = CARTESIAN_POINT('',(-0.,0.));
#2849 = VECTOR('',#2850,1.);
#2850 = DIRECTION('',(-1.,0.));
#2851 = ( GEOMETRIC_REPRESENTATION_CONTEXT(2) 
PARAMETRIC_REPRESENTATION_CONTEXT() REPRESENTATION_CONTEXT('2D SPACE',''
  ) );
#2852 = PCURVE('',#2853,#2858);
#2853 = PLANE('',#2854);
#2854 = AXIS2_PLACEMENT_3D('',#2855,#2856,#2857);
#2855 = CARTESIAN_POINT('',(-50.,812.,-420.));
#2856 = DIRECTION('',(1.,0.,0.));
#2857 = DIRECTION('',(-0.,0.,1.));
#2858 = DEFINITIONAL_REPRESENTATION('',(#2859),#2863);
#2859 = CIRCLE('',#2860,25.);
#2860 = AXIS2_PLACEMENT_2D('',#2861,#2862);
#2861 = CARTESIAN_POINT('',(0.,1.136868377216E-13));
#2862 = DIRECTION('',(1.,0.));
#2863 = ( GEOMETRIC_REPRESENTATION_CONTEXT(2) 
PARAMETRIC_REPRESENTATION_CONTEXT() REPRESENTATION_CONTEXT('2D SPACE',''
  ) );
#2864 = ORIENTED_EDGE('',*,*,#2813,.T.);
#2865 = ORIENTED_EDGE('',*,*,#2866,.T.);
#2866 = EDGE_CURVE('',#2816,#2816,#2867,.T.);
#2867 = SURFACE_CURVE('',#2868,(#2873,#2880),.PCURVE_S1.);
#2868 = CIRCLE('',#2869,25.);
#2869 = AXIS2_PLACEMENT_3D('',#2870,#2871,#2872);
#2870 = CARTESIAN_POINT('',(50.,812.,-420.));
#2871 = DIRECTION('',(1.,0.,-0.));
#2872 = DIRECTION('',(0.,0.,1.));
#2873 = PCURVE('',#1192,#2874);
#2874 = DEFINITIONAL_REPRESENTATION('',(#2875),#2879);
#2875 = LINE('',#2876,#2877);
#2876 = CARTESIAN_POINT('',(-0.,-100.));
#2877 = VECTOR('',#2878,1.);
#2878 = DIRECTION('',(-1.,0.));
#2879 = ( GEOMETRIC_REPRESENTATION_CONTEXT(2) 
PARAMETRIC_REPRESENTATION_CONTEXT() REPRESENTATION_CONTEXT('2D SPACE',''
  ) );
#2880 = PCURVE('',#2881,#2886);
#2881 = PLANE('',#2882);
#2882 = AXIS2_PLACEMENT_3D('',#2883,#2884,#2885);
#2883 = CARTESIAN_POINT('',(50.,812.,-420.));
#2884 = DIRECTION('',(1.,0.,0.));
#2885 = DIRECTION('',(-0.,0.,1.));
#2886 = DEFINITIONAL_REPRESENTATION('',(#2887),#2891);
#2887 = CIRCLE('',#2888,25.);
#2888 = AXIS2_PLACEMENT_2D('',#2889,#2890);
#2889 = CARTESIAN_POINT('',(0.,1.136868377216E-13));
#2890 = DIRECTION('',(1.,0.));
#2891 = ( GEOMETRIC_REPRESENTATION_CONTEXT(2) 
PARAMETRIC_REPRESENTATION_CONTEXT() REPRESENTATION_CONTEXT('2D SPACE',''
  ) );
#2892 = FACE_BOUND('',#2893,.F.);
#2893 = EDGE_LOOP('',(#2894,#3353,#3354));
#2894 = ORIENTED_EDGE('',*,*,#2895,.F.);
#2895 = EDGE_CURVE('',#871,#1425,#2896,.T.);
#2896 = SURFACE_CURVE('',#2897,(#3047,#3200),.PCURVE_S1.);
#2897 = B_SPLINE_CURVE_WITH_KNOTS('',8,(#2898,#2899,#2900,#2901,#2902,
    #2903,#2904,#2905,#2906,#2907,#2908,#2909,#2910,#2911,#2912,#2913,
    #2914,#2915,#2916,#2917,#2918,#2919,#2920,#2921,#2922,#2923,#2924,
    #2925,#2926,#2927,#2928,#2929,#2930,#2931,#2932,#2933,#2934,#2935,
    #2936,#2937,#2938,#2939,#2940,#2941,#2942,#2943,#2944,#2945,#2946,
    #2947,#2948,#2949,#2950,#2951,#2952,#2953,#2954,#2955,#2956,#2957,
    #2958,#2959,#2960,#2961,#2962,#2963,#2964,#2965,#2966,#2967,#2968,
    #2969,#2970,#2971,#2972,#2973,#2974,#2975,#2976,#2977,#2978,#2979,
    #2980,#2981,#2982,#2983,#2984,#2985,#2986,#2987,#2988,#2989,#2990,
    #2991,#2992,#2993,#2994,#2995,#2996,#2997,#2998,#2999,#3000,#3001,
    #3002,#3003,#3004,#3005,#3006,#3007,#3008,#3009,#3010,#3011,#3012,
    #3013,#3014,#3015,#3016,#3017,#3018,#3019,#3020,#3021,#3022,#3023,
    #3024,#3025,#3026,#3027,#3028,#3029,#3030,#3031,#3032,#3033,#3034,
    #3035,#3036,#3037,#3038,#3039,#3040,#3041,#3042,#3043,#3044,#3045,
    #3046),.UNSPECIFIED.,.T.,.F.,(9,7,7,7,7,7,7,7,7,7,7,7,7,7,7,7,7,7,7,
    7,7,9),(0.,4.998857025001E-02,9.54908218263E-02,0.132703686138,
    0.183221179365,0.295456313445,0.392665950367,0.415871420439,
    0.449300228271,0.476635237741,0.510487855749,0.53313639104,
    0.621039752332,0.65773684942,0.773038580432,0.82726756798,
    0.872929726623,0.912487474249,0.937051597933,0.950283311812,
    0.976708334048,1.),.UNSPECIFIED.);
#2898 = CARTESIAN_POINT('',(3.406169291097,787.85465165,-413.5190931917)
  );
#2899 = CARTESIAN_POINT('',(3.256285107376,787.62365367273,
    -414.3797021766));
#2900 = CARTESIAN_POINT('',(3.062502655304,787.43205486139,
    -415.2335445609));
#2901 = CARTESIAN_POINT('',(2.826699055931,787.27883566091,
    -416.0751963337));
#2902 = CARTESIAN_POINT('',(2.550979829275,787.16214444772,
    -416.8993679116));
#2903 = CARTESIAN_POINT('',(2.237683322249,787.07937644177,
    -417.7010080514));
#2904 = CARTESIAN_POINT('',(1.889399804164,787.02729493591,
    -418.475419933));
#2905 = CARTESIAN_POINT('',(1.509005229828,787.00219484278,
    -419.2183894134));
#2906 = CARTESIAN_POINT('',(0.727147113826,786.99820951272,
    -420.5707264332));
#2907 = CARTESIAN_POINT('',(0.329993630541,787.01537558181,
    -421.1872149984));
#2908 = CARTESIAN_POINT('',(-8.98766982764E-02,787.04873119363,
    -421.7736014292));
#2909 = CARTESIAN_POINT('',(-0.530587981498,787.09529127896,
    -422.3281093106));
#2910 = CARTESIAN_POINT('',(-0.990271952117,787.15208311776,
    -422.8493877313));
#2911 = CARTESIAN_POINT('',(-1.467066718388,787.21625344515,
    -423.3365105667));
#2912 = CARTESIAN_POINT('',(-1.959104832219,787.28516081753,
    -423.7889628459));
#2913 = CARTESIAN_POINT('',(-2.877807689575,787.41475794045,
    -424.5481797854));
#2914 = CARTESIAN_POINT('',(-3.299851732835,787.47462932209,
    -424.8663035611));
#2915 = CARTESIAN_POINT('',(-3.729623662991,787.53478457473,
    -425.1609976381));
#2916 = CARTESIAN_POINT('',(-4.166130065948,787.59407573619,
    -425.4324357736));
#2917 = CARTESIAN_POINT('',(-4.608369481215,787.65150945904,
    -425.6809364295));
#2918 = CARTESIAN_POINT('',(-5.055317767499,787.70625831138,
    -425.9069487048));
#2919 = CARTESIAN_POINT('',(-5.505912607822,787.75766361065,
    -426.1110411457));
#2920 = CARTESIAN_POINT('',(-6.574166266689,787.86980219617,
    -426.542120467));
#2921 = CARTESIAN_POINT('',(-7.193265235054,787.92722674569,
    -426.7509252606));
#2922 = CARTESIAN_POINT('',(-7.815089978687,787.97645728069,
    -426.9227943567));
#2923 = CARTESIAN_POINT('',(-8.438425975806,788.0169232491,
    -427.0600680187));
#2924 = CARTESIAN_POINT('',(-9.062027621308,788.04843914241,
    -427.1649758922));
#2925 = CARTESIAN_POINT('',(-9.684576003458,788.07112560344,
    -427.2396709089));
#2926 = CARTESIAN_POINT('',(-10.30465509934,788.0853422047,
    -427.2862614308));
#2927 = CARTESIAN_POINT('',(-12.28952152219,788.10560575921,
    -427.3525648413));
#2928 = CARTESIAN_POINT('',(-13.64408257259,788.08050751767,
    -427.2700848946));
#2929 = CARTESIAN_POINT('',(-14.98006782684,788.02186380021,
    -427.0809899309));
#2930 = CARTESIAN_POINT('',(-16.294635365,787.93786469208,
    -426.8009022988));
#2931 = CARTESIAN_POINT('',(-17.58660893054,787.83622945783,
    -426.4408907407));
#2932 = CARTESIAN_POINT('',(-18.85673521344,787.7236929943,
    -426.0076895436));
#2933 = CARTESIAN_POINT('',(-20.10713036251,787.60626456505,
    -425.5037630468));
#2934 = CARTESIAN_POINT('',(-22.40661756962,787.39000149335,
    -424.4280170684));
#2935 = CARTESIAN_POINT('',(-23.4487665678,787.29186228666,
    -423.8796902469));
#2936 = CARTESIAN_POINT('',(-24.47266829805,787.19959063803,
    -423.2807012857));
#2937 = CARTESIAN_POINT('',(-25.48294645548,787.11685070659,
    -422.626256396));
#2938 = CARTESIAN_POINT('',(-26.4802004038,787.04840468599,
    -421.9100032051));
#2939 = CARTESIAN_POINT('',(-27.45977969227,787.00095491766,
    -421.12517325));
#2940 = CARTESIAN_POINT('',(-28.41072475695,786.98376634614,
    -420.2655413164));
#2941 = CARTESIAN_POINT('',(-29.53022377784,787.01511529712,
    -419.102323301));
#2942 = CARTESIAN_POINT('',(-29.74370358497,787.02359018747,
    -418.8731871937));
#2943 = CARTESIAN_POINT('',(-29.95486886857,787.03468811325,
    -418.6387597441));
#2944 = CARTESIAN_POINT('',(-30.16358596572,787.04862343723,
    -418.3987372817));
#2945 = CARTESIAN_POINT('',(-30.36964111935,787.06563643645,
    -418.1528344775));
#2946 = CARTESIAN_POINT('',(-30.57274092758,787.0859943267,
    -417.9007847222));
#2947 = CARTESIAN_POINT('',(-30.77251279301,787.10999228701,
    -417.6423405049));
#2948 = CARTESIAN_POINT('',(-31.25084390005,787.17823562953,
    -416.9954300183));
#2949 = CARTESIAN_POINT('',(-31.52528498043,787.22673571833,
    -416.5999161967));
#2950 = CARTESIAN_POINT('',(-31.79102326024,787.28449623292,
    -416.1893279269));
#2951 = CARTESIAN_POINT('',(-32.04665270797,787.35274617689,
    -415.7624303585));
#2952 = CARTESIAN_POINT('',(-32.29015805221,787.43290855883,
    -415.3181899526));
#2953 = CARTESIAN_POINT('',(-32.51890356276,787.52660151235,
    -414.8558043311));
#2954 = CARTESIAN_POINT('',(-32.72961917448,787.63563405209,
    -414.3747302103));
#2955 = CARTESIAN_POINT('',(-33.07273845702,787.86532404461,
    -413.4658383335));
#2956 = CARTESIAN_POINT('',(-33.21373548002,787.98112268422,
    -413.040802559));
#2957 = CARTESIAN_POINT('',(-33.33735458954,788.10986589074,
    -412.6028857709));
#2958 = CARTESIAN_POINT('',(-33.44026534166,788.25183630221,
    -412.1551557581));
#2959 = CARTESIAN_POINT('',(-33.51980701182,788.40708764208,
    -411.7005160292));
#2960 = CARTESIAN_POINT('',(-33.5739748382,788.57541950663,
    -411.2417355015));
#2961 = CARTESIAN_POINT('',(-33.60141277823,788.75636498638,
    -410.781456273));
#2962 = CARTESIAN_POINT('',(-33.60141277823,789.18799365422,
    -409.7533952641));
#2963 = CARTESIAN_POINT('',(-33.5593307554,789.43956447711,
    -409.1991370007));
#2964 = CARTESIAN_POINT('',(-33.47718309568,789.70173327849,
    -408.6624227174));
#2965 = CARTESIAN_POINT('',(-33.35799478854,789.97186349804,
    -408.1461089528));
#2966 = CARTESIAN_POINT('',(-33.2058019101,790.24688672034,
    -407.6528603844));
#2967 = CARTESIAN_POINT('',(-33.025669681,790.52331911981,-407.18517521)
  );
#2968 = CARTESIAN_POINT('',(-32.82372609932,790.79725995685,
    -406.7454662809));
#2969 = CARTESIAN_POINT('',(-32.4623553941,791.24307911232,
    -406.0623837883));
#2970 = CARTESIAN_POINT('',(-32.3094690225,791.42059032731,
    -405.7993440853));
#2971 = CARTESIAN_POINT('',(-32.14955485582,791.59663827811,
    -405.5465618005));
#2972 = CARTESIAN_POINT('',(-31.98348225436,791.77102287708,
    -405.303509959));
#2973 = CARTESIAN_POINT('',(-31.81198894331,791.94360854649,
    -405.069654612));
#2974 = CARTESIAN_POINT('',(-31.63568283965,792.11432132387,
    -404.8444577624));
#2975 = CARTESIAN_POINT('',(-31.45504387919,792.28314596751,
    -404.6273802902));
#2976 = CARTESIAN_POINT('',(-30.55388741455,793.09819357316,
    -403.604792518));
#2977 = CARTESIAN_POINT('',(-29.76753249363,793.72736416103,
    -402.8947060146));
#2978 = CARTESIAN_POINT('',(-28.93983015126,794.32898261834,
    -402.2738374086));
#2979 = CARTESIAN_POINT('',(-28.08919525839,794.89929327547,
    -401.7284950799));
#2980 = CARTESIAN_POINT('',(-27.22517191475,795.43853658713,
    -401.2459526166));
#2981 = CARTESIAN_POINT('',(-26.34901456177,795.94989846641,
    -400.814736278));
#2982 = CARTESIAN_POINT('',(-25.4544785563,796.43826575549,
    -400.4250331987));
#2983 = CARTESIAN_POINT('',(-24.14310058336,797.10383586092,
    -399.9210370785));
#2984 = CARTESIAN_POINT('',(-23.75422821546,797.29521396125,
    -399.7795847523));
#2985 = CARTESIAN_POINT('',(-23.36287801906,797.48185904934,
    -399.6447925052));
#2986 = CARTESIAN_POINT('',(-22.96916437985,797.66368441756,
    -399.5163648225));
#2987 = CARTESIAN_POINT('',(-22.57315418235,797.84059907296,
    -399.3940345212));
#2988 = CARTESIAN_POINT('',(-22.17487484165,798.01250152627,
    -399.2775629946));
#2989 = CARTESIAN_POINT('',(-21.77432233515,798.17927358094,
    -399.1667404567));
#2990 = CARTESIAN_POINT('',(-20.10571080772,798.84820641082,
    -398.730364644));
#2991 = CARTESIAN_POINT('',(-18.82081945921,799.30216318594,
    -398.4542625013));
#2992 = CARTESIAN_POINT('',(-17.51510856518,799.69921124472,
    -398.226662171));
#2993 = CARTESIAN_POINT('',(-16.18623230336,800.03286199307,
    -398.0448296898));
#2994 = CARTESIAN_POINT('',(-14.83341810811,800.29264045734,
    -397.9087678176));
#2995 = CARTESIAN_POINT('',(-13.45806935175,800.46383326602,
    -397.8210745175));
#2996 = CARTESIAN_POINT('',(-12.06342218867,800.52773901186,
    -397.787559019));
#2997 = CARTESIAN_POINT('',(-9.991728110065,800.43271886672,
    -397.8369861931));
#2998 = CARTESIAN_POINT('',(-9.324362452117,800.37382372958,
    -397.8676827429));
#2999 = CARTESIAN_POINT('',(-8.654466624366,800.28406772922,
    -397.9146907298));
#3000 = CARTESIAN_POINT('',(-7.984017421248,800.16130804227,
    -397.9796132198));
#3001 = CARTESIAN_POINT('',(-7.314833987835,800.00364821181,
    -398.0643217606));
#3002 = CARTESIAN_POINT('',(-6.648620426367,799.80947672521,
    -398.1710545373));
#3003 = CARTESIAN_POINT('',(-5.987037372577,799.57751547053,
    -398.3025217626));
#3004 = CARTESIAN_POINT('',(-4.780078488974,799.07899463843,
    -398.5963183584));
#3005 = CARTESIAN_POINT('',(-4.233643600566,798.82401540797,
    -398.7502995837));
#3006 = CARTESIAN_POINT('',(-3.694618427018,798.54200904707,
    -398.92555923));
#3007 = CARTESIAN_POINT('',(-3.165018794193,798.23353148375,
    -399.123757819));
#3008 = CARTESIAN_POINT('',(-2.646793458134,797.89964625853,
    -399.3465987315));
#3009 = CARTESIAN_POINT('',(-2.141858670951,797.54192752117,
    -399.595778329));
#3010 = CARTESIAN_POINT('',(-1.652129657838,797.16244567288,
    -399.8729066064));
#3011 = CARTESIAN_POINT('',(-0.770145973385,796.41832775431,
    -400.4449163529));
#3012 = CARTESIAN_POINT('',(-0.373669926135,796.05853782609,
    -400.7324341675));
#3013 = CARTESIAN_POINT('',(8.634825414805E-03,795.68601088443,
    -401.0428685232));
#3014 = CARTESIAN_POINT('',(0.375540038899,795.30262790599,
    -401.3770457109));
#3015 = CARTESIAN_POINT('',(0.725828629546,794.91046590009,
    -401.7356721892));
#3016 = CARTESIAN_POINT('',(1.058289759024,794.51175797998,
    -402.1193051652));
#3017 = CARTESIAN_POINT('',(1.371713924303,794.1088534341,
    -402.5283231757));
#3018 = CARTESIAN_POINT('',(1.846940004215,793.45288688733,
    -403.2327532116));
#3019 = CARTESIAN_POINT('',(2.021204475162,793.20088389514,
    -403.5124953118));
#3020 = CARTESIAN_POINT('',(2.187347383734,792.94880645231,
    -403.8021067218));
#3021 = CARTESIAN_POINT('',(2.345049308042,792.697295888,-404.1015373644
    ));
#3022 = CARTESIAN_POINT('',(2.49400411027,792.44699314983,
    -404.4107012173));
#3023 = CARTESIAN_POINT('',(2.633917567041,792.19853472469,
    -404.7294741968));
#3024 = CARTESIAN_POINT('',(2.764505999777,791.95254855971,
    -405.0576920415));
#3025 = CARTESIAN_POINT('',(2.950666803645,791.57881020594,
    -405.5769223709));
#3026 = CARTESIAN_POINT('',(3.013049005716,791.44887513183,
    -405.7613648366));
#3027 = CARTESIAN_POINT('',(3.072593567162,791.31995242026,
    -405.9484264433));
#3028 = CARTESIAN_POINT('',(3.129255162342,791.19214737333,
    -406.1380542719));
#3029 = CARTESIAN_POINT('',(3.182991004324,791.06556275998,
    -406.3301915576));
#3030 = CARTESIAN_POINT('',(3.233760765101,790.94029864021,
    -406.5247776143));
#3031 = CARTESIAN_POINT('',(3.281526495816,790.81645218937,
    -406.7217477571));
#3032 = CARTESIAN_POINT('',(3.41557483036,790.44980326925,
    -407.3190257331));
#3033 = CARTESIAN_POINT('',(3.492789606579,790.21147509726,
    -407.7263235534));
#3034 = CARTESIAN_POINT('',(3.557571879035,789.979978681,-408.142234507)
  );
#3035 = CARTESIAN_POINT('',(3.609662793264,789.75608972126,
    -408.5659967015));
#3036 = CARTESIAN_POINT('',(3.648867312003,789.54050437826,
    -408.9967834652));
#3037 = CARTESIAN_POINT('',(3.675052918503,789.33383161492,
    -409.4337091062));
#3038 = CARTESIAN_POINT('',(3.688149348112,789.13658745003,
    -409.8758354959));
#3039 = CARTESIAN_POINT('',(3.688149348112,788.78401537836,
    -410.7155980666));
#3040 = CARTESIAN_POINT('',(3.677974497055,788.62652943072,
    -411.1122000547));
#3041 = CARTESIAN_POINT('',(3.65762862994,788.47701720157,
    -411.5113036856));
#3042 = CARTESIAN_POINT('',(3.627153864757,788.33570057316,
    -411.912203433));
#3043 = CARTESIAN_POINT('',(3.586630981115,788.20273930425,
    -412.3141748592));
#3044 = CARTESIAN_POINT('',(3.536179798876,788.07823094721,
    -412.7164794737));
#3045 = CARTESIAN_POINT('',(3.475959556783,787.96221076535,
    -413.1183695916));
#3046 = CARTESIAN_POINT('',(3.406169291097,787.85465165,-413.5190931917)
  );
#3047 = PCURVE('',#1192,#3048);
#3048 = DEFINITIONAL_REPRESENTATION('',(#3049),#3199);
#3049 = B_SPLINE_CURVE_WITH_KNOTS('',8,(#3050,#3051,#3052,#3053,#3054,
    #3055,#3056,#3057,#3058,#3059,#3060,#3061,#3062,#3063,#3064,#3065,
    #3066,#3067,#3068,#3069,#3070,#3071,#3072,#3073,#3074,#3075,#3076,
    #3077,#3078,#3079,#3080,#3081,#3082,#3083,#3084,#3085,#3086,#3087,
    #3088,#3089,#3090,#3091,#3092,#3093,#3094,#3095,#3096,#3097,#3098,
    #3099,#3100,#3101,#3102,#3103,#3104,#3105,#3106,#3107,#3108,#3109,
    #3110,#3111,#3112,#3113,#3114,#3115,#3116,#3117,#3118,#3119,#3120,
    #3121,#3122,#3123,#3124,#3125,#3126,#3127,#3128,#3129,#3130,#3131,
    #3132,#3133,#3134,#3135,#3136,#3137,#3138,#3139,#3140,#3141,#3142,
    #3143,#3144,#3145,#3146,#3147,#3148,#3149,#3150,#3151,#3152,#3153,
    #3154,#3155,#3156,#3157,#3158,#3159,#3160,#3161,#3162,#3163,#3164,
    #3165,#3166,#3167,#3168,#3169,#3170,#3171,#3172,#3173,#3174,#3175,
    #3176,#3177,#3178,#3179,#3180,#3181,#3182,#3183,#3184,#3185,#3186,
    #3187,#3188,#3189,#3190,#3191,#3192,#3193,#3194,#3195,#3196,#3197,
    #3198),.UNSPECIFIED.,.T.,.F.,(9,7,7,7,7,7,7,7,7,7,7,7,7,7,7,7,7,7,7,
    7,7,9),(0.,4.998857025001E-02,9.54908218263E-02,0.132703686138,
    0.183221179365,0.295456313445,0.392665950367,0.415871420439,
    0.449300228271,0.476635237741,0.510487855749,0.53313639104,
    0.621039752332,0.65773684942,0.773038580432,0.82726756798,
    0.872929726623,0.912487474249,0.937051597933,0.950283311812,
    0.976708334048,1.),.UNSPECIFIED.);
#3050 = CARTESIAN_POINT('',(-1.308564968573,-53.40616929109));
#3051 = CARTESIAN_POINT('',(-1.344207816726,-53.25628510737));
#3052 = CARTESIAN_POINT('',(-1.379180725327,-53.0625026553));
#3053 = CARTESIAN_POINT('',(-1.413353634682,-52.82669905593));
#3054 = CARTESIAN_POINT('',(-1.446599647847,-52.55097982927));
#3055 = CARTESIAN_POINT('',(-1.478793106759,-52.23768332224));
#3056 = CARTESIAN_POINT('',(-1.509810153419,-51.88939980416));
#3057 = CARTESIAN_POINT('',(-1.539531776102,-51.50900522982));
#3058 = CARTESIAN_POINT('',(-1.593625491789,-50.72714711382));
#3059 = CARTESIAN_POINT('',(-1.618282888156,-50.32999363054));
#3060 = CARTESIAN_POINT('',(-1.641760448164,-49.91012330172));
#3061 = CARTESIAN_POINT('',(-1.664003932646,-49.4694120185));
#3062 = CARTESIAN_POINT('',(-1.684967227328,-49.00972804788));
#3063 = CARTESIAN_POINT('',(-1.704613681073,-48.53293328161));
#3064 = CARTESIAN_POINT('',(-1.72291749986,-48.04089516778));
#3065 = CARTESIAN_POINT('',(-1.753725441055,-47.12219231042));
#3066 = CARTESIAN_POINT('',(-1.766671925102,-46.70014826716));
#3067 = CARTESIAN_POINT('',(-1.778700560272,-46.270376337));
#3068 = CARTESIAN_POINT('',(-1.789812262089,-45.83386993405));
#3069 = CARTESIAN_POINT('',(-1.800013099361,-45.39163051878));
#3070 = CARTESIAN_POINT('',(-1.809314399886,-44.9446822325));
#3071 = CARTESIAN_POINT('',(-1.817732812463,-44.49408739217));
#3072 = CARTESIAN_POINT('',(-1.835549857947,-43.42583373331));
#3073 = CARTESIAN_POINT('',(-1.844211324313,-42.80673476494));
#3074 = CARTESIAN_POINT('',(-1.851362029094,-42.18491002131));
#3075 = CARTESIAN_POINT('',(-1.857086429243,-41.56157402419));
#3076 = CARTESIAN_POINT('',(-1.861467991011,-40.93797237869));
#3077 = CARTESIAN_POINT('',(-1.86459052331,-40.31542399654));
#3078 = CARTESIAN_POINT('',(-1.866538987312,-39.69534490065));
#3079 = CARTESIAN_POINT('',(-1.869312217597,-37.7104784778));
#3080 = CARTESIAN_POINT('',(-1.865863671592,-36.3559174274));
#3081 = CARTESIAN_POINT('',(-1.85794446826,-35.01993217315));
#3082 = CARTESIAN_POINT('',(-1.846248237019,-33.70536463499));
#3083 = CARTESIAN_POINT('',(-1.831289725872,-32.41339106945));
#3084 = CARTESIAN_POINT('',(-1.813394477195,-31.14326478655));
#3085 = CARTESIAN_POINT('',(-1.792707041352,-29.89286963748));
#3086 = CARTESIAN_POINT('',(-1.748816283759,-27.59338243038));
#3087 = CARTESIAN_POINT('',(-1.726539733186,-26.55123343219));
#3088 = CARTESIAN_POINT('',(-1.702309807114,-25.52733170194));
#3089 = CARTESIAN_POINT('',(-1.675944450899,-24.51705354451));
#3090 = CARTESIAN_POINT('',(-1.647194134611,-23.51979959619));
#3091 = CARTESIAN_POINT('',(-1.615782636254,-22.54022030772));
#3092 = CARTESIAN_POINT('',(-1.58142835799,-21.58927524304));
#3093 = CARTESIAN_POINT('',(-1.534882743235,-20.46977622215));
#3094 = CARTESIAN_POINT('',(-1.525711495708,-20.25629641503));
#3095 = CARTESIAN_POINT('',(-1.516324738935,-20.04513113142));
#3096 = CARTESIAN_POINT('',(-1.506708798793,-19.83641403427));
#3097 = CARTESIAN_POINT('',(-1.496850441233,-19.63035888064));
#3098 = CARTESIAN_POINT('',(-1.486736813132,-19.42725907242));
#3099 = CARTESIAN_POINT('',(-1.476355383137,-19.22748720699));
#3100 = CARTESIAN_POINT('',(-1.450335380634,-18.74915609995));
#3101 = CARTESIAN_POINT('',(-1.43439860394,-18.47471501956));
#3102 = CARTESIAN_POINT('',(-1.417817798288,-18.20897673975));
#3103 = CARTESIAN_POINT('',(-1.400531412939,-17.95334729202));
#3104 = CARTESIAN_POINT('',(-1.382482575714,-17.70984194778));
#3105 = CARTESIAN_POINT('',(-1.363619277367,-17.48109643724));
#3106 = CARTESIAN_POINT('',(-1.34389426517,-17.27038082551));
#3107 = CARTESIAN_POINT('',(-1.306395637217,-16.92726154297));
#3108 = CARTESIAN_POINT('',(-1.288777521991,-16.78626451997));
#3109 = CARTESIAN_POINT('',(-1.270525710811,-16.66264541045));
#3110 = CARTESIAN_POINT('',(-1.251746323721,-16.55973465833));
#3111 = CARTESIAN_POINT('',(-1.232539210906,-16.48019298817));
#3112 = CARTESIAN_POINT('',(-1.213000213236,-16.42602516179));
#3113 = CARTESIAN_POINT('',(-1.19322266247,-16.39858722176));
#3114 = CARTESIAN_POINT('',(-1.148622882294,-16.39858722176));
#3115 = CARTESIAN_POINT('',(-1.124285659228,-16.44066924459));
#3116 = CARTESIAN_POINT('',(-1.100408516782,-16.52281690431));
#3117 = CARTESIAN_POINT('',(-1.077117298787,-16.64200521145));
#3118 = CARTESIAN_POINT('',(-1.054542482301,-16.7941980899));
#3119 = CARTESIAN_POINT('',(-1.032821684866,-16.97433031899));
#3120 = CARTESIAN_POINT('',(-1.012103824777,-17.17627390068));
#3121 = CARTESIAN_POINT('',(-0.979476071901,-17.53764460589));
#3122 = CARTESIAN_POINT('',(-0.966784259016,-17.69053097749));
#3123 = CARTESIAN_POINT('',(-0.954464632617,-17.85044514418));
#3124 = CARTESIAN_POINT('',(-0.942501338803,-18.01651774563));
#3125 = CARTESIAN_POINT('',(-0.930877543525,-18.18801105668));
#3126 = CARTESIAN_POINT('',(-0.919575443259,-18.36431716034));
#3127 = CARTESIAN_POINT('',(-0.908576275675,-18.5449561208));
#3128 = CARTESIAN_POINT('',(-0.856269666512,-19.44611258544));
#3129 = CARTESIAN_POINT('',(-0.818372209917,-20.23246750636));
#3130 = CARTESIAN_POINT('',(-0.783842735588,-21.06016984874));
#3131 = CARTESIAN_POINT('',(-0.752318848688,-21.9108047416));
#3132 = CARTESIAN_POINT('',(-0.723400966419,-22.77482808525));
#3133 = CARTESIAN_POINT('',(-0.696661488332,-23.65098543822));
#3134 = CARTESIAN_POINT('',(-0.671677668933,-24.54552144369));
#3135 = CARTESIAN_POINT('',(-0.638283162692,-25.85689941663));
#3136 = CARTESIAN_POINT('',(-0.628764613015,-26.24577178453));
#3137 = CARTESIAN_POINT('',(-0.619556376294,-26.63712198093));
#3138 = CARTESIAN_POINT('',(-0.610653014303,-27.03083562014));
#3139 = CARTESIAN_POINT('',(-0.60205023194,-27.42684581764));
#3140 = CARTESIAN_POINT('',(-0.593745032864,-27.82512515834));
#3141 = CARTESIAN_POINT('',(-0.585735875113,-28.22567766484));
#3142 = CARTESIAN_POINT('',(-0.553788543936,-29.89428919228));
#3143 = CARTESIAN_POINT('',(-0.532546052479,-31.17918054078));
#3144 = CARTESIAN_POINT('',(-0.514248308415,-32.48489143483));
#3145 = CARTESIAN_POINT('',(-0.499054166937,-33.8137676966));
#3146 = CARTESIAN_POINT('',(-0.487323976648,-35.1665818919));
#3147 = CARTESIAN_POINT('',(-0.479630194904,-36.54193064824));
#3148 = CARTESIAN_POINT('',(-0.476743782476,-37.93657781132));
#3149 = CARTESIAN_POINT('',(-0.481028055768,-40.00827188993));
#3150 = CARTESIAN_POINT('',(-0.483684664948,-40.67563754788));
#3151 = CARTESIAN_POINT('',(-0.487737428994,-41.34553337563));
#3152 = CARTESIAN_POINT('',(-0.493292169954,-42.01598257875));
#3153 = CARTESIAN_POINT('',(-0.50045086374,-42.68516601216));
#3154 = CARTESIAN_POINT('',(-0.509312761598,-43.35137957363));
#3155 = CARTESIAN_POINT('',(-0.519976314795,-44.01296262742));
#3156 = CARTESIAN_POINT('',(-0.543122440511,-45.21992151102));
#3157 = CARTESIAN_POINT('',(-0.555036411459,-45.76635639943));
#3158 = CARTESIAN_POINT('',(-0.568315755803,-46.30538157298));
#3159 = CARTESIAN_POINT('',(-0.582978651967,-46.8349812058));
#3160 = CARTESIAN_POINT('',(-0.59902987694,-47.35320654186));
#3161 = CARTESIAN_POINT('',(-0.616461151203,-47.85814132904));
#3162 = CARTESIAN_POINT('',(-0.635251468058,-48.34787034216));
#3163 = CARTESIAN_POINT('',(-0.67279411851,-49.22985402661));
#3164 = CARTESIAN_POINT('',(-0.691213312532,-49.62633007386));
#3165 = CARTESIAN_POINT('',(-0.710603002972,-50.00863482541));
#3166 = CARTESIAN_POINT('',(-0.730935766763,-50.37554003889));
#3167 = CARTESIAN_POINT('',(-0.75217961604,-50.72582862954));
#3168 = CARTESIAN_POINT('',(-0.774298869969,-51.05828975902));
#3169 = CARTESIAN_POINT('',(-0.797255026576,-51.3717139243));
#3170 = CARTESIAN_POINT('',(-0.835757261023,-51.84694000421));
#3171 = CARTESIAN_POINT('',(-0.85081568819,-52.02120447516));
#3172 = CARTESIAN_POINT('',(-0.866169927023,-52.18734738373));
#3173 = CARTESIAN_POINT('',(-0.881806795476,-52.34504930804));
#3174 = CARTESIAN_POINT('',(-0.897712908665,-52.49400411027));
#3175 = CARTESIAN_POINT('',(-0.913874669017,-52.63391756704));
#3176 = CARTESIAN_POINT('',(-0.93027825642,-52.76450599977));
#3177 = CARTESIAN_POINT('',(-0.955868269849,-52.95066680364));
#3178 = CARTESIAN_POINT('',(-0.964892405534,-53.01304900571));
#3179 = CARTESIAN_POINT('',(-0.973979009044,-53.07259356716));
#3180 = CARTESIAN_POINT('',(-0.98312506505,-53.12925516234));
#3181 = CARTESIAN_POINT('',(-0.992327553807,-53.18299100432));
#3182 = CARTESIAN_POINT('',(-1.001583445669,-53.2337607651));
#3183 = CARTESIAN_POINT('',(-1.010889695614,-53.28152649581));
#3184 = CARTESIAN_POINT('',(-1.038923173066,-53.41557483036));
#3185 = CARTESIAN_POINT('',(-1.057795055078,-53.49278960657));
#3186 = CARTESIAN_POINT('',(-1.076827519489,-53.55757187903));
#3187 = CARTESIAN_POINT('',(-1.095989157595,-53.60966279326));
#3188 = CARTESIAN_POINT('',(-1.115248541283,-53.648867312));
#3189 = CARTESIAN_POINT('',(-1.134574212404,-53.6750529185));
#3190 = CARTESIAN_POINT('',(-1.153934636534,-53.68814934811));
#3191 = CARTESIAN_POINT('',(-1.190365573737,-53.68814934811));
#3192 = CARTESIAN_POINT('',(-1.207431358394,-53.67797449705));
#3193 = CARTESIAN_POINT('',(-1.224473520037,-53.65762862994));
#3194 = CARTESIAN_POINT('',(-1.241470166135,-53.62715386475));
#3195 = CARTESIAN_POINT('',(-1.258399449466,-53.58663098111));
#3196 = CARTESIAN_POINT('',(-1.275239550892,-53.53617979887));
#3197 = CARTESIAN_POINT('',(-1.29196866214,-53.47595955678));
#3198 = CARTESIAN_POINT('',(-1.308564968573,-53.40616929109));
#3199 = ( GEOMETRIC_REPRESENTATION_CONTEXT(2) 
PARAMETRIC_REPRESENTATION_CONTEXT() REPRESENTATION_CONTEXT('2D SPACE',''
  ) );
#3200 = PCURVE('',#1378,#3201);
#3201 = DEFINITIONAL_REPRESENTATION('',(#3202),#3352);
#3202 = B_SPLINE_CURVE_WITH_KNOTS('',8,(#3203,#3204,#3205,#3206,#3207,
    #3208,#3209,#3210,#3211,#3212,#3213,#3214,#3215,#3216,#3217,#3218,
    #3219,#3220,#3221,#3222,#3223,#3224,#3225,#3226,#3227,#3228,#3229,
    #3230,#3231,#3232,#3233,#3234,#3235,#3236,#3237,#3238,#3239,#3240,
    #3241,#3242,#3243,#3244,#3245,#3246,#3247,#3248,#3249,#3250,#3251,
    #3252,#3253,#3254,#3255,#3256,#3257,#3258,#3259,#3260,#3261,#3262,
    #3263,#3264,#3265,#3266,#3267,#3268,#3269,#3270,#3271,#3272,#3273,
    #3274,#3275,#3276,#3277,#3278,#3279,#3280,#3281,#3282,#3283,#3284,
    #3285,#3286,#3287,#3288,#3289,#3290,#3291,#3292,#3293,#3294,#3295,
    #3296,#3297,#3298,#3299,#3300,#3301,#3302,#3303,#3304,#3305,#3306,
    #3307,#3308,#3309,#3310,#3311,#3312,#3313,#3314,#3315,#3316,#3317,
    #3318,#3319,#3320,#3321,#3322,#3323,#3324,#3325,#3326,#3327,#3328,
    #3329,#3330,#3331,#3332,#3333,#3334,#3335,#3336,#3337,#3338,#3339,
    #3340,#3341,#3342,#3343,#3344,#3345,#3346,#3347,#3348,#3349,#3350,
    #3351),.UNSPECIFIED.,.F.,.F.,(9,7,7,7,7,7,7,7,7,7,7,7,7,7,7,7,7,7,7,
    7,7,9),(0.,4.998857025001E-02,9.54908218263E-02,0.132703686138,
    0.183221179365,0.295456313445,0.392665950367,0.415871420439,
    0.449300228271,0.476635237741,0.510487855749,0.53313639104,
    0.621039752332,0.65773684942,0.773038580432,0.82726756798,
    0.872929726623,0.912487474249,0.937051597933,0.950283311812,
    0.976708334048,1.),.UNSPECIFIED.);
#3203 = CARTESIAN_POINT('',(0.,-146.053653676));
#3204 = CARTESIAN_POINT('',(-5.645062638862E-02,-146.0798226388));
#3205 = CARTESIAN_POINT('',(-0.112312247531,-146.1123805711));
#3206 = CARTESIAN_POINT('',(-0.16753573842,-146.1496826152));
#3207 = CARTESIAN_POINT('',(-0.222067868421,-146.189587464));
#3208 = CARTESIAN_POINT('',(-0.275849194259,-146.229556592));
#3209 = CARTESIAN_POINT('',(-0.328812399888,-146.2667985434));
#3210 = CARTESIAN_POINT('',(-0.380881083242,-146.298458278));
#3211 = CARTESIAN_POINT('',(-0.478471915802,-146.3431453906));
#3212 = CARTESIAN_POINT('',(-0.524242661665,-146.3576267949));
#3213 = CARTESIAN_POINT('',(-0.569261453047,-146.3632552427));
#3214 = CARTESIAN_POINT('',(-0.613510341756,-146.3580417826));
#3215 = CARTESIAN_POINT('',(-0.656973214962,-146.3401446723));
#3216 = CARTESIAN_POINT('',(-0.699635574602,-146.3079545291));
#3217 = CARTESIAN_POINT('',(-0.741484087029,-146.2601690095));
#3218 = CARTESIAN_POINT('',(-0.816054556373,-146.14326109));
#3219 = CARTESIAN_POINT('',(-0.849034001666,-146.0796369375));
#3220 = CARTESIAN_POINT('',(-0.881442437486,-146.0044865354));
#3221 = CARTESIAN_POINT('',(-0.913278388392,-145.9174693109));
#3222 = CARTESIAN_POINT('',(-0.944540061972,-145.81841923));
#3223 = CARTESIAN_POINT('',(-0.975224643922,-145.7073565807));
#3224 = CARTESIAN_POINT('',(-1.005327531073,-145.5844944517));
#3225 = CARTESIAN_POINT('',(-1.074907535189,-145.2679856552));
#3226 = CARTESIAN_POINT('',(-1.113843210753,-145.0649415072));
#3227 = CARTESIAN_POINT('',(-1.151736683838,-144.8417444466));
#3228 = CARTESIAN_POINT('',(-1.188660093675,-144.5993440022));
#3229 = CARTESIAN_POINT('',(-1.224671683248,-144.3389735757));
#3230 = CARTESIAN_POINT('',(-1.259817104109,-144.0621209601));
#3231 = CARTESIAN_POINT('',(-1.294129906637,-143.7704980498));
#3232 = CARTESIAN_POINT('',(-1.402061352423,-142.7895255522));
#3233 = CARTESIAN_POINT('',(-1.472783581253,-142.046834275));
#3234 = CARTESIAN_POINT('',(-1.540657723968,-141.2517197056));
#3235 = CARTESIAN_POINT('',(-1.606356324673,-140.4173109716));
#3236 = CARTESIAN_POINT('',(-1.670491756472,-139.5539968051));
#3237 = CARTESIAN_POINT('',(-1.733667643861,-138.6689599157));
#3238 = CARTESIAN_POINT('',(-1.796534096047,-137.7666873023));
#3239 = CARTESIAN_POINT('',(-1.914638090671,-136.0576493173));
#3240 = CARTESIAN_POINT('',(-1.969180525924,-135.2628030481));
#3241 = CARTESIAN_POINT('',(-2.024187388212,-134.4651376059));
#3242 = CARTESIAN_POINT('',(-2.080334901247,-133.663585917));
#3243 = CARTESIAN_POINT('',(-2.138235232732,-132.8594980498));
#3244 = CARTESIAN_POINT('',(-2.198442858047,-132.0583162306));
#3245 = CARTESIAN_POINT('',(-2.261474741834,-131.2709298939));
#3246 = CARTESIAN_POINT('',(-2.343693741898,-130.3345612757));
#3247 = CARTESIAN_POINT('',(-2.359760209041,-130.1555471439));
#3248 = CARTESIAN_POINT('',(-2.376072972094,-129.9780389572));
#3249 = CARTESIAN_POINT('',(-2.392654897509,-129.8021740716));
#3250 = CARTESIAN_POINT('',(-2.409527575943,-129.6281575606));
#3251 = CARTESIAN_POINT('',(-2.426711619917,-129.4562629215));
#3252 = CARTESIAN_POINT('',(-2.444226961477,-129.2868327804));
#3253 = CARTESIAN_POINT('',(-2.487830416798,-128.880350207));
#3254 = CARTESIAN_POINT('',(-2.514290851333,-128.6464373402));
#3255 = CARTESIAN_POINT('',(-2.54158169543,-128.4193119887));
#3256 = CARTESIAN_POINT('',(-2.569800745144,-128.2002582301));
#3257 = CARTESIAN_POINT('',(-2.599037585577,-127.9910933073));
#3258 = CARTESIAN_POINT('',(-2.629375468775,-127.7941841894));
#3259 = CARTESIAN_POINT('',(-2.660893834579,-127.6124606181));
#3260 = CARTESIAN_POINT('',(-2.720474018472,-127.3161087825));
#3261 = CARTESIAN_POINT('',(-2.748347766458,-127.1941483677));
#3262 = CARTESIAN_POINT('',(-2.77711160762,-127.0870729813));
#3263 = CARTESIAN_POINT('',(-2.806608710518,-126.9978352316));
#3264 = CARTESIAN_POINT('',(-2.836699573517,-126.9288081916));
#3265 = CARTESIAN_POINT('',(-2.867256404183,-126.8817823754));
#3266 = CARTESIAN_POINT('',(-2.898158827574,-126.8579622446));
#3267 = CARTESIAN_POINT('',(-2.967845984099,-126.8579622446));
#3268 = CARTESIAN_POINT('',(-3.005872900493,-126.8944955102));
#3269 = CARTESIAN_POINT('',(-3.043232488863,-126.9658121782));
#3270 = CARTESIAN_POINT('',(-3.079773754121,-127.0692220054));
#3271 = CARTESIAN_POINT('',(-3.115329675184,-127.201110218));
#3272 = CARTESIAN_POINT('',(-3.149709829352,-127.3569496843));
#3273 = CARTESIAN_POINT('',(-3.182689855725,-127.5313094103));
#3274 = CARTESIAN_POINT('',(-3.234943792661,-127.8426675205));
#3275 = CARTESIAN_POINT('',(-3.255359494338,-127.9742317564));
#3276 = CARTESIAN_POINT('',(-3.275270118339,-128.1116537918));
#3277 = CARTESIAN_POINT('',(-3.294701639671,-128.2541539177));
#3278 = CARTESIAN_POINT('',(-3.313681049694,-128.4010687326));
#3279 = CARTESIAN_POINT('',(-3.332236653111,-128.5518488866));
#3280 = CARTESIAN_POINT('',(-3.350398364963,-128.7060568244));
#3281 = CARTESIAN_POINT('',(-3.437281875482,-129.4739062619));
#3282 = CARTESIAN_POINT('',(-3.50186369186,-130.1395560304));
#3283 = CARTESIAN_POINT('',(-3.562508125156,-130.8342714445));
#3284 = CARTESIAN_POINT('',(-3.619775093911,-131.5410782929));
#3285 = CARTESIAN_POINT('',(-3.674287483803,-132.2510391652));
#3286 = CARTESIAN_POINT('',(-3.726784282293,-132.9622192738));
#3287 = CARTESIAN_POINT('',(-3.778144707739,-133.6784314549));
#3288 = CARTESIAN_POINT('',(-3.850782827862,-134.7108925629));
#3289 = CARTESIAN_POINT('',(-3.872007036052,-135.0149756171));
#3290 = CARTESIAN_POINT('',(-3.893085436027,-135.3187983178));
#3291 = CARTESIAN_POINT('',(-3.914041328433,-135.6221351625));
#3292 = CARTESIAN_POINT('',(-3.934898108481,-135.9247910569));
#3293 = CARTESIAN_POINT('',(-3.955679288576,-136.2265923583));
#3294 = CARTESIAN_POINT('',(-3.976408520941,-136.5273779191));
#3295 = CARTESIAN_POINT('',(-4.062152165103,-137.7683672207));
#3296 = CARTESIAN_POINT('',(-4.126733113807,-138.6954993929));
#3297 = CARTESIAN_POINT('',(-4.19164752872,-139.6044041431));
#3298 = CARTESIAN_POINT('',(-4.257600234651,-140.4902435515));
#3299 = CARTESIAN_POINT('',(-4.325243773688,-141.345126941));
#3300 = CARTESIAN_POINT('',(-4.395244112751,-142.157555039));
#3301 = CARTESIAN_POINT('',(-4.46833737391,-142.9129989074));
#3302 = CARTESIAN_POINT('',(-4.581765394554,-143.9178440531));
#3303 = CARTESIAN_POINT('',(-4.61902695865,-144.2240672257));
#3304 = CARTESIAN_POINT('',(-4.657282951544,-144.5125896721));
#3305 = CARTESIAN_POINT('',(-4.696567036085,-144.7812335539));
#3306 = CARTESIAN_POINT('',(-4.736929505201,-145.0281860951));
#3307 = CARTESIAN_POINT('',(-4.778437396253,-145.2520408393));
#3308 = CARTESIAN_POINT('',(-4.821175866224,-145.4518342541));
#3309 = CARTESIAN_POINT('',(-4.90236304351,-145.7746370129));
#3310 = CARTESIAN_POINT('',(-4.940369820369,-145.9045796673));
#3311 = CARTESIAN_POINT('',(-4.979254770333,-146.016401893));
#3312 = CARTESIAN_POINT('',(-5.019005123332,-146.1100602626));
#3313 = CARTESIAN_POINT('',(-5.059610062056,-146.1859616643));
#3314 = CARTESIAN_POINT('',(-5.101058816921,-146.2449313569));
#3315 = CARTESIAN_POINT('',(-5.143338521183,-146.2881590902));
#3316 = CARTESIAN_POINT('',(-5.223764141068,-146.3422153671));
#3317 = CARTESIAN_POINT('',(-5.261701859525,-146.3565994256));
#3318 = CARTESIAN_POINT('',(-5.300234260867,-146.3612427673));
#3319 = CARTESIAN_POINT('',(-5.339350952848,-146.3572776121));
#3320 = CARTESIAN_POINT('',(-5.379041972219,-146.3459572089));
#3321 = CARTESIAN_POINT('',(-5.419297885273,-146.3286119479));
#3322 = CARTESIAN_POINT('',(-5.460109888385,-146.3066054731));
#3323 = CARTESIAN_POINT('',(-5.527153187098,-146.2655711712));
#3324 = CARTESIAN_POINT('',(-5.553050738248,-146.2485740044));
#3325 = CARTESIAN_POINT('',(-5.579154868179,-146.2306269025));
#3326 = CARTESIAN_POINT('',(-5.605458574614,-146.2120566844));
#3327 = CARTESIAN_POINT('',(-5.631955410053,-146.1931847463));
#3328 = CARTESIAN_POINT('',(-5.658639345008,-146.1743224275));
#3329 = CARTESIAN_POINT('',(-5.685504631234,-146.1557663771));
#3330 = CARTESIAN_POINT('',(-5.727111591513,-146.1281128746));
#3331 = CARTESIAN_POINT('',(-5.741727530874,-146.1186018426));
#3332 = CARTESIAN_POINT('',(-5.756391295443,-146.1093050666));
#3333 = CARTESIAN_POINT('',(-5.771100773783,-146.100265016));
#3334 = CARTESIAN_POINT('',(-5.785853915043,-146.0915221816));
#3335 = CARTESIAN_POINT('',(-5.800648713381,-146.0831148706));
#3336 = CARTESIAN_POINT('',(-5.815483192381,-146.075079001));
#3337 = CARTESIAN_POINT('',(-5.860056616579,-146.0522078353));
#3338 = CARTESIAN_POINT('',(-5.889913567782,-146.0385794349));
#3339 = CARTESIAN_POINT('',(-5.919899493748,-146.0268350312));
#3340 = CARTESIAN_POINT('',(-5.94998868851,-146.0172023933));
#3341 = CARTESIAN_POINT('',(-5.980156189494,-146.0098575988));
#3342 = CARTESIAN_POINT('',(-6.010377471173,-146.0049202228));
#3343 = CARTESIAN_POINT('',(-6.040628132341,-146.0024508399));
#3344 = CARTESIAN_POINT('',(-6.09755147172,-146.0024508399));
#3345 = CARTESIAN_POINT('',(-6.124216764324,-146.0043690733));
#3346 = CARTESIAN_POINT('',(-6.150862200441,-146.0082056806));
#3347 = CARTESIAN_POINT('',(-6.177470628128,-146.0139234714));
#3348 = CARTESIAN_POINT('',(-6.204024828347,-146.021449667));
#3349 = CARTESIAN_POINT('',(-6.230507345434,-146.0306776438));
#3350 = CARTESIAN_POINT('',(-6.256900317556,-146.0414686754));
#3351 = CARTESIAN_POINT('',(-6.28318530718,-146.053653676));
#3352 = ( GEOMETRIC_REPRESENTATION_CONTEXT(2) 
PARAMETRIC_REPRESENTATION_CONTEXT() REPRESENTATION_CONTEXT('2D SPACE',''
  ) );
#3353 = ORIENTED_EDGE('',*,*,#870,.F.);
#3354 = ORIENTED_EDGE('',*,*,#1458,.F.);
#3355 = ADVANCED_FACE('',(#3356),#1378,.T.);
#3356 = FACE_BOUND('',#3357,.F.);
#3357 = EDGE_LOOP('',(#3358,#3389,#3412,#3500,#3521,#3522,#3523,#3524,
    #3525,#3526,#3714,#3754,#4073,#4108,#4180,#4181,#4222,#4252));
#3358 = ORIENTED_EDGE('',*,*,#3359,.F.);
#3359 = EDGE_CURVE('',#3360,#3362,#3364,.T.);
#3360 = VERTEX_POINT('',#3361);
#3361 = CARTESIAN_POINT('',(-71.57788382343,672.29099332054,-365.));
#3362 = VERTEX_POINT('',#3363);
#3363 = CARTESIAN_POINT('',(-98.42211617656,689.70900667945,
    -364.9999999999));
#3364 = SURFACE_CURVE('',#3365,(#3370,#3377),.PCURVE_S1.);
#3365 = CIRCLE('',#3366,16.);
#3366 = AXIS2_PLACEMENT_3D('',#3367,#3368,#3369);
#3367 = CARTESIAN_POINT('',(-85.,681.,-365.));
#3368 = DIRECTION('',(0.51340073478,0.791241132425,-0.332200475446));
#3369 = DIRECTION('',(0.838882261035,-0.544312917466,0.));
#3370 = PCURVE('',#1378,#3371);
#3371 = DEFINITIONAL_REPRESENTATION('',(#3372),#3376);
#3372 = LINE('',#3373,#3374);
#3373 = CARTESIAN_POINT('',(-0.,0.));
#3374 = VECTOR('',#3375,1.);
#3375 = DIRECTION('',(-1.,0.));
#3376 = ( GEOMETRIC_REPRESENTATION_CONTEXT(2) 
PARAMETRIC_REPRESENTATION_CONTEXT() REPRESENTATION_CONTEXT('2D SPACE',''
  ) );
#3377 = PCURVE('',#3378,#3383);
#3378 = PLANE('',#3379);
#3379 = AXIS2_PLACEMENT_3D('',#3380,#3381,#3382);
#3380 = CARTESIAN_POINT('',(-85.,681.,-365.));
#3381 = DIRECTION('',(0.51340073478,0.791241132425,-0.332200475446));
#3382 = DIRECTION('',(0.838882261035,-0.544312917466,0.));
#3383 = DEFINITIONAL_REPRESENTATION('',(#3384),#3388);
#3384 = CIRCLE('',#3385,16.);
#3385 = AXIS2_PLACEMENT_2D('',#3386,#3387);
#3386 = CARTESIAN_POINT('',(-3.57637018042E-14,-4.590634969702E-14));
#3387 = DIRECTION('',(1.,-2.356137290196E-16));
#3388 = ( GEOMETRIC_REPRESENTATION_CONTEXT(2) 
PARAMETRIC_REPRESENTATION_CONTEXT() REPRESENTATION_CONTEXT('2D SPACE',''
  ) );
#3389 = ORIENTED_EDGE('',*,*,#3390,.T.);
#3390 = EDGE_CURVE('',#3360,#3391,#3393,.T.);
#3391 = VERTEX_POINT('',#3392);
#3392 = CARTESIAN_POINT('',(-51.46654385952,703.28611726492,
    -378.0132199766));
#3393 = SEAM_CURVE('',#3394,(#3398,#3405),.PCURVE_S1.);
#3394 = LINE('',#3395,#3396);
#3395 = CARTESIAN_POINT('',(-71.57788382343,672.29099332054,-365.));
#3396 = VECTOR('',#3397,1.);
#3397 = DIRECTION('',(0.51340073478,0.791241132425,-0.332200475446));
#3398 = PCURVE('',#1378,#3399);
#3399 = DEFINITIONAL_REPRESENTATION('',(#3400),#3404);
#3400 = LINE('',#3401,#3402);
#3401 = CARTESIAN_POINT('',(-6.28318530718,0.));
#3402 = VECTOR('',#3403,1.);
#3403 = DIRECTION('',(-0.,-1.));
#3404 = ( GEOMETRIC_REPRESENTATION_CONTEXT(2) 
PARAMETRIC_REPRESENTATION_CONTEXT() REPRESENTATION_CONTEXT('2D SPACE',''
  ) );
#3405 = PCURVE('',#1378,#3406);
#3406 = DEFINITIONAL_REPRESENTATION('',(#3407),#3411);
#3407 = LINE('',#3408,#3409);
#3408 = CARTESIAN_POINT('',(-0.,0.));
#3409 = VECTOR('',#3410,1.);
#3410 = DIRECTION('',(-0.,-1.));
#3411 = ( GEOMETRIC_REPRESENTATION_CONTEXT(2) 
PARAMETRIC_REPRESENTATION_CONTEXT() REPRESENTATION_CONTEXT('2D SPACE',''
  ) );
#3412 = ORIENTED_EDGE('',*,*,#3413,.F.);
#3413 = EDGE_CURVE('',#3414,#3391,#3416,.T.);
#3414 = VERTEX_POINT('',#3415);
#3415 = CARTESIAN_POINT('',(-37.56579275834,724.70962778557,
    -387.0078236303));
#3416 = SURFACE_CURVE('',#3417,(#3441,#3468),.PCURVE_S1.);
#3417 = B_SPLINE_CURVE_WITH_KNOTS('',8,(#3418,#3419,#3420,#3421,#3422,
    #3423,#3424,#3425,#3426,#3427,#3428,#3429,#3430,#3431,#3432,#3433,
    #3434,#3435,#3436,#3437,#3438,#3439,#3440),.UNSPECIFIED.,.F.,.F.,(9,
    7,7,9),(0.,0.249744875302,0.608689243942,1.),.UNSPECIFIED.);
#3418 = CARTESIAN_POINT('',(-37.56579275834,724.70962778556,
    -387.0078236303));
#3419 = CARTESIAN_POINT('',(-38.05224090732,723.95992534419,
    -387.1772894189));
#3420 = CARTESIAN_POINT('',(-38.55001853534,723.22013559111,
    -387.3099044033));
#3421 = CARTESIAN_POINT('',(-39.05439211097,722.49011516743,
    -387.4085050725));
#3422 = CARTESIAN_POINT('',(-39.56205116932,721.76909497684,
    -387.4754592215));
#3423 = CARTESIAN_POINT('',(-40.0707956996,721.05577390866,
    -387.5125945676));
#3424 = CARTESIAN_POINT('',(-40.57924249667,720.34843260883,
    -387.521133899));
#3425 = CARTESIAN_POINT('',(-41.08655047677,719.64506729909,
    -387.5016367542));
#3426 = CARTESIAN_POINT('',(-42.31885642689,717.9352828534,
    -387.3854067218));
#3427 = CARTESIAN_POINT('',(-43.04113651661,716.93209267105,
    -387.2587170785));
#3428 = CARTESIAN_POINT('',(-43.75336290413,715.93319083098,
    -387.0740478682));
#3429 = CARTESIAN_POINT('',(-44.45062593113,714.93803292888,
    -386.8303926261));
#3430 = CARTESIAN_POINT('',(-45.12863382793,713.94633323407,
    -386.5256303846));
#3431 = CARTESIAN_POINT('',(-45.78383409904,712.95818291655,
    -386.1564621936));
#3432 = CARTESIAN_POINT('',(-46.41380929688,711.9743162937,
    -385.718203719));
#3433 = CARTESIAN_POINT('',(-47.67664071444,709.93067122233,
    -384.6442965809));
#3434 = CARTESIAN_POINT('',(-48.30725192557,708.86781297583,
    -383.9921865992));
#3435 = CARTESIAN_POINT('',(-48.90217331762,707.8209767333,
    -383.2439924358));
#3436 = CARTESIAN_POINT('',(-49.45909713992,706.80269119661,
    -382.3968929881));
#3437 = CARTESIAN_POINT('',(-49.98192114569,705.82583464267,
    -381.4491730498));
#3438 = CARTESIAN_POINT('',(-50.48048395188,704.90440875052,
    -380.400832126));
#3439 = CARTESIAN_POINT('',(-50.96899851173,704.05292244798,
    -379.2541655189));
#3440 = CARTESIAN_POINT('',(-51.46654385951,703.28611726493,
    -378.0132199766));
#3441 = PCURVE('',#1378,#3442);
#3442 = DEFINITIONAL_REPRESENTATION('',(#3443),#3467);
#3443 = B_SPLINE_CURVE_WITH_KNOTS('',8,(#3444,#3445,#3446,#3447,#3448,
    #3449,#3450,#3451,#3452,#3453,#3454,#3455,#3456,#3457,#3458,#3459,
    #3460,#3461,#3462,#3463,#3464,#3465,#3466),.UNSPECIFIED.,.F.,.F.,(9,
    7,7,9),(0.,0.249744875302,0.608689243942,1.),.UNSPECIFIED.);
#3444 = CARTESIAN_POINT('',(0.,-66.248621712));
#3445 = CARTESIAN_POINT('',(-2.854541004878E-02,-65.46198008176));
#3446 = CARTESIAN_POINT('',(-5.4873908434E-02,-64.66512336065));
#3447 = CARTESIAN_POINT('',(-7.913678663631E-02,-63.86131059879));
#3448 = CARTESIAN_POINT('',(-0.101462589895,-63.05241943323));
#3449 = CARTESIAN_POINT('',(-0.121957303179,-62.23915702743));
#3450 = CARTESIAN_POINT('',(-0.140701505053,-61.42127930708));
#3451 = CARTESIAN_POINT('',(-0.157744489444,-60.59781849237));
#3452 = CARTESIAN_POINT('',(-0.195158297921,-58.5736882591));
#3453 = CARTESIAN_POINT('',(-0.213698373449,-57.36701743464));
#3454 = CARTESIAN_POINT('',(-0.228636594757,-56.14964046136));
#3455 = CARTESIAN_POINT('',(-0.239816806525,-54.92331285832));
#3456 = CARTESIAN_POINT('',(-0.247017905982,-53.68930735484));
#3457 = CARTESIAN_POINT('',(-0.249963779063,-52.4484240294));
#3458 = CARTESIAN_POINT('',(-0.248324370042,-51.20092888548));
#3459 = CARTESIAN_POINT('',(-0.234481026547,-48.5788218054));
#3460 = CARTESIAN_POINT('',(-0.221308963478,-47.1974571377));
#3461 = CARTESIAN_POINT('',(-0.201657243945,-45.81517370715));
#3462 = CARTESIAN_POINT('',(-0.175193744449,-44.442132367));
#3463 = CARTESIAN_POINT('',(-0.141780008969,-43.08595203832));
#3464 = CARTESIAN_POINT('',(-0.101421049038,-41.75266010757));
#3465 = CARTESIAN_POINT('',(-5.417581700285E-02,-40.44720219528));
#3466 = CARTESIAN_POINT('',(0.,-39.17279154761));
#3467 = ( GEOMETRIC_REPRESENTATION_CONTEXT(2) 
PARAMETRIC_REPRESENTATION_CONTEXT() REPRESENTATION_CONTEXT('2D SPACE',''
  ) );
#3468 = PCURVE('',#3469,#3474);
#3469 = CYLINDRICAL_SURFACE('',#3470,20.);
#3470 = AXIS2_PLACEMENT_3D('',#3471,#3472,#3473);
#3471 = CARTESIAN_POINT('',(-59.5,720.3,-367.5));
#3472 = DIRECTION('',(-1.,-0.,0.));
#3473 = DIRECTION('',(0.,0.,1.));
#3474 = DEFINITIONAL_REPRESENTATION('',(#3475),#3499);
#3475 = B_SPLINE_CURVE_WITH_KNOTS('',8,(#3476,#3477,#3478,#3479,#3480,
    #3481,#3482,#3483,#3484,#3485,#3486,#3487,#3488,#3489,#3490,#3491,
    #3492,#3493,#3494,#3495,#3496,#3497,#3498),.UNSPECIFIED.,.F.,.F.,(9,
    7,7,9),(0.,0.249744875302,0.608689243942,1.),.UNSPECIFIED.);
#3476 = CARTESIAN_POINT('',(-3.363900631161,-21.93420724165));
#3477 = CARTESIAN_POINT('',(-3.325469771032,-21.44775909267));
#3478 = CARTESIAN_POINT('',(-3.287928576396,-20.94998146465));
#3479 = CARTESIAN_POINT('',(-3.251152375888,-20.44560788902));
#3480 = CARTESIAN_POINT('',(-3.215007752045,-19.93794883067));
#3481 = CARTESIAN_POINT('',(-3.179351127061,-19.4292043004));
#3482 = CARTESIAN_POINT('',(-3.144028290271,-18.92075750332));
#3483 = CARTESIAN_POINT('',(-3.108874867329,-18.41344952323));
#3484 = CARTESIAN_POINT('',(-3.02318834168,-17.1811435731));
#3485 = CARTESIAN_POINT('',(-2.972714725844,-16.45886348338));
#3486 = CARTESIAN_POINT('',(-2.922061737582,-15.74663709586));
#3487 = CARTESIAN_POINT('',(-2.871004303377,-15.04937406886));
#3488 = CARTESIAN_POINT('',(-2.819310131743,-14.37136617206));
#3489 = CARTESIAN_POINT('',(-2.766730680181,-13.71616590095));
#3490 = CARTESIAN_POINT('',(-2.712990444725,-13.08619070311));
#3491 = CARTESIAN_POINT('',(-2.597559061222,-11.82335928555));
#3492 = CARTESIAN_POINT('',(-2.535348692659,-11.19274807442));
#3493 = CARTESIAN_POINT('',(-2.471280297773,-10.59782668237));
#3494 = CARTESIAN_POINT('',(-2.405416627513,-10.04090286008));
#3495 = CARTESIAN_POINT('',(-2.337778193006,-9.518078854306));
#3496 = CARTESIAN_POINT('',(-2.26837830451,-9.019516048117));
#3497 = CARTESIAN_POINT('',(-2.197225498444,-8.531001488265));
#3498 = CARTESIAN_POINT('',(-2.124288264679,-8.033456140482));
#3499 = ( GEOMETRIC_REPRESENTATION_CONTEXT(2) 
PARAMETRIC_REPRESENTATION_CONTEXT() REPRESENTATION_CONTEXT('2D SPACE',''
  ) );
#3500 = ORIENTED_EDGE('',*,*,#3501,.T.);
#3501 = EDGE_CURVE('',#3414,#1358,#3502,.T.);
#3502 = SEAM_CURVE('',#3503,(#3507,#3514),.PCURVE_S1.);
#3503 = LINE('',#3504,#3505);
#3504 = CARTESIAN_POINT('',(-71.57788382343,672.29099332054,-365.));
#3505 = VECTOR('',#3506,1.);
#3506 = DIRECTION('',(0.51340073478,0.791241132425,-0.332200475446));
#3507 = PCURVE('',#1378,#3508);
#3508 = DEFINITIONAL_REPRESENTATION('',(#3509),#3513);
#3509 = LINE('',#3510,#3511);
#3510 = CARTESIAN_POINT('',(-6.28318530718,0.));
#3511 = VECTOR('',#3512,1.);
#3512 = DIRECTION('',(-0.,-1.));
#3513 = ( GEOMETRIC_REPRESENTATION_CONTEXT(2) 
PARAMETRIC_REPRESENTATION_CONTEXT() REPRESENTATION_CONTEXT('2D SPACE',''
  ) );
#3514 = PCURVE('',#1378,#3515);
#3515 = DEFINITIONAL_REPRESENTATION('',(#3516),#3520);
#3516 = LINE('',#3517,#3518);
#3517 = CARTESIAN_POINT('',(-0.,0.));
#3518 = VECTOR('',#3519,1.);
#3519 = DIRECTION('',(-0.,-1.));
#3520 = ( GEOMETRIC_REPRESENTATION_CONTEXT(2) 
PARAMETRIC_REPRESENTATION_CONTEXT() REPRESENTATION_CONTEXT('2D SPACE',''
  ) );
#3521 = ORIENTED_EDGE('',*,*,#1357,.F.);
#3522 = ORIENTED_EDGE('',*,*,#2895,.T.);
#3523 = ORIENTED_EDGE('',*,*,#1424,.F.);
#3524 = ORIENTED_EDGE('',*,*,#1394,.F.);
#3525 = ORIENTED_EDGE('',*,*,#3501,.F.);
#3526 = ORIENTED_EDGE('',*,*,#3527,.F.);
#3527 = EDGE_CURVE('',#3528,#3414,#3530,.T.);
#3528 = VERTEX_POINT('',#3529);
#3529 = CARTESIAN_POINT('',(-59.5,739.18616711141,-374.0812378653));
#3530 = SURFACE_CURVE('',#3531,(#3590,#3652),.PCURVE_S1.);
#3531 = B_SPLINE_CURVE_WITH_KNOTS('',8,(#3532,#3533,#3534,#3535,#3536,
    #3537,#3538,#3539,#3540,#3541,#3542,#3543,#3544,#3545,#3546,#3547,
    #3548,#3549,#3550,#3551,#3552,#3553,#3554,#3555,#3556,#3557,#3558,
    #3559,#3560,#3561,#3562,#3563,#3564,#3565,#3566,#3567,#3568,#3569,
    #3570,#3571,#3572,#3573,#3574,#3575,#3576,#3577,#3578,#3579,#3580,
    #3581,#3582,#3583,#3584,#3585,#3586,#3587,#3588,#3589),
  .UNSPECIFIED.,.F.,.F.,(9,7,7,7,7,7,7,7,9),(0.,0.301062570379,
    0.50309645773,0.552023311985,0.603184834748,0.666890716349,
    0.728008298465,0.807488123989,1.),.UNSPECIFIED.);
#3532 = CARTESIAN_POINT('',(-59.5000006,739.18616702031,-374.0812381267)
  );
#3533 = CARTESIAN_POINT('',(-58.11571383076,739.39633537633,
    -373.4781183796));
#3534 = CARTESIAN_POINT('',(-56.70871172091,739.5399938241,
    -372.995025994));
#3535 = CARTESIAN_POINT('',(-55.28378842078,739.6359335176,
    -372.6305167396));
#3536 = CARTESIAN_POINT('',(-53.84610056841,739.69616473799,
    -372.3819667532));
#3537 = CARTESIAN_POINT('',(-52.40144814335,739.72809512509,
    -372.2461488362));
#3538 = CARTESIAN_POINT('',(-50.95649744567,739.73500632432,
    -372.2193868866));
#3539 = CARTESIAN_POINT('',(-49.5191200241,739.71688686552,
    -372.297800315));
#3540 = CARTESIAN_POINT('',(-47.14525393245,739.6397714879,
    -372.5979135752));
#3541 = CARTESIAN_POINT('',(-46.19987589096,739.59619370523,
    -372.763954171));
#3542 = CARTESIAN_POINT('',(-45.26043466698,739.53895970141,
    -372.9748531744));
#3543 = CARTESIAN_POINT('',(-44.32565543193,739.46608742695,
    -373.2311804574));
#3544 = CARTESIAN_POINT('',(-43.39553113274,739.37462670733,
    -373.5345009401));
#3545 = CARTESIAN_POINT('',(-42.47192507088,739.26048104243,
    -373.8870421433));
#3546 = CARTESIAN_POINT('',(-41.55921768587,739.11808377597,
    -374.2912665779));
#3547 = CARTESIAN_POINT('',(-40.44844288915,738.89678453294,
    -374.8602834805));
#3548 = CARTESIAN_POINT('',(-40.23275374264,738.85149982237,
    -374.9744885792));
#3549 = CARTESIAN_POINT('',(-40.01792855779,738.80393771476,
    -375.0920645382));
#3550 = CARTESIAN_POINT('',(-39.80399733381,738.75395127469,
    -375.2131113766));
#3551 = CARTESIAN_POINT('',(-39.59102125218,738.70138240971,
    -375.3377279642));
#3552 = CARTESIAN_POINT('',(-39.37909231387,738.64606086031,
    -375.4660111252));
#3553 = CARTESIAN_POINT('',(-39.16833297641,738.58780318995,
    -375.5980547418));
#3554 = CARTESIAN_POINT('',(-38.739892843,738.46221638953,-375.876049757
    ));
#3555 = CARTESIAN_POINT('',(-38.52238498912,738.39460901969,
    -376.0223288025));
#3556 = CARTESIAN_POINT('',(-38.30640498967,738.32332452173,
    -376.1729775004));
#3557 = CARTESIAN_POINT('',(-38.09205523034,738.24807758396,
    -376.3281788244));
#3558 = CARTESIAN_POINT('',(-37.87950678533,738.16856063502,
    -376.4881048543));
#3559 = CARTESIAN_POINT('',(-37.66899848034,738.08444175212,
    -376.6529144139));
#3560 = CARTESIAN_POINT('',(-37.46083595552,737.99536256937,
    -376.8227507082));
#3561 = CARTESIAN_POINT('',(-36.99957212502,737.78335727754,
    -377.2156328066));
#3562 = CARTESIAN_POINT('',(-36.7478059285,737.65741335124,
    -377.4416519257));
#3563 = CARTESIAN_POINT('',(-36.50069182964,737.52227977075,
    -377.6761648376));
#3564 = CARTESIAN_POINT('',(-36.25905453837,737.37705697192,
    -377.9194788302));
#3565 = CARTESIAN_POINT('',(-36.02394288056,737.22076539725,
    -378.1718257521));
#3566 = CARTESIAN_POINT('',(-35.79662846814,737.05233969028,
    -378.4333467408));
#3567 = CARTESIAN_POINT('',(-35.57860394265,736.87062215009,
    -378.7040758875));
#3568 = CARTESIAN_POINT('',(-35.17296876352,736.48606284053,
    -379.2523999152));
#3569 = CARTESIAN_POINT('',(-34.9832783802,736.28323847035,
    -379.5308957144));
#3570 = CARTESIAN_POINT('',(-34.80578278122,736.06595198789,
    -379.8174201599));
#3571 = CARTESIAN_POINT('',(-34.64319964841,735.83436206404,
    -380.1100116086));
#3572 = CARTESIAN_POINT('',(-34.49771270615,735.58874854642,
    -380.4067455693));
#3573 = CARTESIAN_POINT('',(-34.37099237413,735.32954314873,
    -380.7057443938));
#3574 = CARTESIAN_POINT('',(-34.26421557344,735.05735867076,
    -381.0051879368));
#3575 = CARTESIAN_POINT('',(-34.06607652615,734.40324678244,
    -381.6910351648));
#3576 = CARTESIAN_POINT('',(-33.99131846713,734.02062798059,
    -382.0684509319));
#3577 = CARTESIAN_POINT('',(-33.95250398247,733.62747639163,
    -382.4329235037));
#3578 = CARTESIAN_POINT('',(-33.94746450023,733.22664642811,
    -382.7820049261));
#3579 = CARTESIAN_POINT('',(-33.97319489711,732.82155499094,
    -383.1135075046));
#3580 = CARTESIAN_POINT('',(-34.02587893424,732.41624329854,
    -383.4255251782));
#3581 = CARTESIAN_POINT('',(-34.10091463464,732.01547642134,
    -383.7164170383));
#3582 = CARTESIAN_POINT('',(-34.41583766568,730.67879956445,
    -384.6347022991));
#3583 = CARTESIAN_POINT('',(-34.74928095799,729.74624236592,
    -385.184019717));
#3584 = CARTESIAN_POINT('',(-35.15239562377,728.83969067383,
    -385.6431146749));
#3585 = CARTESIAN_POINT('',(-35.59670093121,727.96576783772,
    -386.0248316502));
#3586 = CARTESIAN_POINT('',(-36.06422269298,727.12506306278,
    -386.3419226951));
#3587 = CARTESIAN_POINT('',(-36.54668588474,726.31167143612,
    -386.6059671575));
#3588 = CARTESIAN_POINT('',(-37.0446395325,725.51281687479,
    -386.8262675023));
#3589 = CARTESIAN_POINT('',(-37.56579275834,724.70962778556,
    -387.0078236303));
#3590 = PCURVE('',#1378,#3591);
#3591 = DEFINITIONAL_REPRESENTATION('',(#3592),#3651);
#3592 = B_SPLINE_CURVE_WITH_KNOTS('',8,(#3593,#3594,#3595,#3596,#3597,
    #3598,#3599,#3600,#3601,#3602,#3603,#3604,#3605,#3606,#3607,#3608,
    #3609,#3610,#3611,#3612,#3613,#3614,#3615,#3616,#3617,#3618,#3619,
    #3620,#3621,#3622,#3623,#3624,#3625,#3626,#3627,#3628,#3629,#3630,
    #3631,#3632,#3633,#3634,#3635,#3636,#3637,#3638,#3639,#3640,#3641,
    #3642,#3643,#3644,#3645,#3646,#3647,#3648,#3649,#3650),
  .UNSPECIFIED.,.F.,.F.,(9,7,7,7,7,7,7,7,9),(0.,0.301062570379,
    0.50309645773,0.552023311985,0.603184834748,0.666890716349,
    0.728008298465,0.807488123989,1.),.UNSPECIFIED.);
#3593 = CARTESIAN_POINT('',(-4.014633877505,-62.1477987368));
#3594 = CARTESIAN_POINT('',(-4.100017764341,-62.82442976258));
#3595 = CARTESIAN_POINT('',(-4.182922660471,-63.4999706323));
#3596 = CARTESIAN_POINT('',(-4.263844621348,-64.18634858571));
#3597 = CARTESIAN_POINT('',(-4.343177718208,-64.88954758088));
#3598 = CARTESIAN_POINT('',(-4.421265460936,-65.61137905645));
#3599 = CARTESIAN_POINT('',(-4.498425026713,-66.3497958991));
#3600 = CARTESIAN_POINT('',(-4.574952911752,-67.09945864058));
#3601 = CARTESIAN_POINT('',(-4.702277178997,-68.35688414532));
#3602 = CARTESIAN_POINT('',(-4.753238768254,-68.86292015721));
#3603 = CARTESIAN_POINT('',(-4.804376132673,-69.37000482308));
#3604 = CARTESIAN_POINT('',(-4.856018975013,-69.87741367353));
#3605 = CARTESIAN_POINT('',(-4.908478106488,-70.38333589737));
#3606 = CARTESIAN_POINT('',(-4.962045085301,-70.88431353836));
#3607 = CARTESIAN_POINT('',(-5.016994918618,-71.37451115543));
#3608 = CARTESIAN_POINT('',(-5.087297987772,-71.95871037418));
#3609 = CARTESIAN_POINT('',(-5.101114589904,-72.07155320288));
#3610 = CARTESIAN_POINT('',(-5.115052911249,-72.18327030422));
#3611 = CARTESIAN_POINT('',(-5.129123454543,-72.29376324164));
#3612 = CARTESIAN_POINT('',(-5.143336056341,-72.40290835983));
#3613 = CARTESIAN_POINT('',(-5.157699994942,-72.51055587415));
#3614 = CARTESIAN_POINT('',(-5.172224098318,-72.61652896002));
#3615 = CARTESIAN_POINT('',(-5.202280677594,-72.82947107336));
#3616 = CARTESIAN_POINT('',(-5.217825440663,-72.93624000196));
#3617 = CARTESIAN_POINT('',(-5.233570598654,-73.04076663455));
#3618 = CARTESIAN_POINT('',(-5.249533813639,-73.14283343984));
#3619 = CARTESIAN_POINT('',(-5.265731170615,-73.24216639014));
#3620 = CARTESIAN_POINT('',(-5.282177395771,-73.33843300251));
#3621 = CARTESIAN_POINT('',(-5.298886074749,-73.43124037998));
#3622 = CARTESIAN_POINT('',(-5.337017945661,-73.63082188216));
#3623 = CARTESIAN_POINT('',(-5.358605896353,-73.73551047641));
#3624 = CARTESIAN_POINT('',(-5.380669675384,-73.83336108992));
#3625 = CARTESIAN_POINT('',(-5.403240265237,-73.92334062504));
#3626 = CARTESIAN_POINT('',(-5.426344165982,-74.0042125678));
#3627 = CARTESIAN_POINT('',(-5.450003842987,-74.07452800385));
#3628 = CARTESIAN_POINT('',(-5.474238134849,-74.13261591439));
#3629 = CARTESIAN_POINT('',(-5.522878516807,-74.21874367255));
#3630 = CARTESIAN_POINT('',(-5.547381946765,-74.24816430725));
#3631 = CARTESIAN_POINT('',(-5.572412864587,-74.2625482328));
#3632 = CARTESIAN_POINT('',(-5.59783039315,-74.2599740774));
#3633 = CARTESIAN_POINT('',(-5.623508838591,-74.23890282548));
#3634 = CARTESIAN_POINT('',(-5.649334008988,-74.19819471631));
#3635 = CARTESIAN_POINT('',(-5.675199838136,-74.13712573699));
#3636 = CARTESIAN_POINT('',(-5.734563820554,-73.94912901344));
#3637 = CARTESIAN_POINT('',(-5.767320479381,-73.81014381909));
#3638 = CARTESIAN_POINT('',(-5.799150751775,-73.64007145719));
#3639 = CARTESIAN_POINT('',(-5.829927274015,-73.44147059132));
#3640 = CARTESIAN_POINT('',(-5.859517938053,-73.21786089336));
#3641 = CARTESIAN_POINT('',(-5.88778232535,-72.97376600705));
#3642 = CARTESIAN_POINT('',(-5.914566494269,-72.71477379979));
#3643 = CARTESIAN_POINT('',(-6.000563788574,-71.80051317457));
#3644 = CARTESIAN_POINT('',(-6.054693412929,-71.07392903685));
#3645 = CARTESIAN_POINT('',(-6.102945147088,-70.30218024708));
#3646 = CARTESIAN_POINT('',(-6.146072823974,-69.50939644194));
#3647 = CARTESIAN_POINT('',(-6.184846538807,-68.70950802367));
#3648 = CARTESIAN_POINT('',(-6.22007506264,-67.90593785066));
#3649 = CARTESIAN_POINT('',(-6.252603358084,-67.09138537354));
#3650 = CARTESIAN_POINT('',(-6.28318530718,-66.248621712));
#3651 = ( GEOMETRIC_REPRESENTATION_CONTEXT(2) 
PARAMETRIC_REPRESENTATION_CONTEXT() REPRESENTATION_CONTEXT('2D SPACE',''
  ) );
#3652 = PCURVE('',#3469,#3653);
#3653 = DEFINITIONAL_REPRESENTATION('',(#3654),#3713);
#3654 = B_SPLINE_CURVE_WITH_KNOTS('',8,(#3655,#3656,#3657,#3658,#3659,
    #3660,#3661,#3662,#3663,#3664,#3665,#3666,#3667,#3668,#3669,#3670,
    #3671,#3672,#3673,#3674,#3675,#3676,#3677,#3678,#3679,#3680,#3681,
    #3682,#3683,#3684,#3685,#3686,#3687,#3688,#3689,#3690,#3691,#3692,
    #3693,#3694,#3695,#3696,#3697,#3698,#3699,#3700,#3701,#3702,#3703,
    #3704,#3705,#3706,#3707,#3708,#3709,#3710,#3711,#3712),
  .UNSPECIFIED.,.F.,.F.,(9,7,7,7,7,7,7,7,9),(0.,0.301062570379,
    0.50309645773,0.552023311985,0.603184834748,0.666890716349,
    0.728008298465,0.807488123989,1.),.UNSPECIFIED.);
#3655 = CARTESIAN_POINT('',(-4.377078996197,5.999999999062E-07));
#3656 = CARTESIAN_POINT('',(-4.40901346688,-1.384286169239));
#3657 = CARTESIAN_POINT('',(-4.434186520639,-2.791288279096));
#3658 = CARTESIAN_POINT('',(-4.453024982929,-4.216211579189));
#3659 = CARTESIAN_POINT('',(-4.465812436173,-5.653899431632));
#3660 = CARTESIAN_POINT('',(-4.472789396845,-7.098551856608));
#3661 = CARTESIAN_POINT('',(-4.474170071841,-8.543502554334));
#3662 = CARTESIAN_POINT('',(-4.470147308658,-9.980879975897));
#3663 = CARTESIAN_POINT('',(-4.454654185149,-12.35474606754));
#3664 = CARTESIAN_POINT('',(-4.446070938995,-13.30012410903));
#3665 = CARTESIAN_POINT('',(-4.43514561064,-14.23956533301));
#3666 = CARTESIAN_POINT('',(-4.421823255626,-15.17434456806));
#3667 = CARTESIAN_POINT('',(-4.405987123351,-16.10446886725));
#3668 = CARTESIAN_POINT('',(-4.38746799354,-17.02807492911));
#3669 = CARTESIAN_POINT('',(-4.366050288098,-17.94078231413));
#3670 = CARTESIAN_POINT('',(-4.335523513355,-19.05155711084));
#3671 = CARTESIAN_POINT('',(-4.329380866308,-19.26724625735));
#3672 = CARTESIAN_POINT('',(-4.323039538727,-19.4820714422));
#3673 = CARTESIAN_POINT('',(-4.316491802617,-19.69600266618));
#3674 = CARTESIAN_POINT('',(-4.309729673364,-19.90897874781));
#3675 = CARTESIAN_POINT('',(-4.302744902586,-20.12090768612));
#3676 = CARTESIAN_POINT('',(-4.295528970994,-20.33166702358));
#3677 = CARTESIAN_POINT('',(-4.280276653719,-20.76010715699));
#3678 = CARTESIAN_POINT('',(-4.272219614633,-20.97761501087));
#3679 = CARTESIAN_POINT('',(-4.26388704118,-21.19359501033));
#3680 = CARTESIAN_POINT('',(-4.255263809929,-21.40794476965));
#3681 = CARTESIAN_POINT('',(-4.246334571787,-21.62049321466));
#3682 = CARTESIAN_POINT('',(-4.237083726964,-21.83100151965));
#3683 = CARTESIAN_POINT('',(-4.227495399933,-22.03916404447));
#3684 = CARTESIAN_POINT('',(-4.205173740779,-22.50042787497));
#3685 = CARTESIAN_POINT('',(-4.192237912063,-22.75219407149));
#3686 = CARTESIAN_POINT('',(-4.178707250902,-22.99930817036));
#3687 = CARTESIAN_POINT('',(-4.164542877781,-23.24094546162));
#3688 = CARTESIAN_POINT('',(-4.14970586378,-23.47605711943));
#3689 = CARTESIAN_POINT('',(-4.134157200004,-23.70337153185));
#3690 = CARTESIAN_POINT('',(-4.117857583674,-23.92139605734));
#3691 = CARTESIAN_POINT('',(-4.084370828756,-24.32703123647));
#3692 = CARTESIAN_POINT('',(-4.067147307314,-24.51672161979));
#3693 = CARTESIAN_POINT('',(-4.04917320456,-24.69421721877));
#3694 = CARTESIAN_POINT('',(-4.030523814275,-24.85680035158));
#3695 = CARTESIAN_POINT('',(-4.01127357906,-25.00228729384));
#3696 = CARTESIAN_POINT('',(-3.99149698181,-25.12900762586));
#3697 = CARTESIAN_POINT('',(-3.971269725617,-25.23578442655));
#3698 = CARTESIAN_POINT('',(-3.923881731816,-25.43392347384));
#3699 = CARTESIAN_POINT('',(-3.897022320654,-25.50868153286));
#3700 = CARTESIAN_POINT('',(-3.870238535016,-25.54749601752));
#3701 = CARTESIAN_POINT('',(-3.843687358857,-25.55253549977));
#3702 = CARTESIAN_POINT('',(-3.817538746217,-25.52680510289));
#3703 = CARTESIAN_POINT('',(-3.791980975424,-25.47412106575));
#3704 = CARTESIAN_POINT('',(-3.767228804982,-25.39908536535));
#3705 = CARTESIAN_POINT('',(-3.686143158286,-25.08416233431));
#3706 = CARTESIAN_POINT('',(-3.632158331795,-24.750719042));
#3707 = CARTESIAN_POINT('',(-3.581511600987,-24.34760437623));
#3708 = CARTESIAN_POINT('',(-3.533967841916,-23.90329906876));
#3709 = CARTESIAN_POINT('',(-3.489147643148,-23.43577730702));
#3710 = CARTESIAN_POINT('',(-3.4464616845,-22.95331411525));
#3711 = CARTESIAN_POINT('',(-3.405073296265,-22.45536046749));
#3712 = CARTESIAN_POINT('',(-3.363900631161,-21.93420724165));
#3713 = ( GEOMETRIC_REPRESENTATION_CONTEXT(2) 
PARAMETRIC_REPRESENTATION_CONTEXT() REPRESENTATION_CONTEXT('2D SPACE',''
  ) );
#3714 = ORIENTED_EDGE('',*,*,#3715,.T.);
#3715 = EDGE_CURVE('',#3528,#3716,#3718,.T.);
#3716 = VERTEX_POINT('',#3717);
#3717 = CARTESIAN_POINT('',(-59.5,735.75582115147,-371.6373412396));
#3718 = SURFACE_CURVE('',#3719,(#3724,#3742),.PCURVE_S1.);
#3719 = ELLIPSE('',#3720,31.164739191242,16.);
#3720 = AXIS2_PLACEMENT_3D('',#3721,#3722,#3723);
#3721 = CARTESIAN_POINT('',(-59.5,720.3,-381.5));
#3722 = DIRECTION('',(1.,0.,0.));
#3723 = DIRECTION('',(0.,-0.92203235514,0.38711282086));
#3724 = PCURVE('',#1378,#3725);
#3725 = DEFINITIONAL_REPRESENTATION('',(#3726),#3741);
#3726 = B_SPLINE_CURVE_WITH_KNOTS('',7,(#3727,#3728,#3729,#3730,#3731,
    #3732,#3733,#3734,#3735,#3736,#3737,#3738,#3739,#3740),
  .UNSPECIFIED.,.F.,.F.,(8,6,8),(3.969421210828,4.92469071055,
    5.879960210271),.UNSPECIFIED.);
#3727 = CARTESIAN_POINT('',(-3.757119480664,-67.76048459186));
#3728 = CARTESIAN_POINT('',(-3.893586552052,-65.07263049397));
#3729 = CARTESIAN_POINT('',(-4.03005362344,-61.99169571927));
#3730 = CARTESIAN_POINT('',(-4.166520694834,-58.59944115258));
#3731 = CARTESIAN_POINT('',(-4.302987766215,-54.99555365528));
#3732 = CARTESIAN_POINT('',(-4.439454837609,-51.29146749957));
#3733 = CARTESIAN_POINT('',(-4.575921908996,-47.60129674799));
#3734 = CARTESIAN_POINT('',(-4.848856051773,-40.46583019186));
#3735 = CARTESIAN_POINT('',(-4.985323123162,-37.02053496899));
#3736 = CARTESIAN_POINT('',(-5.121790194553,-33.80619769398));
#3737 = CARTESIAN_POINT('',(-5.258257265939,-30.9257681332));
#3738 = CARTESIAN_POINT('',(-5.394724337329,-28.46831082361));
#3739 = CARTESIAN_POINT('',(-5.531191408717,-26.50175772105));
#3740 = CARTESIAN_POINT('',(-5.667658480106,-25.06967377076));
#3741 = ( GEOMETRIC_REPRESENTATION_CONTEXT(2) 
PARAMETRIC_REPRESENTATION_CONTEXT() REPRESENTATION_CONTEXT('2D SPACE',''
  ) );
#3742 = PCURVE('',#3743,#3748);
#3743 = PLANE('',#3744);
#3744 = AXIS2_PLACEMENT_3D('',#3745,#3746,#3747);
#3745 = CARTESIAN_POINT('',(-59.5,720.3,-367.5));
#3746 = DIRECTION('',(1.,0.,0.));
#3747 = DIRECTION('',(-0.,0.,1.));
#3748 = DEFINITIONAL_REPRESENTATION('',(#3749),#3753);
#3749 = ELLIPSE('',#3750,31.164739191242,16.);
#3750 = AXIS2_PLACEMENT_2D('',#3751,#3752);
#3751 = CARTESIAN_POINT('',(-14.,-2.273736754432E-13));
#3752 = DIRECTION('',(0.38711282086,0.92203235514));
#3753 = ( GEOMETRIC_REPRESENTATION_CONTEXT(2) 
PARAMETRIC_REPRESENTATION_CONTEXT() REPRESENTATION_CONTEXT('2D SPACE',''
  ) );
#3754 = ORIENTED_EDGE('',*,*,#3755,.T.);
#3755 = EDGE_CURVE('',#3716,#3756,#3758,.T.);
#3756 = VERTEX_POINT('',#3757);
#3757 = CARTESIAN_POINT('',(-59.5,705.10480476726,-362.4894070371));
#3758 = SURFACE_CURVE('',#3759,(#3860,#3964),.PCURVE_S1.);
#3759 = B_SPLINE_CURVE_WITH_KNOTS('',8,(#3760,#3761,#3762,#3763,#3764,
    #3765,#3766,#3767,#3768,#3769,#3770,#3771,#3772,#3773,#3774,#3775,
    #3776,#3777,#3778,#3779,#3780,#3781,#3782,#3783,#3784,#3785,#3786,
    #3787,#3788,#3789,#3790,#3791,#3792,#3793,#3794,#3795,#3796,#3797,
    #3798,#3799,#3800,#3801,#3802,#3803,#3804,#3805,#3806,#3807,#3808,
    #3809,#3810,#3811,#3812,#3813,#3814,#3815,#3816,#3817,#3818,#3819,
    #3820,#3821,#3822,#3823,#3824,#3825,#3826,#3827,#3828,#3829,#3830,
    #3831,#3832,#3833,#3834,#3835,#3836,#3837,#3838,#3839,#3840,#3841,
    #3842,#3843,#3844,#3845,#3846,#3847,#3848,#3849,#3850,#3851,#3852,
    #3853,#3854,#3855,#3856,#3857,#3858,#3859),.UNSPECIFIED.,.F.,.F.,(9,
    7,7,7,7,7,7,7,7,7,7,7,7,7,9),(0.,3.984734818531E-02,0.136923763751,
    0.262705117511,0.289116979637,0.324690178392,0.356083194856,
    0.396288415169,0.466266954356,0.548011849239,0.710382855847,
    0.789028585034,0.835492028475,0.906736429561,1.),.UNSPECIFIED.);
#3760 = CARTESIAN_POINT('',(-59.5000006,735.75582110251,-371.6373414225)
  );
#3761 = CARTESIAN_POINT('',(-59.15777122782,735.78374825144,
    -371.5330142777));
#3762 = CARTESIAN_POINT('',(-58.81456509693,735.80894779312,
    -371.4356546838));
#3763 = CARTESIAN_POINT('',(-58.47047963755,735.83162962133,
    -371.3452548688));
#3764 = CARTESIAN_POINT('',(-58.12561879346,735.85198303279,
    -371.2617981178));
#3765 = CARTESIAN_POINT('',(-57.78009316095,735.8701774813,
    -371.1852589679));
#3766 = CARTESIAN_POINT('',(-57.43402012783,735.88636333188,
    -371.1156034037));
#3767 = CARTESIAN_POINT('',(-57.08752401244,735.9006726149,
    -371.0527890517));
#3768 = CARTESIAN_POINT('',(-55.895889078,735.94378728094,
    -370.8602800657));
#3769 = CARTESIAN_POINT('',(-55.05000498016,735.96387155932,
    -370.7642102741));
#3770 = CARTESIAN_POINT('',(-54.20362572462,735.97520552221,
    -370.7074886872));
#3771 = CARTESIAN_POINT('',(-53.3574362465,735.97880483576,
    -370.6891158633));
#3772 = CARTESIAN_POINT('',(-52.51228129401,735.97508332496,
    -370.7081728476));
#3773 = CARTESIAN_POINT('',(-51.66919195473,735.96393165264,
    -370.7638295995));
#3774 = CARTESIAN_POINT('',(-50.82942201481,735.94475927789,
    -370.8553492326));
#3775 = CARTESIAN_POINT('',(-48.91268291612,735.87988391342,
    -371.1463028472));
#3776 = CARTESIAN_POINT('',(-47.84825015297,735.82832558442,
    -371.3682407449));
#3777 = CARTESIAN_POINT('',(-46.79385680657,735.75961235303,
    -371.646310902));
#3778 = CARTESIAN_POINT('',(-45.74400716229,735.66955784783,
    -371.9823705079));
#3779 = CARTESIAN_POINT('',(-44.69721199468,735.55196165699,
    -372.380597652));
#3780 = CARTESIAN_POINT('',(-43.65756549679,735.39775327975,
    -372.8460578502));
#3781 = CARTESIAN_POINT('',(-42.63626961198,735.19409228233,
    -373.3832647387));
#3782 = CARTESIAN_POINT('',(-41.44685413983,734.86582113012,
    -374.122428171));
#3783 = CARTESIAN_POINT('',(-41.24165774364,734.80573984016,
    -374.254245671));
#3784 = CARTESIAN_POINT('',(-41.03767936876,734.74229897274,
    -374.3897715646));
#3785 = CARTESIAN_POINT('',(-40.83498456161,734.67523203876,
    -374.5291631463));
#3786 = CARTESIAN_POINT('',(-40.63370218375,734.60425112931,
    -374.6725660364));
#3787 = CARTESIAN_POINT('',(-40.4340234721,734.52904497936,
    -374.8201117482));
#3788 = CARTESIAN_POINT('',(-40.23620109913,734.44927703144,
    -374.9719152555));
#3789 = CARTESIAN_POINT('',(-39.77703033877,734.25051278991,
    -375.3383952869));
#3790 = CARTESIAN_POINT('',(-39.51735073553,734.12746447566,
    -375.5566937306));
#3791 = CARTESIAN_POINT('',(-39.26200678859,733.99441903701,
    -375.7834315458));
#3792 = CARTESIAN_POINT('',(-39.01181372386,733.85025017405,
    -376.0189827379));
#3793 = CARTESIAN_POINT('',(-38.76790186425,733.69371693663,
    -376.2636099218));
#3794 = CARTESIAN_POINT('',(-38.53171272434,733.52345411158,
    -376.5174397059));
#3795 = CARTESIAN_POINT('',(-38.30499396323,733.33796086726,
    -376.7804352005));
#3796 = CARTESIAN_POINT('',(-37.89988052317,732.95699518124,
    -377.2923417412));
#3797 = CARTESIAN_POINT('',(-37.71765123393,732.76404737367,
    -377.5409014962));
#3798 = CARTESIAN_POINT('',(-37.54629313342,732.55677011154,
    -377.796072872));
#3799 = CARTESIAN_POINT('',(-37.38844969311,732.33527635403,
    -378.0559261318));
#3800 = CARTESIAN_POINT('',(-37.24624326747,732.09979866586,
    -378.3185801428));
#3801 = CARTESIAN_POINT('',(-37.12129785979,731.85072072074,
    -378.5822107819));
#3802 = CARTESIAN_POINT('',(-37.01476143674,731.58860778297,
    -378.8450614482));
#3803 = CARTESIAN_POINT('',(-36.8153510095,730.96284682949,
    -379.438944111));
#3804 = CARTESIAN_POINT('',(-36.73714659367,730.59901044072,
    -379.7611341849));
#3805 = CARTESIAN_POINT('',(-36.69147947924,730.22495236113,
    -380.069705257));
#3806 = CARTESIAN_POINT('',(-36.6763414991,729.84342061943,
    -380.3625631703));
#3807 = CARTESIAN_POINT('',(-36.68898230661,729.45771114392,
    -380.6379071739));
#3808 = CARTESIAN_POINT('',(-36.72594219719,729.07172891902,
    -380.8942686566));
#3809 = CARTESIAN_POINT('',(-36.78308682879,728.69008506711,
    -381.1305216992));
#3810 = CARTESIAN_POINT('',(-36.98193176394,727.67100334434,
    -381.7206784884));
#3811 = CARTESIAN_POINT('',(-37.15886528135,727.03316048258,
    -382.0438852689));
#3812 = CARTESIAN_POINT('',(-37.37182071403,726.40894279925,
    -382.3203693067));
#3813 = CARTESIAN_POINT('',(-37.60989907156,725.80065871573,
    -382.5554534662));
#3814 = CARTESIAN_POINT('',(-37.86554180221,725.20850504927,
    -382.7543845011));
#3815 = CARTESIAN_POINT('',(-38.13422162284,724.63050916459,
    -382.9219236949));
#3816 = CARTESIAN_POINT('',(-38.41414583901,724.06256388198,
    -383.0619566048));
#3817 = CARTESIAN_POINT('',(-39.04673112807,722.83965217491,
    -383.3114627418));
#3818 = CARTESIAN_POINT('',(-39.40107913924,722.19119463885,
    -383.410800595));
#3819 = CARTESIAN_POINT('',(-39.76412938034,721.55354906669,
    -383.4779230282));
#3820 = CARTESIAN_POINT('',(-40.13253081727,720.9264182686,
    -383.5153152455));
#3821 = CARTESIAN_POINT('',(-40.504114335,720.30890566128,
    -383.5249694412));
#3822 = CARTESIAN_POINT('',(-40.87762869617,719.69963168163,
    -383.5082965134));
#3823 = CARTESIAN_POINT('',(-41.25250372331,719.09687439238,
    -383.4660531438));
#3824 = CARTESIAN_POINT('',(-42.37576675285,717.31064036462,
    -383.2636739389));
#3825 = CARTESIAN_POINT('',(-43.12741132357,716.14149626681,
    -383.0284372738));
#3826 = CARTESIAN_POINT('',(-43.87164541236,714.99409789272,
    -382.6951435036));
#3827 = CARTESIAN_POINT('',(-44.60071411545,713.87146256017,
    -382.2641909388));
#3828 = CARTESIAN_POINT('',(-45.31018043745,712.77723525936,
    -381.7341118299));
#3829 = CARTESIAN_POINT('',(-45.99922642684,711.71652568192,
    -381.1017391604));
#3830 = CARTESIAN_POINT('',(-46.67105217423,710.6963853964,
    -380.362243932));
#3831 = CARTESIAN_POINT('',(-47.65632375618,709.25803717132,
    -379.0959508924));
#3832 = CARTESIAN_POINT('',(-47.97537432225,708.80150923484,
    -378.6568211085));
#3833 = CARTESIAN_POINT('',(-48.29231665728,708.35996230591,
    -378.1921042157));
#3834 = CARTESIAN_POINT('',(-48.60788782278,707.93550622564,
    -377.7023180657));
#3835 = CARTESIAN_POINT('',(-48.92321168286,707.53019867579,
    -377.1881592508));
#3836 = CARTESIAN_POINT('',(-49.23977713958,707.14603455143,
    -376.6504942076));
#3837 = CARTESIAN_POINT('',(-49.55941936795,706.78493362517,
    -376.0903484995));
#3838 = CARTESIAN_POINT('',(-50.0762724787,706.25011491638,
    -375.1653885978));
#3839 = CARTESIAN_POINT('',(-50.27000461177,706.06024135004,
    -374.8145372053));
#3840 = CARTESIAN_POINT('',(-50.4658293224,705.87963026364,
    -374.4568458367));
#3841 = CARTESIAN_POINT('',(-50.66410278834,705.70873812431,
    -374.0928401024));
#3842 = CARTESIAN_POINT('',(-50.86521848734,705.54796501462,
    -373.7230696475));
#3843 = CARTESIAN_POINT('',(-51.06960024646,705.39765522979,
    -373.3481044481));
#3844 = CARTESIAN_POINT('',(-51.27769621762,705.2580979549,-372.96853212
    ));
#3845 = CARTESIAN_POINT('',(-51.81546811742,704.93238620098,
    -371.9968028068));
#3846 = CARTESIAN_POINT('',(-52.15107671491,704.76090580929,
    -371.3987255877));
#3847 = CARTESIAN_POINT('',(-52.49780803148,704.61644010255,
    -370.7941485448));
#3848 = CARTESIAN_POINT('',(-52.85678713138,704.49966029396,
    -370.1865032824));
#3849 = CARTESIAN_POINT('',(-53.2291200216,704.41062991208,
    -369.5791745538));
#3850 = CARTESIAN_POINT('',(-53.61579087362,704.34886014645,
    -368.9754681806));
#3851 = CARTESIAN_POINT('',(-54.01757954533,704.31335518653,
    -368.3785810014));
#3852 = CARTESIAN_POINT('',(-54.98140018232,704.28865135785,
    -367.0230937921));
#3853 = CARTESIAN_POINT('',(-55.55268875499,704.31720400235,
    -366.2741862711));
#3854 = CARTESIAN_POINT('',(-56.14995681437,704.38452239844,
    -365.5510199273));
#3855 = CARTESIAN_POINT('',(-56.77353181135,704.48568597355,
    -364.8591772034));
#3856 = CARTESIAN_POINT('',(-57.42281754078,704.61488576829,
    -364.2035002037));
#3857 = CARTESIAN_POINT('',(-58.09608318318,704.76565438098,
    -363.5880296944));
#3858 = CARTESIAN_POINT('',(-58.79015789204,704.93118076941,
    -363.0159415819));
#3859 = CARTESIAN_POINT('',(-59.5000006,705.10480491401,-362.4894065921)
  );
#3860 = PCURVE('',#1378,#3861);
#3861 = DEFINITIONAL_REPRESENTATION('',(#3862),#3963);
#3862 = B_SPLINE_CURVE_WITH_KNOTS('',8,(#3863,#3864,#3865,#3866,#3867,
    #3868,#3869,#3870,#3871,#3872,#3873,#3874,#3875,#3876,#3877,#3878,
    #3879,#3880,#3881,#3882,#3883,#3884,#3885,#3886,#3887,#3888,#3889,
    #3890,#3891,#3892,#3893,#3894,#3895,#3896,#3897,#3898,#3899,#3900,
    #3901,#3902,#3903,#3904,#3905,#3906,#3907,#3908,#3909,#3910,#3911,
    #3912,#3913,#3914,#3915,#3916,#3917,#3918,#3919,#3920,#3921,#3922,
    #3923,#3924,#3925,#3926,#3927,#3928,#3929,#3930,#3931,#3932,#3933,
    #3934,#3935,#3936,#3937,#3938,#3939,#3940,#3941,#3942,#3943,#3944,
    #3945,#3946,#3947,#3948,#3949,#3950,#3951,#3952,#3953,#3954,#3955,
    #3956,#3957,#3958,#3959,#3960,#3961,#3962),.UNSPECIFIED.,.F.,.F.,(9,
    7,7,7,7,7,7,7,7,7,7,7,7,7,9),(0.,3.984734818531E-02,0.136923763751,
    0.262705117511,0.289116979637,0.324690178392,0.356083194856,
    0.396288415169,0.466266954356,0.548011849239,0.710382855847,
    0.789028585034,0.835492028475,0.906736429561,1.),.UNSPECIFIED.);
#3863 = CARTESIAN_POINT('',(-4.158733373892,-58.62170430114));
#3864 = CARTESIAN_POINT('',(-4.178710923221,-58.78484469411));
#3865 = CARTESIAN_POINT('',(-4.198575821604,-58.94864298441));
#3866 = CARTESIAN_POINT('',(-4.218331378925,-59.11321264599));
#3867 = CARTESIAN_POINT('',(-4.237980693663,-59.2786445407));
#3868 = CARTESIAN_POINT('',(-4.257526655589,-59.44500750838));
#3869 = CARTESIAN_POINT('',(-4.276971948476,-59.61234895706));
#3870 = CARTESIAN_POINT('',(-4.2963190528,-59.780695453));
#3871 = CARTESIAN_POINT('',(-4.362470159074,-60.36264422446));
#3872 = CARTESIAN_POINT('',(-4.408762312826,-60.78089881852));
#3873 = CARTESIAN_POINT('',(-4.454556816708,-61.20555550972));
#3874 = CARTESIAN_POINT('',(-4.499955654625,-61.63673427366));
#3875 = CARTESIAN_POINT('',(-4.545055404818,-62.07402357409));
#3876 = CARTESIAN_POINT('',(-4.589949591669,-62.51653179796));
#3877 = CARTESIAN_POINT('',(-4.634730671887,-62.96290319629));
#3878 = CARTESIAN_POINT('',(-4.73748820371,-63.99228133017));
#3879 = CARTESIAN_POINT('',(-4.794955211336,-64.57169469742));
#3880 = CARTESIAN_POINT('',(-4.852654279108,-65.1510273196));
#3881 = CARTESIAN_POINT('',(-4.911286247286,-65.73040523053));
#3882 = CARTESIAN_POINT('',(-4.971460290728,-66.30707494219));
#3883 = CARTESIAN_POINT('',(-5.033695245824,-66.8734403062));
#3884 = CARTESIAN_POINT('',(-5.098428618808,-67.41508978945));
#3885 = CARTESIAN_POINT('',(-5.180231412161,-68.01154537222));
#3886 = CARTESIAN_POINT('',(-5.19458673079,-68.11314440108));
#3887 = CARTESIAN_POINT('',(-5.209119217397,-68.21269179112));
#3888 = CARTESIAN_POINT('',(-5.22384512856,-68.30999528698));
#3889 = CARTESIAN_POINT('',(-5.238779108802,-68.40480930076));
#3890 = CARTESIAN_POINT('',(-5.253934363205,-68.49683305438));
#3891 = CARTESIAN_POINT('',(-5.269322830038,-68.58570872188));
#3892 = CARTESIAN_POINT('',(-5.306010243677,-68.78592172476));
#3893 = CARTESIAN_POINT('',(-5.327515643889,-68.89439938316));
#3894 = CARTESIAN_POINT('',(-5.34952049753,-68.9955445396));
#3895 = CARTESIAN_POINT('',(-5.372065410592,-69.08817172648));
#3896 = CARTESIAN_POINT('',(-5.395183328082,-69.1708059852));
#3897 = CARTESIAN_POINT('',(-5.418900076625,-69.24166908764));
#3898 = CARTESIAN_POINT('',(-5.443234773114,-69.29866400981));
#3899 = CARTESIAN_POINT('',(-5.490231767299,-69.375269423));
#3900 = CARTESIAN_POINT('',(-5.512903788495,-69.39872950102));
#3901 = CARTESIAN_POINT('',(-5.536054818044,-69.40746663249));
#3902 = CARTESIAN_POINT('',(-5.559542662506,-69.39957197564));
#3903 = CARTESIAN_POINT('',(-5.583240360632,-69.37351501377));
#3904 = CARTESIAN_POINT('',(-5.607032613119,-69.32815958617));
#3905 = CARTESIAN_POINT('',(-5.630812561476,-69.26278004264));
#3906 = CARTESIAN_POINT('',(-5.684788555067,-69.0673178));
#3907 = CARTESIAN_POINT('',(-5.714251220647,-68.926617384));
#3908 = CARTESIAN_POINT('',(-5.742749631872,-68.75660023248));
#3909 = CARTESIAN_POINT('',(-5.770166271291,-68.55977601327));
#3910 = CARTESIAN_POINT('',(-5.796382722395,-68.33956642014));
#3911 = CARTESIAN_POINT('',(-5.821277800513,-68.10034957887));
#3912 = CARTESIAN_POINT('',(-5.844724477119,-67.84752254254));
#3913 = CARTESIAN_POINT('',(-5.904635613394,-67.13514639631));
#3914 = CARTESIAN_POINT('',(-5.939073915752,-66.64699053638));
#3915 = CARTESIAN_POINT('',(-5.970280695497,-66.13560048292));
#3916 = CARTESIAN_POINT('',(-5.998610550599,-65.61016656174));
#3917 = CARTESIAN_POINT('',(-6.024416689306,-65.0764680427));
#3918 = CARTESIAN_POINT('',(-6.048052545384,-64.53685010689));
#3919 = CARTESIAN_POINT('',(-6.069858369794,-63.99027413931));
#3920 = CARTESIAN_POINT('',(-6.113832618623,-62.78077240048));
#3921 = CARTESIAN_POINT('',(-6.135262705522,-62.11876367806));
#3922 = CARTESIAN_POINT('',(-6.154602536208,-61.45014011714));
#3923 = CARTESIAN_POINT('',(-6.172004116052,-60.77721257825));
#3924 = CARTESIAN_POINT('',(-6.187598779747,-60.1010470809));
#3925 = CARTESIAN_POINT('',(-6.201493974961,-59.42166314529));
#3926 = CARTESIAN_POINT('',(-6.213767593411,-58.73824240328));
#3927 = CARTESIAN_POINT('',(-6.245698024114,-56.6809860356));
#3928 = CARTESIAN_POINT('',(-6.260684186554,-55.29187052879));
#3929 = CARTESIAN_POINT('',(-6.269432128023,-53.89119106298));
#3930 = CARTESIAN_POINT('',(-6.271821470763,-52.48544875633));
#3931 = CARTESIAN_POINT('',(-6.267648172368,-51.07931804471));
#3932 = CARTESIAN_POINT('',(-6.256629317039,-49.67620977876));
#3933 = CARTESIAN_POINT('',(-6.23840518536,-48.27845632521));
#3934 = CARTESIAN_POINT('',(-6.199847065191,-46.21387374283));
#3935 = CARTESIAN_POINT('',(-6.185468539085,-45.54297014332));
#3936 = CARTESIAN_POINT('',(-6.16927011097,-44.87650245084));
#3937 = CARTESIAN_POINT('',(-6.151239428978,-44.2159336811));
#3938 = CARTESIAN_POINT('',(-6.131372520295,-43.56254637215));
#3939 = CARTESIAN_POINT('',(-6.109670176998,-42.91744239429));
#3940 = CARTESIAN_POINT('',(-6.086133564151,-42.28153926301));
#3941 = CARTESIAN_POINT('',(-6.045768509388,-41.28574381628));
#3942 = CARTESIAN_POINT('',(-6.030140492922,-40.91949282176));
#3943 = CARTESIAN_POINT('',(-6.01388605565,-40.5572241082));
#3944 = CARTESIAN_POINT('',(-5.997017078782,-40.19929059725));
#3945 = CARTESIAN_POINT('',(-5.979546093822,-39.84598943129));
#3946 = CARTESIAN_POINT('',(-5.96148583936,-39.4975647841));
#3947 = CARTESIAN_POINT('',(-5.942848912685,-39.15421059554));
#3948 = CARTESIAN_POINT('',(-5.894205187077,-38.29759263016));
#3949 = CARTESIAN_POINT('',(-5.863410138115,-37.79092705379));
#3950 = CARTESIAN_POINT('',(-5.831366226544,-37.29776695057));
#3951 = CARTESIAN_POINT('',(-5.798181067958,-36.81920578386));
#3952 = CARTESIAN_POINT('',(-5.763962021987,-36.35585041185));
#3953 = CARTESIAN_POINT('',(-5.728815533834,-35.90790698881));
#3954 = CARTESIAN_POINT('',(-5.692848368976,-35.4752492001));
#3955 = CARTESIAN_POINT('',(-5.608153954981,-34.5105827961));
#3956 = CARTESIAN_POINT('',(-5.559084655196,-33.99108741535));
#3957 = CARTESIAN_POINT('',(-5.509193533078,-33.49747843553));
#3958 = CARTESIAN_POINT('',(-5.458707720933,-33.0275488738));
#3959 = CARTESIAN_POINT('',(-5.40785389971,-32.57861708408));
#3960 = CARTESIAN_POINT('',(-5.356871446995,-32.14779674063));
#3961 = CARTESIAN_POINT('',(-5.30603085531,-31.73238161914));
#3962 = CARTESIAN_POINT('',(-5.255654113517,-31.33041124215));
#3963 = ( GEOMETRIC_REPRESENTATION_CONTEXT(2) 
PARAMETRIC_REPRESENTATION_CONTEXT() REPRESENTATION_CONTEXT('2D SPACE',''
  ) );
#3964 = PCURVE('',#3965,#3970);
#3965 = CYLINDRICAL_SURFACE('',#3966,16.);
#3966 = AXIS2_PLACEMENT_3D('',#3967,#3968,#3969);
#3967 = CARTESIAN_POINT('',(-59.5,720.3,-367.5));
#3968 = DIRECTION('',(-1.,-0.,0.));
#3969 = DIRECTION('',(0.,0.,1.));
#3970 = DEFINITIONAL_REPRESENTATION('',(#3971),#4072);
#3971 = B_SPLINE_CURVE_WITH_KNOTS('',8,(#3972,#3973,#3974,#3975,#3976,
    #3977,#3978,#3979,#3980,#3981,#3982,#3983,#3984,#3985,#3986,#3987,
    #3988,#3989,#3990,#3991,#3992,#3993,#3994,#3995,#3996,#3997,#3998,
    #3999,#4000,#4001,#4002,#4003,#4004,#4005,#4006,#4007,#4008,#4009,
    #4010,#4011,#4012,#4013,#4014,#4015,#4016,#4017,#4018,#4019,#4020,
    #4021,#4022,#4023,#4024,#4025,#4026,#4027,#4028,#4029,#4030,#4031,
    #4032,#4033,#4034,#4035,#4036,#4037,#4038,#4039,#4040,#4041,#4042,
    #4043,#4044,#4045,#4046,#4047,#4048,#4049,#4050,#4051,#4052,#4053,
    #4054,#4055,#4056,#4057,#4058,#4059,#4060,#4061,#4062,#4063,#4064,
    #4065,#4066,#4067,#4068,#4069,#4070,#4071),.UNSPECIFIED.,.F.,.F.,(9,
    7,7,7,7,7,7,7,7,7,7,7,7,7,9),(0.,3.984734818531E-02,0.136923763751,
    0.262705117511,0.289116979637,0.324690178392,0.356083194856,
    0.396288415169,0.466266954356,0.548011849239,0.710382855847,
    0.789028585034,0.835492028475,0.906736429561,1.),.UNSPECIFIED.);
#3972 = CARTESIAN_POINT('',(-4.450833088011,5.999999999062E-07));
#3973 = CARTESIAN_POINT('',(-4.457583110811,-0.342228772175));
#3974 = CARTESIAN_POINT('',(-4.463868394186,-0.685434903067));
#3975 = CARTESIAN_POINT('',(-4.469693255984,-1.029520362441));
#3976 = CARTESIAN_POINT('',(-4.475061972063,-1.374381206531));
#3977 = CARTESIAN_POINT('',(-4.479978838254,-1.719906839043));
#3978 = CARTESIAN_POINT('',(-4.484448232311,-2.065979872162));
#3979 = CARTESIAN_POINT('',(-4.488474675874,-2.412475987553));
#3980 = CARTESIAN_POINT('',(-4.500804546883,-3.604110921997));
#3981 = CARTESIAN_POINT('',(-4.5069381174,-4.44999501984));
#3982 = CARTESIAN_POINT('',(-4.510553281021,-5.296374275378));
#3983 = CARTESIAN_POINT('',(-4.511723563524,-6.142563753491));
#3984 = CARTESIAN_POINT('',(-4.510509911831,-6.987718705986));
#3985 = CARTESIAN_POINT('',(-4.50696218312,-7.830808045268));
#3986 = CARTESIAN_POINT('',(-4.501118554617,-8.670577985181));
#3987 = CARTESIAN_POINT('',(-4.482487387567,-10.58731708387));
#3988 = CARTESIAN_POINT('',(-4.468247436079,-11.65174984702));
#3989 = CARTESIAN_POINT('',(-4.450348296406,-12.70614319342));
#3990 = CARTESIAN_POINT('',(-4.428612262088,-13.75599283769));
#3991 = CARTESIAN_POINT('',(-4.40268091174,-14.80278800532));
#3992 = CARTESIAN_POINT('',(-4.372070785804,-15.8424345032));
#3993 = CARTESIAN_POINT('',(-4.336218935604,-16.86373038801));
#3994 = CARTESIAN_POINT('',(-4.28567020722,-18.05314586016));
#3995 = CARTESIAN_POINT('',(-4.276616634206,-18.25834225635));
#3996 = CARTESIAN_POINT('',(-4.267264967293,-18.46232063123));
#3997 = CARTESIAN_POINT('',(-4.257598171893,-18.66501543838));
#3998 = CARTESIAN_POINT('',(-4.247598976927,-18.86629781624));
#3999 = CARTESIAN_POINT('',(-4.237249842197,-19.0659765279));
#4000 = CARTESIAN_POINT('',(-4.226532925755,-19.26379890086));
#4001 = CARTESIAN_POINT('',(-4.200475984116,-19.72296966122));
#4002 = CARTESIAN_POINT('',(-4.184816218624,-19.98264926446));
#4003 = CARTESIAN_POINT('',(-4.168389838981,-20.2379932114));
#4004 = CARTESIAN_POINT('',(-4.151135569889,-20.48818627613));
#4005 = CARTESIAN_POINT('',(-4.132992042622,-20.73209813574));
#4006 = CARTESIAN_POINT('',(-4.113897622662,-20.96828727565));
#4007 = CARTESIAN_POINT('',(-4.093789798936,-21.19500603676));
#4008 = CARTESIAN_POINT('',(-4.053907983277,-21.60011947682));
#4009 = CARTESIAN_POINT('',(-4.034245802211,-21.78234876606));
#4010 = CARTESIAN_POINT('',(-4.013707472223,-21.95370686657));
#4011 = CARTESIAN_POINT('',(-3.992379686276,-22.11155030688));
#4012 = CARTESIAN_POINT('',(-3.970346879122,-22.25375673252));
#4013 = CARTESIAN_POINT('',(-3.947692551856,-22.3787021402));
#4014 = CARTESIAN_POINT('',(-3.924500991407,-22.48523856325));
#4015 = CARTESIAN_POINT('',(-3.870581440942,-22.68464899049));
#4016 = CARTESIAN_POINT('',(-3.840225302974,-22.76285340632));
#4017 = CARTESIAN_POINT('',(-3.809949518575,-22.80852052075));
#4018 = CARTESIAN_POINT('',(-3.779925370847,-22.82365850089));
#4019 = CARTESIAN_POINT('',(-3.750340444515,-22.81101769338));
#4020 = CARTESIAN_POINT('',(-3.721405452812,-22.7740578028));
#4021 = CARTESIAN_POINT('',(-3.693364325228,-22.7169131712));
#4022 = CARTESIAN_POINT('',(-3.619762445544,-22.51806823605));
#4023 = CARTESIAN_POINT('',(-3.575141251216,-22.34113471864));
#4024 = CARTESIAN_POINT('',(-3.53256460941,-22.12817928597));
#4025 = CARTESIAN_POINT('',(-3.491894840951,-21.89010092843));
#4026 = CARTESIAN_POINT('',(-3.452924554938,-21.63445819778));
#4027 = CARTESIAN_POINT('',(-3.415364855132,-21.36577837715));
#4028 = CARTESIAN_POINT('',(-3.378835157865,-21.08585416098));
#4029 = CARTESIAN_POINT('',(-3.300828588739,-20.45326887192));
#4030 = CARTESIAN_POINT('',(-3.259876909673,-20.09892086075));
#4031 = CARTESIAN_POINT('',(-3.21987677106,-19.73587061965));
#4032 = CARTESIAN_POINT('',(-3.180690041321,-19.36746918272));
#4033 = CARTESIAN_POINT('',(-3.142163358652,-18.995885665));
#4034 = CARTESIAN_POINT('',(-3.104127395571,-18.62237130382));
#4035 = CARTESIAN_POINT('',(-3.066397308704,-18.24749627668));
#4036 = CARTESIAN_POINT('',(-2.954043421915,-17.12423324714));
#4037 = CARTESIAN_POINT('',(-2.879781262092,-16.37258867642));
#4038 = CARTESIAN_POINT('',(-2.805543772467,-15.62835458763));
#4039 = CARTESIAN_POINT('',(-2.730918133747,-14.89928588455));
#4040 = CARTESIAN_POINT('',(-2.655484191335,-14.18981956253));
#4041 = CARTESIAN_POINT('',(-2.578808623831,-13.50077357315));
#4042 = CARTESIAN_POINT('',(-2.500412419461,-12.82894782576));
#4043 = CARTESIAN_POINT('',(-2.380641419234,-11.84367624381));
#4044 = CARTESIAN_POINT('',(-2.341089602197,-11.52462567774));
#4045 = CARTESIAN_POINT('',(-2.301092861728,-11.20768334271));
#4046 = CARTESIAN_POINT('',(-2.260671417289,-10.89211217721));
#4047 = CARTESIAN_POINT('',(-2.219842396222,-10.57678831713));
#4048 = CARTESIAN_POINT('',(-2.178620021791,-10.26022286041));
#4049 = CARTESIAN_POINT('',(-2.137015538641,-9.940580632044));
#4050 = CARTESIAN_POINT('',(-2.07023751693,-9.423727521298));
#4051 = CARTESIAN_POINT('',(-2.045314026221,-9.229995388229));
#4052 = CARTESIAN_POINT('',(-2.020286978607,-9.034170677596));
#4053 = CARTESIAN_POINT('',(-1.99517488185,-8.835897211654));
#4054 = CARTESIAN_POINT('',(-1.969995220077,-8.634781512652));
#4055 = CARTESIAN_POINT('',(-1.944764659569,-8.430399753536));
#4056 = CARTESIAN_POINT('',(-1.919499292567,-8.222303782372));
#4057 = CARTESIAN_POINT('',(-1.85544529908,-7.684531882576));
#4058 = CARTESIAN_POINT('',(-1.81659731654,-7.34892328509));
#4059 = CARTESIAN_POINT('',(-1.777811945513,-7.002191968514));
#4060 = CARTESIAN_POINT('',(-1.73921559209,-6.643212868617));
#4061 = CARTESIAN_POINT('',(-1.700925453998,-6.270879978396));
#4062 = CARTESIAN_POINT('',(-1.663054432067,-5.884209126378));
#4063 = CARTESIAN_POINT('',(-1.625714740664,-5.482420454668));
#4064 = CARTESIAN_POINT('',(-1.540982721605,-4.51859981768));
#4065 = CARTESIAN_POINT('',(-1.494216296983,-3.947311245005));
#4066 = CARTESIAN_POINT('',(-1.448933637718,-3.350043185619));
#4067 = CARTESIAN_POINT('',(-1.405346710894,-2.726468188641));
#4068 = CARTESIAN_POINT('',(-1.363670083539,-2.077182459218));
#4069 = CARTESIAN_POINT('',(-1.324123745164,-1.403916816814));
#4070 = CARTESIAN_POINT('',(-1.286926961427,-0.709842107952));
#4071 = CARTESIAN_POINT('',(-1.252275547818,5.999999999062E-07));
#4072 = ( GEOMETRIC_REPRESENTATION_CONTEXT(2) 
PARAMETRIC_REPRESENTATION_CONTEXT() REPRESENTATION_CONTEXT('2D SPACE',''
  ) );
#4073 = ORIENTED_EDGE('',*,*,#4074,.T.);
#4074 = EDGE_CURVE('',#3756,#4075,#4077,.T.);
#4075 = VERTEX_POINT('',#4076);
#4076 = CARTESIAN_POINT('',(-59.5,700.80256325441,-363.0446705675));
#4077 = SURFACE_CURVE('',#4078,(#4083,#4101),.PCURVE_S1.);
#4078 = ELLIPSE('',#4079,31.164739191242,16.);
#4079 = AXIS2_PLACEMENT_3D('',#4080,#4081,#4082);
#4080 = CARTESIAN_POINT('',(-59.5,720.3,-381.5));
#4081 = DIRECTION('',(1.,0.,0.));
#4082 = DIRECTION('',(0.,-0.92203235514,0.38711282086));
#4083 = PCURVE('',#1378,#4084);
#4084 = DEFINITIONAL_REPRESENTATION('',(#4085),#4100);
#4085 = B_SPLINE_CURVE_WITH_KNOTS('',7,(#4086,#4087,#4088,#4089,#4090,
    #4091,#4092,#4093,#4094,#4095,#4096,#4097,#4098,#4099),
  .UNSPECIFIED.,.F.,.F.,(8,6,8),(3.969421210828,4.92469071055,
    5.879960210271),.UNSPECIFIED.);
#4086 = CARTESIAN_POINT('',(-3.757119480664,-67.76048459186));
#4087 = CARTESIAN_POINT('',(-3.893586552052,-65.07263049397));
#4088 = CARTESIAN_POINT('',(-4.03005362344,-61.99169571927));
#4089 = CARTESIAN_POINT('',(-4.166520694834,-58.59944115258));
#4090 = CARTESIAN_POINT('',(-4.302987766215,-54.99555365528));
#4091 = CARTESIAN_POINT('',(-4.439454837609,-51.29146749957));
#4092 = CARTESIAN_POINT('',(-4.575921908996,-47.60129674799));
#4093 = CARTESIAN_POINT('',(-4.848856051773,-40.46583019186));
#4094 = CARTESIAN_POINT('',(-4.985323123162,-37.02053496899));
#4095 = CARTESIAN_POINT('',(-5.121790194553,-33.80619769398));
#4096 = CARTESIAN_POINT('',(-5.258257265939,-30.9257681332));
#4097 = CARTESIAN_POINT('',(-5.394724337329,-28.46831082361));
#4098 = CARTESIAN_POINT('',(-5.531191408717,-26.50175772105));
#4099 = CARTESIAN_POINT('',(-5.667658480106,-25.06967377076));
#4100 = ( GEOMETRIC_REPRESENTATION_CONTEXT(2) 
PARAMETRIC_REPRESENTATION_CONTEXT() REPRESENTATION_CONTEXT('2D SPACE',''
  ) );
#4101 = PCURVE('',#3743,#4102);
#4102 = DEFINITIONAL_REPRESENTATION('',(#4103),#4107);
#4103 = ELLIPSE('',#4104,31.164739191242,16.);
#4104 = AXIS2_PLACEMENT_2D('',#4105,#4106);
#4105 = CARTESIAN_POINT('',(-14.,-2.273736754432E-13));
#4106 = DIRECTION('',(0.38711282086,0.92203235514));
#4107 = ( GEOMETRIC_REPRESENTATION_CONTEXT(2) 
PARAMETRIC_REPRESENTATION_CONTEXT() REPRESENTATION_CONTEXT('2D SPACE',''
  ) );
#4108 = ORIENTED_EDGE('',*,*,#4109,.T.);
#4109 = EDGE_CURVE('',#4075,#3391,#4110,.T.);
#4110 = SURFACE_CURVE('',#4111,(#4132,#4156),.PCURVE_S1.);
#4111 = B_SPLINE_CURVE_WITH_KNOTS('',7,(#4112,#4113,#4114,#4115,#4116,
    #4117,#4118,#4119,#4120,#4121,#4122,#4123,#4124,#4125,#4126,#4127,
    #4128,#4129,#4130,#4131),.UNSPECIFIED.,.F.,.F.,(8,6,6,8),(0.,
    0.307509856427,0.696938248235,1.),.UNSPECIFIED.);
#4112 = CARTESIAN_POINT('',(-59.5000006,700.80256339575,-363.0446699489)
  );
#4113 = CARTESIAN_POINT('',(-58.97633291742,700.6792038752,
    -363.5845164707));
#4114 = CARTESIAN_POINT('',(-58.46877119336,700.56756805147,
    -364.153355638));
#4115 = CARTESIAN_POINT('',(-57.97930523946,700.47116273459,
    -364.7492402782));
#4116 = CARTESIAN_POINT('',(-57.50920737344,700.39337585486,
    -365.369768838));
#4117 = CARTESIAN_POINT('',(-57.05913583946,700.33731023144,
    -366.0121527073));
#4118 = CARTESIAN_POINT('',(-56.62922726057,700.30565080047,
    -366.6732588605));
#4119 = CARTESIAN_POINT('',(-55.69989468307,700.29412506321,
    -368.20617686));
#4120 = CARTESIAN_POINT('',(-55.21365289348,700.33031671334,
    -369.0852368068));
#4121 = CARTESIAN_POINT('',(-54.75959486747,700.41318844135,
    -369.9795462992));
#4122 = CARTESIAN_POINT('',(-54.33567417093,700.54532988716,
    -370.8812292103));
#4123 = CARTESIAN_POINT('',(-53.93895726348,700.72761935727,
    -371.7820872971));
#4124 = CARTESIAN_POINT('',(-53.56593485586,700.95901660075,
    -372.6736093628));
#4125 = CARTESIAN_POINT('',(-52.93863682532,701.45175249401,
    -374.2269768579));
#4126 = CARTESIAN_POINT('',(-52.6761335784,701.6952581405,
    -374.8965030574));
#4127 = CARTESIAN_POINT('',(-52.42335216843,701.96567618779,
    -375.5534277101));
#4128 = CARTESIAN_POINT('',(-52.17804710423,702.26173794013,
    -376.1955626089));
#4129 = CARTESIAN_POINT('',(-51.93807299975,702.58184619231,
    -376.8208329459));
#4130 = CARTESIAN_POINT('',(-51.70146269508,702.92406588306,
    -377.4273005562));
#4131 = CARTESIAN_POINT('',(-51.46654385951,703.28611726493,
    -378.0132199766));
#4132 = PCURVE('',#1378,#4133);
#4133 = DEFINITIONAL_REPRESENTATION('',(#4134),#4155);
#4134 = B_SPLINE_CURVE_WITH_KNOTS('',7,(#4135,#4136,#4137,#4138,#4139,
    #4140,#4141,#4142,#4143,#4144,#4145,#4146,#4147,#4148,#4149,#4150,
    #4151,#4152,#4153,#4154),.UNSPECIFIED.,.F.,.F.,(8,6,6,8),(0.,
    0.307509856427,0.696938248235,1.),.UNSPECIFIED.);
#4135 = CARTESIAN_POINT('',(-5.437601009083,-28.11075954241));
#4136 = CARTESIAN_POINT('',(-5.479897039842,-28.4613410599));
#4137 = CARTESIAN_POINT('',(-5.522381598363,-28.82256140821));
#4138 = CARTESIAN_POINT('',(-5.564909215714,-29.19552689728));
#4139 = CARTESIAN_POINT('',(-5.607348687077,-29.5814671909));
#4140 = CARTESIAN_POINT('',(-5.649577384416,-29.98157304658));
#4141 = CARTESIAN_POINT('',(-5.691475482315,-30.39685796127));
#4142 = CARTESIAN_POINT('',(-5.785405275317,-31.37409444025));
#4143 = CARTESIAN_POINT('',(-5.837042679469,-31.94439178684));
#4144 = CARTESIAN_POINT('',(-5.887586795336,-32.54016706949));
#4145 = CARTESIAN_POINT('',(-5.936795313144,-33.16190350559));
#4146 = CARTESIAN_POINT('',(-5.984420324437,-33.80907866888));
#4147 = CARTESIAN_POINT('',(-6.030191198157,-34.47984371811));
#4148 = CARTESIAN_POINT('',(-6.107785953634,-35.70780131449));
#4149 = CARTESIAN_POINT('',(-6.14048135552,-36.25765927962));
#4150 = CARTESIAN_POINT('',(-6.171866783247,-36.81963400515));
#4151 = CARTESIAN_POINT('',(-6.201888943815,-37.39314756023));
#4152 = CARTESIAN_POINT('',(-6.23048884188,-37.977348361));
#4153 = CARTESIAN_POINT('',(-6.257605890343,-38.5710713894));
#4154 = CARTESIAN_POINT('',(-6.28318530718,-39.17279154761));
#4155 = ( GEOMETRIC_REPRESENTATION_CONTEXT(2) 
PARAMETRIC_REPRESENTATION_CONTEXT() REPRESENTATION_CONTEXT('2D SPACE',''
  ) );
#4156 = PCURVE('',#3469,#4157);
#4157 = DEFINITIONAL_REPRESENTATION('',(#4158),#4179);
#4158 = B_SPLINE_CURVE_WITH_KNOTS('',7,(#4159,#4160,#4161,#4162,#4163,
    #4164,#4165,#4166,#4167,#4168,#4169,#4170,#4171,#4172,#4173,#4174,
    #4175,#4176,#4177,#4178),.UNSPECIFIED.,.F.,.F.,(8,6,6,8),(0.,
    0.307509856427,0.696938248235,1.),.UNSPECIFIED.);
#4159 = CARTESIAN_POINT('',(-1.346144960446,5.999999999062E-07));
#4160 = CARTESIAN_POINT('',(-1.373833037231,-0.523667082574));
#4161 = CARTESIAN_POINT('',(-1.402803739162,-1.031228806638));
#4162 = CARTESIAN_POINT('',(-1.432957752981,-1.520694760536));
#4163 = CARTESIAN_POINT('',(-1.464189437256,-1.990792626556));
#4164 = CARTESIAN_POINT('',(-1.496391963176,-2.440864160536));
#4165 = CARTESIAN_POINT('',(-1.529458243073,-2.870772739423));
#4166 = CARTESIAN_POINT('',(-1.606106309515,-3.800105316927));
#4167 = CARTESIAN_POINT('',(-1.650044462625,-4.286347106514));
#4168 = CARTESIAN_POINT('',(-1.694855812457,-4.74040513253));
#4169 = CARTESIAN_POINT('',(-1.740303944893,-5.164325829062));
#4170 = CARTESIAN_POINT('',(-1.786151603806,-5.561042736513));
#4171 = CARTESIAN_POINT('',(-1.832139531446,-5.934065144138));
#4172 = CARTESIAN_POINT('',(-1.91362172636,-6.561363174676));
#4173 = CARTESIAN_POINT('',(-1.949212451396,-6.823866421592));
#4174 = CARTESIAN_POINT('',(-1.984683522826,-7.07664783157));
#4175 = CARTESIAN_POINT('',(-2.019984213836,-7.321952895764));
#4176 = CARTESIAN_POINT('',(-2.055060043167,-7.561927000242));
#4177 = CARTESIAN_POINT('',(-2.089850539351,-7.798537304918));
#4178 = CARTESIAN_POINT('',(-2.124288264679,-8.033456140482));
#4179 = ( GEOMETRIC_REPRESENTATION_CONTEXT(2) 
PARAMETRIC_REPRESENTATION_CONTEXT() REPRESENTATION_CONTEXT('2D SPACE',''
  ) );
#4180 = ORIENTED_EDGE('',*,*,#3390,.F.);
#4181 = ORIENTED_EDGE('',*,*,#4182,.T.);
#4182 = EDGE_CURVE('',#3360,#4183,#4185,.T.);
#4183 = VERTEX_POINT('',#4184);
#4184 = CARTESIAN_POINT('',(-81.24988342292,686.77959143055,
    -350.4631759092));
#4185 = SURFACE_CURVE('',#4186,(#4191,#4204),.PCURVE_S1.);
#4186 = ELLIPSE('',#4187,16.086836422745,16.);
#4187 = AXIS2_PLACEMENT_3D('',#4188,#4189,#4190);
#4188 = CARTESIAN_POINT('',(-85.,681.,-365.));
#4189 = DIRECTION('',(-0.491866823507,-0.758053575053,0.428277719807));
#4190 = DIRECTION('',(0.233117095153,0.359274581942,0.903647162734));
#4191 = PCURVE('',#1378,#4192);
#4192 = DEFINITIONAL_REPRESENTATION('',(#4193),#4203);
#4193 = B_SPLINE_CURVE_WITH_KNOTS('',8,(#4194,#4195,#4196,#4197,#4198,
    #4199,#4200,#4201,#4202),.UNSPECIFIED.,.F.,.F.,(9,9),(4.712388505926
    ,6.28318530718),.PIECEWISE_BEZIER_KNOTS.);
#4194 = CARTESIAN_POINT('',(-6.283185781638,7.919776408016E-07));
#4195 = CARTESIAN_POINT('',(-6.086836181482,-0.327750515959));
#4196 = CARTESIAN_POINT('',(-5.890486581325,-0.655501936607));
#4197 = CARTESIAN_POINT('',(-5.69413698117,-0.963998126304));
#4198 = CARTESIAN_POINT('',(-5.497787381012,-1.23398759815));
#4199 = CARTESIAN_POINT('',(-5.301437780856,-1.448581883238));
#4200 = CARTESIAN_POINT('',(-5.105088180698,-1.595675886296));
#4201 = CARTESIAN_POINT('',(-4.908738580541,-1.669223200224));
#4202 = CARTESIAN_POINT('',(-4.712388980385,-1.669223200224));
#4203 = ( GEOMETRIC_REPRESENTATION_CONTEXT(2) 
PARAMETRIC_REPRESENTATION_CONTEXT() REPRESENTATION_CONTEXT('2D SPACE',''
  ) );
#4204 = PCURVE('',#4205,#4210);
#4205 = CYLINDRICAL_SURFACE('',#4206,16.);
#4206 = AXIS2_PLACEMENT_3D('',#4207,#4208,#4209);
#4207 = CARTESIAN_POINT('',(-170.,550.,-270.));
#4208 = DIRECTION('',(-0.465022737593,-0.716682101467,0.519731294957));
#4209 = DIRECTION('',(0.,0.587068831465,0.80953702023));
#4210 = DEFINITIONAL_REPRESENTATION('',(#4211),#4221);
#4211 = B_SPLINE_CURVE_WITH_KNOTS('',8,(#4212,#4213,#4214,#4215,#4216,
    #4217,#4218,#4219,#4220),.UNSPECIFIED.,.F.,.F.,(9,9),(4.712388505926
    ,6.28318530718),.PIECEWISE_BEZIER_KNOTS.);
#4212 = CARTESIAN_POINT('',(-1.896050452539,-182.7867618005));
#4213 = CARTESIAN_POINT('',(-1.699700852383,-182.4590104926));
#4214 = CARTESIAN_POINT('',(-1.503351252225,-182.1312590719));
#4215 = CARTESIAN_POINT('',(-1.307001652069,-181.8227628812));
#4216 = CARTESIAN_POINT('',(-1.110652051902,-181.5527734115));
#4217 = CARTESIAN_POINT('',(-0.914302451759,-181.3381791247));
#4218 = CARTESIAN_POINT('',(-0.717952851598,-181.1910851222));
#4219 = CARTESIAN_POINT('',(-0.521603251442,-181.1175378083));
#4220 = CARTESIAN_POINT('',(-0.325253651286,-181.1175378083));
#4221 = ( GEOMETRIC_REPRESENTATION_CONTEXT(2) 
PARAMETRIC_REPRESENTATION_CONTEXT() REPRESENTATION_CONTEXT('2D SPACE',''
  ) );
#4222 = ORIENTED_EDGE('',*,*,#4223,.T.);
#4223 = EDGE_CURVE('',#4183,#4224,#4226,.T.);
#4224 = VERTEX_POINT('',#4225);
#4225 = CARTESIAN_POINT('',(-85.73552894346,689.25952140232,
    -351.2253459159));
#4226 = SURFACE_CURVE('',#4227,(#4232,#4242),.PCURVE_S1.);
#4227 = ELLIPSE('',#4228,16.086836422745,16.);
#4228 = AXIS2_PLACEMENT_3D('',#4229,#4230,#4231);
#4229 = CARTESIAN_POINT('',(-85.,681.,-365.));
#4230 = DIRECTION('',(-0.491866823507,-0.758053575053,0.428277719807));
#4231 = DIRECTION('',(0.233117095153,0.359274581942,0.903647162734));
#4232 = PCURVE('',#1378,#4233);
#4233 = DEFINITIONAL_REPRESENTATION('',(#4234),#4241);
#4234 = B_SPLINE_CURVE_WITH_KNOTS('',5,(#4235,#4236,#4237,#4238,#4239,
    #4240),.UNSPECIFIED.,.F.,.F.,(6,6),(0.,0.325253651286),
  .PIECEWISE_BEZIER_KNOTS.);
#4235 = CARTESIAN_POINT('',(-4.712388980385,-1.669223200224));
#4236 = CARTESIAN_POINT('',(-4.647338250128,-1.669223200224));
#4237 = CARTESIAN_POINT('',(-4.58228751987,-1.660393908693));
#4238 = CARTESIAN_POINT('',(-4.517236789613,-1.642734935126));
#4239 = CARTESIAN_POINT('',(-4.452186059356,-1.61640331667));
#4240 = CARTESIAN_POINT('',(-4.387135329099,-1.58170533182));
#4241 = ( GEOMETRIC_REPRESENTATION_CONTEXT(2) 
PARAMETRIC_REPRESENTATION_CONTEXT() REPRESENTATION_CONTEXT('2D SPACE',''
  ) );
#4242 = PCURVE('',#4205,#4243);
#4243 = DEFINITIONAL_REPRESENTATION('',(#4244),#4251);
#4244 = B_SPLINE_CURVE_WITH_KNOTS('',5,(#4245,#4246,#4247,#4248,#4249,
    #4250),.UNSPECIFIED.,.F.,.F.,(6,6),(0.,0.325253651286),
  .PIECEWISE_BEZIER_KNOTS.);
#4245 = CARTESIAN_POINT('',(-0.325253651286,-181.1175378083));
#4246 = CARTESIAN_POINT('',(-0.260202921029,-181.1175378083));
#4247 = CARTESIAN_POINT('',(-0.195152190771,-181.1263670998));
#4248 = CARTESIAN_POINT('',(-0.130101460514,-181.1440260734));
#4249 = CARTESIAN_POINT('',(-6.505073025715E-02,-181.1703576918));
#4250 = CARTESIAN_POINT('',(1.06581410364E-14,-181.2050556767));
#4251 = ( GEOMETRIC_REPRESENTATION_CONTEXT(2) 
PARAMETRIC_REPRESENTATION_CONTEXT() REPRESENTATION_CONTEXT('2D SPACE',''
  ) );
#4252 = ORIENTED_EDGE('',*,*,#4253,.T.);
#4253 = EDGE_CURVE('',#4224,#3362,#4254,.T.);
#4254 = SURFACE_CURVE('',#4255,(#4260,#4272),.PCURVE_S1.);
#4255 = ELLIPSE('',#4256,16.086836422745,16.);
#4256 = AXIS2_PLACEMENT_3D('',#4257,#4258,#4259);
#4257 = CARTESIAN_POINT('',(-85.,681.,-365.));
#4258 = DIRECTION('',(-0.491866823507,-0.758053575053,0.428277719807));
#4259 = DIRECTION('',(0.233117095153,0.359274581942,0.903647162734));
#4260 = PCURVE('',#1378,#4261);
#4261 = DEFINITIONAL_REPRESENTATION('',(#4262),#4271);
#4262 = B_SPLINE_CURVE_WITH_KNOTS('',7,(#4263,#4264,#4265,#4266,#4267,
    #4268,#4269,#4270),.UNSPECIFIED.,.F.,.F.,(8,8),(0.325253651286,
    1.570796330665),.PIECEWISE_BEZIER_KNOTS.);
#4263 = CARTESIAN_POINT('',(-4.387135329099,-1.58170533182));
#4264 = CARTESIAN_POINT('',(-4.209200660616,-1.486795183896));
#4265 = CARTESIAN_POINT('',(-4.031265992133,-1.333460511975));
#4266 = CARTESIAN_POINT('',(-3.853331323652,-1.126611227888));
#4267 = CARTESIAN_POINT('',(-3.675396655168,-0.875679712625));
#4268 = CARTESIAN_POINT('',(-3.497461986686,-0.594025150781));
#4269 = CARTESIAN_POINT('',(-3.319527318202,-0.297012670295));
#4270 = CARTESIAN_POINT('',(-3.14159264972,6.460368240369E-09));
#4271 = ( GEOMETRIC_REPRESENTATION_CONTEXT(2) 
PARAMETRIC_REPRESENTATION_CONTEXT() REPRESENTATION_CONTEXT('2D SPACE',''
  ) );
#4272 = PCURVE('',#4205,#4273);
#4273 = DEFINITIONAL_REPRESENTATION('',(#4274),#4283);
#4274 = B_SPLINE_CURVE_WITH_KNOTS('',7,(#4275,#4276,#4277,#4278,#4279,
    #4280,#4281,#4282),.UNSPECIFIED.,.F.,.F.,(8,8),(0.325253651286,
    1.570796330665),.PIECEWISE_BEZIER_KNOTS.);
#4275 = CARTESIAN_POINT('',(-6.28318530718,-181.2050556767));
#4276 = CARTESIAN_POINT('',(-6.105250638697,-181.2999658246));
#4277 = CARTESIAN_POINT('',(-5.927315970215,-181.4533004965));
#4278 = CARTESIAN_POINT('',(-5.749381301731,-181.6601497807));
#4279 = CARTESIAN_POINT('',(-5.57144663325,-181.9110812958));
#4280 = CARTESIAN_POINT('',(-5.393511964764,-182.1927358578));
#4281 = CARTESIAN_POINT('',(-5.215577296283,-182.4897483382));
#4282 = CARTESIAN_POINT('',(-5.0376426278,-182.786761015));
#4283 = ( GEOMETRIC_REPRESENTATION_CONTEXT(2) 
PARAMETRIC_REPRESENTATION_CONTEXT() REPRESENTATION_CONTEXT('2D SPACE',''
  ) );
#4284 = ADVANCED_FACE('',(#4285),#857,.F.);
#4285 = FACE_BOUND('',#4286,.F.);
#4286 = EDGE_LOOP('',(#4287,#4288,#4289,#4290));
#4287 = ORIENTED_EDGE('',*,*,#2740,.T.);
#4288 = ORIENTED_EDGE('',*,*,#842,.T.);
#4289 = ORIENTED_EDGE('',*,*,#2762,.T.);
#4290 = ORIENTED_EDGE('',*,*,#4291,.F.);
#4291 = EDGE_CURVE('',#2741,#2763,#4292,.T.);
#4292 = SURFACE_CURVE('',#4293,(#4298,#4305),.PCURVE_S1.);
#4293 = CIRCLE('',#4294,13.);
#4294 = AXIS2_PLACEMENT_3D('',#4295,#4296,#4297);
#4295 = CARTESIAN_POINT('',(85.,681.,-365.));
#4296 = DIRECTION('',(-0.51340073478,0.791241132425,-0.332200475446));
#4297 = DIRECTION('',(0.838882261035,0.544312917466,0.));
#4298 = PCURVE('',#857,#4299);
#4299 = DEFINITIONAL_REPRESENTATION('',(#4300),#4304);
#4300 = CIRCLE('',#4301,13.);
#4301 = AXIS2_PLACEMENT_2D('',#4302,#4303);
#4302 = CARTESIAN_POINT('',(2.049360215345E-13,-8.46463421897E-16));
#4303 = DIRECTION('',(1.,-2.141632429689E-16));
#4304 = ( GEOMETRIC_REPRESENTATION_CONTEXT(2) 
PARAMETRIC_REPRESENTATION_CONTEXT() REPRESENTATION_CONTEXT('2D SPACE',''
  ) );
#4305 = PCURVE('',#4306,#4311);
#4306 = CYLINDRICAL_SURFACE('',#4307,13.);
#4307 = AXIS2_PLACEMENT_3D('',#4308,#4309,#4310);
#4308 = CARTESIAN_POINT('',(85.,681.,-365.));
#4309 = DIRECTION('',(0.51340073478,-0.791241132425,0.332200475446));
#4310 = DIRECTION('',(0.838882261035,0.544312917466,0.));
#4311 = DEFINITIONAL_REPRESENTATION('',(#4312),#4316);
#4312 = LINE('',#4313,#4314);
#4313 = CARTESIAN_POINT('',(-0.,0.));
#4314 = VECTOR('',#4315,1.);
#4315 = DIRECTION('',(-1.,0.));
#4316 = ( GEOMETRIC_REPRESENTATION_CONTEXT(2) 
PARAMETRIC_REPRESENTATION_CONTEXT() REPRESENTATION_CONTEXT('2D SPACE',''
  ) );
#4317 = ADVANCED_FACE('',(#4318),#2180,.T.);
#4318 = FACE_BOUND('',#4319,.F.);
#4319 = EDGE_LOOP('',(#4320,#4345,#4374,#4403,#4432,#4459,#4460,#4482,
    #4483));
#4320 = ORIENTED_EDGE('',*,*,#4321,.F.);
#4321 = EDGE_CURVE('',#4322,#4324,#4326,.T.);
#4322 = VERTEX_POINT('',#4323);
#4323 = CARTESIAN_POINT('',(24.,720.3,-347.5));
#4324 = VERTEX_POINT('',#4325);
#4325 = CARTESIAN_POINT('',(59.5,720.3,-347.5));
#4326 = SEAM_CURVE('',#4327,(#4331,#4338),.PCURVE_S1.);
#4327 = LINE('',#4328,#4329);
#4328 = CARTESIAN_POINT('',(24.,720.3,-347.5));
#4329 = VECTOR('',#4330,1.);
#4330 = DIRECTION('',(1.,0.,0.));
#4331 = PCURVE('',#2180,#4332);
#4332 = DEFINITIONAL_REPRESENTATION('',(#4333),#4337);
#4333 = LINE('',#4334,#4335);
#4334 = CARTESIAN_POINT('',(-6.28318530718,0.));
#4335 = VECTOR('',#4336,1.);
#4336 = DIRECTION('',(-0.,-1.));
#4337 = ( GEOMETRIC_REPRESENTATION_CONTEXT(2) 
PARAMETRIC_REPRESENTATION_CONTEXT() REPRESENTATION_CONTEXT('2D SPACE',''
  ) );
#4338 = PCURVE('',#2180,#4339);
#4339 = DEFINITIONAL_REPRESENTATION('',(#4340),#4344);
#4340 = LINE('',#4341,#4342);
#4341 = CARTESIAN_POINT('',(-0.,0.));
#4342 = VECTOR('',#4343,1.);
#4343 = DIRECTION('',(-0.,-1.));
#4344 = ( GEOMETRIC_REPRESENTATION_CONTEXT(2) 
PARAMETRIC_REPRESENTATION_CONTEXT() REPRESENTATION_CONTEXT('2D SPACE',''
  ) );
#4345 = ORIENTED_EDGE('',*,*,#4346,.F.);
#4346 = EDGE_CURVE('',#4347,#4322,#4349,.T.);
#4347 = VERTEX_POINT('',#4348);
#4348 = CARTESIAN_POINT('',(24.,740.3,-367.5));
#4349 = SURFACE_CURVE('',#4350,(#4355,#4362),.PCURVE_S1.);
#4350 = CIRCLE('',#4351,20.);
#4351 = AXIS2_PLACEMENT_3D('',#4352,#4353,#4354);
#4352 = CARTESIAN_POINT('',(24.,720.3,-367.5));
#4353 = DIRECTION('',(1.,0.,-0.));
#4354 = DIRECTION('',(0.,0.,1.));
#4355 = PCURVE('',#2180,#4356);
#4356 = DEFINITIONAL_REPRESENTATION('',(#4357),#4361);
#4357 = LINE('',#4358,#4359);
#4358 = CARTESIAN_POINT('',(-0.,0.));
#4359 = VECTOR('',#4360,1.);
#4360 = DIRECTION('',(-1.,0.));
#4361 = ( GEOMETRIC_REPRESENTATION_CONTEXT(2) 
PARAMETRIC_REPRESENTATION_CONTEXT() REPRESENTATION_CONTEXT('2D SPACE',''
  ) );
#4362 = PCURVE('',#4363,#4368);
#4363 = PLANE('',#4364);
#4364 = AXIS2_PLACEMENT_3D('',#4365,#4366,#4367);
#4365 = CARTESIAN_POINT('',(24.,700.3,-387.5));
#4366 = DIRECTION('',(1.,0.,0.));
#4367 = DIRECTION('',(0.,0.,1.));
#4368 = DEFINITIONAL_REPRESENTATION('',(#4369),#4373);
#4369 = CIRCLE('',#4370,20.);
#4370 = AXIS2_PLACEMENT_2D('',#4371,#4372);
#4371 = CARTESIAN_POINT('',(20.,-20.));
#4372 = DIRECTION('',(1.,0.));
#4373 = ( GEOMETRIC_REPRESENTATION_CONTEXT(2) 
PARAMETRIC_REPRESENTATION_CONTEXT() REPRESENTATION_CONTEXT('2D SPACE',''
  ) );
#4374 = ORIENTED_EDGE('',*,*,#4375,.F.);
#4375 = EDGE_CURVE('',#4376,#4347,#4378,.T.);
#4376 = VERTEX_POINT('',#4377);
#4377 = CARTESIAN_POINT('',(24.,720.3,-387.5));
#4378 = SURFACE_CURVE('',#4379,(#4384,#4391),.PCURVE_S1.);
#4379 = CIRCLE('',#4380,20.);
#4380 = AXIS2_PLACEMENT_3D('',#4381,#4382,#4383);
#4381 = CARTESIAN_POINT('',(24.,720.3,-367.5));
#4382 = DIRECTION('',(1.,0.,-0.));
#4383 = DIRECTION('',(0.,0.,1.));
#4384 = PCURVE('',#2180,#4385);
#4385 = DEFINITIONAL_REPRESENTATION('',(#4386),#4390);
#4386 = LINE('',#4387,#4388);
#4387 = CARTESIAN_POINT('',(-0.,0.));
#4388 = VECTOR('',#4389,1.);
#4389 = DIRECTION('',(-1.,0.));
#4390 = ( GEOMETRIC_REPRESENTATION_CONTEXT(2) 
PARAMETRIC_REPRESENTATION_CONTEXT() REPRESENTATION_CONTEXT('2D SPACE',''
  ) );
#4391 = PCURVE('',#4392,#4397);
#4392 = PLANE('',#4393);
#4393 = AXIS2_PLACEMENT_3D('',#4394,#4395,#4396);
#4394 = CARTESIAN_POINT('',(24.,700.3,-387.5));
#4395 = DIRECTION('',(1.,0.,0.));
#4396 = DIRECTION('',(0.,0.,1.));
#4397 = DEFINITIONAL_REPRESENTATION('',(#4398),#4402);
#4398 = CIRCLE('',#4399,20.);
#4399 = AXIS2_PLACEMENT_2D('',#4400,#4401);
#4400 = CARTESIAN_POINT('',(20.,-20.));
#4401 = DIRECTION('',(1.,0.));
#4402 = ( GEOMETRIC_REPRESENTATION_CONTEXT(2) 
PARAMETRIC_REPRESENTATION_CONTEXT() REPRESENTATION_CONTEXT('2D SPACE',''
  ) );
#4403 = ORIENTED_EDGE('',*,*,#4404,.F.);
#4404 = EDGE_CURVE('',#4405,#4376,#4407,.T.);
#4405 = VERTEX_POINT('',#4406);
#4406 = CARTESIAN_POINT('',(24.,700.3,-367.5));
#4407 = SURFACE_CURVE('',#4408,(#4413,#4420),.PCURVE_S1.);
#4408 = CIRCLE('',#4409,20.);
#4409 = AXIS2_PLACEMENT_3D('',#4410,#4411,#4412);
#4410 = CARTESIAN_POINT('',(24.,720.3,-367.5));
#4411 = DIRECTION('',(1.,0.,-0.));
#4412 = DIRECTION('',(0.,0.,1.));
#4413 = PCURVE('',#2180,#4414);
#4414 = DEFINITIONAL_REPRESENTATION('',(#4415),#4419);
#4415 = LINE('',#4416,#4417);
#4416 = CARTESIAN_POINT('',(-0.,0.));
#4417 = VECTOR('',#4418,1.);
#4418 = DIRECTION('',(-1.,0.));
#4419 = ( GEOMETRIC_REPRESENTATION_CONTEXT(2) 
PARAMETRIC_REPRESENTATION_CONTEXT() REPRESENTATION_CONTEXT('2D SPACE',''
  ) );
#4420 = PCURVE('',#4421,#4426);
#4421 = PLANE('',#4422);
#4422 = AXIS2_PLACEMENT_3D('',#4423,#4424,#4425);
#4423 = CARTESIAN_POINT('',(24.,700.3,-387.5));
#4424 = DIRECTION('',(1.,0.,0.));
#4425 = DIRECTION('',(0.,0.,1.));
#4426 = DEFINITIONAL_REPRESENTATION('',(#4427),#4431);
#4427 = CIRCLE('',#4428,20.);
#4428 = AXIS2_PLACEMENT_2D('',#4429,#4430);
#4429 = CARTESIAN_POINT('',(20.,-20.));
#4430 = DIRECTION('',(1.,0.));
#4431 = ( GEOMETRIC_REPRESENTATION_CONTEXT(2) 
PARAMETRIC_REPRESENTATION_CONTEXT() REPRESENTATION_CONTEXT('2D SPACE',''
  ) );
#4432 = ORIENTED_EDGE('',*,*,#4433,.F.);
#4433 = EDGE_CURVE('',#4322,#4405,#4434,.T.);
#4434 = SURFACE_CURVE('',#4435,(#4440,#4447),.PCURVE_S1.);
#4435 = CIRCLE('',#4436,20.);
#4436 = AXIS2_PLACEMENT_3D('',#4437,#4438,#4439);
#4437 = CARTESIAN_POINT('',(24.,720.3,-367.5));
#4438 = DIRECTION('',(1.,0.,-0.));
#4439 = DIRECTION('',(0.,0.,1.));
#4440 = PCURVE('',#2180,#4441);
#4441 = DEFINITIONAL_REPRESENTATION('',(#4442),#4446);
#4442 = LINE('',#4443,#4444);
#4443 = CARTESIAN_POINT('',(-0.,0.));
#4444 = VECTOR('',#4445,1.);
#4445 = DIRECTION('',(-1.,0.));
#4446 = ( GEOMETRIC_REPRESENTATION_CONTEXT(2) 
PARAMETRIC_REPRESENTATION_CONTEXT() REPRESENTATION_CONTEXT('2D SPACE',''
  ) );
#4447 = PCURVE('',#4448,#4453);
#4448 = PLANE('',#4449);
#4449 = AXIS2_PLACEMENT_3D('',#4450,#4451,#4452);
#4450 = CARTESIAN_POINT('',(24.,700.3,-387.5));
#4451 = DIRECTION('',(1.,0.,0.));
#4452 = DIRECTION('',(0.,0.,1.));
#4453 = DEFINITIONAL_REPRESENTATION('',(#4454),#4458);
#4454 = CIRCLE('',#4455,20.);
#4455 = AXIS2_PLACEMENT_2D('',#4456,#4457);
#4456 = CARTESIAN_POINT('',(20.,-20.));
#4457 = DIRECTION('',(1.,0.));
#4458 = ( GEOMETRIC_REPRESENTATION_CONTEXT(2) 
PARAMETRIC_REPRESENTATION_CONTEXT() REPRESENTATION_CONTEXT('2D SPACE',''
  ) );
#4459 = ORIENTED_EDGE('',*,*,#4321,.T.);
#4460 = ORIENTED_EDGE('',*,*,#4461,.T.);
#4461 = EDGE_CURVE('',#4324,#1941,#4462,.T.);
#4462 = SURFACE_CURVE('',#4463,(#4468,#4475),.PCURVE_S1.);
#4463 = CIRCLE('',#4464,20.);
#4464 = AXIS2_PLACEMENT_3D('',#4465,#4466,#4467);
#4465 = CARTESIAN_POINT('',(59.5,720.3,-367.5));
#4466 = DIRECTION('',(1.,0.,-0.));
#4467 = DIRECTION('',(0.,0.,1.));
#4468 = PCURVE('',#2180,#4469);
#4469 = DEFINITIONAL_REPRESENTATION('',(#4470),#4474);
#4470 = LINE('',#4471,#4472);
#4471 = CARTESIAN_POINT('',(-0.,-35.5));
#4472 = VECTOR('',#4473,1.);
#4473 = DIRECTION('',(-1.,0.));
#4474 = ( GEOMETRIC_REPRESENTATION_CONTEXT(2) 
PARAMETRIC_REPRESENTATION_CONTEXT() REPRESENTATION_CONTEXT('2D SPACE',''
  ) );
#4475 = PCURVE('',#2331,#4476);
#4476 = DEFINITIONAL_REPRESENTATION('',(#4477),#4481);
#4477 = CIRCLE('',#4478,20.);
#4478 = AXIS2_PLACEMENT_2D('',#4479,#4480);
#4479 = CARTESIAN_POINT('',(0.,0.));
#4480 = DIRECTION('',(1.,0.));
#4481 = ( GEOMETRIC_REPRESENTATION_CONTEXT(2) 
PARAMETRIC_REPRESENTATION_CONTEXT() REPRESENTATION_CONTEXT('2D SPACE',''
  ) );
#4482 = ORIENTED_EDGE('',*,*,#1940,.T.);
#4483 = ORIENTED_EDGE('',*,*,#4484,.T.);
#4484 = EDGE_CURVE('',#1943,#4324,#4485,.T.);
#4485 = SURFACE_CURVE('',#4486,(#4491,#4498),.PCURVE_S1.);
#4486 = CIRCLE('',#4487,20.);
#4487 = AXIS2_PLACEMENT_3D('',#4488,#4489,#4490);
#4488 = CARTESIAN_POINT('',(59.5,720.3,-367.5));
#4489 = DIRECTION('',(1.,0.,-0.));
#4490 = DIRECTION('',(0.,0.,1.));
#4491 = PCURVE('',#2180,#4492);
#4492 = DEFINITIONAL_REPRESENTATION('',(#4493),#4497);
#4493 = LINE('',#4494,#4495);
#4494 = CARTESIAN_POINT('',(-0.,-35.5));
#4495 = VECTOR('',#4496,1.);
#4496 = DIRECTION('',(-1.,0.));
#4497 = ( GEOMETRIC_REPRESENTATION_CONTEXT(2) 
PARAMETRIC_REPRESENTATION_CONTEXT() REPRESENTATION_CONTEXT('2D SPACE',''
  ) );
#4498 = PCURVE('',#2331,#4499);
#4499 = DEFINITIONAL_REPRESENTATION('',(#4500),#4504);
#4500 = CIRCLE('',#4501,20.);
#4501 = AXIS2_PLACEMENT_2D('',#4502,#4503);
#4502 = CARTESIAN_POINT('',(0.,0.));
#4503 = DIRECTION('',(1.,0.));
#4504 = ( GEOMETRIC_REPRESENTATION_CONTEXT(2) 
PARAMETRIC_REPRESENTATION_CONTEXT() REPRESENTATION_CONTEXT('2D SPACE',''
  ) );
#4505 = ADVANCED_FACE('',(#4506),#2331,.T.);
#4506 = FACE_BOUND('',#4507,.T.);
#4507 = EDGE_LOOP('',(#4508,#4509,#4510,#4511,#4535,#4557));
#4508 = ORIENTED_EDGE('',*,*,#4484,.T.);
#4509 = ORIENTED_EDGE('',*,*,#4461,.T.);
#4510 = ORIENTED_EDGE('',*,*,#2303,.F.);
#4511 = ORIENTED_EDGE('',*,*,#4512,.F.);
#4512 = EDGE_CURVE('',#4513,#2304,#4515,.T.);
#4513 = VERTEX_POINT('',#4514);
#4514 = CARTESIAN_POINT('',(59.5,720.3,-351.5));
#4515 = SURFACE_CURVE('',#4516,(#4521,#4528),.PCURVE_S1.);
#4516 = CIRCLE('',#4517,16.);
#4517 = AXIS2_PLACEMENT_3D('',#4518,#4519,#4520);
#4518 = CARTESIAN_POINT('',(59.5,720.3,-367.5));
#4519 = DIRECTION('',(1.,0.,-0.));
#4520 = DIRECTION('',(0.,0.,1.));
#4521 = PCURVE('',#2331,#4522);
#4522 = DEFINITIONAL_REPRESENTATION('',(#4523),#4527);
#4523 = CIRCLE('',#4524,16.);
#4524 = AXIS2_PLACEMENT_2D('',#4525,#4526);
#4525 = CARTESIAN_POINT('',(1.136868377216E-13,0.));
#4526 = DIRECTION('',(1.,0.));
#4527 = ( GEOMETRIC_REPRESENTATION_CONTEXT(2) 
PARAMETRIC_REPRESENTATION_CONTEXT() REPRESENTATION_CONTEXT('2D SPACE',''
  ) );
#4528 = PCURVE('',#2581,#4529);
#4529 = DEFINITIONAL_REPRESENTATION('',(#4530),#4534);
#4530 = LINE('',#4531,#4532);
#4531 = CARTESIAN_POINT('',(-0.,-35.5));
#4532 = VECTOR('',#4533,1.);
#4533 = DIRECTION('',(-1.,0.));
#4534 = ( GEOMETRIC_REPRESENTATION_CONTEXT(2) 
PARAMETRIC_REPRESENTATION_CONTEXT() REPRESENTATION_CONTEXT('2D SPACE',''
  ) );
#4535 = ORIENTED_EDGE('',*,*,#4536,.F.);
#4536 = EDGE_CURVE('',#2344,#4513,#4537,.T.);
#4537 = SURFACE_CURVE('',#4538,(#4543,#4550),.PCURVE_S1.);
#4538 = CIRCLE('',#4539,16.);
#4539 = AXIS2_PLACEMENT_3D('',#4540,#4541,#4542);
#4540 = CARTESIAN_POINT('',(59.5,720.3,-367.5));
#4541 = DIRECTION('',(1.,0.,-0.));
#4542 = DIRECTION('',(0.,0.,1.));
#4543 = PCURVE('',#2331,#4544);
#4544 = DEFINITIONAL_REPRESENTATION('',(#4545),#4549);
#4545 = CIRCLE('',#4546,16.);
#4546 = AXIS2_PLACEMENT_2D('',#4547,#4548);
#4547 = CARTESIAN_POINT('',(1.136868377216E-13,0.));
#4548 = DIRECTION('',(1.,0.));
#4549 = ( GEOMETRIC_REPRESENTATION_CONTEXT(2) 
PARAMETRIC_REPRESENTATION_CONTEXT() REPRESENTATION_CONTEXT('2D SPACE',''
  ) );
#4550 = PCURVE('',#2581,#4551);
#4551 = DEFINITIONAL_REPRESENTATION('',(#4552),#4556);
#4552 = LINE('',#4553,#4554);
#4553 = CARTESIAN_POINT('',(-0.,-35.5));
#4554 = VECTOR('',#4555,1.);
#4555 = DIRECTION('',(-1.,0.));
#4556 = ( GEOMETRIC_REPRESENTATION_CONTEXT(2) 
PARAMETRIC_REPRESENTATION_CONTEXT() REPRESENTATION_CONTEXT('2D SPACE',''
  ) );
#4557 = ORIENTED_EDGE('',*,*,#2704,.F.);
#4558 = ADVANCED_FACE('',(#4559),#2581,.F.);
#4559 = FACE_BOUND('',#4560,.T.);
#4560 = EDGE_LOOP('',(#4561,#4590,#4611,#4612,#4613,#4614));
#4561 = ORIENTED_EDGE('',*,*,#4562,.F.);
#4562 = EDGE_CURVE('',#4563,#4563,#4565,.T.);
#4563 = VERTEX_POINT('',#4564);
#4564 = CARTESIAN_POINT('',(24.,720.3,-351.5));
#4565 = SURFACE_CURVE('',#4566,(#4571,#4578),.PCURVE_S1.);
#4566 = CIRCLE('',#4567,16.);
#4567 = AXIS2_PLACEMENT_3D('',#4568,#4569,#4570);
#4568 = CARTESIAN_POINT('',(24.,720.3,-367.5));
#4569 = DIRECTION('',(1.,0.,-0.));
#4570 = DIRECTION('',(0.,0.,1.));
#4571 = PCURVE('',#2581,#4572);
#4572 = DEFINITIONAL_REPRESENTATION('',(#4573),#4577);
#4573 = LINE('',#4574,#4575);
#4574 = CARTESIAN_POINT('',(-0.,0.));
#4575 = VECTOR('',#4576,1.);
#4576 = DIRECTION('',(-1.,0.));
#4577 = ( GEOMETRIC_REPRESENTATION_CONTEXT(2) 
PARAMETRIC_REPRESENTATION_CONTEXT() REPRESENTATION_CONTEXT('2D SPACE',''
  ) );
#4578 = PCURVE('',#4579,#4584);
#4579 = PLANE('',#4580);
#4580 = AXIS2_PLACEMENT_3D('',#4581,#4582,#4583);
#4581 = CARTESIAN_POINT('',(24.,700.3,-387.5));
#4582 = DIRECTION('',(1.,0.,0.));
#4583 = DIRECTION('',(0.,0.,1.));
#4584 = DEFINITIONAL_REPRESENTATION('',(#4585),#4589);
#4585 = CIRCLE('',#4586,16.);
#4586 = AXIS2_PLACEMENT_2D('',#4587,#4588);
#4587 = CARTESIAN_POINT('',(20.,-20.));
#4588 = DIRECTION('',(1.,0.));
#4589 = ( GEOMETRIC_REPRESENTATION_CONTEXT(2) 
PARAMETRIC_REPRESENTATION_CONTEXT() REPRESENTATION_CONTEXT('2D SPACE',''
  ) );
#4590 = ORIENTED_EDGE('',*,*,#4591,.T.);
#4591 = EDGE_CURVE('',#4563,#4513,#4592,.T.);
#4592 = SEAM_CURVE('',#4593,(#4597,#4604),.PCURVE_S1.);
#4593 = LINE('',#4594,#4595);
#4594 = CARTESIAN_POINT('',(24.,720.3,-351.5));
#4595 = VECTOR('',#4596,1.);
#4596 = DIRECTION('',(1.,0.,0.));
#4597 = PCURVE('',#2581,#4598);
#4598 = DEFINITIONAL_REPRESENTATION('',(#4599),#4603);
#4599 = LINE('',#4600,#4601);
#4600 = CARTESIAN_POINT('',(-6.28318530718,0.));
#4601 = VECTOR('',#4602,1.);
#4602 = DIRECTION('',(-0.,-1.));
#4603 = ( GEOMETRIC_REPRESENTATION_CONTEXT(2) 
PARAMETRIC_REPRESENTATION_CONTEXT() REPRESENTATION_CONTEXT('2D SPACE',''
  ) );
#4604 = PCURVE('',#2581,#4605);
#4605 = DEFINITIONAL_REPRESENTATION('',(#4606),#4610);
#4606 = LINE('',#4607,#4608);
#4607 = CARTESIAN_POINT('',(-0.,0.));
#4608 = VECTOR('',#4609,1.);
#4609 = DIRECTION('',(-0.,-1.));
#4610 = ( GEOMETRIC_REPRESENTATION_CONTEXT(2) 
PARAMETRIC_REPRESENTATION_CONTEXT() REPRESENTATION_CONTEXT('2D SPACE',''
  ) );
#4611 = ORIENTED_EDGE('',*,*,#4512,.T.);
#4612 = ORIENTED_EDGE('',*,*,#2343,.T.);
#4613 = ORIENTED_EDGE('',*,*,#4536,.T.);
#4614 = ORIENTED_EDGE('',*,*,#4591,.F.);
#4615 = ADVANCED_FACE('',(#4616),#2798,.F.);
#4616 = FACE_BOUND('',#4617,.T.);
#4617 = EDGE_LOOP('',(#4618,#4643,#5044,#5045,#5077,#5078));
#4618 = ORIENTED_EDGE('',*,*,#4619,.F.);
#4619 = EDGE_CURVE('',#4620,#4622,#4624,.T.);
#4620 = VERTEX_POINT('',#4621);
#4621 = CARTESIAN_POINT('',(158.78325710538,574.91887503486,
    -272.0123784427));
#4622 = VERTEX_POINT('',#4623);
#4623 = CARTESIAN_POINT('',(86.208386623017,686.76955777827,
    -353.1254689818));
#4624 = SEAM_CURVE('',#4625,(#4629,#4636),.PCURVE_S1.);
#4625 = LINE('',#4626,#4627);
#4626 = CARTESIAN_POINT('',(170.,557.63189480903,-259.476018737));
#4627 = VECTOR('',#4628,1.);
#4628 = DIRECTION('',(-0.465022737593,0.716682101467,-0.519731294957));
#4629 = PCURVE('',#2798,#4630);
#4630 = DEFINITIONAL_REPRESENTATION('',(#4631),#4635);
#4631 = LINE('',#4632,#4633);
#4632 = CARTESIAN_POINT('',(-6.28318530718,0.));
#4633 = VECTOR('',#4634,1.);
#4634 = DIRECTION('',(-0.,-1.));
#4635 = ( GEOMETRIC_REPRESENTATION_CONTEXT(2) 
PARAMETRIC_REPRESENTATION_CONTEXT() REPRESENTATION_CONTEXT('2D SPACE',''
  ) );
#4636 = PCURVE('',#2798,#4637);
#4637 = DEFINITIONAL_REPRESENTATION('',(#4638),#4642);
#4638 = LINE('',#4639,#4640);
#4639 = CARTESIAN_POINT('',(-0.,0.));
#4640 = VECTOR('',#4641,1.);
#4641 = DIRECTION('',(-0.,-1.));
#4642 = ( GEOMETRIC_REPRESENTATION_CONTEXT(2) 
PARAMETRIC_REPRESENTATION_CONTEXT() REPRESENTATION_CONTEXT('2D SPACE',''
  ) );
#4643 = ORIENTED_EDGE('',*,*,#4644,.F.);
#4644 = EDGE_CURVE('',#4620,#4620,#4645,.T.);
#4645 = SURFACE_CURVE('',#4646,(#4775,#4907),.PCURVE_S1.);
#4646 = B_SPLINE_CURVE_WITH_KNOTS('',8,(#4647,#4648,#4649,#4650,#4651,
    #4652,#4653,#4654,#4655,#4656,#4657,#4658,#4659,#4660,#4661,#4662,
    #4663,#4664,#4665,#4666,#4667,#4668,#4669,#4670,#4671,#4672,#4673,
    #4674,#4675,#4676,#4677,#4678,#4679,#4680,#4681,#4682,#4683,#4684,
    #4685,#4686,#4687,#4688,#4689,#4690,#4691,#4692,#4693,#4694,#4695,
    #4696,#4697,#4698,#4699,#4700,#4701,#4702,#4703,#4704,#4705,#4706,
    #4707,#4708,#4709,#4710,#4711,#4712,#4713,#4714,#4715,#4716,#4717,
    #4718,#4719,#4720,#4721,#4722,#4723,#4724,#4725,#4726,#4727,#4728,
    #4729,#4730,#4731,#4732,#4733,#4734,#4735,#4736,#4737,#4738,#4739,
    #4740,#4741,#4742,#4743,#4744,#4745,#4746,#4747,#4748,#4749,#4750,
    #4751,#4752,#4753,#4754,#4755,#4756,#4757,#4758,#4759,#4760,#4761,
    #4762,#4763,#4764,#4765,#4766,#4767,#4768,#4769,#4770,#4771,#4772,
    #4773,#4774),.UNSPECIFIED.,.T.,.F.,(9,7,7,7,7,7,7,7,7,7,7,7,7,7,7,7,
    7,7,9),(0.,6.735561038024E-02,0.127612954169,0.1697749638,
    0.199938634629,0.223513511064,0.261252421567,0.283232732139,
    0.338046014916,0.409929070056,0.451381821383,0.54249420132,
    0.623522591693,0.670613268611,0.712256352799,0.747585747255,
    0.790030124762,0.90683692147,1.),.UNSPECIFIED.);
#4647 = CARTESIAN_POINT('',(158.78325710538,574.91887503486,
    -272.0123784427));
#4648 = CARTESIAN_POINT('',(159.42577442084,574.91887503486,
    -272.0123784427));
#4649 = CARTESIAN_POINT('',(160.07257764939,574.91619408512,
    -272.0455712068));
#4650 = CARTESIAN_POINT('',(160.7219357948,574.91063850224,
    -272.1143766473));
#4651 = CARTESIAN_POINT('',(161.37211145825,574.90176126876,
    -272.2212108464));
#4652 = CARTESIAN_POINT('',(162.02135731706,574.8887782559,
    -272.368497092));
#4653 = CARTESIAN_POINT('',(162.66787444149,574.8704601445,
    -272.5586718776));
#4654 = CARTESIAN_POINT('',(163.30973244958,574.84500004408,
    -272.7941858646));
#4655 = CARTESIAN_POINT('',(164.51284910959,574.77841714353,
    -273.3309567281));
#4656 = CARTESIAN_POINT('',(165.07519633534,574.73924259422,
    -273.6225468194));
#4657 = CARTESIAN_POINT('',(165.62897817823,574.69059515898,
    -273.9534014365));
#4658 = CARTESIAN_POINT('',(166.17140342038,574.63035973622,
    -274.3242326607));
#4659 = CARTESIAN_POINT('',(166.69963982601,574.55602274411,
    -274.735281934));
#4660 = CARTESIAN_POINT('',(167.21075150782,574.4646901271,
    -275.1862728263));
#4661 = CARTESIAN_POINT('',(167.7016384588,574.35314475062,
    -275.6763679339));
#4662 = CARTESIAN_POINT('',(168.49597548357,574.12334276844,
    -276.5734044932));
#4663 = CARTESIAN_POINT('',(168.81143164588,574.01716442234,
    -276.9611056555));
#4664 = CARTESIAN_POINT('',(169.11395756816,573.89830299948,
    -277.3664547864));
#4665 = CARTESIAN_POINT('',(169.40218313871,573.76564231027,
    -277.7884757889));
#4666 = CARTESIAN_POINT('',(169.67475282227,573.61808478388,
    -278.2260062508));
#4667 = CARTESIAN_POINT('',(169.93032098801,573.45458395206,
    -278.677710101));
#4668 = CARTESIAN_POINT('',(170.16754704587,573.27417975432,
    -279.1420917519));
#4669 = CARTESIAN_POINT('',(170.54072590066,572.93428054385,
    -279.9576381078));
#4670 = CARTESIAN_POINT('',(170.68629017289,572.78344245847,
    -280.3034206024));
#4671 = CARTESIAN_POINT('',(170.8211773419,572.62331996245,
    -280.6540093836));
#4672 = CARTESIAN_POINT('',(170.94483425759,572.4537705275,
    -281.0085174471));
#4673 = CARTESIAN_POINT('',(171.05675903348,572.27471929728,
    -281.3660326824));
#4674 = CARTESIAN_POINT('',(171.15650001959,572.08616546708,
    -281.7256290741));
#4675 = CARTESIAN_POINT('',(171.24365520056,571.88818728898,
    -282.0863770349));
#4676 = CARTESIAN_POINT('',(171.37587730338,571.51897288363,
    -282.7294790309));
#4677 = CARTESIAN_POINT('',(171.42596677984,571.3513764383,
    -283.0116840515));
#4678 = CARTESIAN_POINT('',(171.4679562764,571.17829840269,
    -283.293419376));
#4679 = CARTESIAN_POINT('',(171.5016981312,570.9999210529,
    -283.5741458209));
#4680 = CARTESIAN_POINT('',(171.52708105314,570.816466067,
    -283.8533373888));
#4681 = CARTESIAN_POINT('',(171.54402998292,570.62819368706,
    -284.1304850848));
#4682 = CARTESIAN_POINT('',(171.5525059541,570.43540188123,
    -284.405100732));
#4683 = CARTESIAN_POINT('',(171.5525059541,569.9231036492,
    -285.1115330309));
#4684 = CARTESIAN_POINT('',(171.53078559058,569.59728316614,
    -285.5383580044));
#4685 = CARTESIAN_POINT('',(171.48738796524,569.2622995509,
    -285.9553985001));
#4686 = CARTESIAN_POINT('',(171.42256994029,568.91969413466,
    -286.3610312811));
#4687 = CARTESIAN_POINT('',(171.33679803372,568.57119072387,
    -286.7538316273));
#4688 = CARTESIAN_POINT('',(171.23074838389,568.21866200698,
    -287.1325900015));
#4689 = CARTESIAN_POINT('',(171.10531078323,567.86408572913,
    -287.496320836));
#4690 = CARTESIAN_POINT('',(170.87789329446,567.30296346762,
    -288.0469159904));
#4691 = CARTESIAN_POINT('',(170.78796028371,567.09635685871,
    -288.2442844483));
#4692 = CARTESIAN_POINT('',(170.69197465984,566.88998487996,
    -288.4362969941));
#4693 = CARTESIAN_POINT('',(170.59012158127,566.68416156527,
    -288.6229015657));
#4694 = CARTESIAN_POINT('',(170.48259486362,566.47919934361,
    -288.8040645987));
#4695 = CARTESIAN_POINT('',(170.36959738932,566.2754074716,
    -288.9797697685));
#4696 = CARTESIAN_POINT('',(170.25134151721,566.07309046615,
    -289.1500167312));
#4697 = CARTESIAN_POINT('',(169.82059065932,565.37244117874,
    -289.7257968057));
#4698 = CARTESIAN_POINT('',(169.48200873039,564.88368004334,
    -290.1026587908));
#4699 = CARTESIAN_POINT('',(169.11524351593,564.40991841179,
    -290.4464797873));
#4700 = CARTESIAN_POINT('',(168.72315615905,563.95446075113,
    -290.7587083027));
#4701 = CARTESIAN_POINT('',(168.30855152474,563.52019036705,
    -291.0410456714));
#4702 = CARTESIAN_POINT('',(167.87420013998,563.10951446647,
    -291.2953423407));
#4703 = CARTESIAN_POINT('',(167.42285968463,562.72432462988,
    -291.5235121538));
#4704 = CARTESIAN_POINT('',(166.34674807959,561.8960239752,
    -291.9949313208));
#4705 = CARTESIAN_POINT('',(165.71225841643,561.47263183372,
    -292.2205209578));
#4706 = CARTESIAN_POINT('',(165.05852987908,561.09747463566,
    -292.4093691354));
#4707 = CARTESIAN_POINT('',(164.38974290226,560.77119426509,
    -292.5660166278));
#4708 = CARTESIAN_POINT('',(163.70978493836,560.49351411411,
    -292.6943697291));
#4709 = CARTESIAN_POINT('',(163.02242705852,560.26334404352,
    -292.7977183137));
#4710 = CARTESIAN_POINT('',(162.33144773638,560.07887231337,
    -292.8788116212));
#4711 = CARTESIAN_POINT('',(161.24237299854,559.85620272957,
    -292.9752724737));
#4712 = CARTESIAN_POINT('',(160.84368946442,559.78905347325,
    -293.0039692161));
#4713 = CARTESIAN_POINT('',(160.44498613807,559.73569740383,
    -293.0265416711));
#4714 = CARTESIAN_POINT('',(160.04657787281,559.69563493428,
    -293.0433735746));
#4715 = CARTESIAN_POINT('',(159.64876525453,559.66836830557,
    -293.0547848379));
#4716 = CARTESIAN_POINT('',(159.25183813608,559.65340340357,
    -293.0610418651));
#4717 = CARTESIAN_POINT('',(158.8560789013,559.65025128884,
    -293.0623660685));
#4718 = CARTESIAN_POINT('',(157.59507181127,559.67640486271,
    -293.0514114261));
#4719 = CARTESIAN_POINT('',(156.73530048223,559.74911911587,
    -293.0209358299));
#4720 = CARTESIAN_POINT('',(155.88381831712,559.8714958057,
    -292.9694381839));
#4721 = CARTESIAN_POINT('',(155.04161381306,560.03916081303,
    -292.8977272685));
#4722 = CARTESIAN_POINT('',(154.20939255371,560.24850513432,
    -292.8058377004));
#4723 = CARTESIAN_POINT('',(153.38771975526,560.49668523254,
    -292.6931692151));
#4724 = CARTESIAN_POINT('',(152.57722223006,560.78157411416,
    -292.5584860749));
#4725 = CARTESIAN_POINT('',(151.06886154278,561.38635082421,
    -292.2587502003));
#4726 = CARTESIAN_POINT('',(150.37053582788,561.69804336511,
    -292.0991207095));
#4727 = CARTESIAN_POINT('',(149.68259679257,562.03616711025,
    -291.9194003378));
#4728 = CARTESIAN_POINT('',(149.00443061506,562.40083251232,
    -291.7174115524));
#4729 = CARTESIAN_POINT('',(148.33646053511,562.79252164115,
    -291.4903623914));
#4730 = CARTESIAN_POINT('',(147.68049621797,563.21175573991,
    -291.2348398959));
#4731 = CARTESIAN_POINT('',(147.04007915916,563.65877153529,
    -290.9468087748));
#4732 = CARTESIAN_POINT('',(146.06095111329,564.40895459206,
    -290.4326642418));
#4733 = CARTESIAN_POINT('',(145.70836761956,564.69383974973,
    -290.2312231818));
#4734 = CARTESIAN_POINT('',(145.36286967248,564.98879774958,
    -290.0157388912));
#4735 = CARTESIAN_POINT('',(145.02493553269,565.29463098985,
    -289.7844800366));
#4736 = CARTESIAN_POINT('',(144.69576678627,565.61194768897,
    -289.5355738169));
#4737 = CARTESIAN_POINT('',(144.37732355758,565.94109346113,
    -289.2670240613));
#4738 = CARTESIAN_POINT('',(144.07236326919,566.28209057047,
    -288.9767356153));
#4739 = CARTESIAN_POINT('',(143.52990549975,566.94630154504,
    -288.3847009375));
#4740 = CARTESIAN_POINT('',(143.28641690456,567.26978662765,
    -288.0856896388));
#4741 = CARTESIAN_POINT('',(143.05793904395,567.60382777832,
    -287.764544417));
#4742 = CARTESIAN_POINT('',(142.84857418996,567.94704645995,
    -287.4203095095));
#4743 = CARTESIAN_POINT('',(142.66261953155,568.2978861301,
    -287.0520682614));
#4744 = CARTESIAN_POINT('',(142.50458684316,568.65460781605,
    -286.658978858));
#4745 = CARTESIAN_POINT('',(142.37922729645,569.01529306667,
    -286.2403176193));
#4746 = CARTESIAN_POINT('',(142.21718694074,569.68544600727,
    -285.4181783086));
#4747 = CARTESIAN_POINT('',(142.17066149188,569.99141528808,
    -285.0256693416));
#4748 = CARTESIAN_POINT('',(142.15479376459,570.29172251195,
    -284.6216346576));
#4749 = CARTESIAN_POINT('',(142.17080955396,570.58284512197,
    -284.2100544691));
#4750 = CARTESIAN_POINT('',(142.21836540444,570.86180447748,
    -283.7952769451));
#4751 = CARTESIAN_POINT('',(142.29554684686,571.12615064069,
    -283.3820442216));
#4752 = CARTESIAN_POINT('',(142.39885122222,571.37390508832,
    -282.9755249776));
#4753 = CARTESIAN_POINT('',(142.67249250564,571.87924791901,
    -282.1078000349));
#4754 = CARTESIAN_POINT('',(142.85302485123,572.13040313397,
    -281.6492613115));
#4755 = CARTESIAN_POINT('',(143.05943619701,572.35900875763,
    -281.2065841999));
#4756 = CARTESIAN_POINT('',(143.28714743401,572.56710416762,
    -280.7802268755));
#4757 = CARTESIAN_POINT('',(143.5322833577,572.75664265269,
    -280.3702884934));
#4758 = CARTESIAN_POINT('',(143.79164661959,572.92946051561,
    -279.9765457867));
#4759 = CARTESIAN_POINT('',(144.06269854921,573.08725898053,
    -279.5984966601));
#4760 = CARTESIAN_POINT('',(145.11644049885,573.62882193472,
    -278.2361995592));
#4761 = CARTESIAN_POINT('',(145.98068064774,573.93293391613,
    -277.3281301295));
#4762 = CARTESIAN_POINT('',(146.89697558222,574.16567042039,
    -276.5119936884));
#4763 = CARTESIAN_POINT('',(147.84156387581,574.34488015787,
    -275.7826108804));
#4764 = CARTESIAN_POINT('',(148.80326581854,574.48392977473,
    -275.1315311916));
#4765 = CARTESIAN_POINT('',(149.78165227689,574.59249570498,
    -274.5495747101));
#4766 = CARTESIAN_POINT('',(150.78482220284,574.67741498376,
    -274.0297826534));
#4767 = CARTESIAN_POINT('',(152.65567576451,574.7962164194,
    -273.2068299696));
#4768 = CARTESIAN_POINT('',(153.4988916783,574.83626499483,
    -272.8858623912));
#4769 = CARTESIAN_POINT('',(154.35413860177,574.86622342061,
    -272.6100444292));
#4770 = CARTESIAN_POINT('',(155.22070017221,574.88811239625,
    -272.3813014102));
#4771 = CARTESIAN_POINT('',(156.09791689143,574.90351432515,
    -272.2025767472));
#4772 = CARTESIAN_POINT('',(156.98495030567,574.91358493688,
    -272.0778877559));
#4773 = CARTESIAN_POINT('',(157.88061424511,574.91887503486,
    -272.0123784427));
#4774 = CARTESIAN_POINT('',(158.78325710538,574.91887503486,
    -272.0123784427));
#4775 = PCURVE('',#2798,#4776);
#4776 = DEFINITIONAL_REPRESENTATION('',(#4777),#4906);
#4777 = B_SPLINE_CURVE_WITH_KNOTS('',8,(#4778,#4779,#4780,#4781,#4782,
    #4783,#4784,#4785,#4786,#4787,#4788,#4789,#4790,#4791,#4792,#4793,
    #4794,#4795,#4796,#4797,#4798,#4799,#4800,#4801,#4802,#4803,#4804,
    #4805,#4806,#4807,#4808,#4809,#4810,#4811,#4812,#4813,#4814,#4815,
    #4816,#4817,#4818,#4819,#4820,#4821,#4822,#4823,#4824,#4825,#4826,
    #4827,#4828,#4829,#4830,#4831,#4832,#4833,#4834,#4835,#4836,#4837,
    #4838,#4839,#4840,#4841,#4842,#4843,#4844,#4845,#4846,#4847,#4848,
    #4849,#4850,#4851,#4852,#4853,#4854,#4855,#4856,#4857,#4858,#4859,
    #4860,#4861,#4862,#4863,#4864,#4865,#4866,#4867,#4868,#4869,#4870,
    #4871,#4872,#4873,#4874,#4875,#4876,#4877,#4878,#4879,#4880,#4881,
    #4882,#4883,#4884,#4885,#4886,#4887,#4888,#4889,#4890,#4891,#4892,
    #4893,#4894,#4895,#4896,#4897,#4898,#4899,#4900,#4901,#4902,#4903,
    #4904,#4905),.UNSPECIFIED.,.F.,.F.,(9,7,7,7,7,7,7,7,7,7,7,7,7,7,7,7,
    7,7,9),(0.,6.735561038024E-02,0.127612954169,0.1697749638,
    0.199938634629,0.223513511064,0.261252421567,0.283232732139,
    0.338046014916,0.409929070056,0.451381821383,0.54249420132,
    0.623522591693,0.670613268611,0.712256352799,0.747585747255,
    0.790030124762,0.90683692147,1.),.UNSPECIFIED.);
#4778 = CARTESIAN_POINT('',(0.,-24.12084826791));
#4779 = CARTESIAN_POINT('',(-4.375536675409E-02,-23.82206310693));
#4780 = CARTESIAN_POINT('',(-8.842211037786E-02,-23.53661482845));
#4781 = CARTESIAN_POINT('',(-0.134054801557,-23.26642727991));
#4782 = CARTESIAN_POINT('',(-0.180723540822,-23.01324373525));
#4783 = CARTESIAN_POINT('',(-0.22851422424,-22.77857422682));
#4784 = CARTESIAN_POINT('',(-0.27753065561,-22.56364058877));
#4785 = CARTESIAN_POINT('',(-0.327898505173,-22.36931921188));
#4786 = CARTESIAN_POINT('',(-0.426177132923,-22.04110045185));
#4787 = CARTESIAN_POINT('',(-0.47376494525,-21.90306900287));
#4788 = CARTESIAN_POINT('',(-0.522539350064,-21.78263860676));
#4789 = CARTESIAN_POINT('',(-0.572517462453,-21.67996147871));
#4790 = CARTESIAN_POINT('',(-0.623725338108,-21.59467871864));
#4791 = CARTESIAN_POINT('',(-0.676196343083,-21.52593779372));
#4792 = CARTESIAN_POINT('',(-0.729971269549,-21.47243939006));
#4793 = CARTESIAN_POINT('',(-0.823673859248,-21.40457761732));
#4794 = CARTESIAN_POINT('',(-0.862908901552,-21.38328763603));
#4795 = CARTESIAN_POINT('',(-0.902792674985,-21.36809297783));
#4796 = CARTESIAN_POINT('',(-0.94331454024,-21.3583235146));
#4797 = CARTESIAN_POINT('',(-0.984465899795,-21.35321884962));
#4798 = CARTESIAN_POINT('',(-1.026240165873,-21.35196034877));
#4799 = CARTESIAN_POINT('',(-1.068632664753,-21.35370605518));
#4800 = CARTESIAN_POINT('',(-1.142409255188,-21.36043468571));
#4801 = CARTESIAN_POINT('',(-1.173493547124,-21.364355017));
#4802 = CARTESIAN_POINT('',(-1.204869703155,-21.36908445073));
#4803 = CARTESIAN_POINT('',(-1.236515410928,-21.37431706283));
#4804 = CARTESIAN_POINT('',(-1.268409540242,-21.37975854139));
#4805 = CARTESIAN_POINT('',(-1.300531947436,-21.38513705807));
#4806 = CARTESIAN_POINT('',(-1.332863239717,-21.39021250528));
#4807 = CARTESIAN_POINT('',(-1.390801985399,-21.39835709832));
#4808 = CARTESIAN_POINT('',(-1.416330067003,-21.401621761));
#4809 = CARTESIAN_POINT('',(-1.441949973762,-21.40448042515));
#4810 = CARTESIAN_POINT('',(-1.467643432511,-21.40685216026));
#4811 = CARTESIAN_POINT('',(-1.493392517344,-21.40867421473));
#4812 = CARTESIAN_POINT('',(-1.519179499552,-21.40990346307));
#4813 = CARTESIAN_POINT('',(-1.544986697547,-21.41051785309));
#4814 = CARTESIAN_POINT('',(-1.612112653138,-21.41051785309));
#4815 = CARTESIAN_POINT('',(-1.653405705262,-21.40894290372));
#4816 = CARTESIAN_POINT('',(-1.694610726865,-21.40579602179));
#4817 = CARTESIAN_POINT('',(-1.735663995753,-21.40121875807));
#4818 = CARTESIAN_POINT('',(-1.776501284581,-21.39548912067));
#4819 = CARTESIAN_POINT('',(-1.817056448206,-21.3890061778));
#4820 = CARTESIAN_POINT('',(-1.857260137675,-21.38226133994));
#4821 = CARTESIAN_POINT('',(-1.920206873333,-21.37203089416));
#4822 = CARTESIAN_POINT('',(-1.943239068161,-21.36835909458));
#4823 = CARTESIAN_POINT('',(-1.966130214391,-21.36488641785));
#4824 = CARTESIAN_POINT('',(-1.988875214628,-21.36172476519));
#4825 = CARTESIAN_POINT('',(-2.011468806249,-21.35899047581));
#4826 = CARTESIAN_POINT('',(-2.03390548264,-21.35680235899));
#4827 = CARTESIAN_POINT('',(-2.056179414451,-21.35527972613));
#4828 = CARTESIAN_POINT('',(-2.133408488448,-21.35269678932));
#4829 = CARTESIAN_POINT('',(-2.187446756291,-21.3557256947));
#4830 = CARTESIAN_POINT('',(-2.240408926079,-21.36543790887));
#4831 = CARTESIAN_POINT('',(-2.292300406682,-21.38362402216));
#4832 = CARTESIAN_POINT('',(-2.343122139464,-21.41193035901));
#4833 = CARTESIAN_POINT('',(-2.392870451897,-21.45175549882));
#4834 = CARTESIAN_POINT('',(-2.441536889413,-21.50416740385));
#4835 = CARTESIAN_POINT('',(-2.551493608514,-21.65596680868));
#4836 = CARTESIAN_POINT('',(-2.611942435717,-21.76482735327));
#4837 = CARTESIAN_POINT('',(-2.670593461278,-21.89810784616));
#4838 = CARTESIAN_POINT('',(-2.727558268836,-22.05668429944));
#4839 = CARTESIAN_POINT('',(-2.782925182084,-22.24058094264));
#4840 = CARTESIAN_POINT('',(-2.836760646331,-22.44897270946));
#4841 = CARTESIAN_POINT('',(-2.889107881049,-22.68023294796));
#4842 = CARTESIAN_POINT('',(-2.969320809449,-23.0772278825));
#4843 = CARTESIAN_POINT('',(-2.998200969397,-23.22941471595));
#4844 = CARTESIAN_POINT('',(-3.02665449099,-23.38831309955));
#4845 = CARTESIAN_POINT('',(-3.05470940883,-23.55361801388));
#4846 = CARTESIAN_POINT('',(-3.082391167598,-23.7249992126));
#4847 = CARTESIAN_POINT('',(-3.109723032907,-23.90210624328));
#4848 = CARTESIAN_POINT('',(-3.136726329816,-24.08457245178));
#4849 = CARTESIAN_POINT('',(-3.222093820576,-24.68401974871));
#4850 = CARTESIAN_POINT('',(-3.279278007297,-25.12010684853));
#4851 = CARTESIAN_POINT('',(-3.335286636701,-25.57700566098));
#4852 = CARTESIAN_POINT('',(-3.390399169193,-26.05154200795));
#4853 = CARTESIAN_POINT('',(-3.444881953183,-26.54081926011));
#4854 = CARTESIAN_POINT('',(-3.498998081366,-27.04222469083));
#4855 = CARTESIAN_POINT('',(-3.553014518292,-27.5533001883));
#4856 = CARTESIAN_POINT('',(-3.655416596713,-28.53237273363));
#4857 = CARTESIAN_POINT('',(-3.703622860066,-28.99753009258));
#4858 = CARTESIAN_POINT('',(-3.752158475886,-29.46635832077));
#4859 = CARTESIAN_POINT('',(-3.801332649855,-29.93809028688));
#4860 = CARTESIAN_POINT('',(-3.85144121323,-30.41142359557));
#4861 = CARTESIAN_POINT('',(-3.902767586585,-30.88411645551));
#4862 = CARTESIAN_POINT('',(-3.955586766554,-31.35259438149));
#4863 = CARTESIAN_POINT('',(-4.041902160142,-32.0783369515));
#4864 = CARTESIAN_POINT('',(-4.074212712609,-32.34177316351));
#4865 = CARTESIAN_POINT('',(-4.107277101956,-32.60183475448));
#4866 = CARTESIAN_POINT('',(-4.14124915918,-32.85797455864));
#4867 = CARTESIAN_POINT('',(-4.176269555063,-33.10909635708));
#4868 = CARTESIAN_POINT('',(-4.212468441965,-33.35349887051));
#4869 = CARTESIAN_POINT('',(-4.249968875193,-33.58882687364));
#4870 = CARTESIAN_POINT('',(-4.323310521319,-34.00941123795));
#4871 = CARTESIAN_POINT('',(-4.35914854267,-34.19906941034));
#4872 = CARTESIAN_POINT('',(-4.39638502725,-34.37780890242));
#4873 = CARTESIAN_POINT('',(-4.435011238031,-34.54223735173));
#4874 = CARTESIAN_POINT('',(-4.475029258408,-34.6887645074));
#4875 = CARTESIAN_POINT('',(-4.516452734045,-34.81360848365));
#4876 = CARTESIAN_POINT('',(-4.559308849893,-34.91280883888));
#4877 = CARTESIAN_POINT('',(-4.641252761874,-35.04115637787));
#4878 = CARTESIAN_POINT('',(-4.679563300987,-35.07807528295));
#4879 = CARTESIAN_POINT('',(-4.718231566389,-35.09068947972));
#4880 = CARTESIAN_POINT('',(-4.756939976493,-35.07797303308));
#4881 = CARTESIAN_POINT('',(-4.795379053936,-35.04021079873));
#4882 = CARTESIAN_POINT('',(-4.833229544381,-34.97900185838));
#4883 = CARTESIAN_POINT('',(-4.870142561633,-34.89724338001));
#4884 = CARTESIAN_POINT('',(-4.948457441789,-34.68118031499));
#4885 = CARTESIAN_POINT('',(-4.989519663953,-34.53891019216));
#4886 = CARTESIAN_POINT('',(-5.029009139646,-34.37668863342));
#4887 = CARTESIAN_POINT('',(-5.067021672953,-34.19834474197));
#4888 = CARTESIAN_POINT('',(-5.103650683126,-34.00713199729));
#4889 = CARTESIAN_POINT('',(-5.138992202831,-33.80573724553));
#4890 = CARTESIAN_POINT('',(-5.173148349476,-33.59629930852));
#4891 = CARTESIAN_POINT('',(-5.297267860329,-32.78638538212));
#4892 = CARTESIAN_POINT('',(-5.382184508491,-32.13049357545));
#4893 = CARTESIAN_POINT('',(-5.461986968187,-31.44702203413));
#4894 = CARTESIAN_POINT('',(-5.537598929947,-30.7571203399));
#4895 = CARTESIAN_POINT('',(-5.610022910207,-30.07117495158));
#4896 = CARTESIAN_POINT('',(-5.680419536087,-29.39154926556));
#4897 = CARTESIAN_POINT('',(-5.750143227359,-28.71576036879));
#4898 = CARTESIAN_POINT('',(-5.877034928468,-27.50319952239));
#4899 = CARTESIAN_POINT('',(-5.933155863494,-26.97297015184));
#4900 = CARTESIAN_POINT('',(-5.989411537035,-26.45338032714));
#4901 = CARTESIAN_POINT('',(-6.046098306215,-25.94721202498));
#4902 = CARTESIAN_POINT('',(-6.103509413268,-25.45743579096));
#4903 = CARTESIAN_POINT('',(-6.161943272761,-24.98735774057));
#4904 = CARTESIAN_POINT('',(-6.221715416099,-24.54059772186));
#4905 = CARTESIAN_POINT('',(-6.28318530718,-24.12084826791));
#4906 = ( GEOMETRIC_REPRESENTATION_CONTEXT(2) 
PARAMETRIC_REPRESENTATION_CONTEXT() REPRESENTATION_CONTEXT('2D SPACE',''
  ) );
#4907 = PCURVE('',#4908,#4913);
#4908 = CYLINDRICAL_SURFACE('',#4909,25.);
#4909 = AXIS2_PLACEMENT_3D('',#4910,#4911,#4912);
#4910 = CARTESIAN_POINT('',(130.,550.,-270.));
#4911 = DIRECTION('',(-1.,-0.,0.));
#4912 = DIRECTION('',(0.,0.,1.));
#4913 = DEFINITIONAL_REPRESENTATION('',(#4914),#5043);
#4914 = B_SPLINE_CURVE_WITH_KNOTS('',8,(#4915,#4916,#4917,#4918,#4919,
    #4920,#4921,#4922,#4923,#4924,#4925,#4926,#4927,#4928,#4929,#4930,
    #4931,#4932,#4933,#4934,#4935,#4936,#4937,#4938,#4939,#4940,#4941,
    #4942,#4943,#4944,#4945,#4946,#4947,#4948,#4949,#4950,#4951,#4952,
    #4953,#4954,#4955,#4956,#4957,#4958,#4959,#4960,#4961,#4962,#4963,
    #4964,#4965,#4966,#4967,#4968,#4969,#4970,#4971,#4972,#4973,#4974,
    #4975,#4976,#4977,#4978,#4979,#4980,#4981,#4982,#4983,#4984,#4985,
    #4986,#4987,#4988,#4989,#4990,#4991,#4992,#4993,#4994,#4995,#4996,
    #4997,#4998,#4999,#5000,#5001,#5002,#5003,#5004,#5005,#5006,#5007,
    #5008,#5009,#5010,#5011,#5012,#5013,#5014,#5015,#5016,#5017,#5018,
    #5019,#5020,#5021,#5022,#5023,#5024,#5025,#5026,#5027,#5028,#5029,
    #5030,#5031,#5032,#5033,#5034,#5035,#5036,#5037,#5038,#5039,#5040,
    #5041,#5042),.UNSPECIFIED.,.T.,.F.,(9,7,7,7,7,7,7,7,7,7,7,7,7,7,7,7,
    7,7,9),(0.,6.735561038024E-02,0.127612954169,0.1697749638,
    0.199938634629,0.223513511064,0.261252421567,0.283232732139,
    0.338046014916,0.409929070056,0.451381821383,0.54249420132,
    0.623522591693,0.670613268611,0.712256352799,0.747585747255,
    0.790030124762,0.90683692147,1.),.UNSPECIFIED.);
#4915 = CARTESIAN_POINT('',(-4.631806660632,-28.78325710538));
#4916 = CARTESIAN_POINT('',(-4.631806660632,-29.42577442084));
#4917 = CARTESIAN_POINT('',(-4.630474603023,-30.07257764939));
#4918 = CARTESIAN_POINT('',(-4.627713486205,-30.7219357948));
#4919 = CARTESIAN_POINT('',(-4.623425373986,-31.37211145825));
#4920 = CARTESIAN_POINT('',(-4.617511191445,-32.02135731706));
#4921 = CARTESIAN_POINT('',(-4.609869658017,-32.66787444149));
#4922 = CARTESIAN_POINT('',(-4.600395357818,-33.30973244958));
#4923 = CARTESIAN_POINT('',(-4.578759970419,-34.51284910959));
#4924 = CARTESIAN_POINT('',(-4.566992192525,-35.07519633534));
#4925 = CARTESIAN_POINT('',(-4.553617471202,-35.62897817823));
#4926 = CARTESIAN_POINT('',(-4.538593504923,-36.17140342038));
#4927 = CARTESIAN_POINT('',(-4.521890980399,-36.69963982601));
#4928 = CARTESIAN_POINT('',(-4.503493234156,-37.21075150782));
#4929 = CARTESIAN_POINT('',(-4.483395428237,-37.7016384588));
#4930 = CARTESIAN_POINT('',(-4.446355265392,-38.49597548357));
#4931 = CARTESIAN_POINT('',(-4.430278358159,-38.81143164588));
#4932 = CARTESIAN_POINT('',(-4.413386301592,-39.11395756816));
#4933 = CARTESIAN_POINT('',(-4.395697993621,-39.40218313871));
#4934 = CARTESIAN_POINT('',(-4.377236751272,-39.67475282227));
#4935 = CARTESIAN_POINT('',(-4.358029808539,-39.93032098801));
#4936 = CARTESIAN_POINT('',(-4.338108007689,-40.16754704587));
#4937 = CARTESIAN_POINT('',(-4.302766308083,-40.54072590066));
#4938 = CARTESIAN_POINT('',(-4.287678345246,-40.68629017289));
#4939 = CARTESIAN_POINT('',(-4.272265179324,-40.8211773419));
#4940 = CARTESIAN_POINT('',(-4.256551515747,-40.94483425759));
#4941 = CARTESIAN_POINT('',(-4.240563127636,-41.05675903348));
#4942 = CARTESIAN_POINT('',(-4.224326678291,-41.15650001959));
#4943 = CARTESIAN_POINT('',(-4.207869620034,-41.24365520056));
#4944 = CARTESIAN_POINT('',(-4.178207537724,-41.37587730338));
#4945 = CARTESIAN_POINT('',(-4.165080169783,-41.42596677984));
#4946 = CARTESIAN_POINT('',(-4.151856572092,-41.4679562764));
#4947 = CARTESIAN_POINT('',(-4.138555466736,-41.5016981312));
#4948 = CARTESIAN_POINT('',(-4.125195751289,-41.52708105314));
#4949 = CARTESIAN_POINT('',(-4.111796458696,-41.54402998292));
#4950 = CARTESIAN_POINT('',(-4.098376717145,-41.5525059541));
#4951 = CARTESIAN_POINT('',(-4.063471220237,-41.5525059541));
#4952 = CARTESIAN_POINT('',(-4.041998827845,-41.53078559058));
#4953 = CARTESIAN_POINT('',(-4.020613004969,-41.48738796524));
#4954 = CARTESIAN_POINT('',(-3.999387423977,-41.42256994029));
#4955 = CARTESIAN_POINT('',(-3.978394878143,-41.33679803372));
#4956 = CARTESIAN_POINT('',(-3.957706964434,-41.23074838389));
#4957 = CARTESIAN_POINT('',(-3.937393528329,-41.10531078323));
#4958 = CARTESIAN_POINT('',(-3.90594800168,-40.87789329446));
#4959 = CARTESIAN_POINT('',(-3.894519901512,-40.78796028371));
#4960 = CARTESIAN_POINT('',(-3.883246179954,-40.69197465984));
#4961 = CARTESIAN_POINT('',(-3.872135154264,-40.59012158127));
#4962 = CARTESIAN_POINT('',(-3.861194849627,-40.48259486362));
#4963 = CARTESIAN_POINT('',(-3.850432999599,-40.36959738932));
#4964 = CARTESIAN_POINT('',(-3.839857046548,-40.25134151721));
#4965 = CARTESIAN_POINT('',(-3.803581829265,-39.82059065932));
#4966 = CARTESIAN_POINT('',(-3.77890650099,-39.48200873039));
#4967 = CARTESIAN_POINT('',(-3.755507300923,-39.11524351593));
#4968 = CARTESIAN_POINT('',(-3.733433712888,-38.72315615905));
#4969 = CARTESIAN_POINT('',(-3.712725162532,-38.30855152474));
#4970 = CARTESIAN_POINT('',(-3.693410161863,-37.87420013998));
#4971 = CARTESIAN_POINT('',(-3.675504996702,-37.42285968463));
#4972 = CARTESIAN_POINT('',(-3.637382709141,-36.34674807959));
#4973 = CARTESIAN_POINT('',(-3.618200497508,-35.71225841643));
#4974 = CARTESIAN_POINT('',(-3.601406703796,-35.05852987908));
#4975 = CARTESIAN_POINT('',(-3.586932937524,-34.38974290226));
#4976 = CARTESIAN_POINT('',(-3.574698098063,-33.70978493836));
#4977 = CARTESIAN_POINT('',(-3.564606361953,-33.02242705852));
#4978 = CARTESIAN_POINT('',(-3.556546095501,-32.33144773638));
#4979 = CARTESIAN_POINT('',(-3.546839484178,-31.24237299854));
#4980 = CARTESIAN_POINT('',(-3.543918553283,-30.84368946442));
#4981 = CARTESIAN_POINT('',(-3.541601199105,-30.44498613807));
#4982 = CARTESIAN_POINT('',(-3.539863011292,-30.04657787281));
#4983 = CARTESIAN_POINT('',(-3.538680682818,-29.64876525453));
#4984 = CARTESIAN_POINT('',(-3.538031871832,-29.25183813608));
#4985 = CARTESIAN_POINT('',(-3.537895112597,-28.8560789013));
#4986 = CARTESIAN_POINT('',(-3.539029317951,-27.59507181127));
#4987 = CARTESIAN_POINT('',(-3.542183008216,-26.73530048223));
#4988 = CARTESIAN_POINT('',(-3.547493855441,-25.88381831712));
#4989 = CARTESIAN_POINT('',(-3.554787892654,-25.04161381306));
#4990 = CARTESIAN_POINT('',(-3.563931906841,-24.20939255371));
#4991 = CARTESIAN_POINT('',(-3.574832339847,-23.38771975525));
#4992 = CARTESIAN_POINT('',(-3.587435022396,-22.57722223006));
#4993 = CARTESIAN_POINT('',(-3.614434176857,-21.06886154278));
#4994 = CARTESIAN_POINT('',(-3.628440604935,-20.37053582788));
#4995 = CARTESIAN_POINT('',(-3.643754317048,-19.68259679257));
#4996 = CARTESIAN_POINT('',(-3.660423758909,-19.00443061506));
#4997 = CARTESIAN_POINT('',(-3.678525543168,-18.33646053511));
#4998 = CARTESIAN_POINT('',(-3.698154742749,-17.68049621797));
#4999 = CARTESIAN_POINT('',(-3.719417153229,-17.04007915916));
#5000 = CARTESIAN_POINT('',(-3.755795591228,-16.06095111329));
#5001 = CARTESIAN_POINT('',(-3.769750489296,-15.70836761956));
#5002 = CARTESIAN_POINT('',(-3.784358935868,-15.36286967248));
#5003 = CARTESIAN_POINT('',(-3.799691548731,-15.02493553269));
#5004 = CARTESIAN_POINT('',(-3.815817702835,-14.69576678627));
#5005 = CARTESIAN_POINT('',(-3.83280382447,-14.37732355758));
#5006 = CARTESIAN_POINT('',(-3.850712149026,-14.07236326919));
#5007 = CARTESIAN_POINT('',(-3.886302738308,-13.52990549975));
#5008 = CARTESIAN_POINT('',(-3.903920307378,-13.28641690456));
#5009 = CARTESIAN_POINT('',(-3.922449300918,-13.05793904395));
#5010 = CARTESIAN_POINT('',(-3.941884325707,-12.84857418996));
#5011 = CARTESIAN_POINT('',(-3.962217695084,-12.66261953155));
#5012 = CARTESIAN_POINT('',(-3.98343907488,-12.50458684316));
#5013 = CARTESIAN_POINT('',(-4.005535024099,-12.37922729645));
#5014 = CARTESIAN_POINT('',(-4.047961770569,-12.21718694074));
#5015 = CARTESIAN_POINT('',(-4.067864081038,-12.17066149188));
#5016 = CARTESIAN_POINT('',(-4.087991807648,-12.15479376459));
#5017 = CARTESIAN_POINT('',(-4.108146051783,-12.17080955396));
#5018 = CARTESIAN_POINT('',(-4.12812974439,-12.21836540444));
#5019 = CARTESIAN_POINT('',(-4.147743878216,-12.29554684686));
#5020 = CARTESIAN_POINT('',(-4.166782798268,-12.39885122222));
#5021 = CARTESIAN_POINT('',(-4.206948812813,-12.67249250564));
#5022 = CARTESIAN_POINT('',(-4.227854243923,-12.85302485123));
#5023 = CARTESIAN_POINT('',(-4.247773543179,-13.05943619701));
#5024 = CARTESIAN_POINT('',(-4.26674170925,-13.28714743401));
#5025 = CARTESIAN_POINT('',(-4.284799903394,-13.5322833577));
#5026 = CARTESIAN_POINT('',(-4.30199503395,-13.79164661959));
#5027 = CARTESIAN_POINT('',(-4.31837906203,-14.06269854921));
#5028 = CARTESIAN_POINT('',(-4.377018895924,-15.11644049885));
#5029 = CARTESIAN_POINT('',(-4.415266094549,-15.98068064773));
#5030 = CARTESIAN_POINT('',(-4.449162701339,-16.89697558225));
#5031 = CARTESIAN_POINT('',(-4.479173169784,-17.84156387577));
#5032 = CARTESIAN_POINT('',(-4.505783919965,-18.80326581856));
#5033 = CARTESIAN_POINT('',(-4.529453509468,-19.78165227689));
#5034 = CARTESIAN_POINT('',(-4.550517193114,-20.78482220284));
#5035 = CARTESIAN_POINT('',(-4.583776535283,-22.65567576451));
#5036 = CARTESIAN_POINT('',(-4.596712406156,-23.4988916783));
#5037 = CARTESIAN_POINT('',(-4.607808017721,-24.35413860177));
#5038 = CARTESIAN_POINT('',(-4.616998624017,-25.22070017221));
#5039 = CARTESIAN_POINT('',(-4.624173929708,-26.09791689143));
#5040 = CARTESIAN_POINT('',(-4.629177766288,-26.98495030567));
#5041 = CARTESIAN_POINT('',(-4.631806660632,-27.88061424511));
#5042 = CARTESIAN_POINT('',(-4.631806660632,-28.78325710538));
#5043 = ( GEOMETRIC_REPRESENTATION_CONTEXT(2) 
PARAMETRIC_REPRESENTATION_CONTEXT() REPRESENTATION_CONTEXT('2D SPACE',''
  ) );
#5044 = ORIENTED_EDGE('',*,*,#4619,.T.);
#5045 = ORIENTED_EDGE('',*,*,#5046,.T.);
#5046 = EDGE_CURVE('',#4622,#2741,#5047,.T.);
#5047 = SURFACE_CURVE('',#5048,(#5053,#5065),.PCURVE_S1.);
#5048 = ELLIPSE('',#5049,13.286098106616,13.);
#5049 = AXIS2_PLACEMENT_3D('',#5050,#5051,#5052);
#5050 = CARTESIAN_POINT('',(85.,681.,-365.));
#5051 = DIRECTION('',(-0.51340073478,0.791241132425,-0.332200475446));
#5052 = DIRECTION('',(-0.180821009973,0.278677085959,0.94320880197));
#5053 = PCURVE('',#2798,#5054);
#5054 = DEFINITIONAL_REPRESENTATION('',(#5055),#5064);
#5055 = B_SPLINE_CURVE_WITH_KNOTS('',7,(#5056,#5057,#5058,#5059,#5060,
    #5061,#5062,#5063),.UNSPECIFIED.,.F.,.F.,(8,8),(0.325253651286,
    1.570796545586),.PIECEWISE_BEZIER_KNOTS.);
#5056 = CARTESIAN_POINT('',(0.,-180.188207163));
#5057 = CARTESIAN_POINT('',(-0.177934699186,-180.3441332811));
#5058 = CARTESIAN_POINT('',(-0.355869398372,-180.5960439806));
#5059 = CARTESIAN_POINT('',(-0.533804097558,-180.9358728553));
#5060 = CARTESIAN_POINT('',(-0.711738796743,-181.348123616));
#5061 = CARTESIAN_POINT('',(-0.889673495929,-181.8108486957));
#5062 = CARTESIAN_POINT('',(-1.067608195115,-182.2988050018));
#5063 = CARTESIAN_POINT('',(-1.245542894301,-182.7867616085));
#5064 = ( GEOMETRIC_REPRESENTATION_CONTEXT(2) 
PARAMETRIC_REPRESENTATION_CONTEXT() REPRESENTATION_CONTEXT('2D SPACE',''
  ) );
#5065 = PCURVE('',#5066,#5071);
#5066 = PLANE('',#5067);
#5067 = AXIS2_PLACEMENT_3D('',#5068,#5069,#5070);
#5068 = CARTESIAN_POINT('',(85.,681.,-365.));
#5069 = DIRECTION('',(-0.51340073478,0.791241132425,-0.332200475446));
#5070 = DIRECTION('',(0.838882261035,0.544312917466,-2.775557561563E-17)
  );
#5071 = DEFINITIONAL_REPRESENTATION('',(#5072),#5076);
#5072 = ELLIPSE('',#5073,13.286098106616,13.);
#5073 = AXIS2_PLACEMENT_2D('',#5074,#5075);
#5074 = CARTESIAN_POINT('',(6.188121431771E-14,-3.168191664814E-14));
#5075 = DIRECTION('',(2.527333653413E-15,-1.));
#5076 = ( GEOMETRIC_REPRESENTATION_CONTEXT(2) 
PARAMETRIC_REPRESENTATION_CONTEXT() REPRESENTATION_CONTEXT('2D SPACE',''
  ) );
#5077 = ORIENTED_EDGE('',*,*,#2783,.T.);
#5078 = ORIENTED_EDGE('',*,*,#5079,.T.);
#5079 = EDGE_CURVE('',#2763,#4622,#5080,.T.);
#5080 = SURFACE_CURVE('',#5081,(#5086,#5099),.PCURVE_S1.);
#5081 = ELLIPSE('',#5082,13.286098106616,13.);
#5082 = AXIS2_PLACEMENT_3D('',#5083,#5084,#5085);
#5083 = CARTESIAN_POINT('',(85.,681.,-365.));
#5084 = DIRECTION('',(-0.51340073478,0.791241132425,-0.332200475446));
#5085 = DIRECTION('',(-0.180821009973,0.278677085959,0.94320880197));
#5086 = PCURVE('',#2798,#5087);
#5087 = DEFINITIONAL_REPRESENTATION('',(#5088),#5098);
#5088 = B_SPLINE_CURVE_WITH_KNOTS('',8,(#5089,#5090,#5091,#5092,#5093,
    #5094,#5095,#5096,#5097),.UNSPECIFIED.,.F.,.F.,(9,9),(4.712388761593
    ,6.608438958465),.PIECEWISE_BEZIER_KNOTS.);
#5089 = CARTESIAN_POINT('',(-4.387135110307,-182.7867616085));
#5090 = CARTESIAN_POINT('',(-4.624141384916,-182.1368109353));
#5091 = CARTESIAN_POINT('',(-4.861147659525,-181.4868596362));
#5092 = CARTESIAN_POINT('',(-5.098153934137,-180.8925459299));
#5093 = CARTESIAN_POINT('',(-5.335160208742,-180.4094783589));
#5094 = CARTESIAN_POINT('',(-5.572166483356,-180.083362676));
#5095 = CARTESIAN_POINT('',(-5.809172757961,-179.9396434593));
#5096 = CARTESIAN_POINT('',(-6.046179032571,-179.9805159789));
#5097 = CARTESIAN_POINT('',(-6.28318530718,-180.188207163));
#5098 = ( GEOMETRIC_REPRESENTATION_CONTEXT(2) 
PARAMETRIC_REPRESENTATION_CONTEXT() REPRESENTATION_CONTEXT('2D SPACE',''
  ) );
#5099 = PCURVE('',#5066,#5100);
#5100 = DEFINITIONAL_REPRESENTATION('',(#5101),#5105);
#5101 = ELLIPSE('',#5102,13.286098106616,13.);
#5102 = AXIS2_PLACEMENT_2D('',#5103,#5104);
#5103 = CARTESIAN_POINT('',(6.188121431771E-14,-3.168191664814E-14));
#5104 = DIRECTION('',(2.527333653413E-15,-1.));
#5105 = ( GEOMETRIC_REPRESENTATION_CONTEXT(2) 
PARAMETRIC_REPRESENTATION_CONTEXT() REPRESENTATION_CONTEXT('2D SPACE',''
  ) );
#5106 = ADVANCED_FACE('',(#5107,#5110),#2881,.T.);
#5107 = FACE_BOUND('',#5108,.T.);
#5108 = EDGE_LOOP('',(#5109));
#5109 = ORIENTED_EDGE('',*,*,#2866,.T.);
#5110 = FACE_BOUND('',#5111,.T.);
#5111 = EDGE_LOOP('',(#5112));
#5112 = ORIENTED_EDGE('',*,*,#5113,.T.);
#5113 = EDGE_CURVE('',#5114,#5114,#5116,.T.);
#5114 = VERTEX_POINT('',#5115);
#5115 = CARTESIAN_POINT('',(50.,812.,-402.5));
#5116 = SURFACE_CURVE('',#5117,(#5122,#5133),.PCURVE_S1.);
#5117 = CIRCLE('',#5118,17.5);
#5118 = AXIS2_PLACEMENT_3D('',#5119,#5120,#5121);
#5119 = CARTESIAN_POINT('',(50.,812.,-420.));
#5120 = DIRECTION('',(-1.,-0.,0.));
#5121 = DIRECTION('',(0.,0.,1.));
#5122 = PCURVE('',#2881,#5123);
#5123 = DEFINITIONAL_REPRESENTATION('',(#5124),#5132);
#5124 = ( BOUNDED_CURVE() B_SPLINE_CURVE(2,(#5125,#5126,#5127,#5128,
#5129,#5130,#5131),.UNSPECIFIED.,.T.,.F.) B_SPLINE_CURVE_WITH_KNOTS((1,2
    ,2,2,2,1),(-2.094395102393,0.,2.094395102393,4.188790204786,
6.28318530718,8.377580409573),.UNSPECIFIED.) CURVE() 
GEOMETRIC_REPRESENTATION_ITEM() RATIONAL_B_SPLINE_CURVE((1.,0.5,1.,0.5,
1.,0.5,1.)) REPRESENTATION_ITEM('') );
#5125 = CARTESIAN_POINT('',(17.5,1.136868377216E-13));
#5126 = CARTESIAN_POINT('',(17.5,-30.31088913245));
#5127 = CARTESIAN_POINT('',(-8.75,-15.15544456622));
#5128 = CARTESIAN_POINT('',(-35.,1.094005739246E-13));
#5129 = CARTESIAN_POINT('',(-8.75,15.155444566228));
#5130 = CARTESIAN_POINT('',(17.5,30.310889132455));
#5131 = CARTESIAN_POINT('',(17.5,1.136868377216E-13));
#5132 = ( GEOMETRIC_REPRESENTATION_CONTEXT(2) 
PARAMETRIC_REPRESENTATION_CONTEXT() REPRESENTATION_CONTEXT('2D SPACE',''
  ) );
#5133 = PCURVE('',#5134,#5139);
#5134 = CYLINDRICAL_SURFACE('',#5135,17.5);
#5135 = AXIS2_PLACEMENT_3D('',#5136,#5137,#5138);
#5136 = CARTESIAN_POINT('',(-55.,812.,-420.));
#5137 = DIRECTION('',(-1.,-0.,0.));
#5138 = DIRECTION('',(0.,0.,1.));
#5139 = DEFINITIONAL_REPRESENTATION('',(#5140),#5144);
#5140 = LINE('',#5141,#5142);
#5141 = CARTESIAN_POINT('',(-6.28318530718,-105.));
#5142 = VECTOR('',#5143,1.);
#5143 = DIRECTION('',(1.,-0.));
#5144 = ( GEOMETRIC_REPRESENTATION_CONTEXT(2) 
PARAMETRIC_REPRESENTATION_CONTEXT() REPRESENTATION_CONTEXT('2D SPACE',''
  ) );
#5145 = ADVANCED_FACE('',(#5146,#5149),#2853,.F.);
#5146 = FACE_BOUND('',#5147,.F.);
#5147 = EDGE_LOOP('',(#5148));
#5148 = ORIENTED_EDGE('',*,*,#2838,.T.);
#5149 = FACE_BOUND('',#5150,.F.);
#5150 = EDGE_LOOP('',(#5151));
#5151 = ORIENTED_EDGE('',*,*,#5152,.T.);
#5152 = EDGE_CURVE('',#5153,#5153,#5155,.T.);
#5153 = VERTEX_POINT('',#5154);
#5154 = CARTESIAN_POINT('',(-50.,812.,-402.5));
#5155 = SURFACE_CURVE('',#5156,(#5161,#5172),.PCURVE_S1.);
#5156 = CIRCLE('',#5157,17.5);
#5157 = AXIS2_PLACEMENT_3D('',#5158,#5159,#5160);
#5158 = CARTESIAN_POINT('',(-50.,812.,-420.));
#5159 = DIRECTION('',(-1.,-0.,0.));
#5160 = DIRECTION('',(0.,0.,1.));
#5161 = PCURVE('',#2853,#5162);
#5162 = DEFINITIONAL_REPRESENTATION('',(#5163),#5171);
#5163 = ( BOUNDED_CURVE() B_SPLINE_CURVE(2,(#5164,#5165,#5166,#5167,
#5168,#5169,#5170),.UNSPECIFIED.,.T.,.F.) B_SPLINE_CURVE_WITH_KNOTS((1,2
    ,2,2,2,1),(-2.094395102393,0.,2.094395102393,4.188790204786,
6.28318530718,8.377580409573),.UNSPECIFIED.) CURVE() 
GEOMETRIC_REPRESENTATION_ITEM() RATIONAL_B_SPLINE_CURVE((1.,0.5,1.,0.5,
1.,0.5,1.)) REPRESENTATION_ITEM('') );
#5164 = CARTESIAN_POINT('',(17.5,1.136868377216E-13));
#5165 = CARTESIAN_POINT('',(17.5,-30.31088913245));
#5166 = CARTESIAN_POINT('',(-8.75,-15.15544456622));
#5167 = CARTESIAN_POINT('',(-35.,1.094005739246E-13));
#5168 = CARTESIAN_POINT('',(-8.75,15.155444566228));
#5169 = CARTESIAN_POINT('',(17.5,30.310889132455));
#5170 = CARTESIAN_POINT('',(17.5,1.136868377216E-13));
#5171 = ( GEOMETRIC_REPRESENTATION_CONTEXT(2) 
PARAMETRIC_REPRESENTATION_CONTEXT() REPRESENTATION_CONTEXT('2D SPACE',''
  ) );
#5172 = PCURVE('',#5134,#5173);
#5173 = DEFINITIONAL_REPRESENTATION('',(#5174),#5178);
#5174 = LINE('',#5175,#5176);
#5175 = CARTESIAN_POINT('',(-6.28318530718,-5.));
#5176 = VECTOR('',#5177,1.);
#5177 = DIRECTION('',(1.,-0.));
#5178 = ( GEOMETRIC_REPRESENTATION_CONTEXT(2) 
PARAMETRIC_REPRESENTATION_CONTEXT() REPRESENTATION_CONTEXT('2D SPACE',''
  ) );
#5179 = ADVANCED_FACE('',(#5180),#3378,.F.);
#5180 = FACE_BOUND('',#5181,.F.);
#5181 = EDGE_LOOP('',(#5182,#5208,#5209,#5230));
#5182 = ORIENTED_EDGE('',*,*,#5183,.T.);
#5183 = EDGE_CURVE('',#5184,#3360,#5186,.T.);
#5184 = VERTEX_POINT('',#5185);
#5185 = CARTESIAN_POINT('',(-74.09453060653,673.92393207294,-365.));
#5186 = SURFACE_CURVE('',#5187,(#5191,#5197),.PCURVE_S1.);
#5187 = LINE('',#5188,#5189);
#5188 = CARTESIAN_POINT('',(-85.,681.,-365.));
#5189 = VECTOR('',#5190,1.);
#5190 = DIRECTION('',(0.838882261035,-0.544312917466,-9.681878668862E-15
    ));
#5191 = PCURVE('',#3378,#5192);
#5192 = DEFINITIONAL_REPRESENTATION('',(#5193),#5196);
#5193 = B_SPLINE_CURVE_WITH_KNOTS('',1,(#5194,#5195),.UNSPECIFIED.,.F.,
  .F.,(2,2),(-16.,16.),.PIECEWISE_BEZIER_KNOTS.);
#5194 = CARTESIAN_POINT('',(-16.,-7.548367358789E-13));
#5195 = CARTESIAN_POINT('',(16.,-4.270845373284E-13));
#5196 = ( GEOMETRIC_REPRESENTATION_CONTEXT(2) 
PARAMETRIC_REPRESENTATION_CONTEXT() REPRESENTATION_CONTEXT('2D SPACE',''
  ) );
#5197 = PCURVE('',#5198,#5203);
#5198 = PLANE('',#5199);
#5199 = AXIS2_PLACEMENT_3D('',#5200,#5201,#5202);
#5200 = CARTESIAN_POINT('',(-85.,681.,-365.));
#5201 = DIRECTION('',(0.465022737593,0.716682101467,-0.519731294957));
#5202 = DIRECTION('',(2.775557561563E-17,0.587068831465,0.80953702023));
#5203 = DEFINITIONAL_REPRESENTATION('',(#5204),#5207);
#5204 = B_SPLINE_CURVE_WITH_KNOTS('',1,(#5205,#5206),.UNSPECIFIED.,.F.,
  .F.,(2,2),(-16.,16.),.PIECEWISE_BEZIER_KNOTS.);
#5205 = CARTESIAN_POINT('',(5.112786374523,-15.16111524553));
#5206 = CARTESIAN_POINT('',(-5.112786374522,15.161115245538));
#5207 = ( GEOMETRIC_REPRESENTATION_CONTEXT(2) 
PARAMETRIC_REPRESENTATION_CONTEXT() REPRESENTATION_CONTEXT('2D SPACE',''
  ) );
#5208 = ORIENTED_EDGE('',*,*,#3359,.T.);
#5209 = ORIENTED_EDGE('',*,*,#5210,.T.);
#5210 = EDGE_CURVE('',#3362,#5211,#5213,.T.);
#5211 = VERTEX_POINT('',#5212);
#5212 = CARTESIAN_POINT('',(-95.90546939346,688.07606792705,
    -364.9999999999));
#5213 = SURFACE_CURVE('',#5214,(#5218,#5224),.PCURVE_S1.);
#5214 = LINE('',#5215,#5216);
#5215 = CARTESIAN_POINT('',(-85.,681.,-365.));
#5216 = VECTOR('',#5217,1.);
#5217 = DIRECTION('',(0.838882261035,-0.544312917466,-9.681878668862E-15
    ));
#5218 = PCURVE('',#3378,#5219);
#5219 = DEFINITIONAL_REPRESENTATION('',(#5220),#5223);
#5220 = B_SPLINE_CURVE_WITH_KNOTS('',1,(#5221,#5222),.UNSPECIFIED.,.F.,
  .F.,(2,2),(-16.,16.),.PIECEWISE_BEZIER_KNOTS.);
#5221 = CARTESIAN_POINT('',(-16.,-7.548367358789E-13));
#5222 = CARTESIAN_POINT('',(16.,-4.270845373284E-13));
#5223 = ( GEOMETRIC_REPRESENTATION_CONTEXT(2) 
PARAMETRIC_REPRESENTATION_CONTEXT() REPRESENTATION_CONTEXT('2D SPACE',''
  ) );
#5224 = PCURVE('',#5198,#5225);
#5225 = DEFINITIONAL_REPRESENTATION('',(#5226),#5229);
#5226 = B_SPLINE_CURVE_WITH_KNOTS('',1,(#5227,#5228),.UNSPECIFIED.,.F.,
  .F.,(2,2),(-16.,16.),.PIECEWISE_BEZIER_KNOTS.);
#5227 = CARTESIAN_POINT('',(5.112786374523,-15.16111524553));
#5228 = CARTESIAN_POINT('',(-5.112786374522,15.161115245538));
#5229 = ( GEOMETRIC_REPRESENTATION_CONTEXT(2) 
PARAMETRIC_REPRESENTATION_CONTEXT() REPRESENTATION_CONTEXT('2D SPACE',''
  ) );
#5230 = ORIENTED_EDGE('',*,*,#5231,.F.);
#5231 = EDGE_CURVE('',#5184,#5211,#5232,.T.);
#5232 = SURFACE_CURVE('',#5233,(#5238,#5245),.PCURVE_S1.);
#5233 = CIRCLE('',#5234,13.);
#5234 = AXIS2_PLACEMENT_3D('',#5235,#5236,#5237);
#5235 = CARTESIAN_POINT('',(-85.,681.,-365.));
#5236 = DIRECTION('',(0.51340073478,0.791241132425,-0.332200475446));
#5237 = DIRECTION('',(0.838882261035,-0.544312917466,0.));
#5238 = PCURVE('',#3378,#5239);
#5239 = DEFINITIONAL_REPRESENTATION('',(#5240),#5244);
#5240 = CIRCLE('',#5241,13.);
#5241 = AXIS2_PLACEMENT_2D('',#5242,#5243);
#5242 = CARTESIAN_POINT('',(-2.384246786947E-14,5.875445520796E-14));
#5243 = DIRECTION('',(1.,-2.356137290196E-16));
#5244 = ( GEOMETRIC_REPRESENTATION_CONTEXT(2) 
PARAMETRIC_REPRESENTATION_CONTEXT() REPRESENTATION_CONTEXT('2D SPACE',''
  ) );
#5245 = PCURVE('',#5246,#5251);
#5246 = CYLINDRICAL_SURFACE('',#5247,13.);
#5247 = AXIS2_PLACEMENT_3D('',#5248,#5249,#5250);
#5248 = CARTESIAN_POINT('',(-85.,681.,-365.));
#5249 = DIRECTION('',(-0.51340073478,-0.791241132425,0.332200475446));
#5250 = DIRECTION('',(0.838882261035,-0.544312917466,0.));
#5251 = DEFINITIONAL_REPRESENTATION('',(#5252),#5256);
#5252 = LINE('',#5253,#5254);
#5253 = CARTESIAN_POINT('',(-0.,0.));
#5254 = VECTOR('',#5255,1.);
#5255 = DIRECTION('',(-1.,0.));
#5256 = ( GEOMETRIC_REPRESENTATION_CONTEXT(2) 
PARAMETRIC_REPRESENTATION_CONTEXT() REPRESENTATION_CONTEXT('2D SPACE',''
  ) );
#5257 = ADVANCED_FACE('',(#5258),#4205,.T.);
#5258 = FACE_BOUND('',#5259,.F.);
#5259 = EDGE_LOOP('',(#5260,#5283,#5726,#5727,#5728,#5729,#5751));
#5260 = ORIENTED_EDGE('',*,*,#5261,.F.);
#5261 = EDGE_CURVE('',#5262,#4224,#5264,.T.);
#5262 = VERTEX_POINT('',#5263);
#5263 = CARTESIAN_POINT('',(-159.9098522182,574.94379964943,
    -268.3246316676));
#5264 = SEAM_CURVE('',#5265,(#5269,#5276),.PCURVE_S1.);
#5265 = LINE('',#5266,#5267);
#5266 = CARTESIAN_POINT('',(-170.,559.39310130343,-257.0474076763));
#5267 = VECTOR('',#5268,1.);
#5268 = DIRECTION('',(0.465022737593,0.716682101467,-0.519731294957));
#5269 = PCURVE('',#4205,#5270);
#5270 = DEFINITIONAL_REPRESENTATION('',(#5271),#5275);
#5271 = LINE('',#5272,#5273);
#5272 = CARTESIAN_POINT('',(-6.28318530718,0.));
#5273 = VECTOR('',#5274,1.);
#5274 = DIRECTION('',(-0.,-1.));
#5275 = ( GEOMETRIC_REPRESENTATION_CONTEXT(2) 
PARAMETRIC_REPRESENTATION_CONTEXT() REPRESENTATION_CONTEXT('2D SPACE',''
  ) );
#5276 = PCURVE('',#4205,#5277);
#5277 = DEFINITIONAL_REPRESENTATION('',(#5278),#5282);
#5278 = LINE('',#5279,#5280);
#5279 = CARTESIAN_POINT('',(-0.,0.));
#5280 = VECTOR('',#5281,1.);
#5281 = DIRECTION('',(-0.,-1.));
#5282 = ( GEOMETRIC_REPRESENTATION_CONTEXT(2) 
PARAMETRIC_REPRESENTATION_CONTEXT() REPRESENTATION_CONTEXT('2D SPACE',''
  ) );
#5283 = ORIENTED_EDGE('',*,*,#5284,.F.);
#5284 = EDGE_CURVE('',#5262,#5262,#5285,.T.);
#5285 = SURFACE_CURVE('',#5286,(#5429,#5575),.PCURVE_S1.);
#5286 = B_SPLINE_CURVE_WITH_KNOTS('',8,(#5287,#5288,#5289,#5290,#5291,
    #5292,#5293,#5294,#5295,#5296,#5297,#5298,#5299,#5300,#5301,#5302,
    #5303,#5304,#5305,#5306,#5307,#5308,#5309,#5310,#5311,#5312,#5313,
    #5314,#5315,#5316,#5317,#5318,#5319,#5320,#5321,#5322,#5323,#5324,
    #5325,#5326,#5327,#5328,#5329,#5330,#5331,#5332,#5333,#5334,#5335,
    #5336,#5337,#5338,#5339,#5340,#5341,#5342,#5343,#5344,#5345,#5346,
    #5347,#5348,#5349,#5350,#5351,#5352,#5353,#5354,#5355,#5356,#5357,
    #5358,#5359,#5360,#5361,#5362,#5363,#5364,#5365,#5366,#5367,#5368,
    #5369,#5370,#5371,#5372,#5373,#5374,#5375,#5376,#5377,#5378,#5379,
    #5380,#5381,#5382,#5383,#5384,#5385,#5386,#5387,#5388,#5389,#5390,
    #5391,#5392,#5393,#5394,#5395,#5396,#5397,#5398,#5399,#5400,#5401,
    #5402,#5403,#5404,#5405,#5406,#5407,#5408,#5409,#5410,#5411,#5412,
    #5413,#5414,#5415,#5416,#5417,#5418,#5419,#5420,#5421,#5422,#5423,
    #5424,#5425,#5426,#5427,#5428),.UNSPECIFIED.,.T.,.F.,(9,7,7,7,7,7,7,
    7,7,7,7,7,7,7,7,7,7,7,7,7,9),(0.,0.106393263969,0.202717951779,
    0.226456915548,0.256361637289,0.284338680236,0.30609082069,
    0.344522615366,0.367899253677,0.460689126402,0.572322812878,
    0.631993801814,0.695602687558,0.725185970861,0.747327391442,
    0.784123674322,0.815238013754,0.832441149022,0.875185659726,
    0.955867442669,1.),.UNSPECIFIED.);
#5287 = CARTESIAN_POINT('',(-159.9098522182,574.94379964943,
    -268.3246316676));
#5288 = CARTESIAN_POINT('',(-158.6403202569,574.94379964943,
    -268.3246316676));
#5289 = CARTESIAN_POINT('',(-157.385905501,574.95166898628,
    -268.4417938467));
#5290 = CARTESIAN_POINT('',(-156.1495253982,574.96622292076,
    -268.6584864841));
#5291 = CARTESIAN_POINT('',(-154.9331282463,574.9834493172,
    -268.9610298442));
#5292 = CARTESIAN_POINT('',(-153.737655996,574.99879222332,
    -269.3392194344));
#5293 = CARTESIAN_POINT('',(-152.5629096007,575.00758816082,
    -269.7862419854));
#5294 = CARTESIAN_POINT('',(-151.4079371823,575.00488948398,
    -270.2985880062));
#5295 = CARTESIAN_POINT('',(-149.2442333823,574.96633096043,
    -271.3985022824));
#5296 = CARTESIAN_POINT('',(-148.2421668924,574.93381439026,
    -271.9691979758));
#5297 = CARTESIAN_POINT('',(-147.2595269073,574.88301331047,
    -272.5887542259));
#5298 = CARTESIAN_POINT('',(-146.2920817543,574.80903738751,
    -273.2610405444));
#5299 = CARTESIAN_POINT('',(-145.3396457819,574.70551131583,
    -273.9911259746));
#5300 = CARTESIAN_POINT('',(-144.4072032559,574.56401282282,
    -274.7839521325));
#5301 = CARTESIAN_POINT('',(-143.5058939303,574.37369694439,
    -275.6432392492));
#5302 = CARTESIAN_POINT('',(-142.4443648357,574.05893610051,
    -276.7987990567));
#5303 = CARTESIAN_POINT('',(-142.2370946915,573.99280437581,
    -277.0318302943));
#5304 = CARTESIAN_POINT('',(-142.0325374174,573.92248991855,
    -277.2696819803));
#5305 = CARTESIAN_POINT('',(-141.8308734344,573.8476854875,
    -277.5125941779));
#5306 = CARTESIAN_POINT('',(-141.632365439,573.76806114698,
    -277.7607800999));
#5307 = CARTESIAN_POINT('',(-141.4373579283,573.68326334782,
    -278.0144254844));
#5308 = CARTESIAN_POINT('',(-141.2462767254,573.59291400831,
    -278.2736879711));
#5309 = CARTESIAN_POINT('',(-140.8245018525,573.37529188724,
    -278.8725360543));
#5310 = CARTESIAN_POINT('',(-140.5962543894,573.24444327331,
    -279.2157158784));
#5311 = CARTESIAN_POINT('',(-140.37578691,573.10316747708,
    -279.5686997921));
#5312 = CARTESIAN_POINT('',(-140.1642859217,572.95049503708,
    -279.9318390809));
#5313 = CARTESIAN_POINT('',(-139.9632279055,572.78538508042,
    -280.3053580972));
#5314 = CARTESIAN_POINT('',(-139.7743848202,572.60672922247,
    -280.6893411938));
#5315 = CARTESIAN_POINT('',(-139.5998308501,572.41335759264,
    -281.0837209684));
#5316 = CARTESIAN_POINT('',(-139.2942470264,572.00822868435,
    -281.8667372994));
#5317 = CARTESIAN_POINT('',(-139.1601637057,571.7971699168,
    -282.2565988376));
#5318 = CARTESIAN_POINT('',(-139.0431970476,571.57114733829,
    -282.6547775264));
#5319 = CARTESIAN_POINT('',(-138.9462280072,571.33058547064,
    -283.0584148452));
#5320 = CARTESIAN_POINT('',(-138.871539002,571.07609636384,
    -283.4648397739));
#5321 = CARTESIAN_POINT('',(-138.8208254592,570.80850474259,
    -283.8715536517));
#5322 = CARTESIAN_POINT('',(-138.79520179,570.52885863817,
    -284.2762287829));
#5323 = CARTESIAN_POINT('',(-138.79520179,570.01261385362,-284.98810317)
  );
#5324 = CARTESIAN_POINT('',(-138.8106915871,569.78191225508,
    -285.2947078001));
#5325 = CARTESIAN_POINT('',(-138.8415301383,569.54722558866,
    -285.5953917133));
#5326 = CARTESIAN_POINT('',(-138.887299293,569.30956651414,
    -285.8890890306));
#5327 = CARTESIAN_POINT('',(-138.9473026572,569.07005890409,
    -286.1748058031));
#5328 = CARTESIAN_POINT('',(-139.020563584,568.82994031879,
    -286.4516134461));
#5329 = CARTESIAN_POINT('',(-139.1058222904,568.59056352484,
    -286.7186407617));
#5330 = CARTESIAN_POINT('',(-139.3706326892,567.93437011112,
    -287.4281154287));
#5331 = CARTESIAN_POINT('',(-139.5727141531,567.52135884726,
    -287.8490219073));
#5332 = CARTESIAN_POINT('',(-139.8020890272,567.11608049483,
    -288.2399531472));
#5333 = CARTESIAN_POINT('',(-140.0538745499,566.71979855338,
    -288.6031163878));
#5334 = CARTESIAN_POINT('',(-140.3239634991,566.33334141269,
    -288.9407132345));
#5335 = CARTESIAN_POINT('',(-140.6090010413,565.95712940801,
    -289.2549038535));
#5336 = CARTESIAN_POINT('',(-140.9063675908,565.59121031063,
    -289.5477790727));
#5337 = CARTESIAN_POINT('',(-141.4013910832,565.01881816368,
    -289.9877376107));
#5338 = CARTESIAN_POINT('',(-141.5926702622,564.80581077298,
    -290.1471632019));
#5339 = CARTESIAN_POINT('',(-141.7875537598,564.59627707165,
    -290.3000060969));
#5340 = CARTESIAN_POINT('',(-141.9856623618,564.39018212365,
    -290.4466410105));
#5341 = CARTESIAN_POINT('',(-142.186689533,564.18746087088,
    -290.5874290678));
#5342 = CARTESIAN_POINT('',(-142.3904018519,563.98801893687,
    -290.7227184374));
#5343 = CARTESIAN_POINT('',(-142.5966394459,563.79173343062,
    -290.852844963));
#5344 = CARTESIAN_POINT('',(-143.6336267331,562.83126059395,
    -291.4754430548));
#5345 = CARTESIAN_POINT('',(-144.5060433065,562.10617643303,
    -291.8999184699));
#5346 = CARTESIAN_POINT('',(-145.4067326215,561.42551111743,
    -292.2631295138));
#5347 = CARTESIAN_POINT('',(-146.3261185959,560.78903961453,
    -292.5751801902));
#5348 = CARTESIAN_POINT('',(-147.2598664598,560.19495202782,
    -292.8445240925));
#5349 = CARTESIAN_POINT('',(-148.2080537925,559.64082313221,
    -293.077979859));
#5350 = CARTESIAN_POINT('',(-149.174228606,559.1248045319,
    -293.2808290545));
#5351 = CARTESIAN_POINT('',(-151.3548944182,558.07269703461,
    -293.6686823796));
#5352 = CARTESIAN_POINT('',(-152.5671175596,557.56001349821,
    -293.8394113475));
#5353 = CARTESIAN_POINT('',(-153.8011504563,557.11162056859,
    -293.9757157801));
#5354 = CARTESIAN_POINT('',(-155.058150281,556.73312929917,
    -294.0817510404));
#5355 = CARTESIAN_POINT('',(-156.3382886094,556.43387701528,
    -294.1601309345));
#5356 = CARTESIAN_POINT('',(-157.6403105996,556.22708131965,
    -294.2120909754));
#5357 = CARTESIAN_POINT('',(-158.9617780325,556.12974750457,
    -294.2369000679));
#5358 = CARTESIAN_POINT('',(-161.0138932069,556.17972578439,
    -294.2241885707));
#5359 = CARTESIAN_POINT('',(-161.7350159188,556.23429380043,
    -294.2102944339));
#5360 = CARTESIAN_POINT('',(-162.4594095154,556.32940567633,
    -294.1859595385));
#5361 = CARTESIAN_POINT('',(-163.1843397195,556.46807333786,
    -294.1499476282));
#5362 = CARTESIAN_POINT('',(-163.9073383914,556.65292293881,
    -294.1006090686));
#5363 = CARTESIAN_POINT('',(-164.626129781,556.88617177617,
    -294.0357405874));
#5364 = CARTESIAN_POINT('',(-165.3385159985,557.16959491421,
    -293.9524563257));
#5365 = CARTESIAN_POINT('',(-166.7923674019,557.86146845662,
    -293.7347292772));
#5366 = CARTESIAN_POINT('',(-167.530193414,558.27576732663,
    -293.5976405248));
#5367 = CARTESIAN_POINT('',(-168.251037727,558.74730651496,
    -293.4319277766));
#5368 = CARTESIAN_POINT('',(-168.9504443057,559.27451576415,
    -293.2331638168));
#5369 = CARTESIAN_POINT('',(-169.6239772504,559.85419949651,
    -292.9964919493));
#5370 = CARTESIAN_POINT('',(-170.2671110877,560.48154813972,
    -292.7169484847));
#5371 = CARTESIAN_POINT('',(-170.8752007393,561.15026607242,
    -292.3899133937));
#5372 = CARTESIAN_POINT('',(-171.7078560443,562.1795275664,
    -291.8356776171));
#5373 = CARTESIAN_POINT('',(-171.9637242898,562.5137542889,
    -291.6485536806));
#5374 = CARTESIAN_POINT('',(-172.2106759912,562.85476138736,
    -291.4498259759));
#5375 = CARTESIAN_POINT('',(-172.4482483904,563.20179094527,
    -291.2391005342));
#5376 = CARTESIAN_POINT('',(-172.6759778182,563.55404603513,
    -291.0160139824));
#5377 = CARTESIAN_POINT('',(-172.8933980795,563.91069603479,
    -290.7802395235));
#5378 = CARTESIAN_POINT('',(-173.1000388378,564.27088194393,
    -290.5314929162));
#5379 = CARTESIAN_POINT('',(-173.4416587848,564.90528681272,
    -290.0734803021));
#5380 = CARTESIAN_POINT('',(-173.5815971913,565.17835463697,
    -289.8700118668));
#5381 = CARTESIAN_POINT('',(-173.7150023571,565.45248794846,
    -289.6590815163));
#5382 = CARTESIAN_POINT('',(-173.8416476449,565.72724697033,
    -289.4406580653));
#5383 = CARTESIAN_POINT('',(-173.9613158583,566.00219103552,
    -289.2147321262));
#5384 = CARTESIAN_POINT('',(-174.0737984584,566.27688024862,
    -288.9813174588));
#5385 = CARTESIAN_POINT('',(-174.1788947789,566.5508771478,
    -288.7404523198));
#5386 = CARTESIAN_POINT('',(-174.4384714573,567.27722634132,
    -288.0796377319));
#5387 = CARTESIAN_POINT('',(-174.5797025462,567.72788893054,
    -287.6464077783));
#5388 = CARTESIAN_POINT('',(-174.6989555034,568.17313960885,
    -287.1933044893));
#5389 = CARTESIAN_POINT('',(-174.795316856,568.61050220702,
    -286.7214025238));
#5390 = CARTESIAN_POINT('',(-174.8680943777,569.03767329462,
    -286.2320538175));
#5391 = CARTESIAN_POINT('',(-174.9168089531,569.45256496259,
    -285.7268764437));
#5392 = CARTESIAN_POINT('',(-174.9411925917,569.85333800582,
    -285.2077361812));
#5393 = CARTESIAN_POINT('',(-174.9411925917,570.56404924397,
    -284.2277027896));
#5394 = CARTESIAN_POINT('',(-174.9237580012,570.87818026959,
    -283.7705764546));
#5395 = CARTESIAN_POINT('',(-174.8889089659,571.1798823069,
    -283.3066606821));
#5396 = CARTESIAN_POINT('',(-174.8367826441,571.46837378404,
    -282.8373763435));
#5397 = CARTESIAN_POINT('',(-174.7676315687,571.74303589468,
    -282.3642326163));
#5398 = CARTESIAN_POINT('',(-174.6818244085,572.0034168793,
    -281.888810663));
#5399 = CARTESIAN_POINT('',(-174.5798491299,572.24923252614,
    -281.412744654));
#5400 = CARTESIAN_POINT('',(-174.3973358394,572.60815499714,
    -280.6750477618));
#5401 = CARTESIAN_POINT('',(-174.3275853243,572.73148245845,
    -280.4126570135));
#5402 = CARTESIAN_POINT('',(-174.2531524178,572.85035157127,
    -280.1507487337));
#5403 = CARTESIAN_POINT('',(-174.1741270796,572.96477994181,
    -279.889543744));
#5404 = CARTESIAN_POINT('',(-174.0906040788,573.07479598141,
    -279.6292624975));
#5405 = CARTESIAN_POINT('',(-174.0026832484,573.18043840092,
    -279.3701247313));
#5406 = CARTESIAN_POINT('',(-173.9104697408,573.28175570511,
    -279.1123491195));
#5407 = CARTESIAN_POINT('',(-173.5745611571,573.61994510326,
    -278.2195840226));
#5408 = CARTESIAN_POINT('',(-173.3093423411,573.83462633208,
    -277.5930641717));
#5409 = CARTESIAN_POINT('',(-173.0198650968,574.02407634465,
    -276.9791259808));
#5410 = CARTESIAN_POINT('',(-172.7075642437,574.18973748272,
    -276.3801761537));
#5411 = CARTESIAN_POINT('',(-172.3738685038,574.33323053402,
    -275.7984708107));
#5412 = CARTESIAN_POINT('',(-172.0202081954,574.45631249691,
    -275.2360884319));
#5413 = CARTESIAN_POINT('',(-171.6480242781,574.56082903446,
    -274.694900421));
#5414 = CARTESIAN_POINT('',(-170.5240639748,574.81444874026,
    -273.198114237));
#5415 = CARTESIAN_POINT('',(-169.7275118064,574.92103122949,
    -272.2996175563));
#5416 = CARTESIAN_POINT('',(-168.8786247578,574.98077033136,
    -271.4924036398));
#5417 = CARTESIAN_POINT('',(-167.9866766076,575.00675032408,
    -270.7841387218));
#5418 = CARTESIAN_POINT('',(-167.0605376894,575.01112197691,
    -270.1786223003));
#5419 = CARTESIAN_POINT('',(-166.1090567459,575.00367319742,
    -269.6760195173));
#5420 = CARTESIAN_POINT('',(-165.1417261953,574.99134778296,
    -269.273250214));
#5421 = CARTESIAN_POINT('',(-163.6373253817,574.97152847572,
    -268.7952683985));
#5422 = CARTESIAN_POINT('',(-163.103812958,574.96437469316,
    -268.6543113497));
#5423 = CARTESIAN_POINT('',(-162.5694129932,574.95777899883,
    -268.5400874769));
#5424 = CARTESIAN_POINT('',(-162.0348276643,574.95221502245,
    -268.4512987357));
#5425 = CARTESIAN_POINT('',(-161.5007849207,574.94796560054,
    -268.3866554913));
#5426 = CARTESIAN_POINT('',(-160.9680517587,574.94515870137,
    -268.3448667818));
#5427 = CARTESIAN_POINT('',(-160.4374468066,574.94379964943,
    -268.3246316676));
#5428 = CARTESIAN_POINT('',(-159.9098522182,574.94379964943,
    -268.3246316676));
#5429 = PCURVE('',#4205,#5430);
#5430 = DEFINITIONAL_REPRESENTATION('',(#5431),#5574);
#5431 = B_SPLINE_CURVE_WITH_KNOTS('',8,(#5432,#5433,#5434,#5435,#5436,
    #5437,#5438,#5439,#5440,#5441,#5442,#5443,#5444,#5445,#5446,#5447,
    #5448,#5449,#5450,#5451,#5452,#5453,#5454,#5455,#5456,#5457,#5458,
    #5459,#5460,#5461,#5462,#5463,#5464,#5465,#5466,#5467,#5468,#5469,
    #5470,#5471,#5472,#5473,#5474,#5475,#5476,#5477,#5478,#5479,#5480,
    #5481,#5482,#5483,#5484,#5485,#5486,#5487,#5488,#5489,#5490,#5491,
    #5492,#5493,#5494,#5495,#5496,#5497,#5498,#5499,#5500,#5501,#5502,
    #5503,#5504,#5505,#5506,#5507,#5508,#5509,#5510,#5511,#5512,#5513,
    #5514,#5515,#5516,#5517,#5518,#5519,#5520,#5521,#5522,#5523,#5524,
    #5525,#5526,#5527,#5528,#5529,#5530,#5531,#5532,#5533,#5534,#5535,
    #5536,#5537,#5538,#5539,#5540,#5541,#5542,#5543,#5544,#5545,#5546,
    #5547,#5548,#5549,#5550,#5551,#5552,#5553,#5554,#5555,#5556,#5557,
    #5558,#5559,#5560,#5561,#5562,#5563,#5564,#5565,#5566,#5567,#5568,
    #5569,#5570,#5571,#5572,#5573),.UNSPECIFIED.,.F.,.F.,(9,7,7,7,7,7,7,
    7,7,7,7,7,7,7,7,7,7,7,7,7,9),(0.,0.106393263969,0.202717951779,
    0.226456915548,0.256361637289,0.284338680236,0.30609082069,
    0.344522615366,0.367899253677,0.460689126402,0.572322812878,
    0.631993801814,0.695602687558,0.725185970861,0.747327391442,
    0.784123674322,0.815238013754,0.832441149022,0.875185659726,
    0.955867442669,1.),.UNSPECIFIED.);
#5432 = CARTESIAN_POINT('',(0.,-21.69818154264));
#5433 = CARTESIAN_POINT('',(-7.024469011011E-02,-22.28854277075));
#5434 = CARTESIAN_POINT('',(-0.137468719481,-22.93840681852));
#5435 = CARTESIAN_POINT('',(-0.202367321993,-23.63640416808));
#5436 = CARTESIAN_POINT('',(-0.265498847961,-24.37164360388));
#5437 = CARTESIAN_POINT('',(-0.327373468998,-25.13511833418));
#5438 = CARTESIAN_POINT('',(-0.388493205948,-25.92003761916));
#5439 = CARTESIAN_POINT('',(-0.44939312699,-26.72147422246));
#5440 = CARTESIAN_POINT('',(-0.566149436395,-28.27167135426));
#5441 = CARTESIAN_POINT('',(-0.62138944974,-29.01095942456));
#5442 = CARTESIAN_POINT('',(-0.677136127406,-29.75350390807));
#5443 = CARTESIAN_POINT('',(-0.734070738009,-30.49977892053));
#5444 = CARTESIAN_POINT('',(-0.792809384986,-31.24793626726));
#5445 = CARTESIAN_POINT('',(-0.853910623215,-31.99219037178));
#5446 = CARTESIAN_POINT('',(-0.917896988803,-32.72152212399));
#5447 = CARTESIAN_POINT('',(-1.001905796183,-33.59015442171));
#5448 = CARTESIAN_POINT('',(-1.018754984055,-33.76025795502));
#5449 = CARTESIAN_POINT('',(-1.035868330631,-33.92860759039));
#5450 = CARTESIAN_POINT('',(-1.053269383159,-34.09502400203));
#5451 = CARTESIAN_POINT('',(-1.070980394687,-34.25925938444));
#5452 = CARTESIAN_POINT('',(-1.089022659851,-34.42099669019));
#5453 = CARTESIAN_POINT('',(-1.10741685066,-34.57984886765));
#5454 = CARTESIAN_POINT('',(-1.149824106561,-34.93125798439));
#5455 = CARTESIAN_POINT('',(-1.174071397508,-35.12198267931));
#5456 = CARTESIAN_POINT('',(-1.198980440208,-35.30671202219));
#5457 = CARTESIAN_POINT('',(-1.224602897497,-35.48438203847));
#5458 = CARTESIAN_POINT('',(-1.250987480178,-35.65367675885));
#5459 = CARTESIAN_POINT('',(-1.278180813841,-35.81302166372));
#5460 = CARTESIAN_POINT('',(-1.306228572321,-35.9605787537));
#5461 = CARTESIAN_POINT('',(-1.362259155682,-36.21929163424));
#5462 = CARTESIAN_POINT('',(-1.390308062909,-36.33300462817));
#5463 = CARTESIAN_POINT('',(-1.419158246819,-36.43235637267));
#5464 = CARTESIAN_POINT('',(-1.448665177423,-36.51482574291));
#5465 = CARTESIAN_POINT('',(-1.478699227646,-36.5784017952));
#5466 = CARTESIAN_POINT('',(-1.509140799026,-36.62158855062));
#5467 = CARTESIAN_POINT('',(-1.539876492861,-36.64340911161));
#5468 = CARTESIAN_POINT('',(-1.594836486145,-36.64340911161));
#5469 = CARTESIAN_POINT('',(-1.618814332729,-36.63021831875));
#5470 = CARTESIAN_POINT('',(-1.642659998776,-36.60395679755));
#5471 = CARTESIAN_POINT('',(-1.666303119802,-36.56499078201));
#5472 = CARTESIAN_POINT('',(-1.68967109164,-36.51393298417));
#5473 = CARTESIAN_POINT('',(-1.712687345966,-36.45164188988));
#5474 = CARTESIAN_POINT('',(-1.735269644316,-36.37922004167));
#5475 = CARTESIAN_POINT('',(-1.796301898052,-36.15453129778));
#5476 = CARTESIAN_POINT('',(-1.833723329374,-35.98331931091));
#5477 = CARTESIAN_POINT('',(-1.869684683798,-35.78937823724));
#5478 = CARTESIAN_POINT('',(-1.904272828196,-35.57703137094));
#5479 = CARTESIAN_POINT('',(-1.937574719294,-35.34992659898));
#5480 = CARTESIAN_POINT('',(-1.969681443854,-35.11104794798));
#5481 = CARTESIAN_POINT('',(-2.000691076816,-34.86273449027));
#5482 = CARTESIAN_POINT('',(-2.04896997478,-34.45097432465));
#5483 = CARTESIAN_POINT('',(-2.066882297857,-34.29222504171));
#5484 = CARTESIAN_POINT('',(-2.08446616788,-34.13086796654));
#5485 = CARTESIAN_POINT('',(-2.101740693249,-33.96724915515));
#5486 = CARTESIAN_POINT('',(-2.118725544123,-33.80165221559));
#5487 = CARTESIAN_POINT('',(-2.135441247004,-33.63429901024));
#5488 = CARTESIAN_POINT('',(-2.151909479321,-33.46535035821));
#5489 = CARTESIAN_POINT('',(-2.232630898069,-32.6183577126));
#5490 = CARTESIAN_POINT('',(-2.294014897668,-31.91362248626));
#5491 = CARTESIAN_POINT('',(-2.352776520179,-31.19573297268));
#5492 = CARTESIAN_POINT('',(-2.409385516051,-30.47423235789));
#5493 = CARTESIAN_POINT('',(-2.464342741977,-29.75423288505));
#5494 = CARTESIAN_POINT('',(-2.518197645913,-29.03750422232));
#5495 = CARTESIAN_POINT('',(-2.571554635397,-28.32381674572));
#5496 = CARTESIAN_POINT('',(-2.689458227917,-26.75731045871));
#5497 = CARTESIAN_POINT('',(-2.753382002378,-25.91490120823));
#5498 = CARTESIAN_POINT('',(-2.81754090835,-25.09053434451));
#5499 = CARTESIAN_POINT('',(-2.882552892044,-24.2898527697));
#5500 = CARTESIAN_POINT('',(-2.948994077265,-23.52082706791));
#5501 = CARTESIAN_POINT('',(-3.017453902694,-22.7941557232));
#5502 = CARTESIAN_POINT('',(-3.088584442346,-22.12277997856));
#5503 = CARTESIAN_POINT('',(-3.203116180064,-21.19771173802));
#5504 = CARTESIAN_POINT('',(-3.244112537555,-20.89425998308));
#5505 = CARTESIAN_POINT('',(-3.286205649683,-20.61291786208));
#5506 = CARTESIAN_POINT('',(-3.329417247023,-20.35647294831));
#5507 = CARTESIAN_POINT('',(-3.373791836278,-20.12709773365));
#5508 = CARTESIAN_POINT('',(-3.419395004408,-19.92629448109));
#5509 = CARTESIAN_POINT('',(-3.46631345562,-19.75485754501));
#5510 = CARTESIAN_POINT('',(-3.566190451558,-19.46147740875));
#5511 = CARTESIAN_POINT('',(-3.619174638858,-19.34404280673));
#5512 = CARTESIAN_POINT('',(-3.67358504292,-19.26065140611));
#5513 = CARTESIAN_POINT('',(-3.729405804497,-19.20994902662));
#5514 = CARTESIAN_POINT('',(-3.786617463834,-19.18918407211));
#5515 = CARTESIAN_POINT('',(-3.845192439622,-19.19443427161));
#5516 = CARTESIAN_POINT('',(-3.905092253493,-19.22094655902));
#5517 = CARTESIAN_POINT('',(-3.994709018275,-19.28334252224));
#5518 = CARTESIAN_POINT('',(-4.023447450475,-19.30663811429));
#5519 = CARTESIAN_POINT('',(-4.052473774978,-19.33290863466));
#5520 = CARTESIAN_POINT('',(-4.081786251251,-19.36162133333));
#5521 = CARTESIAN_POINT('',(-4.111383637724,-19.39223182699));
#5522 = CARTESIAN_POINT('',(-4.14126518451,-19.42419176827));
#5523 = CARTESIAN_POINT('',(-4.171430626119,-19.4569565151));
#5524 = CARTESIAN_POINT('',(-4.224669945113,-19.51471859762));
#5525 = CARTESIAN_POINT('',(-4.247620215749,-19.53959796553));
#5526 = CARTESIAN_POINT('',(-4.270725443881,-19.56440086367));
#5527 = CARTESIAN_POINT('',(-4.293980586912,-19.58890129541));
#5528 = CARTESIAN_POINT('',(-4.317381017844,-19.61287956472));
#5529 = CARTESIAN_POINT('',(-4.340922441274,-19.63612453323));
#5530 = CARTESIAN_POINT('',(-4.364600809395,-19.65843587746));
#5531 = CARTESIAN_POINT('',(-4.42798386614,-19.71484226478));
#5532 = CARTESIAN_POINT('',(-4.467948600164,-19.74698524392));
#5533 = CARTESIAN_POINT('',(-4.508237121229,-19.77514113992));
#5534 = CARTESIAN_POINT('',(-4.548785246367,-19.79851864627));
#5535 = CARTESIAN_POINT('',(-4.589532486847,-19.81649147983));
#5536 = CARTESIAN_POINT('',(-4.630420600406,-19.82862703649));
#5537 = CARTESIAN_POINT('',(-4.671392137331,-19.834701516));
#5538 = CARTESIAN_POINT('',(-4.747055245306,-19.834701516));
#5539 = CARTESIAN_POINT('',(-4.781710071182,-19.83035821852));
#5540 = CARTESIAN_POINT('',(-4.816315858735,-19.82167671724));
#5541 = CARTESIAN_POINT('',(-4.850835340206,-19.80877156322));
#5542 = CARTESIAN_POINT('',(-4.885230897003,-19.79186620223));
#5543 = CARTESIAN_POINT('',(-4.919463880775,-19.77128720649));
#5544 = CARTESIAN_POINT('',(-4.953493937927,-19.74745330073));
#5545 = CARTESIAN_POINT('',(-5.005957750593,-19.70615528042));
#5546 = CARTESIAN_POINT('',(-5.024565668059,-19.69060475666));
#5547 = CARTESIAN_POINT('',(-5.043099143759,-19.67428718679));
#5548 = CARTESIAN_POINT('',(-5.061555172117,-19.65728812342));
#5549 = CARTESIAN_POINT('',(-5.079930650164,-19.63969843507));
#5550 = CARTESIAN_POINT('',(-5.098222339508,-19.62161364473));
#5551 = CARTESIAN_POINT('',(-5.116426828301,-19.60313326842));
#5552 = CARTESIAN_POINT('',(-5.17954739059,-19.53771472625));
#5553 = CARTESIAN_POINT('',(-5.223972482847,-19.48928372692));
#5554 = CARTESIAN_POINT('',(-5.267816507467,-19.44058976973));
#5555 = CARTESIAN_POINT('',(-5.311077268214,-19.39325017064));
#5556 = CARTESIAN_POINT('',(-5.353749833463,-19.3489347075));
#5557 = CARTESIAN_POINT('',(-5.395826735085,-19.30931771012));
#5558 = CARTESIAN_POINT('',(-5.437298167903,-19.27602448028));
#5559 = CARTESIAN_POINT('',(-5.555265607642,-19.20252965949));
#5560 = CARTESIAN_POINT('',(-5.630289591628,-19.1823534485));
#5561 = CARTESIAN_POINT('',(-5.703135411441,-19.20038483866));
#5562 = CARTESIAN_POINT('',(-5.773749716029,-19.26567296204));
#5563 = CARTESIAN_POINT('',(-5.842101040108,-19.38477586865));
#5564 = CARTESIAN_POINT('',(-5.908164415911,-19.56067933956));
#5565 = CARTESIAN_POINT('',(-5.97189350315,-19.79234482487));
#5566 = CARTESIAN_POINT('',(-6.066703183784,-20.22929915896));
#5567 = CARTESIAN_POINT('',(-6.099498263463,-20.39900778934));
#5568 = CARTESIAN_POINT('',(-6.131614044959,-20.58342318654));
#5569 = CARTESIAN_POINT('',(-6.1630911045,-20.78188362989));
#5570 = CARTESIAN_POINT('',(-6.193962941482,-20.99358304679));
#5571 = CARTESIAN_POINT('',(-6.224256639819,-21.21758552567));
#5572 = CARTESIAN_POINT('',(-6.25399288076,-21.4528380628));
#5573 = CARTESIAN_POINT('',(-6.28318530718,-21.69818154264));
#5574 = ( GEOMETRIC_REPRESENTATION_CONTEXT(2) 
PARAMETRIC_REPRESENTATION_CONTEXT() REPRESENTATION_CONTEXT('2D SPACE',''
  ) );
#5575 = PCURVE('',#5576,#5581);
#5576 = CYLINDRICAL_SURFACE('',#5577,25.);
#5577 = AXIS2_PLACEMENT_3D('',#5578,#5579,#5580);
#5578 = CARTESIAN_POINT('',(-210.,550.,-270.));
#5579 = DIRECTION('',(-1.,-0.,0.));
#5580 = DIRECTION('',(0.,0.,1.));
#5581 = DEFINITIONAL_REPRESENTATION('',(#5582),#5725);
#5582 = B_SPLINE_CURVE_WITH_KNOTS('',8,(#5583,#5584,#5585,#5586,#5587,
    #5588,#5589,#5590,#5591,#5592,#5593,#5594,#5595,#5596,#5597,#5598,
    #5599,#5600,#5601,#5602,#5603,#5604,#5605,#5606,#5607,#5608,#5609,
    #5610,#5611,#5612,#5613,#5614,#5615,#5616,#5617,#5618,#5619,#5620,
    #5621,#5622,#5623,#5624,#5625,#5626,#5627,#5628,#5629,#5630,#5631,
    #5632,#5633,#5634,#5635,#5636,#5637,#5638,#5639,#5640,#5641,#5642,
    #5643,#5644,#5645,#5646,#5647,#5648,#5649,#5650,#5651,#5652,#5653,
    #5654,#5655,#5656,#5657,#5658,#5659,#5660,#5661,#5662,#5663,#5664,
    #5665,#5666,#5667,#5668,#5669,#5670,#5671,#5672,#5673,#5674,#5675,
    #5676,#5677,#5678,#5679,#5680,#5681,#5682,#5683,#5684,#5685,#5686,
    #5687,#5688,#5689,#5690,#5691,#5692,#5693,#5694,#5695,#5696,#5697,
    #5698,#5699,#5700,#5701,#5702,#5703,#5704,#5705,#5706,#5707,#5708,
    #5709,#5710,#5711,#5712,#5713,#5714,#5715,#5716,#5717,#5718,#5719,
    #5720,#5721,#5722,#5723,#5724),.UNSPECIFIED.,.F.,.F.,(9,7,7,7,7,7,7,
    7,7,7,7,7,7,7,7,7,7,7,7,7,9),(0.,0.106393263969,0.202717951779,
    0.226456915548,0.256361637289,0.284338680236,0.30609082069,
    0.344522615366,0.367899253677,0.460689126402,0.572322812878,
    0.631993801814,0.695602687558,0.725185970861,0.747327391442,
    0.784123674322,0.815238013754,0.832441149022,0.875185659726,
    0.955867442669,1.),.UNSPECIFIED.);
#5583 = CARTESIAN_POINT('',(-4.779453975562,-50.09014778175));
#5584 = CARTESIAN_POINT('',(-4.779453975562,-51.35967974305));
#5585 = CARTESIAN_POINT('',(-4.774756936844,-52.61409449893));
#5586 = CARTESIAN_POINT('',(-4.766069653694,-53.85047460178));
#5587 = CARTESIAN_POINT('',(-4.753949121235,-55.06687175365));
#5588 = CARTESIAN_POINT('',(-4.738813938651,-56.26234400396));
#5589 = CARTESIAN_POINT('',(-4.720937508369,-57.4370903993));
#5590 = CARTESIAN_POINT('',(-4.700452473297,-58.59206281762));
#5591 = CARTESIAN_POINT('',(-4.65642887645,-60.7557666176));
#5592 = CARTESIAN_POINT('',(-4.633569497375,-61.75783310753));
#5593 = CARTESIAN_POINT('',(-4.608717309481,-62.7404730926));
#5594 = CARTESIAN_POINT('',(-4.581686002578,-63.7079182456));
#5595 = CARTESIAN_POINT('',(-4.552223122016,-64.66035421802));
#5596 = CARTESIAN_POINT('',(-4.52005088726,-65.59279674402));
#5597 = CARTESIAN_POINT('',(-4.484886967047,-66.49410606968));
#5598 = CARTESIAN_POINT('',(-4.436980510568,-67.55563516422));
#5599 = CARTESIAN_POINT('',(-4.427291725098,-67.76290530842));
#5600 = CARTESIAN_POINT('',(-4.417371626925,-67.96746258254));
#5601 = CARTESIAN_POINT('',(-4.40720618464,-68.16912656553));
#5602 = CARTESIAN_POINT('',(-4.396781847567,-68.36763456096));
#5603 = CARTESIAN_POINT('',(-4.386085474648,-68.56264207169));
#5604 = CARTESIAN_POINT('',(-4.375104263327,-68.75372327451));
#5605 = CARTESIAN_POINT('',(-4.349617689158,-69.17549814742));
#5606 = CARTESIAN_POINT('',(-4.33492834684,-69.40374561052));
#5607 = CARTESIAN_POINT('',(-4.319723598238,-69.62421308994));
#5608 = CARTESIAN_POINT('',(-4.303971377738,-69.83571407825));
#5609 = CARTESIAN_POINT('',(-4.287641771679,-70.03677209444));
#5610 = CARTESIAN_POINT('',(-4.270707075571,-70.22561517979));
#5611 = CARTESIAN_POINT('',(-4.253141744183,-70.40016914989));
#5612 = CARTESIAN_POINT('',(-4.2178771669,-70.70575297355));
#5613 = CARTESIAN_POINT('',(-4.200147236684,-70.83983629427));
#5614 = CARTESIAN_POINT('',(-4.181839244141,-70.9568029523));
#5615 = CARTESIAN_POINT('',(-4.16305241792,-71.05377199273));
#5616 = CARTESIAN_POINT('',(-4.14388083111,-71.12846099799));
#5617 = CARTESIAN_POINT('',(-4.124415248304,-71.17917454073));
#5618 = CARTESIAN_POINT('',(-4.104744403653,-71.20479820991));
#5619 = CARTESIAN_POINT('',(-4.069570007952,-71.20479820991));
#5620 = CARTESIAN_POINT('',(-4.054224186038,-71.18930841287));
#5621 = CARTESIAN_POINT('',(-4.038970959924,-71.15846986168));
#5622 = CARTESIAN_POINT('',(-4.023863185954,-71.11270070695));
#5623 = CARTESIAN_POINT('',(-4.008954539574,-71.05269734271));
#5624 = CARTESIAN_POINT('',(-3.994300164326,-70.9794364159));
#5625 = CARTESIAN_POINT('',(-3.979957291362,-70.89417770956));
#5626 = CARTESIAN_POINT('',(-3.94130097805,-70.62936731077));
#5627 = CARTESIAN_POINT('',(-3.917723448387,-70.42728584688));
#5628 = CARTESIAN_POINT('',(-3.895213257413,-70.19791097271));
#5629 = CARTESIAN_POINT('',(-3.87372563028,-69.94612545009));
#5630 = CARTESIAN_POINT('',(-3.853210330559,-69.67603650089));
#5631 = CARTESIAN_POINT('',(-3.833611402238,-69.39099895867));
#5632 = CARTESIAN_POINT('',(-3.814867323498,-69.09363240914));
#5633 = CARTESIAN_POINT('',(-3.785989753376,-68.59860891679));
#5634 = CARTESIAN_POINT('',(-3.77534816778,-68.40732973773));
#5635 = CARTESIAN_POINT('',(-3.764975231362,-68.21244624016));
#5636 = CARTESIAN_POINT('',(-3.754859137024,-68.01433763815));
#5637 = CARTESIAN_POINT('',(-3.744987793792,-67.81331046697));
#5638 = CARTESIAN_POINT('',(-3.735348765907,-67.60959814805));
#5639 = CARTESIAN_POINT('',(-3.725929211915,-67.403360554));
#5640 = CARTESIAN_POINT('',(-3.680144735001,-66.36637326687));
#5641 = CARTESIAN_POINT('',(-3.646571738336,-65.49395669348));
#5642 = CARTESIAN_POINT('',(-3.61574810521,-64.59326737841));
#5643 = CARTESIAN_POINT('',(-3.587423185844,-63.67388140407));
#5644 = CARTESIAN_POINT('',(-3.561351763322,-62.74013354017));
#5645 = CARTESIAN_POINT('',(-3.537311881917,-61.79194620747));
#5646 = CARTESIAN_POINT('',(-3.515138648319,-60.82577139399));
#5647 = CARTESIAN_POINT('',(-3.470285815408,-58.64510558175));
#5648 = CARTESIAN_POINT('',(-3.448682160963,-57.43288244034));
#5649 = CARTESIAN_POINT('',(-3.429945219654,-56.19884954362));
#5650 = CARTESIAN_POINT('',(-3.414228175247,-54.94184971893));
#5651 = CARTESIAN_POINT('',(-3.401854797828,-53.66171139056));
#5652 = CARTESIAN_POINT('',(-3.393325811053,-52.35968940037));
#5653 = CARTESIAN_POINT('',(-3.389307991347,-51.03822196744));
#5654 = CARTESIAN_POINT('',(-3.391370770294,-48.98610679306));
#5655 = CARTESIAN_POINT('',(-3.393623163665,-48.26498408116));
#5656 = CARTESIAN_POINT('',(-3.397550110645,-47.54059048451));
#5657 = CARTESIAN_POINT('',(-3.403280794558,-46.81566028043));
#5658 = CARTESIAN_POINT('',(-3.410933289859,-46.09266160858));
#5659 = CARTESIAN_POINT('',(-3.420616000741,-45.37387021895));
#5660 = CARTESIAN_POINT('',(-3.432430137327,-44.66148400149));
#5661 = CARTESIAN_POINT('',(-3.461443074203,-43.20763259804));
#5662 = CARTESIAN_POINT('',(-3.478896828205,-42.46980658594));
#5663 = CARTESIAN_POINT('',(-3.498883391464,-41.74896227293));
#5664 = CARTESIAN_POINT('',(-3.521408311388,-41.04955569423));
#5665 = CARTESIAN_POINT('',(-3.546432723781,-40.37602274952));
#5666 = CARTESIAN_POINT('',(-3.573877999001,-39.73288891229));
#5667 = CARTESIAN_POINT('',(-3.603631344726,-39.12479926062));
#5668 = CARTESIAN_POINT('',(-3.650391268063,-38.29214395569));
#5669 = CARTESIAN_POINT('',(-3.665710977681,-38.03627571017));
#5670 = CARTESIAN_POINT('',(-3.681494502994,-37.7893240087));
#5671 = CARTESIAN_POINT('',(-3.697728973879,-37.55175160954));
#5672 = CARTESIAN_POINT('',(-3.714400999556,-37.32402218175));
#5673 = CARTESIAN_POINT('',(-3.731496775392,-37.10660192047));
#5674 = CARTESIAN_POINT('',(-3.749002189719,-36.89996116211));
#5675 = CARTESIAN_POINT('',(-3.780300626542,-36.5583412151));
#5676 = CARTESIAN_POINT('',(-3.793920564231,-36.4184028086));
#5677 = CARTESIAN_POINT('',(-3.807753428072,-36.2849976428));
#5678 = CARTESIAN_POINT('',(-3.821789868129,-36.15835235508));
#5679 = CARTESIAN_POINT('',(-3.836020484645,-36.03868414163));
#5680 = CARTESIAN_POINT('',(-3.850435812528,-35.92620154157));
#5681 = CARTESIAN_POINT('',(-3.865026305835,-35.82110522108));
#5682 = CARTESIAN_POINT('',(-3.904304983418,-35.56152854263));
#5683 = CARTESIAN_POINT('',(-3.929300661418,-35.42029745379));
#5684 = CARTESIAN_POINT('',(-3.954693613662,-35.30104449651));
#5685 = CARTESIAN_POINT('',(-3.980407810806,-35.2046831439));
#5686 = CARTESIAN_POINT('',(-4.006367241364,-35.13190562226));
#5687 = CARTESIAN_POINT('',(-4.032495938699,-35.08319104689));
#5688 = CARTESIAN_POINT('',(-4.058717730381,-35.05880740823));
#5689 = CARTESIAN_POINT('',(-4.107142119486,-35.05880740823));
#5690 = CARTESIAN_POINT('',(-4.12932121073,-35.07624199874));
#5691 = CARTESIAN_POINT('',(-4.15144492061,-35.11109103407));
#5692 = CARTESIAN_POINT('',(-4.173465498339,-35.16321735588));
#5693 = CARTESIAN_POINT('',(-4.195335300449,-35.23236843129));
#5694 = CARTESIAN_POINT('',(-4.217006677217,-35.31817559141));
#5695 = CARTESIAN_POINT('',(-4.238431950502,-35.42015087003));
#5696 = CARTESIAN_POINT('',(-4.271247118823,-35.60266416051));
#5697 = CARTESIAN_POINT('',(-4.282843210958,-35.6724146756));
#5698 = CARTESIAN_POINT('',(-4.29434635876,-35.74684758215));
#5699 = CARTESIAN_POINT('',(-4.305751203292,-35.8258729203));
#5700 = CARTESIAN_POINT('',(-4.31705241602,-35.90939592113));
#5701 = CARTESIAN_POINT('',(-4.328244687521,-35.99731675152));
#5702 = CARTESIAN_POINT('',(-4.339322716205,-36.08953025916));
#5703 = CARTESIAN_POINT('',(-4.377509658209,-36.42543884287));
#5704 = CARTESIAN_POINT('',(-4.403987315258,-36.69065765885));
#5705 = CARTESIAN_POINT('',(-4.429667579944,-36.98013490319));
#5706 = CARTESIAN_POINT('',(-4.454504501577,-37.2924357562));
#5707 = CARTESIAN_POINT('',(-4.478452844835,-37.62613149611));
#5708 = CARTESIAN_POINT('',(-4.501468666329,-37.97979180451));
#5709 = CARTESIAN_POINT('',(-4.523510389933,-38.35197572185));
#5710 = CARTESIAN_POINT('',(-4.584235236063,-39.47593602516));
#5711 = CARTESIAN_POINT('',(-4.620382262031,-40.27248819356));
#5712 = CARTESIAN_POINT('',(-4.652711519317,-41.12137524216));
#5713 = CARTESIAN_POINT('',(-4.681032088007,-42.01332339234));
#5714 = CARTESIAN_POINT('',(-4.705240794882,-42.93946231054));
#5715 = CARTESIAN_POINT('',(-4.725342841436,-43.89094325405));
#5716 = CARTESIAN_POINT('',(-4.741460212258,-44.85827380469));
#5717 = CARTESIAN_POINT('',(-4.760595913797,-46.36267461829));
#5718 = CARTESIAN_POINT('',(-4.766241214148,-46.89618704199));
#5719 = CARTESIAN_POINT('',(-4.770817637483,-47.43058700679));
#5720 = CARTESIAN_POINT('',(-4.774376125275,-47.96517233563));
#5721 = CARTESIAN_POINT('',(-4.776967438492,-48.49921507929));
#5722 = CARTESIAN_POINT('',(-4.778642743707,-49.03194824127));
#5723 = CARTESIAN_POINT('',(-4.779453975562,-49.56255319333));
#5724 = CARTESIAN_POINT('',(-4.779453975562,-50.09014778175));
#5725 = ( GEOMETRIC_REPRESENTATION_CONTEXT(2) 
PARAMETRIC_REPRESENTATION_CONTEXT() REPRESENTATION_CONTEXT('2D SPACE',''
  ) );
#5726 = ORIENTED_EDGE('',*,*,#5261,.T.);
#5727 = ORIENTED_EDGE('',*,*,#4223,.F.);
#5728 = ORIENTED_EDGE('',*,*,#4182,.F.);
#5729 = ORIENTED_EDGE('',*,*,#5730,.T.);
#5730 = EDGE_CURVE('',#3360,#3362,#5731,.T.);
#5731 = SURFACE_CURVE('',#5732,(#5737,#5744),.PCURVE_S1.);
#5732 = CIRCLE('',#5733,16.);
#5733 = AXIS2_PLACEMENT_3D('',#5734,#5735,#5736);
#5734 = CARTESIAN_POINT('',(-85.,681.,-365.));
#5735 = DIRECTION('',(0.465022737593,0.716682101467,-0.519731294957));
#5736 = DIRECTION('',(0.,0.587068831465,0.80953702023));
#5737 = PCURVE('',#4205,#5738);
#5738 = DEFINITIONAL_REPRESENTATION('',(#5739),#5743);
#5739 = LINE('',#5740,#5741);
#5740 = CARTESIAN_POINT('',(-0.,-182.7867610085));
#5741 = VECTOR('',#5742,1.);
#5742 = DIRECTION('',(-1.,0.));
#5743 = ( GEOMETRIC_REPRESENTATION_CONTEXT(2) 
PARAMETRIC_REPRESENTATION_CONTEXT() REPRESENTATION_CONTEXT('2D SPACE',''
  ) );
#5744 = PCURVE('',#5198,#5745);
#5745 = DEFINITIONAL_REPRESENTATION('',(#5746),#5750);
#5746 = CIRCLE('',#5747,16.);
#5747 = AXIS2_PLACEMENT_2D('',#5748,#5749);
#5748 = CARTESIAN_POINT('',(-2.366582715663E-30,-7.548511037612E-14));
#5749 = DIRECTION('',(1.,-3.330669073875E-16));
#5750 = ( GEOMETRIC_REPRESENTATION_CONTEXT(2) 
PARAMETRIC_REPRESENTATION_CONTEXT() REPRESENTATION_CONTEXT('2D SPACE',''
  ) );
#5751 = ORIENTED_EDGE('',*,*,#4253,.F.);
#5752 = ADVANCED_FACE('',(#5753),#3469,.T.);
#5753 = FACE_BOUND('',#5754,.F.);
#5754 = EDGE_LOOP('',(#5755,#5780,#5802,#5803,#5804,#5805,#5827,#5828,
    #5857,#5886,#5915));
#5755 = ORIENTED_EDGE('',*,*,#5756,.F.);
#5756 = EDGE_CURVE('',#5757,#5759,#5761,.T.);
#5757 = VERTEX_POINT('',#5758);
#5758 = CARTESIAN_POINT('',(-59.5,720.3,-347.5));
#5759 = VERTEX_POINT('',#5760);
#5760 = CARTESIAN_POINT('',(-24.,720.3,-347.5));
#5761 = SEAM_CURVE('',#5762,(#5766,#5773),.PCURVE_S1.);
#5762 = LINE('',#5763,#5764);
#5763 = CARTESIAN_POINT('',(-59.5,720.3,-347.5));
#5764 = VECTOR('',#5765,1.);
#5765 = DIRECTION('',(1.,0.,0.));
#5766 = PCURVE('',#3469,#5767);
#5767 = DEFINITIONAL_REPRESENTATION('',(#5768),#5772);
#5768 = LINE('',#5769,#5770);
#5769 = CARTESIAN_POINT('',(-6.28318530718,0.));
#5770 = VECTOR('',#5771,1.);
#5771 = DIRECTION('',(-0.,-1.));
#5772 = ( GEOMETRIC_REPRESENTATION_CONTEXT(2) 
PARAMETRIC_REPRESENTATION_CONTEXT() REPRESENTATION_CONTEXT('2D SPACE',''
  ) );
#5773 = PCURVE('',#3469,#5774);
#5774 = DEFINITIONAL_REPRESENTATION('',(#5775),#5779);
#5775 = LINE('',#5776,#5777);
#5776 = CARTESIAN_POINT('',(-0.,0.));
#5777 = VECTOR('',#5778,1.);
#5778 = DIRECTION('',(-0.,-1.));
#5779 = ( GEOMETRIC_REPRESENTATION_CONTEXT(2) 
PARAMETRIC_REPRESENTATION_CONTEXT() REPRESENTATION_CONTEXT('2D SPACE',''
  ) );
#5780 = ORIENTED_EDGE('',*,*,#5781,.F.);
#5781 = EDGE_CURVE('',#3528,#5757,#5782,.T.);
#5782 = SURFACE_CURVE('',#5783,(#5788,#5795),.PCURVE_S1.);
#5783 = CIRCLE('',#5784,20.);
#5784 = AXIS2_PLACEMENT_3D('',#5785,#5786,#5787);
#5785 = CARTESIAN_POINT('',(-59.5,720.3,-367.5));
#5786 = DIRECTION('',(1.,0.,-0.));
#5787 = DIRECTION('',(0.,0.,1.));
#5788 = PCURVE('',#3469,#5789);
#5789 = DEFINITIONAL_REPRESENTATION('',(#5790),#5794);
#5790 = LINE('',#5791,#5792);
#5791 = CARTESIAN_POINT('',(-0.,0.));
#5792 = VECTOR('',#5793,1.);
#5793 = DIRECTION('',(-1.,0.));
#5794 = ( GEOMETRIC_REPRESENTATION_CONTEXT(2) 
PARAMETRIC_REPRESENTATION_CONTEXT() REPRESENTATION_CONTEXT('2D SPACE',''
  ) );
#5795 = PCURVE('',#3743,#5796);
#5796 = DEFINITIONAL_REPRESENTATION('',(#5797),#5801);
#5797 = CIRCLE('',#5798,20.);
#5798 = AXIS2_PLACEMENT_2D('',#5799,#5800);
#5799 = CARTESIAN_POINT('',(0.,0.));
#5800 = DIRECTION('',(1.,0.));
#5801 = ( GEOMETRIC_REPRESENTATION_CONTEXT(2) 
PARAMETRIC_REPRESENTATION_CONTEXT() REPRESENTATION_CONTEXT('2D SPACE',''
  ) );
#5802 = ORIENTED_EDGE('',*,*,#3527,.T.);
#5803 = ORIENTED_EDGE('',*,*,#3413,.T.);
#5804 = ORIENTED_EDGE('',*,*,#4109,.F.);
#5805 = ORIENTED_EDGE('',*,*,#5806,.F.);
#5806 = EDGE_CURVE('',#5757,#4075,#5807,.T.);
#5807 = SURFACE_CURVE('',#5808,(#5813,#5820),.PCURVE_S1.);
#5808 = CIRCLE('',#5809,20.);
#5809 = AXIS2_PLACEMENT_3D('',#5810,#5811,#5812);
#5810 = CARTESIAN_POINT('',(-59.5,720.3,-367.5));
#5811 = DIRECTION('',(1.,0.,-0.));
#5812 = DIRECTION('',(0.,0.,1.));
#5813 = PCURVE('',#3469,#5814);
#5814 = DEFINITIONAL_REPRESENTATION('',(#5815),#5819);
#5815 = LINE('',#5816,#5817);
#5816 = CARTESIAN_POINT('',(-0.,0.));
#5817 = VECTOR('',#5818,1.);
#5818 = DIRECTION('',(-1.,0.));
#5819 = ( GEOMETRIC_REPRESENTATION_CONTEXT(2) 
PARAMETRIC_REPRESENTATION_CONTEXT() REPRESENTATION_CONTEXT('2D SPACE',''
  ) );
#5820 = PCURVE('',#3743,#5821);
#5821 = DEFINITIONAL_REPRESENTATION('',(#5822),#5826);
#5822 = CIRCLE('',#5823,20.);
#5823 = AXIS2_PLACEMENT_2D('',#5824,#5825);
#5824 = CARTESIAN_POINT('',(0.,0.));
#5825 = DIRECTION('',(1.,0.));
#5826 = ( GEOMETRIC_REPRESENTATION_CONTEXT(2) 
PARAMETRIC_REPRESENTATION_CONTEXT() REPRESENTATION_CONTEXT('2D SPACE',''
  ) );
#5827 = ORIENTED_EDGE('',*,*,#5756,.T.);
#5828 = ORIENTED_EDGE('',*,*,#5829,.T.);
#5829 = EDGE_CURVE('',#5759,#5830,#5832,.T.);
#5830 = VERTEX_POINT('',#5831);
#5831 = CARTESIAN_POINT('',(-24.,700.3,-367.5));
#5832 = SURFACE_CURVE('',#5833,(#5838,#5845),.PCURVE_S1.);
#5833 = CIRCLE('',#5834,20.);
#5834 = AXIS2_PLACEMENT_3D('',#5835,#5836,#5837);
#5835 = CARTESIAN_POINT('',(-24.,720.3,-367.5));
#5836 = DIRECTION('',(1.,0.,-0.));
#5837 = DIRECTION('',(0.,0.,1.));
#5838 = PCURVE('',#3469,#5839);
#5839 = DEFINITIONAL_REPRESENTATION('',(#5840),#5844);
#5840 = LINE('',#5841,#5842);
#5841 = CARTESIAN_POINT('',(-0.,-35.5));
#5842 = VECTOR('',#5843,1.);
#5843 = DIRECTION('',(-1.,0.));
#5844 = ( GEOMETRIC_REPRESENTATION_CONTEXT(2) 
PARAMETRIC_REPRESENTATION_CONTEXT() REPRESENTATION_CONTEXT('2D SPACE',''
  ) );
#5845 = PCURVE('',#5846,#5851);
#5846 = PLANE('',#5847);
#5847 = AXIS2_PLACEMENT_3D('',#5848,#5849,#5850);
#5848 = CARTESIAN_POINT('',(-24.,700.3,-387.5));
#5849 = DIRECTION('',(1.,0.,0.));
#5850 = DIRECTION('',(0.,0.,1.));
#5851 = DEFINITIONAL_REPRESENTATION('',(#5852),#5856);
#5852 = CIRCLE('',#5853,20.);
#5853 = AXIS2_PLACEMENT_2D('',#5854,#5855);
#5854 = CARTESIAN_POINT('',(20.,-20.));
#5855 = DIRECTION('',(1.,0.));
#5856 = ( GEOMETRIC_REPRESENTATION_CONTEXT(2) 
PARAMETRIC_REPRESENTATION_CONTEXT() REPRESENTATION_CONTEXT('2D SPACE',''
  ) );
#5857 = ORIENTED_EDGE('',*,*,#5858,.T.);
#5858 = EDGE_CURVE('',#5830,#5859,#5861,.T.);
#5859 = VERTEX_POINT('',#5860);
#5860 = CARTESIAN_POINT('',(-24.,720.3,-387.5));
#5861 = SURFACE_CURVE('',#5862,(#5867,#5874),.PCURVE_S1.);
#5862 = CIRCLE('',#5863,20.);
#5863 = AXIS2_PLACEMENT_3D('',#5864,#5865,#5866);
#5864 = CARTESIAN_POINT('',(-24.,720.3,-367.5));
#5865 = DIRECTION('',(1.,0.,-0.));
#5866 = DIRECTION('',(0.,0.,1.));
#5867 = PCURVE('',#3469,#5868);
#5868 = DEFINITIONAL_REPRESENTATION('',(#5869),#5873);
#5869 = LINE('',#5870,#5871);
#5870 = CARTESIAN_POINT('',(-0.,-35.5));
#5871 = VECTOR('',#5872,1.);
#5872 = DIRECTION('',(-1.,0.));
#5873 = ( GEOMETRIC_REPRESENTATION_CONTEXT(2) 
PARAMETRIC_REPRESENTATION_CONTEXT() REPRESENTATION_CONTEXT('2D SPACE',''
  ) );
#5874 = PCURVE('',#5875,#5880);
#5875 = PLANE('',#5876);
#5876 = AXIS2_PLACEMENT_3D('',#5877,#5878,#5879);
#5877 = CARTESIAN_POINT('',(-24.,700.3,-387.5));
#5878 = DIRECTION('',(1.,0.,0.));
#5879 = DIRECTION('',(0.,0.,1.));
#5880 = DEFINITIONAL_REPRESENTATION('',(#5881),#5885);
#5881 = CIRCLE('',#5882,20.);
#5882 = AXIS2_PLACEMENT_2D('',#5883,#5884);
#5883 = CARTESIAN_POINT('',(20.,-20.));
#5884 = DIRECTION('',(1.,0.));
#5885 = ( GEOMETRIC_REPRESENTATION_CONTEXT(2) 
PARAMETRIC_REPRESENTATION_CONTEXT() REPRESENTATION_CONTEXT('2D SPACE',''
  ) );
#5886 = ORIENTED_EDGE('',*,*,#5887,.T.);
#5887 = EDGE_CURVE('',#5859,#5888,#5890,.T.);
#5888 = VERTEX_POINT('',#5889);
#5889 = CARTESIAN_POINT('',(-24.,740.3,-367.5));
#5890 = SURFACE_CURVE('',#5891,(#5896,#5903),.PCURVE_S1.);
#5891 = CIRCLE('',#5892,20.);
#5892 = AXIS2_PLACEMENT_3D('',#5893,#5894,#5895);
#5893 = CARTESIAN_POINT('',(-24.,720.3,-367.5));
#5894 = DIRECTION('',(1.,0.,-0.));
#5895 = DIRECTION('',(0.,0.,1.));
#5896 = PCURVE('',#3469,#5897);
#5897 = DEFINITIONAL_REPRESENTATION('',(#5898),#5902);
#5898 = LINE('',#5899,#5900);
#5899 = CARTESIAN_POINT('',(-0.,-35.5));
#5900 = VECTOR('',#5901,1.);
#5901 = DIRECTION('',(-1.,0.));
#5902 = ( GEOMETRIC_REPRESENTATION_CONTEXT(2) 
PARAMETRIC_REPRESENTATION_CONTEXT() REPRESENTATION_CONTEXT('2D SPACE',''
  ) );
#5903 = PCURVE('',#5904,#5909);
#5904 = PLANE('',#5905);
#5905 = AXIS2_PLACEMENT_3D('',#5906,#5907,#5908);
#5906 = CARTESIAN_POINT('',(-24.,700.3,-387.5));
#5907 = DIRECTION('',(1.,0.,0.));
#5908 = DIRECTION('',(0.,0.,1.));
#5909 = DEFINITIONAL_REPRESENTATION('',(#5910),#5914);
#5910 = CIRCLE('',#5911,20.);
#5911 = AXIS2_PLACEMENT_2D('',#5912,#5913);
#5912 = CARTESIAN_POINT('',(20.,-20.));
#5913 = DIRECTION('',(1.,0.));
#5914 = ( GEOMETRIC_REPRESENTATION_CONTEXT(2) 
PARAMETRIC_REPRESENTATION_CONTEXT() REPRESENTATION_CONTEXT('2D SPACE',''
  ) );
#5915 = ORIENTED_EDGE('',*,*,#5916,.T.);
#5916 = EDGE_CURVE('',#5888,#5759,#5917,.T.);
#5917 = SURFACE_CURVE('',#5918,(#5923,#5930),.PCURVE_S1.);
#5918 = CIRCLE('',#5919,20.);
#5919 = AXIS2_PLACEMENT_3D('',#5920,#5921,#5922);
#5920 = CARTESIAN_POINT('',(-24.,720.3,-367.5));
#5921 = DIRECTION('',(1.,0.,-0.));
#5922 = DIRECTION('',(0.,0.,1.));
#5923 = PCURVE('',#3469,#5924);
#5924 = DEFINITIONAL_REPRESENTATION('',(#5925),#5929);
#5925 = LINE('',#5926,#5927);
#5926 = CARTESIAN_POINT('',(-0.,-35.5));
#5927 = VECTOR('',#5928,1.);
#5928 = DIRECTION('',(-1.,0.));
#5929 = ( GEOMETRIC_REPRESENTATION_CONTEXT(2) 
PARAMETRIC_REPRESENTATION_CONTEXT() REPRESENTATION_CONTEXT('2D SPACE',''
  ) );
#5930 = PCURVE('',#5931,#5936);
#5931 = PLANE('',#5932);
#5932 = AXIS2_PLACEMENT_3D('',#5933,#5934,#5935);
#5933 = CARTESIAN_POINT('',(-24.,700.3,-387.5));
#5934 = DIRECTION('',(1.,0.,0.));
#5935 = DIRECTION('',(0.,0.,1.));
#5936 = DEFINITIONAL_REPRESENTATION('',(#5937),#5941);
#5937 = CIRCLE('',#5938,20.);
#5938 = AXIS2_PLACEMENT_2D('',#5939,#5940);
#5939 = CARTESIAN_POINT('',(20.,-20.));
#5940 = DIRECTION('',(1.,0.));
#5941 = ( GEOMETRIC_REPRESENTATION_CONTEXT(2) 
PARAMETRIC_REPRESENTATION_CONTEXT() REPRESENTATION_CONTEXT('2D SPACE',''
  ) );
#5942 = ADVANCED_FACE('',(#5943),#3743,.F.);
#5943 = FACE_BOUND('',#5944,.F.);
#5944 = EDGE_LOOP('',(#5945,#5946,#5947,#5948,#5972,#5994));
#5945 = ORIENTED_EDGE('',*,*,#5781,.T.);
#5946 = ORIENTED_EDGE('',*,*,#5806,.T.);
#5947 = ORIENTED_EDGE('',*,*,#4074,.F.);
#5948 = ORIENTED_EDGE('',*,*,#5949,.F.);
#5949 = EDGE_CURVE('',#5950,#3756,#5952,.T.);
#5950 = VERTEX_POINT('',#5951);
#5951 = CARTESIAN_POINT('',(-59.5,720.3,-351.5));
#5952 = SURFACE_CURVE('',#5953,(#5958,#5965),.PCURVE_S1.);
#5953 = CIRCLE('',#5954,16.);
#5954 = AXIS2_PLACEMENT_3D('',#5955,#5956,#5957);
#5955 = CARTESIAN_POINT('',(-59.5,720.3,-367.5));
#5956 = DIRECTION('',(1.,0.,-0.));
#5957 = DIRECTION('',(0.,0.,1.));
#5958 = PCURVE('',#3743,#5959);
#5959 = DEFINITIONAL_REPRESENTATION('',(#5960),#5964);
#5960 = CIRCLE('',#5961,16.);
#5961 = AXIS2_PLACEMENT_2D('',#5962,#5963);
#5962 = CARTESIAN_POINT('',(1.136868377216E-13,0.));
#5963 = DIRECTION('',(1.,0.));
#5964 = ( GEOMETRIC_REPRESENTATION_CONTEXT(2) 
PARAMETRIC_REPRESENTATION_CONTEXT() REPRESENTATION_CONTEXT('2D SPACE',''
  ) );
#5965 = PCURVE('',#3965,#5966);
#5966 = DEFINITIONAL_REPRESENTATION('',(#5967),#5971);
#5967 = LINE('',#5968,#5969);
#5968 = CARTESIAN_POINT('',(-0.,0.));
#5969 = VECTOR('',#5970,1.);
#5970 = DIRECTION('',(-1.,0.));
#5971 = ( GEOMETRIC_REPRESENTATION_CONTEXT(2) 
PARAMETRIC_REPRESENTATION_CONTEXT() REPRESENTATION_CONTEXT('2D SPACE',''
  ) );
#5972 = ORIENTED_EDGE('',*,*,#5973,.F.);
#5973 = EDGE_CURVE('',#3716,#5950,#5974,.T.);
#5974 = SURFACE_CURVE('',#5975,(#5980,#5987),.PCURVE_S1.);
#5975 = CIRCLE('',#5976,16.);
#5976 = AXIS2_PLACEMENT_3D('',#5977,#5978,#5979);
#5977 = CARTESIAN_POINT('',(-59.5,720.3,-367.5));
#5978 = DIRECTION('',(1.,0.,-0.));
#5979 = DIRECTION('',(0.,0.,1.));
#5980 = PCURVE('',#3743,#5981);
#5981 = DEFINITIONAL_REPRESENTATION('',(#5982),#5986);
#5982 = CIRCLE('',#5983,16.);
#5983 = AXIS2_PLACEMENT_2D('',#5984,#5985);
#5984 = CARTESIAN_POINT('',(1.136868377216E-13,0.));
#5985 = DIRECTION('',(1.,0.));
#5986 = ( GEOMETRIC_REPRESENTATION_CONTEXT(2) 
PARAMETRIC_REPRESENTATION_CONTEXT() REPRESENTATION_CONTEXT('2D SPACE',''
  ) );
#5987 = PCURVE('',#3965,#5988);
#5988 = DEFINITIONAL_REPRESENTATION('',(#5989),#5993);
#5989 = LINE('',#5990,#5991);
#5990 = CARTESIAN_POINT('',(-0.,0.));
#5991 = VECTOR('',#5992,1.);
#5992 = DIRECTION('',(-1.,0.));
#5993 = ( GEOMETRIC_REPRESENTATION_CONTEXT(2) 
PARAMETRIC_REPRESENTATION_CONTEXT() REPRESENTATION_CONTEXT('2D SPACE',''
  ) );
#5994 = ORIENTED_EDGE('',*,*,#3715,.F.);
#5995 = ADVANCED_FACE('',(#5996),#3965,.F.);
#5996 = FACE_BOUND('',#5997,.T.);
#5997 = EDGE_LOOP('',(#5998,#5999,#6022,#6049,#6050,#6051));
#5998 = ORIENTED_EDGE('',*,*,#5949,.F.);
#5999 = ORIENTED_EDGE('',*,*,#6000,.T.);
#6000 = EDGE_CURVE('',#5950,#6001,#6003,.T.);
#6001 = VERTEX_POINT('',#6002);
#6002 = CARTESIAN_POINT('',(-24.,720.3,-351.5));
#6003 = SEAM_CURVE('',#6004,(#6008,#6015),.PCURVE_S1.);
#6004 = LINE('',#6005,#6006);
#6005 = CARTESIAN_POINT('',(-59.5,720.3,-351.5));
#6006 = VECTOR('',#6007,1.);
#6007 = DIRECTION('',(1.,0.,0.));
#6008 = PCURVE('',#3965,#6009);
#6009 = DEFINITIONAL_REPRESENTATION('',(#6010),#6014);
#6010 = LINE('',#6011,#6012);
#6011 = CARTESIAN_POINT('',(-6.28318530718,0.));
#6012 = VECTOR('',#6013,1.);
#6013 = DIRECTION('',(-0.,-1.));
#6014 = ( GEOMETRIC_REPRESENTATION_CONTEXT(2) 
PARAMETRIC_REPRESENTATION_CONTEXT() REPRESENTATION_CONTEXT('2D SPACE',''
  ) );
#6015 = PCURVE('',#3965,#6016);
#6016 = DEFINITIONAL_REPRESENTATION('',(#6017),#6021);
#6017 = LINE('',#6018,#6019);
#6018 = CARTESIAN_POINT('',(-0.,0.));
#6019 = VECTOR('',#6020,1.);
#6020 = DIRECTION('',(-0.,-1.));
#6021 = ( GEOMETRIC_REPRESENTATION_CONTEXT(2) 
PARAMETRIC_REPRESENTATION_CONTEXT() REPRESENTATION_CONTEXT('2D SPACE',''
  ) );
#6022 = ORIENTED_EDGE('',*,*,#6023,.T.);
#6023 = EDGE_CURVE('',#6001,#6001,#6024,.T.);
#6024 = SURFACE_CURVE('',#6025,(#6030,#6037),.PCURVE_S1.);
#6025 = CIRCLE('',#6026,16.);
#6026 = AXIS2_PLACEMENT_3D('',#6027,#6028,#6029);
#6027 = CARTESIAN_POINT('',(-24.,720.3,-367.5));
#6028 = DIRECTION('',(1.,0.,-0.));
#6029 = DIRECTION('',(0.,0.,1.));
#6030 = PCURVE('',#3965,#6031);
#6031 = DEFINITIONAL_REPRESENTATION('',(#6032),#6036);
#6032 = LINE('',#6033,#6034);
#6033 = CARTESIAN_POINT('',(-0.,-35.5));
#6034 = VECTOR('',#6035,1.);
#6035 = DIRECTION('',(-1.,0.));
#6036 = ( GEOMETRIC_REPRESENTATION_CONTEXT(2) 
PARAMETRIC_REPRESENTATION_CONTEXT() REPRESENTATION_CONTEXT('2D SPACE',''
  ) );
#6037 = PCURVE('',#6038,#6043);
#6038 = PLANE('',#6039);
#6039 = AXIS2_PLACEMENT_3D('',#6040,#6041,#6042);
#6040 = CARTESIAN_POINT('',(-24.,700.3,-387.5));
#6041 = DIRECTION('',(1.,0.,0.));
#6042 = DIRECTION('',(0.,0.,1.));
#6043 = DEFINITIONAL_REPRESENTATION('',(#6044),#6048);
#6044 = CIRCLE('',#6045,16.);
#6045 = AXIS2_PLACEMENT_2D('',#6046,#6047);
#6046 = CARTESIAN_POINT('',(20.,-20.));
#6047 = DIRECTION('',(1.,0.));
#6048 = ( GEOMETRIC_REPRESENTATION_CONTEXT(2) 
PARAMETRIC_REPRESENTATION_CONTEXT() REPRESENTATION_CONTEXT('2D SPACE',''
  ) );
#6049 = ORIENTED_EDGE('',*,*,#6000,.F.);
#6050 = ORIENTED_EDGE('',*,*,#5973,.F.);
#6051 = ORIENTED_EDGE('',*,*,#3755,.T.);
#6052 = ADVANCED_FACE('',(#6053,#7344),#4306,.F.);
#6053 = FACE_BOUND('',#6054,.T.);
#6054 = EDGE_LOOP('',(#6055,#6056,#6079,#6566,#6823,#7303,#7304));
#6055 = ORIENTED_EDGE('',*,*,#4291,.F.);
#6056 = ORIENTED_EDGE('',*,*,#6057,.T.);
#6057 = EDGE_CURVE('',#2741,#6058,#6060,.T.);
#6058 = VERTEX_POINT('',#6059);
#6059 = CARTESIAN_POINT('',(29.675349462624,790.14837040869,
    -407.8547834846));
#6060 = SEAM_CURVE('',#6061,(#6065,#6072),.PCURVE_S1.);
#6061 = LINE('',#6062,#6063);
#6062 = CARTESIAN_POINT('',(95.905469393461,688.07606792705,-365.));
#6063 = VECTOR('',#6064,1.);
#6064 = DIRECTION('',(-0.51340073478,0.791241132425,-0.332200475446));
#6065 = PCURVE('',#4306,#6066);
#6066 = DEFINITIONAL_REPRESENTATION('',(#6067),#6071);
#6067 = LINE('',#6068,#6069);
#6068 = CARTESIAN_POINT('',(-6.28318530718,0.));
#6069 = VECTOR('',#6070,1.);
#6070 = DIRECTION('',(-0.,-1.));
#6071 = ( GEOMETRIC_REPRESENTATION_CONTEXT(2) 
PARAMETRIC_REPRESENTATION_CONTEXT() REPRESENTATION_CONTEXT('2D SPACE',''
  ) );
#6072 = PCURVE('',#4306,#6073);
#6073 = DEFINITIONAL_REPRESENTATION('',(#6074),#6078);
#6074 = LINE('',#6075,#6076);
#6075 = CARTESIAN_POINT('',(-0.,0.));
#6076 = VECTOR('',#6077,1.);
#6077 = DIRECTION('',(-0.,-1.));
#6078 = ( GEOMETRIC_REPRESENTATION_CONTEXT(2) 
PARAMETRIC_REPRESENTATION_CONTEXT() REPRESENTATION_CONTEXT('2D SPACE',''
  ) );
#6079 = ORIENTED_EDGE('',*,*,#6080,.T.);
#6080 = EDGE_CURVE('',#6058,#6081,#6083,.T.);
#6081 = VERTEX_POINT('',#6082);
#6082 = CARTESIAN_POINT('',(2.077894134826,787.08199173657,
    -417.976917609));
#6083 = SURFACE_CURVE('',#6084,(#6241,#6401),.PCURVE_S1.);
#6084 = B_SPLINE_CURVE_WITH_KNOTS('',8,(#6085,#6086,#6087,#6088,#6089,
    #6090,#6091,#6092,#6093,#6094,#6095,#6096,#6097,#6098,#6099,#6100,
    #6101,#6102,#6103,#6104,#6105,#6106,#6107,#6108,#6109,#6110,#6111,
    #6112,#6113,#6114,#6115,#6116,#6117,#6118,#6119,#6120,#6121,#6122,
    #6123,#6124,#6125,#6126,#6127,#6128,#6129,#6130,#6131,#6132,#6133,
    #6134,#6135,#6136,#6137,#6138,#6139,#6140,#6141,#6142,#6143,#6144,
    #6145,#6146,#6147,#6148,#6149,#6150,#6151,#6152,#6153,#6154,#6155,
    #6156,#6157,#6158,#6159,#6160,#6161,#6162,#6163,#6164,#6165,#6166,
    #6167,#6168,#6169,#6170,#6171,#6172,#6173,#6174,#6175,#6176,#6177,
    #6178,#6179,#6180,#6181,#6182,#6183,#6184,#6185,#6186,#6187,#6188,
    #6189,#6190,#6191,#6192,#6193,#6194,#6195,#6196,#6197,#6198,#6199,
    #6200,#6201,#6202,#6203,#6204,#6205,#6206,#6207,#6208,#6209,#6210,
    #6211,#6212,#6213,#6214,#6215,#6216,#6217,#6218,#6219,#6220,#6221,
    #6222,#6223,#6224,#6225,#6226,#6227,#6228,#6229,#6230,#6231,#6232,
    #6233,#6234,#6235,#6236,#6237,#6238,#6239,#6240),.UNSPECIFIED.,.T.,
  .F.,(9,7,7,7,7,7,7,7,7,7,7,7,7,7,7,7,7,7,7,7,7,7,9),(0.,
    1.427192717553E-02,2.445125058024E-02,3.879116749392E-02,
    6.135048718673E-02,8.478747435826E-02,0.108552374593,0.131063494503,
    0.209828059066,0.344909262048,0.409829832029,0.462253113208,
    0.497574159397,0.524499697827,0.563848099619,0.586762008544,
    0.639057774561,0.704470734473,0.839903806489,0.920632611011,
    0.943281207429,0.966924407654,1.),.UNSPECIFIED.);
#6085 = CARTESIAN_POINT('',(29.675349462624,790.14837040869,
    -407.8547834846));
#6086 = CARTESIAN_POINT('',(29.733603600836,790.05859050157,
    -408.0163151685));
#6087 = CARTESIAN_POINT('',(29.788279874593,789.96862171118,
    -408.1814004161));
#6088 = CARTESIAN_POINT('',(29.839065515795,789.87865307332,
    -408.349893886));
#6089 = CARTESIAN_POINT('',(29.885670975524,789.78886624006,
    -408.5216477992));
#6090 = CARTESIAN_POINT('',(29.927829762535,789.69943514739,
    -408.6965117847));
#6091 = CARTESIAN_POINT('',(29.965298281757,789.61052568292,
    -408.8743327263));
#6092 = CARTESIAN_POINT('',(29.997855672791,789.52229535356,
    -409.0549546089));
#6093 = CARTESIAN_POINT('',(30.044880669587,789.372553979,
    -409.3689295864));
#6094 = CARTESIAN_POINT('',(30.06185013082,789.31066262709,
    -409.5009292172));
#6095 = CARTESIAN_POINT('',(30.076131885493,789.24931073507,
    -409.6340771859));
#6096 = CARTESIAN_POINT('',(30.087661351177,789.18858450215,
    -409.7682315897));
#6097 = CARTESIAN_POINT('',(30.096389509625,789.12856448908,
    -409.9032486944));
#6098 = CARTESIAN_POINT('',(30.102282906769,789.06932561824,
    -410.0389829344));
#6099 = CARTESIAN_POINT('',(30.105323652726,789.01093717353,
    -410.1752869125));
#6100 = CARTESIAN_POINT('',(30.105771120223,788.87249693451,
    -410.5046192694));
#6101 = CARTESIAN_POINT('',(30.100366849217,788.79340969191,
    -410.6979075731));
#6102 = CARTESIAN_POINT('',(30.089305659025,788.71636092086,
    -410.8914878998));
#6103 = CARTESIAN_POINT('',(30.072652716744,788.64149103723,
    -411.0849614584));
#6104 = CARTESIAN_POINT('',(30.05052944248,788.56892132974,
    -411.277919087));
#6105 = CARTESIAN_POINT('',(30.023113645506,788.49875426518,
    -411.4699412616));
#6106 = CARTESIAN_POINT('',(29.990639660413,788.43107379355,
    -411.6605981053));
#6107 = CARTESIAN_POINT('',(29.894811280454,788.26348714214,
    -412.1465471191));
#6108 = CARTESIAN_POINT('',(29.824508265374,788.16749022835,
    -412.4387570347));
#6109 = CARTESIAN_POINT('',(29.743424335215,788.07773351499,
    -412.7256829947));
#6110 = CARTESIAN_POINT('',(29.652504960323,787.99398144765,
    -413.0069414418));
#6111 = CARTESIAN_POINT('',(29.552707826822,787.91598706064,
    -413.2821602136));
#6112 = CARTESIAN_POINT('',(29.445004479217,787.84349472313,
    -413.5509773461));
#6113 = CARTESIAN_POINT('',(29.330381963006,787.77624288528,
    -413.8130398765));
#6114 = CARTESIAN_POINT('',(29.084617475538,787.64926792118,
    -414.3328847124));
#6115 = CARTESIAN_POINT('',(28.952705415926,787.58978408085,
    -414.5907403426));
#6116 = CARTESIAN_POINT('',(28.814899629764,787.53511812661,
    -414.8417115817));
#6117 = CARTESIAN_POINT('',(28.671890344524,787.48489827694,
    -415.0859798429));
#6118 = CARTESIAN_POINT('',(28.52426831638,787.43877826134,
    -415.3237624055));
#6119 = CARTESIAN_POINT('',(28.372526472755,787.39643743619,
    -415.5553089136));
#6120 = CARTESIAN_POINT('',(28.217061554865,787.35758090059,
    -415.7808978731));
#6121 = CARTESIAN_POINT('',(27.897066952649,787.2857996572,
    -416.2238455983));
#6122 = CARTESIAN_POINT('',(27.732413012933,787.25295912066,
    -416.4410839112));
#6123 = CARTESIAN_POINT('',(27.564616421862,787.2231596224,
    -416.6527358051));
#6124 = CARTESIAN_POINT('',(27.394014871313,787.19616357073,
    -416.8590035887));
#6125 = CARTESIAN_POINT('',(27.220880909004,787.17175323593,
    -417.0601038051));
#6126 = CARTESIAN_POINT('',(27.045421583198,787.14972982383,
    -417.2562668745));
#6127 = CARTESIAN_POINT('',(26.867778087416,787.1299125493,
    -417.4477367366));
#6128 = CARTESIAN_POINT('',(26.517756052221,787.09530062897,
    -417.8119367874));
#6129 = CARTESIAN_POINT('',(26.345630270904,787.08029975117,
    -417.9850850279));
#6130 = CARTESIAN_POINT('',(26.171813573519,787.06700472981,
    -418.15433105));
#6131 = CARTESIAN_POINT('',(25.996443344957,787.05529508393,
    -418.3197937413));
#6132 = CARTESIAN_POINT('',(25.819628656355,787.045059665,
    -418.4815948929));
#6133 = CARTESIAN_POINT('',(25.641450078796,787.03619612374,
    -418.6398590494));
#6134 = CARTESIAN_POINT('',(25.461959496998,787.02861037701,
    -418.7947133605));
#6135 = CARTESIAN_POINT('',(24.648647002239,786.99984293433,
    -419.4766326893));
#6136 = CARTESIAN_POINT('',(23.998667069041,786.99199719268,
    -419.9682160389));
#6137 = CARTESIAN_POINT('',(23.33587053995,786.99525102035,
    -420.4230258896));
#6138 = CARTESIAN_POINT('',(22.663103061218,787.00684632168,
    -420.8431361051));
#6139 = CARTESIAN_POINT('',(21.981740250766,787.02457583401,
    -421.2304891121));
#6140 = CARTESIAN_POINT('',(21.291997558061,787.04664044616,
    -421.5866757839));
#6141 = CARTESIAN_POINT('',(20.593242213641,787.07150429342,
    -421.9127134442));
#6142 = CARTESIAN_POINT('',(18.668502992512,787.14281347073,
    -422.7166517056));
#6143 = CARTESIAN_POINT('',(17.428249486867,787.19177610362,
    -423.134166875));
#6144 = CARTESIAN_POINT('',(16.165714478901,787.23725795052,
    -423.4607261102));
#6145 = CARTESIAN_POINT('',(14.881897478299,787.27311703712,
    -423.6908751791));
#6146 = CARTESIAN_POINT('',(13.578931002793,787.29349489104,
    -423.814430584));
#6147 = CARTESIAN_POINT('',(12.260692022102,787.29332747434,
    -423.8162013804));
#6148 = CARTESIAN_POINT('',(10.9330373702,787.26966539811,
    -423.6755005131));
#6149 = CARTESIAN_POINT('',(8.968098467893,787.20705518553,
    -423.2144513595));
#6150 = CARTESIAN_POINT('',(8.330129796595,787.18242133327,
    -423.0253040322));
#6151 = CARTESIAN_POINT('',(7.694937473573,787.15406997328,
    -422.793899031));
#6152 = CARTESIAN_POINT('',(7.065415714926,787.1230747566,
    -422.5176254515));
#6153 = CARTESIAN_POINT('',(6.444469451544,787.09109916801,
    -422.1940216362));
#6154 = CARTESIAN_POINT('',(5.835101586279,787.06049767767,
    -421.8207949171));
#6155 = CARTESIAN_POINT('',(5.240545103456,787.03440879055,
    -421.3958678398));
#6156 = CARTESIAN_POINT('',(4.199235886223,787.00265321135,
    -420.5311297424));
#6157 = CARTESIAN_POINT('',(3.746340142729,786.99403056195,
    -420.1101605561));
#6158 = CARTESIAN_POINT('',(3.308510402397,786.99309635983,
    -419.6543913174));
#6159 = CARTESIAN_POINT('',(2.888473304398,787.00227575942,
    -419.1641040673));
#6160 = CARTESIAN_POINT('',(2.488950347875,787.02424287049,
    -418.6400412239));
#6161 = CARTESIAN_POINT('',(2.112683330304,787.06184026909,
    -418.0834280352));
#6162 = CARTESIAN_POINT('',(1.762459401252,787.11796990409,
    -417.4959911362));
#6163 = CARTESIAN_POINT('',(1.224638634717,787.24766252349,
    -416.4649210261));
#6164 = CARTESIAN_POINT('',(1.021251018143,787.3095668195,
    -416.0368751522));
#6165 = CARTESIAN_POINT('',(0.832071043446,787.38197999606,
    -415.5969451711));
#6166 = CARTESIAN_POINT('',(0.658108906412,787.46564876261,
    -415.1463727899));
#6167 = CARTESIAN_POINT('',(0.500289304297,787.56122624282,
    -414.6865105064));
#6168 = CARTESIAN_POINT('',(0.359453205908,787.66924652174,
    -414.2188011336));
#6169 = CARTESIAN_POINT('',(0.23635892445,787.79010232621,
    -413.7447581847));
#6170 = CARTESIAN_POINT('',(5.188674588409E-02,788.02611688871,
    -412.9009453115));
#6171 = CARTESIAN_POINT('',(-1.718265478158E-02,788.13577168294,
    -412.5332802678));
#6172 = CARTESIAN_POINT('',(-7.519152582938E-02,788.25302658919,
    -412.1638580778));
#6173 = CARTESIAN_POINT('',(-0.121872458192,788.37784340413,
    -411.7935940713));
#6174 = CARTESIAN_POINT('',(-0.157023525218,788.5101053078,
    -411.4234021872));
#6175 = CARTESIAN_POINT('',(-0.18050768817,788.64961503144,
    -411.0541852332));
#6176 = CARTESIAN_POINT('',(-0.192252898767,788.79609523889,
    -410.6868260352));
#6177 = CARTESIAN_POINT('',(-0.192252898767,789.1729221461,
    -409.7892928562));
#6178 = CARTESIAN_POINT('',(-0.167169393292,789.41059081496,
    -409.262654293));
#6179 = CARTESIAN_POINT('',(-0.11705849707,789.66108997903,
    -408.7448134393));
#6180 = CARTESIAN_POINT('',(-4.224865256388E-02,789.92299370088,
    -408.238152095));
#6181 = CARTESIAN_POINT('',(5.666583275852E-02,790.19458365368,
    -407.7448413445));
#6182 = CARTESIAN_POINT('',(0.178825596604,790.47389380079,
    -407.2668072297));
#6183 = CARTESIAN_POINT('',(0.323101379479,790.75877335588,
    -406.8057049608));
#6184 = CARTESIAN_POINT('',(0.584158231501,791.21479355345,
    -406.1050422871));
#6185 = CARTESIAN_POINT('',(0.687294152502,791.38381192055,
    -405.8532828748));
#6186 = CARTESIAN_POINT('',(0.797267683999,791.5536578307,
    -405.6077820145));
#6187 = CARTESIAN_POINT('',(0.913845072051,791.723962501,-405.3686716096
    ));
#6188 = CARTESIAN_POINT('',(1.036781930071,791.89435642768,
    -405.1360582591));
#6189 = CARTESIAN_POINT('',(1.165822751358,792.06447215365,
    -404.9100246376));
#6190 = CARTESIAN_POINT('',(1.300700421624,792.23394703617,
    -404.6906308737));
#6191 = CARTESIAN_POINT('',(1.761647265835,792.78694081962,
    -403.992442632));
#6192 = CARTESIAN_POINT('',(2.110913936244,793.16603642388,
    -403.5420501836));
#6193 = CARTESIAN_POINT('',(2.486100164581,793.53616120847,
    -403.1262975054));
#6194 = CARTESIAN_POINT('',(2.884439432213,793.89407382228,
    -402.7443303344));
#6195 = CARTESIAN_POINT('',(3.303209925854,794.23692813204,
    -402.3949883847));
#6196 = CARTESIAN_POINT('',(3.73970980091,794.56233571246,
    -402.0768950994));
#6197 = CARTESIAN_POINT('',(4.191232062341,794.86840587655,
    -401.7885299931));
#6198 = CARTESIAN_POINT('',(5.235181415943,795.51069596902,
    -401.2027603375));
#6199 = CARTESIAN_POINT('',(5.834097682879,795.83494716621,
    -400.9214812289));
#6200 = CARTESIAN_POINT('',(6.448061312675,796.12494470251,
    -400.6802352589));
#6201 = CARTESIAN_POINT('',(7.073767041165,796.37995640838,
    -400.475242516));
#6202 = CARTESIAN_POINT('',(7.708147497986,796.59997436472,
    -400.3031443471));
#6203 = CARTESIAN_POINT('',(8.348236833489,796.78561274435,
    -400.1609682285));
#6204 = CARTESIAN_POINT('',(8.99108136576,796.93801921004,
    -400.0460673425));
#6205 = CARTESIAN_POINT('',(10.964189601906,797.30886798594,
    -399.7696287367));
#6206 = CARTESIAN_POINT('',(12.295033149201,797.4236169753,
    -399.6896379972));
#6207 = CARTESIAN_POINT('',(13.616256187834,797.41992071274,
    -399.6927822928));
#6208 = CARTESIAN_POINT('',(14.922000440869,797.31472364699,
    -399.7666920961));
#6209 = CARTESIAN_POINT('',(16.208408093108,797.12248023746,
    -399.9043774799));
#6210 = CARTESIAN_POINT('',(17.47338333631,796.854581208,-400.1029472738
    ));
#6211 = CARTESIAN_POINT('',(18.715968285164,796.51919909094,
    -400.3630617846));
#6212 = CARTESIAN_POINT('',(20.660040722632,795.88511356318,
    -400.8844453754));
#6213 = CARTESIAN_POINT('',(21.375150005529,795.62703360116,
    -401.102217221));
#6214 = CARTESIAN_POINT('',(22.080726671901,795.3485238506,
    -401.3443241765));
#6215 = CARTESIAN_POINT('',(22.777539382833,795.04989183116,
    -401.612787612));
#6216 = CARTESIAN_POINT('',(23.465354899167,794.73120918665,
    -401.9102848324));
#6217 = CARTESIAN_POINT('',(24.142583819251,794.39261892178,
    -402.2400831636));
#6218 = CARTESIAN_POINT('',(24.805934117734,794.03463315327,
    -402.6059736732));
#6219 = CARTESIAN_POINT('',(25.630776043244,793.55285095293,
    -403.1261497886));
#6220 = CARTESIAN_POINT('',(25.810132431081,793.44577106416,
    -403.2433862831));
#6221 = CARTESIAN_POINT('',(25.988107400641,793.33712770801,
    -403.364059959));
#6222 = CARTESIAN_POINT('',(26.164643199195,793.22689347866,
    -403.4883389272));
#6223 = CARTESIAN_POINT('',(26.339650570414,793.11504965308,
    -403.6163954307));
#6224 = CARTESIAN_POINT('',(26.513008955559,793.00158670895,
    -403.7484061347));
#6225 = CARTESIAN_POINT('',(26.684566694673,792.88650484249,
    -403.8845524161));
#6226 = CARTESIAN_POINT('',(27.031162556828,792.64799972118,
    -404.1716574964));
#6227 = CARTESIAN_POINT('',(27.205984943987,792.52445814698,
    -404.3229728436));
#6228 = CARTESIAN_POINT('',(27.378521834553,792.39911982351,
    -404.4792754662));
#6229 = CARTESIAN_POINT('',(27.548617452128,792.27193773883,
    -404.6408765763));
#6230 = CARTESIAN_POINT('',(27.716047150395,792.14288871215,
    -404.808090223));
#6231 = CARTESIAN_POINT('',(27.880517764896,792.01197429668,
    -404.9812336879));
#6232 = CARTESIAN_POINT('',(28.041667964813,791.87922168255,
    -405.1606278801));
#6233 = CARTESIAN_POINT('',(28.419263813185,791.55647430372,
    -405.6067597635));
#6234 = CARTESIAN_POINT('',(28.632396622213,791.36453549124,
    -405.8801172564));
#6235 = CARTESIAN_POINT('',(28.837342295788,791.16892805153,
    -406.1677163794));
#6236 = CARTESIAN_POINT('',(29.03263073582,790.96985011813,
    -406.4705972341));
#6237 = CARTESIAN_POINT('',(29.216440820325,790.76765318914,
    -406.7897816255));
#6238 = CARTESIAN_POINT('',(29.386592741545,790.56285328346,
    -407.1262587134));
#6239 = CARTESIAN_POINT('',(29.540538344021,790.35613813266,
    -407.4809685477));
#6240 = CARTESIAN_POINT('',(29.675349462624,790.14837040869,
    -407.8547834846));
#6241 = PCURVE('',#4306,#6242);
#6242 = DEFINITIONAL_REPRESENTATION('',(#6243),#6400);
#6243 = B_SPLINE_CURVE_WITH_KNOTS('',8,(#6244,#6245,#6246,#6247,#6248,
    #6249,#6250,#6251,#6252,#6253,#6254,#6255,#6256,#6257,#6258,#6259,
    #6260,#6261,#6262,#6263,#6264,#6265,#6266,#6267,#6268,#6269,#6270,
    #6271,#6272,#6273,#6274,#6275,#6276,#6277,#6278,#6279,#6280,#6281,
    #6282,#6283,#6284,#6285,#6286,#6287,#6288,#6289,#6290,#6291,#6292,
    #6293,#6294,#6295,#6296,#6297,#6298,#6299,#6300,#6301,#6302,#6303,
    #6304,#6305,#6306,#6307,#6308,#6309,#6310,#6311,#6312,#6313,#6314,
    #6315,#6316,#6317,#6318,#6319,#6320,#6321,#6322,#6323,#6324,#6325,
    #6326,#6327,#6328,#6329,#6330,#6331,#6332,#6333,#6334,#6335,#6336,
    #6337,#6338,#6339,#6340,#6341,#6342,#6343,#6344,#6345,#6346,#6347,
    #6348,#6349,#6350,#6351,#6352,#6353,#6354,#6355,#6356,#6357,#6358,
    #6359,#6360,#6361,#6362,#6363,#6364,#6365,#6366,#6367,#6368,#6369,
    #6370,#6371,#6372,#6373,#6374,#6375,#6376,#6377,#6378,#6379,#6380,
    #6381,#6382,#6383,#6384,#6385,#6386,#6387,#6388,#6389,#6390,#6391,
    #6392,#6393,#6394,#6395,#6396,#6397,#6398,#6399),.UNSPECIFIED.,.F.,
  .F.,(9,7,7,7,7,7,7,7,7,7,7,7,7,7,7,7,7,7,7,7,7,7,9),(0.,
    1.427192717553E-02,2.445125058024E-02,3.879116749392E-02,
    6.135048718673E-02,8.478747435826E-02,0.108552374593,0.131063494503,
    0.209828059066,0.344909262048,0.409829832029,0.462253113208,
    0.497574159397,0.524499697827,0.563848099619,0.586762008544,
    0.639057774561,0.704470734473,0.839903806489,0.920632611011,
    0.943281207429,0.966924407654,1.),.UNSPECIFIED.);
#6244 = CARTESIAN_POINT('',(-8.881784197001E-16,-129.0027758905));
#6245 = CARTESIAN_POINT('',(-1.445471392859E-02,-128.95549152));
#6246 = CARTESIAN_POINT('',(-2.912153887723E-02,-128.911075071));
#6247 = CARTESIAN_POINT('',(-4.398612743776E-02,-128.8697884094));
#6248 = CARTESIAN_POINT('',(-5.903500719748E-02,-128.8318748281));
#6249 = CARTESIAN_POINT('',(-7.425550702237E-02,-128.797558816));
#6250 = CARTESIAN_POINT('',(-8.963568334036E-02,-128.7670458267));
#6251 = CARTESIAN_POINT('',(-0.105164246425,-128.7405220478));
#6252 = CARTESIAN_POINT('',(-0.132004291314,-128.7022004819));
#6253 = CARTESIAN_POINT('',(-0.14324334382,-128.6883677047));
#6254 = CARTESIAN_POINT('',(-0.154536865781,-128.6767231194));
#6255 = CARTESIAN_POINT('',(-0.165874208479,-128.6673209467));
#6256 = CARTESIAN_POINT('',(-0.177244852894,-128.660202347));
#6257 = CARTESIAN_POINT('',(-0.188638409701,-128.6553954204));
#6258 = CARTESIAN_POINT('',(-0.200044619275,-128.6529152064));
#6259 = CARTESIAN_POINT('',(-0.227525173782,-128.6525502303));
#6260 = CARTESIAN_POINT('',(-0.243589063207,-128.656958174));
#6261 = CARTESIAN_POINT('',(-0.259619040807,-128.6659803169));
#6262 = CARTESIAN_POINT('',(-0.275588942178,-128.6795618263));
#6263 = CARTESIAN_POINT('',(-0.291472191757,-128.69760041));
#6264 = CARTESIAN_POINT('',(-0.307241576915,-128.7199464904));
#6265 = CARTESIAN_POINT('',(-0.322869022053,-128.7464033793));
#6266 = CARTESIAN_POINT('',(-0.362641021697,-128.8244327816));
#6267 = CARTESIAN_POINT('',(-0.386498906074,-128.8816419673));
#6268 = CARTESIAN_POINT('',(-0.40989357828,-128.9475682534));
#6269 = CARTESIAN_POINT('',(-0.432817447655,-129.0214124365));
#6270 = CARTESIAN_POINT('',(-0.455260651997,-129.1023637979));
#6271 = CARTESIAN_POINT('',(-0.477210939137,-129.1896010357));
#6272 = CARTESIAN_POINT('',(-0.498653548506,-129.2822931966));
#6273 = CARTESIAN_POINT('',(-0.541302431323,-129.4806937523));
#6274 = CARTESIAN_POINT('',(-0.562519278963,-129.5870112024));
#6275 = CARTESIAN_POINT('',(-0.58324601532,-129.6978796077));
#6276 = CARTESIAN_POINT('',(-0.603507504828,-129.8127107016));
#6277 = CARTESIAN_POINT('',(-0.623329383178,-129.9309993863));
#6278 = CARTESIAN_POINT('',(-0.642738343828,-130.052321818));
#6279 = CARTESIAN_POINT('',(-0.661762424511,-130.1763334914));
#6280 = CARTESIAN_POINT('',(-0.699361364047,-130.4309701279));
#6281 = CARTESIAN_POINT('',(-0.717929501472,-130.5616854691));
#6282 = CARTESIAN_POINT('',(-0.736155733242,-130.6945646333));
#6283 = CARTESIAN_POINT('',(-0.754060323463,-130.8293134639));
#6284 = CARTESIAN_POINT('',(-0.771664107234,-130.965691694));
#6285 = CARTESIAN_POINT('',(-0.78898882477,-131.1035122762));
#6286 = CARTESIAN_POINT('',(-0.806057455521,-131.2426407139));
#6287 = CARTESIAN_POINT('',(-0.838843363364,-131.5159433389));
#6288 = CARTESIAN_POINT('',(-0.854581034989,-131.6499634578));
#6289 = CARTESIAN_POINT('',(-0.870119097122,-131.7849051192));
#6290 = CARTESIAN_POINT('',(-0.885469170424,-131.9206419547));
#6291 = CARTESIAN_POINT('',(-0.900643104999,-132.0570704808));
#6292 = CARTESIAN_POINT('',(-0.915653119134,-132.194109723));
#6293 = CARTESIAN_POINT('',(-0.930511938049,-132.3317008405));
#6294 = CARTESIAN_POINT('',(-0.996740486838,-132.9530280143));
#6295 = CARTESIAN_POINT('',(-1.046696375047,-133.4438245385));
#6296 = CARTESIAN_POINT('',(-1.095348151131,-133.9377673745));
#6297 = CARTESIAN_POINT('',(-1.142942093699,-134.4319021851));
#6298 = CARTESIAN_POINT('',(-1.189731454817,-134.9244215252));
#6299 = CARTESIAN_POINT('',(-1.235979300907,-135.4143197408));
#6300 = CARTESIAN_POINT('',(-1.281959024006,-135.9010444125));
#6301 = CARTESIAN_POINT('',(-1.406839717192,-137.2126983697));
#6302 = CARTESIAN_POINT('',(-1.485418125186,-138.0268854177));
#6303 = CARTESIAN_POINT('',(-1.564637010603,-138.8195420598));
#6304 = CARTESIAN_POINT('',(-1.645351841726,-139.5834834656));
#6305 = CARTESIAN_POINT('',(-1.728387867104,-140.309596372));
#6306 = CARTESIAN_POINT('',(-1.814648579584,-140.9868370257));
#6307 = CARTESIAN_POINT('',(-1.905159546698,-141.6029925965));
#6308 = CARTESIAN_POINT('',(-2.047574748279,-142.4090931492));
#6309 = CARTESIAN_POINT('',(-2.095133740835,-142.6543005846));
#6310 = CARTESIAN_POINT('',(-2.144051939159,-142.8811031764));
#6311 = CARTESIAN_POINT('',(-2.194378095669,-143.087997205));
#6312 = CARTESIAN_POINT('',(-2.246179800787,-143.2739897307));
#6313 = CARTESIAN_POINT('',(-2.299543761179,-143.4386403891));
#6314 = CARTESIAN_POINT('',(-2.354578086931,-143.5820825465));
#6315 = CARTESIAN_POINT('',(-2.457313607795,-143.8042987362));
#6316 = CARTESIAN_POINT('',(-2.504359746724,-143.890146985));
#6317 = CARTESIAN_POINT('',(-2.552537941456,-143.9627831585));
#6318 = CARTESIAN_POINT('',(-2.601836554098,-144.0228199741));
#6319 = CARTESIAN_POINT('',(-2.652248722176,-144.0712227097));
#6320 = CARTESIAN_POINT('',(-2.703771754363,-144.1092399153));
#6321 = CARTESIAN_POINT('',(-2.756406571614,-144.1383103966));
#6322 = CARTESIAN_POINT('',(-2.846372557629,-144.1745241276));
#6323 = CARTESIAN_POINT('',(-2.883096114458,-144.1857276618));
#6324 = CARTESIAN_POINT('',(-2.920292010002,-144.1940041348));
#6325 = CARTESIAN_POINT('',(-2.957926433276,-144.1998382341));
#6326 = CARTESIAN_POINT('',(-2.995967504737,-144.2037212983));
#6327 = CARTESIAN_POINT('',(-3.034384984991,-144.2061234664));
#6328 = CARTESIAN_POINT('',(-3.073149803939,-144.2074689516));
#6329 = CARTESIAN_POINT('',(-3.142027181011,-144.2086064957));
#6330 = CARTESIAN_POINT('',(-3.171997423292,-144.2086916579));
#6331 = CARTESIAN_POINT('',(-3.20211417911,-144.2085281326));
#6332 = CARTESIAN_POINT('',(-3.232348377095,-144.2082524766));
#6333 = CARTESIAN_POINT('',(-3.262671580836,-144.2079721988));
#6334 = CARTESIAN_POINT('',(-3.293055711532,-144.2077607693));
#6335 = CARTESIAN_POINT('',(-3.323472745102,-144.207655034));
#6336 = CARTESIAN_POINT('',(-3.398351911093,-144.207655034));
#6337 = CARTESIAN_POINT('',(-3.442781328937,-144.2078807895));
#6338 = CARTESIAN_POINT('',(-3.487102713373,-144.208332083));
#6339 = CARTESIAN_POINT('',(-3.53123787744,-144.2088405119));
#6340 = CARTESIAN_POINT('',(-3.575108245926,-144.2090728184));
#6341 = CARTESIAN_POINT('',(-3.618633030967,-144.2085544228));
#6342 = CARTESIAN_POINT('',(-3.661727708434,-144.2067131586));
#6343 = CARTESIAN_POINT('',(-3.729095712092,-144.2007478432));
#6344 = CARTESIAN_POINT('',(-3.753722569861,-144.1978974733));
#6345 = CARTESIAN_POINT('',(-3.778177017445,-144.1942705492));
#6346 = CARTESIAN_POINT('',(-3.802452647971,-144.1897391025));
#6347 = CARTESIAN_POINT('',(-3.826542903459,-144.1841716471));
#6348 = CARTESIAN_POINT('',(-3.850440979608,-144.1774360778));
#6349 = CARTESIAN_POINT('',(-3.874139730583,-144.169402568));
#6350 = CARTESIAN_POINT('',(-3.951246342897,-144.1383650811));
#6351 = CARTESIAN_POINT('',(-4.003751071306,-144.1093867656));
#6352 = CARTESIAN_POINT('',(-4.055149693933,-144.0715105966));
#6353 = CARTESIAN_POINT('',(-4.105443074688,-144.02330843));
#6354 = CARTESIAN_POINT('',(-4.15462849778,-143.9635402214));
#6355 = CARTESIAN_POINT('',(-4.202699115199,-143.8912459866));
#6356 = CARTESIAN_POINT('',(-4.249643350386,-143.8058144037));
#6357 = CARTESIAN_POINT('',(-4.352733273376,-143.5834634205));
#6358 = CARTESIAN_POINT('',(-4.408189452524,-143.4390991998));
#6359 = CARTESIAN_POINT('',(-4.461949871453,-143.2732057742));
#6360 = CARTESIAN_POINT('',(-4.514125156865,-143.0856450578));
#6361 = CARTESIAN_POINT('',(-4.564803964275,-142.8768698285));
#6362 = CARTESIAN_POINT('',(-4.614055376457,-142.6479012408));
#6363 = CARTESIAN_POINT('',(-4.661929222297,-142.4002845211));
#6364 = CARTESIAN_POINT('',(-4.804781349434,-141.588887072));
#6365 = CARTESIAN_POINT('',(-4.895423641882,-140.9698521756));
#6366 = CARTESIAN_POINT('',(-4.981813155019,-140.2896551983));
#6367 = CARTESIAN_POINT('',(-5.064980478122,-139.5606017657));
#6368 = CARTESIAN_POINT('',(-5.145834321432,-138.7937873887));
#6369 = CARTESIAN_POINT('',(-5.225206768898,-137.9983404179));
#6370 = CARTESIAN_POINT('',(-5.303961641564,-137.1814384302));
#6371 = CARTESIAN_POINT('',(-5.430205941374,-135.854839538));
#6372 = CARTESIAN_POINT('',(-5.477331741973,-135.3558423359));
#6373 = CARTESIAN_POINT('',(-5.524752371982,-134.8536584323));
#6374 = CARTESIAN_POINT('',(-5.572769510398,-134.3488080182));
#6375 = CARTESIAN_POINT('',(-5.621671341885,-133.8423569282));
#6376 = CARTESIAN_POINT('',(-5.671733258949,-133.3363197209));
#6377 = CARTESIAN_POINT('',(-5.723221406415,-132.8340511266));
#6378 = CARTESIAN_POINT('',(-5.791322974785,-132.202173535));
#6379 = CARTESIAN_POINT('',(-5.806389379561,-132.0643118405));
#6380 = CARTESIAN_POINT('',(-5.821616351159,-131.9270641207));
#6381 = CARTESIAN_POINT('',(-5.837017473727,-131.7904941879));
#6382 = CARTESIAN_POINT('',(-5.852605769309,-131.654690271));
#6383 = CARTESIAN_POINT('',(-5.868393850164,-131.5197654189));
#6384 = CARTESIAN_POINT('',(-5.884394071106,-131.3858579027));
#6385 = CARTESIAN_POINT('',(-5.917555789656,-131.1145767143));
#6386 = CARTESIAN_POINT('',(-5.934733804225,-130.9773386275));
#6387 = CARTESIAN_POINT('',(-5.952178029407,-130.8415090296));
#6388 = CARTESIAN_POINT('',(-5.969912124995,-130.7072340835));
#6389 = CARTESIAN_POINT('',(-5.987958455927,-130.5747151083));
#6390 = CARTESIAN_POINT('',(-6.006338441502,-130.444209245));
#6391 = CARTESIAN_POINT('',(-6.025072904604,-130.3160301211));
#6392 = CARTESIAN_POINT('',(-6.07091562817,-130.0150063574));
#6393 = CARTESIAN_POINT('',(-6.098416392939,-129.8445234224));
#6394 = CARTESIAN_POINT('',(-6.126754486929,-129.6800720763));
#6395 = CARTESIAN_POINT('',(-6.155994958399,-129.5229093622));
#6396 = CARTESIAN_POINT('',(-6.186199107818,-129.3745878092));
#6397 = CARTESIAN_POINT('',(-6.217425978057,-129.2369634271));
#6398 = CARTESIAN_POINT('',(-6.249734359082,-129.1122008873));
#6399 = CARTESIAN_POINT('',(-6.28318530718,-129.0027758905));
#6400 = ( GEOMETRIC_REPRESENTATION_CONTEXT(2) 
PARAMETRIC_REPRESENTATION_CONTEXT() REPRESENTATION_CONTEXT('2D SPACE',''
  ) );
#6401 = PCURVE('',#6402,#6407);
#6402 = CYLINDRICAL_SURFACE('',#6403,25.);
#6403 = AXIS2_PLACEMENT_3D('',#6404,#6405,#6406);
#6404 = CARTESIAN_POINT('',(-50.,812.,-420.));
#6405 = DIRECTION('',(-1.,-0.,0.));
#6406 = DIRECTION('',(0.,0.,1.));
#6407 = DEFINITIONAL_REPRESENTATION('',(#6408),#6565);
#6408 = B_SPLINE_CURVE_WITH_KNOTS('',8,(#6409,#6410,#6411,#6412,#6413,
    #6414,#6415,#6416,#6417,#6418,#6419,#6420,#6421,#6422,#6423,#6424,
    #6425,#6426,#6427,#6428,#6429,#6430,#6431,#6432,#6433,#6434,#6435,
    #6436,#6437,#6438,#6439,#6440,#6441,#6442,#6443,#6444,#6445,#6446,
    #6447,#6448,#6449,#6450,#6451,#6452,#6453,#6454,#6455,#6456,#6457,
    #6458,#6459,#6460,#6461,#6462,#6463,#6464,#6465,#6466,#6467,#6468,
    #6469,#6470,#6471,#6472,#6473,#6474,#6475,#6476,#6477,#6478,#6479,
    #6480,#6481,#6482,#6483,#6484,#6485,#6486,#6487,#6488,#6489,#6490,
    #6491,#6492,#6493,#6494,#6495,#6496,#6497,#6498,#6499,#6500,#6501,
    #6502,#6503,#6504,#6505,#6506,#6507,#6508,#6509,#6510,#6511,#6512,
    #6513,#6514,#6515,#6516,#6517,#6518,#6519,#6520,#6521,#6522,#6523,
    #6524,#6525,#6526,#6527,#6528,#6529,#6530,#6531,#6532,#6533,#6534,
    #6535,#6536,#6537,#6538,#6539,#6540,#6541,#6542,#6543,#6544,#6545,
    #6546,#6547,#6548,#6549,#6550,#6551,#6552,#6553,#6554,#6555,#6556,
    #6557,#6558,#6559,#6560,#6561,#6562,#6563,#6564),.UNSPECIFIED.,.T.,
  .F.,(9,7,7,7,7,7,7,7,7,7,7,7,7,7,7,7,7,7,7,7,7,7,9),(0.,
    1.427192717553E-02,2.445125058024E-02,3.879116749392E-02,
    6.135048718673E-02,8.478747435826E-02,0.108552374593,0.131063494503,
    0.209828059066,0.344909262048,0.409829832029,0.462253113208,
    0.497574159397,0.524499697827,0.563848099619,0.586762008544,
    0.639057774561,0.704470734473,0.839903806489,0.920632611011,
    0.943281207429,0.966924407654,1.),.UNSPECIFIED.);
#6409 = CARTESIAN_POINT('',(-1.063508224753,-79.67534946262));
#6410 = CARTESIAN_POINT('',(-1.070900427849,-79.73360360083));
#6411 = CARTESIAN_POINT('',(-1.078420543715,-79.78827987459));
#6412 = CARTESIAN_POINT('',(-1.08606043143,-79.83906551579));
#6413 = CARTESIAN_POINT('',(-1.093812100579,-79.88567097552));
#6414 = CARTESIAN_POINT('',(-1.101667701372,-79.92782976253));
#6415 = CARTESIAN_POINT('',(-1.109619514751,-79.96529828175));
#6416 = CARTESIAN_POINT('',(-1.117659942512,-79.99785567279));
#6417 = CARTESIAN_POINT('',(-1.131574123234,-80.04488066958));
#6418 = CARTESIAN_POINT('',(-1.137405551647,-80.06185013082));
#6419 = CARTESIAN_POINT('',(-1.143269453875,-80.07613188549));
#6420 = CARTESIAN_POINT('',(-1.149159535419,-80.08766135117));
#6421 = CARTESIAN_POINT('',(-1.155069536052,-80.09638950962));
#6422 = CARTESIAN_POINT('',(-1.160993229824,-80.10228290676));
#6423 = CARTESIAN_POINT('',(-1.166924425059,-80.10532365272));
#6424 = CARTESIAN_POINT('',(-1.18121430965,-80.10577112022));
#6425 = CARTESIAN_POINT('',(-1.189567624949,-80.10036684921));
#6426 = CARTESIAN_POINT('',(-1.197901001049,-80.08930565902));
#6427 = CARTESIAN_POINT('',(-1.206198441195,-80.07265271674));
#6428 = CARTESIAN_POINT('',(-1.214443822947,-80.05052944248));
#6429 = CARTESIAN_POINT('',(-1.222620860039,-80.0231136455));
#6430 = CARTESIAN_POINT('',(-1.230713064249,-79.99063966041));
#6431 = CARTESIAN_POINT('',(-1.251274454464,-79.89481128045));
#6432 = CARTESIAN_POINT('',(-1.263576104359,-79.82450826537));
#6433 = CARTESIAN_POINT('',(-1.275599599061,-79.74342433521));
#6434 = CARTESIAN_POINT('',(-1.287335982481,-79.65250496032));
#6435 = CARTESIAN_POINT('',(-1.298776340788,-79.55270782682));
#6436 = CARTESIAN_POINT('',(-1.309911742847,-79.44500447921));
#6437 = CARTESIAN_POINT('',(-1.320733180666,-79.330381963));
#6438 = CARTESIAN_POINT('',(-1.342138275198,-79.08461747553));
#6439 = CARTESIAN_POINT('',(-1.352722515841,-78.95270541592));
#6440 = CARTESIAN_POINT('',(-1.362995487596,-78.81489962976));
#6441 = CARTESIAN_POINT('',(-1.372969262417,-78.67189034452));
#6442 = CARTESIAN_POINT('',(-1.38265667551,-78.52426831638));
#6443 = CARTESIAN_POINT('',(-1.392071272449,-78.37252647275));
#6444 = CARTESIAN_POINT('',(-1.401227256288,-78.21706155486));
#6445 = CARTESIAN_POINT('',(-1.419176305697,-77.89706695264));
#6446 = CARTESIAN_POINT('',(-1.427964075605,-77.73241301293));
#6447 = CARTESIAN_POINT('',(-1.436512927929,-77.56461642186));
#6448 = CARTESIAN_POINT('',(-1.444833240435,-77.39401487131));
#6449 = CARTESIAN_POINT('',(-1.452935620654,-77.220880909));
#6450 = CARTESIAN_POINT('',(-1.460830941412,-77.04542158319));
#6451 = CARTESIAN_POINT('',(-1.468530376351,-76.86777808741));
#6452 = CARTESIAN_POINT('',(-1.483164017704,-76.51775605222));
#6453 = CARTESIAN_POINT('',(-1.490115650496,-76.3456302709));
#6454 = CARTESIAN_POINT('',(-1.496905987301,-76.17181357351));
#6455 = CARTESIAN_POINT('',(-1.503540661388,-75.99644334495));
#6456 = CARTESIAN_POINT('',(-1.510025297361,-75.81962865635));
#6457 = CARTESIAN_POINT('',(-1.51636552268,-75.64145007879));
#6458 = CARTESIAN_POINT('',(-1.522566979186,-75.46195949699));
#6459 = CARTESIAN_POINT('',(-1.549868013208,-74.64864700223));
#6460 = CARTESIAN_POINT('',(-1.569527101062,-73.99866706904));
#6461 = CARTESIAN_POINT('',(-1.587712428609,-73.33587053995));
#6462 = CARTESIAN_POINT('',(-1.604517034559,-72.66310306121));
#6463 = CARTESIAN_POINT('',(-1.620023052567,-71.98174025076));
#6464 = CARTESIAN_POINT('',(-1.634295342813,-71.29199755806));
#6465 = CARTESIAN_POINT('',(-1.647373718426,-70.59324221364));
#6466 = CARTESIAN_POINT('',(-1.679657503256,-68.66850299251));
#6467 = CARTESIAN_POINT('',(-1.696465813786,-67.42824948686));
#6468 = CARTESIAN_POINT('',(-1.709650893955,-66.1657144789));
#6469 = CARTESIAN_POINT('',(-1.718966896478,-64.88189747829));
#6470 = CARTESIAN_POINT('',(-1.723977877734,-63.57893100279));
#6471 = CARTESIAN_POINT('',(-1.724044371954,-62.2606920221));
#6472 = CARTESIAN_POINT('',(-1.718340123836,-60.9330373702));
#6473 = CARTESIAN_POINT('',(-1.699728885911,-58.96809846789));
#6474 = CARTESIAN_POINT('',(-1.692099192531,-58.33012979659));
#6475 = CARTESIAN_POINT('',(-1.682774291229,-57.69493747357));
#6476 = CARTESIAN_POINT('',(-1.671655242096,-57.06541571492));
#6477 = CARTESIAN_POINT('',(-1.658650712496,-56.44446945154));
#6478 = CARTESIAN_POINT('',(-1.643676132678,-55.83510158627));
#6479 = CARTESIAN_POINT('',(-1.62665218169,-55.24054510345));
#6480 = CARTESIAN_POINT('',(-1.592039342596,-54.19923588622));
#6481 = CARTESIAN_POINT('',(-1.575199279916,-53.74634014272));
#6482 = CARTESIAN_POINT('',(-1.556973735628,-53.30851040239));
#6483 = CARTESIAN_POINT('',(-1.537367841189,-52.88847330439));
#6484 = CARTESIAN_POINT('',(-1.516399365455,-52.48895034787));
#6485 = CARTESIAN_POINT('',(-1.494097824555,-52.1126833303));
#6486 = CARTESIAN_POINT('',(-1.470503875595,-51.76245940125));
#6487 = CARTESIAN_POINT('',(-1.428936085228,-51.22463863471));
#6488 = CARTESIAN_POINT('',(-1.411639083341,-51.02125101814));
#6489 = CARTESIAN_POINT('',(-1.393810834469,-50.83207104344));
#6490 = CARTESIAN_POINT('',(-1.375487729187,-50.65810890641));
#6491 = CARTESIAN_POINT('',(-1.356709003003,-50.50028930429));
#6492 = CARTESIAN_POINT('',(-1.337516261258,-50.3594532059));
#6493 = CARTESIAN_POINT('',(-1.317953228637,-50.23635892445));
#6494 = CARTESIAN_POINT('',(-1.282905306277,-50.05188674588));
#6495 = CARTESIAN_POINT('',(-1.267560801054,-49.98281734521));
#6496 = CARTESIAN_POINT('',(-1.252061413694,-49.92480847417));
#6497 = CARTESIAN_POINT('',(-1.236436958553,-49.8781275418));
#6498 = CARTESIAN_POINT('',(-1.220717700842,-49.84297647478));
#6499 = CARTESIAN_POINT('',(-1.204934231334,-49.81949231183));
#6500 = CARTESIAN_POINT('',(-1.189117373225,-49.80774710123));
#6501 = CARTESIAN_POINT('',(-1.150180206909,-49.80774710123));
#6502 = CARTESIAN_POINT('',(-1.127076902276,-49.8328306067));
#6503 = CARTESIAN_POINT('',(-1.104080601568,-49.88294150293));
#6504 = CARTESIAN_POINT('',(-1.081282427516,-49.95775134743));
#6505 = CARTESIAN_POINT('',(-1.058772087459,-50.05666583275));
#6506 = CARTESIAN_POINT('',(-1.036637337544,-50.1788255966));
#6507 = CARTESIAN_POINT('',(-1.014963054913,-50.32310137948));
#6508 = CARTESIAN_POINT('',(-0.981523375418,-50.5841582315));
#6509 = CARTESIAN_POINT('',(-0.96939530977,-50.6872941525));
#6510 = CARTESIAN_POINT('',(-0.957456157164,-50.79726768399));
#6511 = CARTESIAN_POINT('',(-0.945715900593,-50.91384507205));
#6512 = CARTESIAN_POINT('',(-0.934184062975,-51.03678193007));
#6513 = CARTESIAN_POINT('',(-0.922869700298,-51.16582275135));
#6514 = CARTESIAN_POINT('',(-0.911781394785,-51.30070042162));
#6515 = CARTESIAN_POINT('',(-0.876155136033,-51.76164726583));
#6516 = CARTESIAN_POINT('',(-0.852617630895,-52.11091393624));
#6517 = CARTESIAN_POINT('',(-0.830365850782,-52.48610016458));
#6518 = CARTESIAN_POINT('',(-0.809440202543,-52.88443943221));
#6519 = CARTESIAN_POINT('',(-0.789870062852,-53.30320992585));
#6520 = CARTESIAN_POINT('',(-0.771673178289,-53.73970980091));
#6521 = CARTESIAN_POINT('',(-0.754854784386,-54.19123206234));
#6522 = CARTESIAN_POINT('',(-0.720083240794,-55.23518141594));
#6523 = CARTESIAN_POINT('',(-0.702918465988,-55.83409768287));
#6524 = CARTESIAN_POINT('',(-0.68783418623,-56.44806131267));
#6525 = CARTESIAN_POINT('',(-0.674749307005,-57.07376704116));
#6526 = CARTESIAN_POINT('',(-0.66357730858,-57.70814749798));
#6527 = CARTESIAN_POINT('',(-0.654224691614,-58.34823683348));
#6528 = CARTESIAN_POINT('',(-0.646590132056,-58.99108136576));
#6529 = CARTESIAN_POINT('',(-0.628088364903,-60.9641896019));
#6530 = CARTESIAN_POINT('',(-0.62249603377,-62.29503314919));
#6531 = CARTESIAN_POINT('',(-0.622687022265,-63.61625618784));
#6532 = CARTESIAN_POINT('',(-0.627831656331,-64.92200044085));
#6533 = CARTESIAN_POINT('',(-0.637289099176,-66.20840809312));
#6534 = CARTESIAN_POINT('',(-0.650624272337,-67.4733833363));
#6535 = CARTESIAN_POINT('',(-0.667594552088,-68.71596828516));
#6536 = CARTESIAN_POINT('',(-0.700431246324,-70.66004072263));
#6537 = CARTESIAN_POINT('',(-0.713937474671,-71.37515000552));
#6538 = CARTESIAN_POINT('',(-0.728695953675,-72.0807266719));
#6539 = CARTESIAN_POINT('',(-0.744753734509,-72.77753938283));
#6540 = CARTESIAN_POINT('',(-0.762185324627,-73.46535489916));
#6541 = CARTESIAN_POINT('',(-0.781083375888,-74.14258381925));
#6542 = CARTESIAN_POINT('',(-0.801551234918,-74.80593411773));
#6543 = CARTESIAN_POINT('',(-0.829911694138,-75.63077604324));
#6544 = CARTESIAN_POINT('',(-0.836262665827,-75.81013243108));
#6545 = CARTESIAN_POINT('',(-0.842757369862,-75.98810740064));
#6546 = CARTESIAN_POINT('',(-0.84940191645,-76.16464319919));
#6547 = CARTESIAN_POINT('',(-0.856202383625,-76.33965057041));
#6548 = CARTESIAN_POINT('',(-0.863164830226,-76.51300895555));
#6549 = CARTESIAN_POINT('',(-0.870295308875,-76.68456669467));
#6550 = CARTESIAN_POINT('',(-0.885225226226,-77.03116255682));
#6551 = CARTESIAN_POINT('',(-0.893038658404,-77.20598494398));
#6552 = CARTESIAN_POINT('',(-0.901052145263,-77.37852183455));
#6553 = CARTESIAN_POINT('',(-0.909277274927,-77.54861745212));
#6554 = CARTESIAN_POINT('',(-0.917725292076,-77.71604715039));
#6555 = CARTESIAN_POINT('',(-0.926407136155,-77.88051776489));
#6556 = CARTESIAN_POINT('',(-0.935333479589,-78.04166796481));
#6557 = CARTESIAN_POINT('',(-0.957358902282,-78.41926381318));
#6558 = CARTESIAN_POINT('',(-0.970718099913,-78.63239662221));
#6559 = CARTESIAN_POINT('',(-0.984628090754,-78.83734229578));
#6560 = CARTESIAN_POINT('',(-0.999122250559,-79.03263073582));
#6561 = CARTESIAN_POINT('',(-1.014231235733,-79.21644082032));
#6562 = CARTESIAN_POINT('',(-1.029982724934,-79.38659274154));
#6563 = CARTESIAN_POINT('',(-1.046401265507,-79.54053834402));
#6564 = CARTESIAN_POINT('',(-1.063508224753,-79.67534946262));
#6565 = ( GEOMETRIC_REPRESENTATION_CONTEXT(2) 
PARAMETRIC_REPRESENTATION_CONTEXT() REPRESENTATION_CONTEXT('2D SPACE',''
  ) );
#6566 = ORIENTED_EDGE('',*,*,#6567,.T.);
#6567 = EDGE_CURVE('',#6081,#6568,#6570,.T.);
#6568 = VERTEX_POINT('',#6569);
#6569 = CARTESIAN_POINT('',(2.077894139624,793.10603471607,
    -403.6287423832));
#6570 = SURFACE_CURVE('',#6571,(#6628,#6723),.PCURVE_S1.);
#6571 = B_SPLINE_CURVE_WITH_KNOTS('',7,(#6572,#6573,#6574,#6575,#6576,
    #6577,#6578,#6579,#6580,#6581,#6582,#6583,#6584,#6585,#6586,#6587,
    #6588,#6589,#6590,#6591,#6592,#6593,#6594,#6595,#6596,#6597,#6598,
    #6599,#6600,#6601,#6602,#6603,#6604,#6605,#6606,#6607,#6608,#6609,
    #6610,#6611,#6612,#6613,#6614,#6615,#6616,#6617,#6618,#6619,#6620,
    #6621,#6622,#6623,#6624,#6625,#6626,#6627),.UNSPECIFIED.,.F.,.F.,(8,
    6,6,6,6,6,6,6,6,8),(3.099763494939E-02,0.880842587104,1.,
    1.198566288194,1.297577752347,1.488488854572,1.764714450389,
    1.957889403227,2.740822544926,2.937067453054),.UNSPECIFIED.);
#6572 = CARTESIAN_POINT('',(2.077894148301,787.08199170643,
    -417.9769176247));
#6573 = CARTESIAN_POINT('',(2.031771553576,786.75654379841,
    -417.3897866576));
#6574 = CARTESIAN_POINT('',(1.98933822631,786.45481450467,
    -416.7845736867));
#6575 = CARTESIAN_POINT('',(1.94977566318,786.17605658433,
    -416.1525971642));
#6576 = CARTESIAN_POINT('',(1.912907908217,785.92416422529,
    -415.4870167504));
#6577 = CARTESIAN_POINT('',(1.878946454584,785.70789023068,
    -414.7835005252));
#6578 = CARTESIAN_POINT('',(1.848374415849,785.54101991536,
    -414.0407686365));
#6579 = CARTESIAN_POINT('',(1.818270564819,785.42870569676,
    -413.1517930611));
#6580 = CARTESIAN_POINT('',(1.814647092037,785.41622500262,
    -413.0416441471));
#6581 = CARTESIAN_POINT('',(1.811104158294,785.40513097802,
    -412.9306578178));
#6582 = CARTESIAN_POINT('',(1.807644178243,785.39548294193,
    -412.8188329996));
#6583 = CARTESIAN_POINT('',(1.804269814837,785.38734335438,
    -412.7061726319));
#6584 = CARTESIAN_POINT('',(1.800983979322,785.38077781655,
    -412.592683667));
#6585 = CARTESIAN_POINT('',(1.792467039211,785.36765170885,
    -412.2878942797));
#6586 = CARTESIAN_POINT('',(1.787395544435,785.36400466612,
    -412.095019234));
#6587 = CARTESIAN_POINT('',(1.782593506052,785.36524630852,
    -411.8999155689));
#6588 = CARTESIAN_POINT('',(1.778079323377,785.3717133525,
    -411.7027537312));
#6589 = CARTESIAN_POINT('',(1.773871635915,785.38374686487,
    -411.5037109792));
#6590 = CARTESIAN_POINT('',(1.769989323352,785.40169226288,
    -411.3029713826));
#6591 = CARTESIAN_POINT('',(1.764687437131,785.43796971952,
    -410.9998797563));
#6592 = CARTESIAN_POINT('',(1.763009414338,785.45159453415,
    -410.898679725));
#6593 = CARTESIAN_POINT('',(1.761420356766,785.46681193067,
    -410.7971836222));
#6594 = CARTESIAN_POINT('',(1.759923023376,785.48365741928,
    -410.6954480506));
#6595 = CARTESIAN_POINT('',(1.758520012503,785.5021638478,
    -410.5935283219));
#6596 = CARTESIAN_POINT('',(1.757213761856,785.52236140161,
    -410.4914784564));
#6597 = CARTESIAN_POINT('',(1.753678833932,785.58653580416,
    -410.1924322676));
#6598 = CARTESIAN_POINT('',(1.751718217105,785.63520436188,
    -409.9951287345));
#6599 = CARTESIAN_POINT('',(1.750145250075,785.69042877979,
    -409.7981140719));
#6600 = CARTESIAN_POINT('',(1.748975062426,785.75226625445,
    -409.6020198035));
#6601 = CARTESIAN_POINT('',(1.748217635153,785.82068562894,
    -409.4074356067));
#6602 = CARTESIAN_POINT('',(1.747878074526,785.89556734574,
    -409.2149094287));
#6603 = CARTESIAN_POINT('',(1.748070916677,786.09409759291,
    -408.7500954974));
#6604 = CARTESIAN_POINT('',(1.749060463256,786.22411839342,
    -408.4817051445));
#6605 = CARTESIAN_POINT('',(1.750913878297,786.36607536591,
    -408.220937803));
#6606 = CARTESIAN_POINT('',(1.753605712521,786.51897196014,
    -407.9688283925));
#6607 = CARTESIAN_POINT('',(1.757094394347,786.68149985978,
    -407.7262953198));
#6608 = CARTESIAN_POINT('',(1.761319909486,786.8520333314,-407.494150304
    ));
#6609 = CARTESIAN_POINT('',(1.769615346841,787.15211977422,
    -407.1185251437));
#6610 = CARTESIAN_POINT('',(1.773354965448,787.27876059848,
    -406.9691439257));
#6611 = CARTESIAN_POINT('',(1.777402815082,787.40819497687,
    -406.8248631299));
#6612 = CARTESIAN_POINT('',(1.781741528453,787.54007781332,
    -406.6855796292));
#6613 = CARTESIAN_POINT('',(1.786353892258,787.67406998494,
    -406.5511885873));
#6614 = CARTESIAN_POINT('',(1.79122284717,787.80983834204,-406.421583459
    ));
#6615 = CARTESIAN_POINT('',(1.817036677822,788.50319418229,
    -405.7903281548));
#6616 = CARTESIAN_POINT('',(1.841790645266,789.08618754693,
    -405.3580589657));
#6617 = CARTESIAN_POINT('',(1.869757784028,789.68075584371,
    -404.9886827748));
#6618 = CARTESIAN_POINT('',(1.900395039378,790.27735768421,
    -404.671927631));
#6619 = CARTESIAN_POINT('',(1.933405783073,790.87178640342,
    -404.3986832524));
#6620 = CARTESIAN_POINT('',(1.968813548592,791.46475773991,
    -404.1612648142));
#6621 = CARTESIAN_POINT('',(2.016766201428,792.21106181379,
    -403.9016388336));
#6622 = CARTESIAN_POINT('',(2.026540626791,792.36055095715,
    -403.8515903223));
#6623 = CARTESIAN_POINT('',(2.036478874773,792.50992861717,
    -403.8034558813));
#6624 = CARTESIAN_POINT('',(2.046581620285,792.65917457837,
    -403.7571674098));
#6625 = CARTESIAN_POINT('',(2.056850241034,792.80827626525,
    -403.7126598451));
#6626 = CARTESIAN_POINT('',(2.067286817528,792.95722874231,
    -403.6698711623));
#6627 = CARTESIAN_POINT('',(2.077894133066,793.10603471406,
    -403.6287423742));
#6628 = PCURVE('',#4306,#6629);
#6629 = DEFINITIONAL_REPRESENTATION('',(#6630),#6722);
#6630 = B_SPLINE_CURVE_WITH_KNOTS('',3,(#6631,#6632,#6633,#6634,#6635,
    #6636,#6637,#6638,#6639,#6640,#6641,#6642,#6643,#6644,#6645,#6646,
    #6647,#6648,#6649,#6650,#6651,#6652,#6653,#6654,#6655,#6656,#6657,
    #6658,#6659,#6660,#6661,#6662,#6663,#6664,#6665,#6666,#6667,#6668,
    #6669,#6670,#6671,#6672,#6673,#6674,#6675,#6676,#6677,#6678,#6679,
    #6680,#6681,#6682,#6683,#6684,#6685,#6686,#6687,#6688,#6689,#6690,
    #6691,#6692,#6693,#6694,#6695,#6696,#6697,#6698,#6699,#6700,#6701,
    #6702,#6703,#6704,#6705,#6706,#6707,#6708,#6709,#6710,#6711,#6712,
    #6713,#6714,#6715,#6716,#6717,#6718,#6719,#6720,#6721),
  .UNSPECIFIED.,.F.,.F.,(4,1,1,1,1,1,1,1,1,1,1,1,1,1,1,1,1,1,1,1,1,1,1,1
    ,1,1,1,1,1,1,1,1,1,1,1,1,1,1,1,1,1,1,1,1,1,1,1,1,1,1,1,1,1,1,1,1,1,1
    ,1,1,1,1,1,1,1,1,1,1,1,1,1,1,1,1,1,1,1,1,1,1,1,1,1,1,1,1,1,1,4),(
    3.099763494939E-02,6.402115560967E-02,9.704467626996E-02,
    0.13006819693,0.163091717591,0.196115238251,0.229138758911,
    0.262162279571,0.295185800232,0.328209320892,0.361232841552,
    0.394256362213,0.427279882873,0.460303403533,0.493326924193,
    0.526350444854,0.559373965514,0.592397486174,0.625421006835,
    0.658444527495,0.691468048155,0.724491568815,0.757515089476,
    0.790538610136,0.823562130796,0.856585651457,0.889609172117,
    0.922632692777,0.955656213437,0.988679734098,1.021703254758,
    1.054726775418,1.087750296078,1.120773816739,1.153797337399,
    1.186820858059,1.21984437872,1.25286789938,1.28589142004,
    1.3189149407,1.351938461361,1.384961982021,1.417985502681,
    1.451009023342,1.484032544002,1.517056064662,1.550079585322,
    1.583103105983,1.616126626643,1.649150147303,1.682173667964,
    1.715197188624,1.748220709284,1.781244229944,1.814267750605,
    1.847291271265,1.880314791925,1.913338312586,1.946361833246,
    1.979385353906,2.012408874566,2.045432395227,2.078455915887,
    2.111479436547,2.144502957208,2.177526477868,2.210549998528,
    2.243573519188,2.276597039849,2.309620560509,2.342644081169,
    2.37566760183,2.40869112249,2.44171464315,2.47473816381,
    2.507761684471,2.540785205131,2.573808725791,2.606832246452,
    2.639855767112,2.672879287772,2.705902808432,2.738926329093,
    2.771949849753,2.804973370413,2.837996891074,2.871020411734,
    2.904043932394,2.937067453054),.QUASI_UNIFORM_KNOTS.);
#6631 = CARTESIAN_POINT('',(-2.712244580723,-144.107662544));
#6632 = CARTESIAN_POINT('',(-2.715860818575,-144.0687775015));
#6633 = CARTESIAN_POINT('',(-2.723116529436,-143.9912346862));
#6634 = CARTESIAN_POINT('',(-2.734078177605,-143.8755768956));
#6635 = CARTESIAN_POINT('',(-2.745126365506,-143.7605471099));
#6636 = CARTESIAN_POINT('',(-2.75626926592,-143.6461275817));
#6637 = CARTESIAN_POINT('',(-2.767514869373,-143.5323077054));
#6638 = CARTESIAN_POINT('',(-2.778870961412,-143.4190851038));
#6639 = CARTESIAN_POINT('',(-2.790345133794,-143.3064654717));
#6640 = CARTESIAN_POINT('',(-2.801944786863,-143.1944627495));
#6641 = CARTESIAN_POINT('',(-2.813677134614,-143.0830992059));
#6642 = CARTESIAN_POINT('',(-2.825549209388,-142.9724055414));
#6643 = CARTESIAN_POINT('',(-2.837567867034,-142.8624209837));
#6644 = CARTESIAN_POINT('',(-2.849739792372,-142.7531933821));
#6645 = CARTESIAN_POINT('',(-2.862071505015,-142.6447792994));
#6646 = CARTESIAN_POINT('',(-2.874569365576,-142.5372441015));
#6647 = CARTESIAN_POINT('',(-2.887239582297,-142.4306620452));
#6648 = CARTESIAN_POINT('',(-2.900088218104,-142.3251163632));
#6649 = CARTESIAN_POINT('',(-2.91312119821,-142.2206993473));
#6650 = CARTESIAN_POINT('',(-2.926344317924,-142.1175124307));
#6651 = CARTESIAN_POINT('',(-2.939763252157,-142.0156662617));
#6652 = CARTESIAN_POINT('',(-2.953383561157,-141.9152808003));
#6653 = CARTESIAN_POINT('',(-2.967210713057,-141.8164853201));
#6654 = CARTESIAN_POINT('',(-2.98125004657,-141.7194187529));
#6655 = CARTESIAN_POINT('',(-2.995506960104,-141.6242287473));
#6656 = CARTESIAN_POINT('',(-3.009986259071,-141.5310755136));
#6657 = CARTESIAN_POINT('',(-3.024694648232,-141.4401177999));
#6658 = CARTESIAN_POINT('',(-3.039631490102,-141.3515655466));
#6659 = CARTESIAN_POINT('',(-3.05482856097,-141.2654534865));
#6660 = CARTESIAN_POINT('',(-3.070298410582,-141.1819594325));
#6661 = CARTESIAN_POINT('',(-3.086047234505,-141.1013095058));
#6662 = CARTESIAN_POINT('',(-3.102083423705,-141.0237322147));
#6663 = CARTESIAN_POINT('',(-3.118419396063,-140.9494551218));
#6664 = CARTESIAN_POINT('',(-3.135051263832,-140.8787935588));
#6665 = CARTESIAN_POINT('',(-3.151978694169,-140.8120492289));
#6666 = CARTESIAN_POINT('',(-3.16920086026,-140.7495316712));
#6667 = CARTESIAN_POINT('',(-3.186716789035,-140.6915542303));
#6668 = CARTESIAN_POINT('',(-3.204528130536,-140.6384287148));
#6669 = CARTESIAN_POINT('',(-3.222613444356,-140.5905312128));
#6670 = CARTESIAN_POINT('',(-3.240952524701,-140.5482074102));
#6671 = CARTESIAN_POINT('',(-3.259529800794,-140.5117701698));
#6672 = CARTESIAN_POINT('',(-3.278321796317,-140.4815259644));
#6673 = CARTESIAN_POINT('',(-3.297283234013,-140.4577702112));
#6674 = CARTESIAN_POINT('',(-3.316375020936,-140.4407265536));
#6675 = CARTESIAN_POINT('',(-3.33555561536,-140.4305606041));
#6676 = CARTESIAN_POINT('',(-3.354791348043,-140.4273753867));
#6677 = CARTESIAN_POINT('',(-3.374022883505,-140.431215499));
#6678 = CARTESIAN_POINT('',(-3.39317057927,-140.4420105042));
#6679 = CARTESIAN_POINT('',(-3.412216796775,-140.4596393777));
#6680 = CARTESIAN_POINT('',(-3.431127578852,-140.4839344078));
#6681 = CARTESIAN_POINT('',(-3.449872567672,-140.5146799555));
#6682 = CARTESIAN_POINT('',(-3.468419656499,-140.5516134643));
#6683 = CARTESIAN_POINT('',(-3.486735494445,-140.5944226561));
#6684 = CARTESIAN_POINT('',(-3.504787858069,-140.6427557321));
#6685 = CARTESIAN_POINT('',(-3.522534719426,-140.6961833655));
#6686 = CARTESIAN_POINT('',(-3.539989457068,-140.7544192354));
#6687 = CARTESIAN_POINT('',(-3.557151888689,-140.8171525187));
#6688 = CARTESIAN_POINT('',(-3.574020912704,-140.8840708108));
#6689 = CARTESIAN_POINT('',(-3.590595322469,-140.9548656284));
#6690 = CARTESIAN_POINT('',(-3.606873626675,-141.0292319433));
#6691 = CARTESIAN_POINT('',(-3.622854056195,-141.1068645462));
#6692 = CARTESIAN_POINT('',(-3.638565331608,-141.1876257573));
#6693 = CARTESIAN_POINT('',(-3.654009607757,-141.2712700058));
#6694 = CARTESIAN_POINT('',(-3.669194125246,-141.3575864527));
#6695 = CARTESIAN_POINT('',(-3.684124842542,-141.4463705311));
#6696 = CARTESIAN_POINT('',(-3.698808164698,-141.5374314765));
#6697 = CARTESIAN_POINT('',(-3.71325050119,-141.6305902108));
#6698 = CARTESIAN_POINT('',(-3.727458404129,-141.7256798089));
#6699 = CARTESIAN_POINT('',(-3.741438549715,-141.8225452704));
#6700 = CARTESIAN_POINT('',(-3.755197760532,-141.9210434749));
#6701 = CARTESIAN_POINT('',(-3.768743015814,-142.0210430866));
#6702 = CARTESIAN_POINT('',(-3.782081463919,-142.1224244683));
#6703 = CARTESIAN_POINT('',(-3.795220433276,-142.2250795921));
#6704 = CARTESIAN_POINT('',(-3.80816744289,-142.3289119473));
#6705 = CARTESIAN_POINT('',(-3.820930212126,-142.4338364466));
#6706 = CARTESIAN_POINT('',(-3.833516670131,-142.5397793321));
#6707 = CARTESIAN_POINT('',(-3.84593496407,-142.6466780723));
#6708 = CARTESIAN_POINT('',(-3.858193469421,-142.7544812822));
#6709 = CARTESIAN_POINT('',(-3.870300790472,-142.863148549));
#6710 = CARTESIAN_POINT('',(-3.882265795465,-142.9726506005));
#6711 = CARTESIAN_POINT('',(-3.894097520783,-143.0829681842));
#6712 = CARTESIAN_POINT('',(-3.905805562369,-143.1940957498));
#6713 = CARTESIAN_POINT('',(-3.917398647508,-143.306027196));
#6714 = CARTESIAN_POINT('',(-3.928889996469,-143.4188085447));
#6715 = CARTESIAN_POINT('',(-3.940277343128,-143.532340828));
#6716 = CARTESIAN_POINT('',(-3.951546277203,-143.6463995816));
#6717 = CARTESIAN_POINT('',(-3.962705610788,-143.7609933898));
#6718 = CARTESIAN_POINT('',(-3.973758079627,-143.876074863));
#6719 = CARTESIAN_POINT('',(-3.984708128393,-143.9916169133));
#6720 = CARTESIAN_POINT('',(-3.991942620572,-144.0689351512));
#6721 = CARTESIAN_POINT('',(-3.995544182466,-144.107662523));
#6722 = ( GEOMETRIC_REPRESENTATION_CONTEXT(2) 
PARAMETRIC_REPRESENTATION_CONTEXT() REPRESENTATION_CONTEXT('2D SPACE',''
  ) );
#6723 = PCURVE('',#6724,#6729);
#6724 = CYLINDRICAL_SURFACE('',#6725,16.);
#6725 = AXIS2_PLACEMENT_3D('',#6726,#6727,#6728);
#6726 = CARTESIAN_POINT('',(-85.,681.,-365.));
#6727 = DIRECTION('',(-0.51340073478,-0.791241132425,0.332200475446));
#6728 = DIRECTION('',(0.838882261035,-0.544312917466,0.));
#6729 = DEFINITIONAL_REPRESENTATION('',(#6730),#6822);
#6730 = B_SPLINE_CURVE_WITH_KNOTS('',3,(#6731,#6732,#6733,#6734,#6735,
    #6736,#6737,#6738,#6739,#6740,#6741,#6742,#6743,#6744,#6745,#6746,
    #6747,#6748,#6749,#6750,#6751,#6752,#6753,#6754,#6755,#6756,#6757,
    #6758,#6759,#6760,#6761,#6762,#6763,#6764,#6765,#6766,#6767,#6768,
    #6769,#6770,#6771,#6772,#6773,#6774,#6775,#6776,#6777,#6778,#6779,
    #6780,#6781,#6782,#6783,#6784,#6785,#6786,#6787,#6788,#6789,#6790,
    #6791,#6792,#6793,#6794,#6795,#6796,#6797,#6798,#6799,#6800,#6801,
    #6802,#6803,#6804,#6805,#6806,#6807,#6808,#6809,#6810,#6811,#6812,
    #6813,#6814,#6815,#6816,#6817,#6818,#6819,#6820,#6821),
  .UNSPECIFIED.,.F.,.F.,(4,1,1,1,1,1,1,1,1,1,1,1,1,1,1,1,1,1,1,1,1,1,1,1
    ,1,1,1,1,1,1,1,1,1,1,1,1,1,1,1,1,1,1,1,1,1,1,1,1,1,1,1,1,1,1,1,1,1,1
    ,1,1,1,1,1,1,1,1,1,1,1,1,1,1,1,1,1,1,1,1,1,1,1,1,1,1,1,1,1,1,4),(
    3.099763494939E-02,6.402115560967E-02,9.704467626996E-02,
    0.13006819693,0.163091717591,0.196115238251,0.229138758911,
    0.262162279571,0.295185800232,0.328209320892,0.361232841552,
    0.394256362213,0.427279882873,0.460303403533,0.493326924193,
    0.526350444854,0.559373965514,0.592397486174,0.625421006835,
    0.658444527495,0.691468048155,0.724491568815,0.757515089476,
    0.790538610136,0.823562130796,0.856585651457,0.889609172117,
    0.922632692777,0.955656213437,0.988679734098,1.021703254758,
    1.054726775418,1.087750296078,1.120773816739,1.153797337399,
    1.186820858059,1.21984437872,1.25286789938,1.28589142004,
    1.3189149407,1.351938461361,1.384961982021,1.417985502681,
    1.451009023342,1.484032544002,1.517056064662,1.550079585322,
    1.583103105983,1.616126626643,1.649150147303,1.682173667964,
    1.715197188624,1.748220709284,1.781244229944,1.814267750605,
    1.847291271265,1.880314791925,1.913338312586,1.946361833246,
    1.979385353906,2.012408874566,2.045432395227,2.078455915887,
    2.111479436547,2.144502957208,2.177526477868,2.210549998528,
    2.243573519188,2.276597039849,2.309620560509,2.342644081169,
    2.37566760183,2.40869112249,2.44171464315,2.47473816381,
    2.507761684471,2.540785205131,2.573808725791,2.606832246452,
    2.639855767112,2.672879287772,2.705902808432,2.738926329093,
    2.771949849753,2.804973370413,2.837996891074,2.871020411734,
    2.904043932394,2.937067453054),.QUASI_UNIFORM_KNOTS.);
#6731 = CARTESIAN_POINT('',(-6.578729110935,-146.241247309));
#6732 = CARTESIAN_POINT('',(-6.576035319341,-146.1980683797));
#6733 = CARTESIAN_POINT('',(-6.570620733839,-146.1120174905));
#6734 = CARTESIAN_POINT('',(-6.562411739762,-145.9838282711));
#6735 = CARTESIAN_POINT('',(-6.554109488461,-145.8564888647));
#6736 = CARTESIAN_POINT('',(-6.545707952329,-145.7299742474));
#6737 = CARTESIAN_POINT('',(-6.537201183288,-145.6042675169));
#6738 = CARTESIAN_POINT('',(-6.528583326429,-145.4793610808));
#6739 = CARTESIAN_POINT('',(-6.519848620315,-145.3552564124));
#6740 = CARTESIAN_POINT('',(-6.510991400358,-145.2319641903));
#6741 = CARTESIAN_POINT('',(-6.502006100862,-145.1095043359));
#6742 = CARTESIAN_POINT('',(-6.492887256899,-144.9879060779));
#6743 = CARTESIAN_POINT('',(-6.483629505708,-144.8672080101));
#6744 = CARTESIAN_POINT('',(-6.474227587679,-144.747458151));
#6745 = CARTESIAN_POINT('',(-6.464676346902,-144.6287140033));
#6746 = CARTESIAN_POINT('',(-6.454970731284,-144.5110426141));
#6747 = CARTESIAN_POINT('',(-6.445105792199,-144.3945206345));
#6748 = CARTESIAN_POINT('',(-6.435076683715,-144.2792343808));
#6749 = CARTESIAN_POINT('',(-6.424878661283,-144.1652798947));
#6750 = CARTESIAN_POINT('',(-6.414507080198,-144.0527630057));
#6751 = CARTESIAN_POINT('',(-6.403957392663,-143.941799388));
#6752 = CARTESIAN_POINT('',(-6.393225147822,-143.8325146427));
#6753 = CARTESIAN_POINT('',(-6.382305978353,-143.7250442827));
#6754 = CARTESIAN_POINT('',(-6.371195634886,-143.6195340887));
#6755 = CARTESIAN_POINT('',(-6.359889839538,-143.5161390773));
#6756 = CARTESIAN_POINT('',(-6.348384812075,-143.4150276552));
#6757 = CARTESIAN_POINT('',(-6.336675283344,-143.3163664204));
#6758 = CARTESIAN_POINT('',(-6.324761883859,-143.2203771922));
#6759 = CARTESIAN_POINT('',(-6.312619388419,-143.1270917632));
#6760 = CARTESIAN_POINT('',(-6.300237854621,-143.0366970205));
#6761 = CARTESIAN_POINT('',(-6.287612470906,-142.9494318808));
#6762 = CARTESIAN_POINT('',(-6.274736718442,-142.8655376402));
#6763 = CARTESIAN_POINT('',(-6.261600889716,-142.7852543618));
#6764 = CARTESIAN_POINT('',(-6.248208465632,-142.7089166418));
#6765 = CARTESIAN_POINT('',(-6.234560187092,-142.6368442567));
#6766 = CARTESIAN_POINT('',(-6.220657305387,-142.5693653091));
#6767 = CARTESIAN_POINT('',(-6.206501314397,-142.506811889));
#6768 = CARTESIAN_POINT('',(-6.19209170742,-142.4495142825));
#6769 = CARTESIAN_POINT('',(-6.177446804278,-142.397872337));
#6770 = CARTESIAN_POINT('',(-6.162584118715,-142.3522532176));
#6771 = CARTESIAN_POINT('',(-6.147517574202,-142.3129889984));
#6772 = CARTESIAN_POINT('',(-6.132267660139,-142.2804052943));
#6773 = CARTESIAN_POINT('',(-6.116872726981,-142.2548163782));
#6774 = CARTESIAN_POINT('',(-6.10136626169,-142.2364599145));
#6775 = CARTESIAN_POINT('',(-6.085783854432,-142.2255118786));
#6776 = CARTESIAN_POINT('',(-6.070154778165,-142.2220817439));
#6777 = CARTESIAN_POINT('',(-6.054529204531,-142.226217146));
#6778 = CARTESIAN_POINT('',(-6.038973796856,-142.2378427301));
#6779 = CARTESIAN_POINT('',(-6.023504783295,-142.2568296585));
#6780 = CARTESIAN_POINT('',(-6.008151570964,-142.2829997938));
#6781 = CARTESIAN_POINT('',(-5.992940534296,-142.3161241835));
#6782 = CARTESIAN_POINT('',(-5.977899333948,-142.3559240104));
#6783 = CARTESIAN_POINT('',(-5.963056474897,-142.4020674197));
#6784 = CARTESIAN_POINT('',(-5.948439365111,-142.4541803743));
#6785 = CARTESIAN_POINT('',(-5.934083118898,-142.5118055216));
#6786 = CARTESIAN_POINT('',(-5.919977832244,-142.5746397552));
#6787 = CARTESIAN_POINT('',(-5.906124474833,-142.6423538185));
#6788 = CARTESIAN_POINT('',(-5.892524627853,-142.7146165743));
#6789 = CARTESIAN_POINT('',(-5.879179836578,-142.7911010136));
#6790 = CARTESIAN_POINT('',(-5.866091761574,-142.8714837357));
#6791 = CARTESIAN_POINT('',(-5.853262162406,-142.9554410193));
#6792 = CARTESIAN_POINT('',(-5.840668268916,-143.0428299608));
#6793 = CARTESIAN_POINT('',(-5.828308617474,-143.1333909734));
#6794 = CARTESIAN_POINT('',(-5.816177597818,-143.2269017609));
#6795 = CARTESIAN_POINT('',(-5.804270583948,-143.3231465905));
#6796 = CARTESIAN_POINT('',(-5.792582549798,-143.4219244236));
#6797 = CARTESIAN_POINT('',(-5.781108431552,-143.523046636));
#6798 = CARTESIAN_POINT('',(-5.769843022825,-143.6263375298));
#6799 = CARTESIAN_POINT('',(-5.758780995854,-143.7316340997));
#6800 = CARTESIAN_POINT('',(-5.747916889751,-143.8387859999));
#6801 = CARTESIAN_POINT('',(-5.737245108385,-143.9476554604));
#6802 = CARTESIAN_POINT('',(-5.726759916459,-144.0581172177));
#6803 = CARTESIAN_POINT('',(-5.71645543682,-144.1700584442));
#6804 = CARTESIAN_POINT('',(-5.706325648171,-144.28337868));
#6805 = CARTESIAN_POINT('',(-5.696364383407,-144.3979897651));
#6806 = CARTESIAN_POINT('',(-5.686565328349,-144.5138157755));
#6807 = CARTESIAN_POINT('',(-5.676922021501,-144.6307929533));
#6808 = CARTESIAN_POINT('',(-5.667427852417,-144.7488696658));
#6809 = CARTESIAN_POINT('',(-5.658076067669,-144.8680062641));
#6810 = CARTESIAN_POINT('',(-5.648859750679,-144.9881753233));
#6811 = CARTESIAN_POINT('',(-5.639771901379,-145.1093604657));
#6812 = CARTESIAN_POINT('',(-5.630805145416,-145.2315604806));
#6813 = CARTESIAN_POINT('',(-5.621952828029,-145.3547736827));
#6814 = CARTESIAN_POINT('',(-5.613204942283,-145.4790560283));
#6815 = CARTESIAN_POINT('',(-5.604563337698,-145.6043039722));
#6816 = CARTESIAN_POINT('',(-5.596038965895,-145.7302747809));
#6817 = CARTESIAN_POINT('',(-5.587625133563,-145.8569825878));
#6818 = CARTESIAN_POINT('',(-5.579319791048,-145.9843798646));
#6819 = CARTESIAN_POINT('',(-5.571119608936,-146.1124414808));
#6820 = CARTESIAN_POINT('',(-5.565720900594,-146.1982433894));
#6821 = CARTESIAN_POINT('',(-5.563038045813,-146.2412472724));
#6822 = ( GEOMETRIC_REPRESENTATION_CONTEXT(2) 
PARAMETRIC_REPRESENTATION_CONTEXT() REPRESENTATION_CONTEXT('2D SPACE',''
  ) );
#6823 = ORIENTED_EDGE('',*,*,#6824,.T.);
#6824 = EDGE_CURVE('',#6568,#6058,#6825,.T.);
#6825 = SURFACE_CURVE('',#6826,(#6983,#7143),.PCURVE_S1.);
#6826 = B_SPLINE_CURVE_WITH_KNOTS('',8,(#6827,#6828,#6829,#6830,#6831,
    #6832,#6833,#6834,#6835,#6836,#6837,#6838,#6839,#6840,#6841,#6842,
    #6843,#6844,#6845,#6846,#6847,#6848,#6849,#6850,#6851,#6852,#6853,
    #6854,#6855,#6856,#6857,#6858,#6859,#6860,#6861,#6862,#6863,#6864,
    #6865,#6866,#6867,#6868,#6869,#6870,#6871,#6872,#6873,#6874,#6875,
    #6876,#6877,#6878,#6879,#6880,#6881,#6882,#6883,#6884,#6885,#6886,
    #6887,#6888,#6889,#6890,#6891,#6892,#6893,#6894,#6895,#6896,#6897,
    #6898,#6899,#6900,#6901,#6902,#6903,#6904,#6905,#6906,#6907,#6908,
    #6909,#6910,#6911,#6912,#6913,#6914,#6915,#6916,#6917,#6918,#6919,
    #6920,#6921,#6922,#6923,#6924,#6925,#6926,#6927,#6928,#6929,#6930,
    #6931,#6932,#6933,#6934,#6935,#6936,#6937,#6938,#6939,#6940,#6941,
    #6942,#6943,#6944,#6945,#6946,#6947,#6948,#6949,#6950,#6951,#6952,
    #6953,#6954,#6955,#6956,#6957,#6958,#6959,#6960,#6961,#6962,#6963,
    #6964,#6965,#6966,#6967,#6968,#6969,#6970,#6971,#6972,#6973,#6974,
    #6975,#6976,#6977,#6978,#6979,#6980,#6981,#6982),.UNSPECIFIED.,.T.,
  .F.,(9,7,7,7,7,7,7,7,7,7,7,7,7,7,7,7,7,7,7,7,7,7,9),(0.,
    1.427192717553E-02,2.445125058024E-02,3.879116749392E-02,
    6.135048718673E-02,8.478747435826E-02,0.108552374593,0.131063494503,
    0.209828059066,0.344909262048,0.409829832029,0.462253113208,
    0.497574159397,0.524499697827,0.563848099619,0.586762008544,
    0.639057774561,0.704470734473,0.839903806489,0.920632611011,
    0.943281207429,0.966924407654,1.),.UNSPECIFIED.);
#6827 = CARTESIAN_POINT('',(29.675349462624,790.14837040869,
    -407.8547834846));
#6828 = CARTESIAN_POINT('',(29.733603600836,790.05859050157,
    -408.0163151685));
#6829 = CARTESIAN_POINT('',(29.788279874593,789.96862171118,
    -408.1814004161));
#6830 = CARTESIAN_POINT('',(29.839065515795,789.87865307332,
    -408.349893886));
#6831 = CARTESIAN_POINT('',(29.885670975524,789.78886624006,
    -408.5216477992));
#6832 = CARTESIAN_POINT('',(29.927829762535,789.69943514739,
    -408.6965117847));
#6833 = CARTESIAN_POINT('',(29.965298281757,789.61052568292,
    -408.8743327263));
#6834 = CARTESIAN_POINT('',(29.997855672791,789.52229535356,
    -409.0549546089));
#6835 = CARTESIAN_POINT('',(30.044880669587,789.372553979,
    -409.3689295864));
#6836 = CARTESIAN_POINT('',(30.06185013082,789.31066262709,
    -409.5009292172));
#6837 = CARTESIAN_POINT('',(30.076131885493,789.24931073507,
    -409.6340771859));
#6838 = CARTESIAN_POINT('',(30.087661351177,789.18858450215,
    -409.7682315897));
#6839 = CARTESIAN_POINT('',(30.096389509625,789.12856448908,
    -409.9032486944));
#6840 = CARTESIAN_POINT('',(30.102282906769,789.06932561824,
    -410.0389829344));
#6841 = CARTESIAN_POINT('',(30.105323652726,789.01093717353,
    -410.1752869125));
#6842 = CARTESIAN_POINT('',(30.105771120223,788.87249693451,
    -410.5046192694));
#6843 = CARTESIAN_POINT('',(30.100366849217,788.79340969191,
    -410.6979075731));
#6844 = CARTESIAN_POINT('',(30.089305659025,788.71636092086,
    -410.8914878998));
#6845 = CARTESIAN_POINT('',(30.072652716744,788.64149103723,
    -411.0849614584));
#6846 = CARTESIAN_POINT('',(30.05052944248,788.56892132974,
    -411.277919087));
#6847 = CARTESIAN_POINT('',(30.023113645506,788.49875426518,
    -411.4699412616));
#6848 = CARTESIAN_POINT('',(29.990639660413,788.43107379355,
    -411.6605981053));
#6849 = CARTESIAN_POINT('',(29.894811280454,788.26348714214,
    -412.1465471191));
#6850 = CARTESIAN_POINT('',(29.824508265374,788.16749022835,
    -412.4387570347));
#6851 = CARTESIAN_POINT('',(29.743424335215,788.07773351499,
    -412.7256829947));
#6852 = CARTESIAN_POINT('',(29.652504960323,787.99398144765,
    -413.0069414418));
#6853 = CARTESIAN_POINT('',(29.552707826822,787.91598706064,
    -413.2821602136));
#6854 = CARTESIAN_POINT('',(29.445004479217,787.84349472313,
    -413.5509773461));
#6855 = CARTESIAN_POINT('',(29.330381963006,787.77624288528,
    -413.8130398765));
#6856 = CARTESIAN_POINT('',(29.084617475538,787.64926792118,
    -414.3328847124));
#6857 = CARTESIAN_POINT('',(28.952705415926,787.58978408085,
    -414.5907403426));
#6858 = CARTESIAN_POINT('',(28.814899629764,787.53511812661,
    -414.8417115817));
#6859 = CARTESIAN_POINT('',(28.671890344524,787.48489827694,
    -415.0859798429));
#6860 = CARTESIAN_POINT('',(28.52426831638,787.43877826134,
    -415.3237624055));
#6861 = CARTESIAN_POINT('',(28.372526472755,787.39643743619,
    -415.5553089136));
#6862 = CARTESIAN_POINT('',(28.217061554865,787.35758090059,
    -415.7808978731));
#6863 = CARTESIAN_POINT('',(27.897066952649,787.2857996572,
    -416.2238455983));
#6864 = CARTESIAN_POINT('',(27.732413012933,787.25295912066,
    -416.4410839112));
#6865 = CARTESIAN_POINT('',(27.564616421862,787.2231596224,
    -416.6527358051));
#6866 = CARTESIAN_POINT('',(27.394014871313,787.19616357073,
    -416.8590035887));
#6867 = CARTESIAN_POINT('',(27.220880909004,787.17175323593,
    -417.0601038051));
#6868 = CARTESIAN_POINT('',(27.045421583198,787.14972982383,
    -417.2562668745));
#6869 = CARTESIAN_POINT('',(26.867778087416,787.1299125493,
    -417.4477367366));
#6870 = CARTESIAN_POINT('',(26.517756052221,787.09530062897,
    -417.8119367874));
#6871 = CARTESIAN_POINT('',(26.345630270904,787.08029975117,
    -417.9850850279));
#6872 = CARTESIAN_POINT('',(26.171813573519,787.06700472981,
    -418.15433105));
#6873 = CARTESIAN_POINT('',(25.996443344957,787.05529508393,
    -418.3197937413));
#6874 = CARTESIAN_POINT('',(25.819628656355,787.045059665,
    -418.4815948929));
#6875 = CARTESIAN_POINT('',(25.641450078796,787.03619612374,
    -418.6398590494));
#6876 = CARTESIAN_POINT('',(25.461959496998,787.02861037701,
    -418.7947133605));
#6877 = CARTESIAN_POINT('',(24.648647002239,786.99984293433,
    -419.4766326893));
#6878 = CARTESIAN_POINT('',(23.998667069041,786.99199719268,
    -419.9682160389));
#6879 = CARTESIAN_POINT('',(23.33587053995,786.99525102035,
    -420.4230258896));
#6880 = CARTESIAN_POINT('',(22.663103061218,787.00684632168,
    -420.8431361051));
#6881 = CARTESIAN_POINT('',(21.981740250766,787.02457583401,
    -421.2304891121));
#6882 = CARTESIAN_POINT('',(21.291997558061,787.04664044616,
    -421.5866757839));
#6883 = CARTESIAN_POINT('',(20.593242213641,787.07150429342,
    -421.9127134442));
#6884 = CARTESIAN_POINT('',(18.668502992512,787.14281347073,
    -422.7166517056));
#6885 = CARTESIAN_POINT('',(17.428249486867,787.19177610362,
    -423.134166875));
#6886 = CARTESIAN_POINT('',(16.165714478901,787.23725795052,
    -423.4607261102));
#6887 = CARTESIAN_POINT('',(14.881897478299,787.27311703712,
    -423.6908751791));
#6888 = CARTESIAN_POINT('',(13.578931002793,787.29349489104,
    -423.814430584));
#6889 = CARTESIAN_POINT('',(12.260692022102,787.29332747434,
    -423.8162013804));
#6890 = CARTESIAN_POINT('',(10.9330373702,787.26966539811,
    -423.6755005131));
#6891 = CARTESIAN_POINT('',(8.968098467893,787.20705518553,
    -423.2144513595));
#6892 = CARTESIAN_POINT('',(8.330129796595,787.18242133327,
    -423.0253040322));
#6893 = CARTESIAN_POINT('',(7.694937473573,787.15406997328,
    -422.793899031));
#6894 = CARTESIAN_POINT('',(7.065415714926,787.1230747566,
    -422.5176254515));
#6895 = CARTESIAN_POINT('',(6.444469451544,787.09109916801,
    -422.1940216362));
#6896 = CARTESIAN_POINT('',(5.835101586279,787.06049767767,
    -421.8207949171));
#6897 = CARTESIAN_POINT('',(5.240545103456,787.03440879055,
    -421.3958678398));
#6898 = CARTESIAN_POINT('',(4.199235886223,787.00265321135,
    -420.5311297424));
#6899 = CARTESIAN_POINT('',(3.746340142729,786.99403056195,
    -420.1101605561));
#6900 = CARTESIAN_POINT('',(3.308510402397,786.99309635983,
    -419.6543913174));
#6901 = CARTESIAN_POINT('',(2.888473304398,787.00227575942,
    -419.1641040673));
#6902 = CARTESIAN_POINT('',(2.488950347875,787.02424287049,
    -418.6400412239));
#6903 = CARTESIAN_POINT('',(2.112683330304,787.06184026909,
    -418.0834280352));
#6904 = CARTESIAN_POINT('',(1.762459401252,787.11796990409,
    -417.4959911362));
#6905 = CARTESIAN_POINT('',(1.224638634717,787.24766252349,
    -416.4649210261));
#6906 = CARTESIAN_POINT('',(1.021251018143,787.3095668195,
    -416.0368751522));
#6907 = CARTESIAN_POINT('',(0.832071043446,787.38197999606,
    -415.5969451711));
#6908 = CARTESIAN_POINT('',(0.658108906412,787.46564876261,
    -415.1463727899));
#6909 = CARTESIAN_POINT('',(0.500289304297,787.56122624282,
    -414.6865105064));
#6910 = CARTESIAN_POINT('',(0.359453205908,787.66924652174,
    -414.2188011336));
#6911 = CARTESIAN_POINT('',(0.23635892445,787.79010232621,
    -413.7447581847));
#6912 = CARTESIAN_POINT('',(5.188674588409E-02,788.02611688871,
    -412.9009453115));
#6913 = CARTESIAN_POINT('',(-1.718265478158E-02,788.13577168294,
    -412.5332802678));
#6914 = CARTESIAN_POINT('',(-7.519152582938E-02,788.25302658919,
    -412.1638580778));
#6915 = CARTESIAN_POINT('',(-0.121872458192,788.37784340413,
    -411.7935940713));
#6916 = CARTESIAN_POINT('',(-0.157023525218,788.5101053078,
    -411.4234021872));
#6917 = CARTESIAN_POINT('',(-0.18050768817,788.64961503144,
    -411.0541852332));
#6918 = CARTESIAN_POINT('',(-0.192252898767,788.79609523889,
    -410.6868260352));
#6919 = CARTESIAN_POINT('',(-0.192252898767,789.1729221461,
    -409.7892928562));
#6920 = CARTESIAN_POINT('',(-0.167169393292,789.41059081496,
    -409.262654293));
#6921 = CARTESIAN_POINT('',(-0.11705849707,789.66108997903,
    -408.7448134393));
#6922 = CARTESIAN_POINT('',(-4.224865256388E-02,789.92299370088,
    -408.238152095));
#6923 = CARTESIAN_POINT('',(5.666583275852E-02,790.19458365368,
    -407.7448413445));
#6924 = CARTESIAN_POINT('',(0.178825596604,790.47389380079,
    -407.2668072297));
#6925 = CARTESIAN_POINT('',(0.323101379479,790.75877335588,
    -406.8057049608));
#6926 = CARTESIAN_POINT('',(0.584158231501,791.21479355345,
    -406.1050422871));
#6927 = CARTESIAN_POINT('',(0.687294152502,791.38381192055,
    -405.8532828748));
#6928 = CARTESIAN_POINT('',(0.797267683999,791.5536578307,
    -405.6077820145));
#6929 = CARTESIAN_POINT('',(0.913845072051,791.723962501,-405.3686716096
    ));
#6930 = CARTESIAN_POINT('',(1.036781930071,791.89435642768,
    -405.1360582591));
#6931 = CARTESIAN_POINT('',(1.165822751358,792.06447215365,
    -404.9100246376));
#6932 = CARTESIAN_POINT('',(1.300700421624,792.23394703617,
    -404.6906308737));
#6933 = CARTESIAN_POINT('',(1.761647265835,792.78694081962,
    -403.992442632));
#6934 = CARTESIAN_POINT('',(2.110913936244,793.16603642388,
    -403.5420501836));
#6935 = CARTESIAN_POINT('',(2.486100164581,793.53616120847,
    -403.1262975054));
#6936 = CARTESIAN_POINT('',(2.884439432213,793.89407382228,
    -402.7443303344));
#6937 = CARTESIAN_POINT('',(3.303209925854,794.23692813204,
    -402.3949883847));
#6938 = CARTESIAN_POINT('',(3.73970980091,794.56233571246,
    -402.0768950994));
#6939 = CARTESIAN_POINT('',(4.191232062341,794.86840587655,
    -401.7885299931));
#6940 = CARTESIAN_POINT('',(5.235181415943,795.51069596902,
    -401.2027603375));
#6941 = CARTESIAN_POINT('',(5.834097682879,795.83494716621,
    -400.9214812289));
#6942 = CARTESIAN_POINT('',(6.448061312675,796.12494470251,
    -400.6802352589));
#6943 = CARTESIAN_POINT('',(7.073767041165,796.37995640838,
    -400.475242516));
#6944 = CARTESIAN_POINT('',(7.708147497986,796.59997436472,
    -400.3031443471));
#6945 = CARTESIAN_POINT('',(8.348236833489,796.78561274435,
    -400.1609682285));
#6946 = CARTESIAN_POINT('',(8.99108136576,796.93801921004,
    -400.0460673425));
#6947 = CARTESIAN_POINT('',(10.964189601906,797.30886798594,
    -399.7696287367));
#6948 = CARTESIAN_POINT('',(12.295033149201,797.4236169753,
    -399.6896379972));
#6949 = CARTESIAN_POINT('',(13.616256187834,797.41992071274,
    -399.6927822928));
#6950 = CARTESIAN_POINT('',(14.922000440869,797.31472364699,
    -399.7666920961));
#6951 = CARTESIAN_POINT('',(16.208408093108,797.12248023746,
    -399.9043774799));
#6952 = CARTESIAN_POINT('',(17.47338333631,796.854581208,-400.1029472738
    ));
#6953 = CARTESIAN_POINT('',(18.715968285164,796.51919909094,
    -400.3630617846));
#6954 = CARTESIAN_POINT('',(20.660040722632,795.88511356318,
    -400.8844453754));
#6955 = CARTESIAN_POINT('',(21.375150005529,795.62703360116,
    -401.102217221));
#6956 = CARTESIAN_POINT('',(22.080726671901,795.3485238506,
    -401.3443241765));
#6957 = CARTESIAN_POINT('',(22.777539382833,795.04989183116,
    -401.612787612));
#6958 = CARTESIAN_POINT('',(23.465354899167,794.73120918665,
    -401.9102848324));
#6959 = CARTESIAN_POINT('',(24.142583819251,794.39261892178,
    -402.2400831636));
#6960 = CARTESIAN_POINT('',(24.805934117734,794.03463315327,
    -402.6059736732));
#6961 = CARTESIAN_POINT('',(25.630776043244,793.55285095293,
    -403.1261497886));
#6962 = CARTESIAN_POINT('',(25.810132431081,793.44577106416,
    -403.2433862831));
#6963 = CARTESIAN_POINT('',(25.988107400641,793.33712770801,
    -403.364059959));
#6964 = CARTESIAN_POINT('',(26.164643199195,793.22689347866,
    -403.4883389272));
#6965 = CARTESIAN_POINT('',(26.339650570414,793.11504965308,
    -403.6163954307));
#6966 = CARTESIAN_POINT('',(26.513008955559,793.00158670895,
    -403.7484061347));
#6967 = CARTESIAN_POINT('',(26.684566694673,792.88650484249,
    -403.8845524161));
#6968 = CARTESIAN_POINT('',(27.031162556828,792.64799972118,
    -404.1716574964));
#6969 = CARTESIAN_POINT('',(27.205984943987,792.52445814698,
    -404.3229728436));
#6970 = CARTESIAN_POINT('',(27.378521834553,792.39911982351,
    -404.4792754662));
#6971 = CARTESIAN_POINT('',(27.548617452128,792.27193773883,
    -404.6408765763));
#6972 = CARTESIAN_POINT('',(27.716047150395,792.14288871215,
    -404.808090223));
#6973 = CARTESIAN_POINT('',(27.880517764896,792.01197429668,
    -404.9812336879));
#6974 = CARTESIAN_POINT('',(28.041667964813,791.87922168255,
    -405.1606278801));
#6975 = CARTESIAN_POINT('',(28.419263813185,791.55647430372,
    -405.6067597635));
#6976 = CARTESIAN_POINT('',(28.632396622213,791.36453549124,
    -405.8801172564));
#6977 = CARTESIAN_POINT('',(28.837342295788,791.16892805153,
    -406.1677163794));
#6978 = CARTESIAN_POINT('',(29.03263073582,790.96985011813,
    -406.4705972341));
#6979 = CARTESIAN_POINT('',(29.216440820325,790.76765318914,
    -406.7897816255));
#6980 = CARTESIAN_POINT('',(29.386592741545,790.56285328346,
    -407.1262587134));
#6981 = CARTESIAN_POINT('',(29.540538344021,790.35613813266,
    -407.4809685477));
#6982 = CARTESIAN_POINT('',(29.675349462624,790.14837040869,
    -407.8547834846));
#6983 = PCURVE('',#4306,#6984);
#6984 = DEFINITIONAL_REPRESENTATION('',(#6985),#7142);
#6985 = B_SPLINE_CURVE_WITH_KNOTS('',8,(#6986,#6987,#6988,#6989,#6990,
    #6991,#6992,#6993,#6994,#6995,#6996,#6997,#6998,#6999,#7000,#7001,
    #7002,#7003,#7004,#7005,#7006,#7007,#7008,#7009,#7010,#7011,#7012,
    #7013,#7014,#7015,#7016,#7017,#7018,#7019,#7020,#7021,#7022,#7023,
    #7024,#7025,#7026,#7027,#7028,#7029,#7030,#7031,#7032,#7033,#7034,
    #7035,#7036,#7037,#7038,#7039,#7040,#7041,#7042,#7043,#7044,#7045,
    #7046,#7047,#7048,#7049,#7050,#7051,#7052,#7053,#7054,#7055,#7056,
    #7057,#7058,#7059,#7060,#7061,#7062,#7063,#7064,#7065,#7066,#7067,
    #7068,#7069,#7070,#7071,#7072,#7073,#7074,#7075,#7076,#7077,#7078,
    #7079,#7080,#7081,#7082,#7083,#7084,#7085,#7086,#7087,#7088,#7089,
    #7090,#7091,#7092,#7093,#7094,#7095,#7096,#7097,#7098,#7099,#7100,
    #7101,#7102,#7103,#7104,#7105,#7106,#7107,#7108,#7109,#7110,#7111,
    #7112,#7113,#7114,#7115,#7116,#7117,#7118,#7119,#7120,#7121,#7122,
    #7123,#7124,#7125,#7126,#7127,#7128,#7129,#7130,#7131,#7132,#7133,
    #7134,#7135,#7136,#7137,#7138,#7139,#7140,#7141),.UNSPECIFIED.,.F.,
  .F.,(9,7,7,7,7,7,7,7,7,7,7,7,7,7,7,7,7,7,7,7,7,7,9),(0.,
    1.427192717553E-02,2.445125058024E-02,3.879116749392E-02,
    6.135048718673E-02,8.478747435826E-02,0.108552374593,0.131063494503,
    0.209828059066,0.344909262048,0.409829832029,0.462253113208,
    0.497574159397,0.524499697827,0.563848099619,0.586762008544,
    0.639057774561,0.704470734473,0.839903806489,0.920632611011,
    0.943281207429,0.966924407654,1.),.UNSPECIFIED.);
#6986 = CARTESIAN_POINT('',(-8.881784197001E-16,-129.0027758905));
#6987 = CARTESIAN_POINT('',(-1.445471392859E-02,-128.95549152));
#6988 = CARTESIAN_POINT('',(-2.912153887723E-02,-128.911075071));
#6989 = CARTESIAN_POINT('',(-4.398612743776E-02,-128.8697884094));
#6990 = CARTESIAN_POINT('',(-5.903500719748E-02,-128.8318748281));
#6991 = CARTESIAN_POINT('',(-7.425550702237E-02,-128.797558816));
#6992 = CARTESIAN_POINT('',(-8.963568334036E-02,-128.7670458267));
#6993 = CARTESIAN_POINT('',(-0.105164246425,-128.7405220478));
#6994 = CARTESIAN_POINT('',(-0.132004291314,-128.7022004819));
#6995 = CARTESIAN_POINT('',(-0.14324334382,-128.6883677047));
#6996 = CARTESIAN_POINT('',(-0.154536865781,-128.6767231194));
#6997 = CARTESIAN_POINT('',(-0.165874208479,-128.6673209467));
#6998 = CARTESIAN_POINT('',(-0.177244852894,-128.660202347));
#6999 = CARTESIAN_POINT('',(-0.188638409701,-128.6553954204));
#7000 = CARTESIAN_POINT('',(-0.200044619275,-128.6529152064));
#7001 = CARTESIAN_POINT('',(-0.227525173782,-128.6525502303));
#7002 = CARTESIAN_POINT('',(-0.243589063207,-128.656958174));
#7003 = CARTESIAN_POINT('',(-0.259619040807,-128.6659803169));
#7004 = CARTESIAN_POINT('',(-0.275588942178,-128.6795618263));
#7005 = CARTESIAN_POINT('',(-0.291472191757,-128.69760041));
#7006 = CARTESIAN_POINT('',(-0.307241576915,-128.7199464904));
#7007 = CARTESIAN_POINT('',(-0.322869022053,-128.7464033793));
#7008 = CARTESIAN_POINT('',(-0.362641021697,-128.8244327816));
#7009 = CARTESIAN_POINT('',(-0.386498906074,-128.8816419673));
#7010 = CARTESIAN_POINT('',(-0.40989357828,-128.9475682534));
#7011 = CARTESIAN_POINT('',(-0.432817447655,-129.0214124365));
#7012 = CARTESIAN_POINT('',(-0.455260651997,-129.1023637979));
#7013 = CARTESIAN_POINT('',(-0.477210939137,-129.1896010357));
#7014 = CARTESIAN_POINT('',(-0.498653548506,-129.2822931966));
#7015 = CARTESIAN_POINT('',(-0.541302431323,-129.4806937523));
#7016 = CARTESIAN_POINT('',(-0.562519278963,-129.5870112024));
#7017 = CARTESIAN_POINT('',(-0.58324601532,-129.6978796077));
#7018 = CARTESIAN_POINT('',(-0.603507504828,-129.8127107016));
#7019 = CARTESIAN_POINT('',(-0.623329383178,-129.9309993863));
#7020 = CARTESIAN_POINT('',(-0.642738343828,-130.052321818));
#7021 = CARTESIAN_POINT('',(-0.661762424511,-130.1763334914));
#7022 = CARTESIAN_POINT('',(-0.699361364047,-130.4309701279));
#7023 = CARTESIAN_POINT('',(-0.717929501472,-130.5616854691));
#7024 = CARTESIAN_POINT('',(-0.736155733242,-130.6945646333));
#7025 = CARTESIAN_POINT('',(-0.754060323463,-130.8293134639));
#7026 = CARTESIAN_POINT('',(-0.771664107234,-130.965691694));
#7027 = CARTESIAN_POINT('',(-0.78898882477,-131.1035122762));
#7028 = CARTESIAN_POINT('',(-0.806057455521,-131.2426407139));
#7029 = CARTESIAN_POINT('',(-0.838843363364,-131.5159433389));
#7030 = CARTESIAN_POINT('',(-0.854581034989,-131.6499634578));
#7031 = CARTESIAN_POINT('',(-0.870119097122,-131.7849051192));
#7032 = CARTESIAN_POINT('',(-0.885469170424,-131.9206419547));
#7033 = CARTESIAN_POINT('',(-0.900643104999,-132.0570704808));
#7034 = CARTESIAN_POINT('',(-0.915653119134,-132.194109723));
#7035 = CARTESIAN_POINT('',(-0.930511938049,-132.3317008405));
#7036 = CARTESIAN_POINT('',(-0.996740486838,-132.9530280143));
#7037 = CARTESIAN_POINT('',(-1.046696375047,-133.4438245385));
#7038 = CARTESIAN_POINT('',(-1.095348151131,-133.9377673745));
#7039 = CARTESIAN_POINT('',(-1.142942093699,-134.4319021851));
#7040 = CARTESIAN_POINT('',(-1.189731454817,-134.9244215252));
#7041 = CARTESIAN_POINT('',(-1.235979300907,-135.4143197408));
#7042 = CARTESIAN_POINT('',(-1.281959024006,-135.9010444125));
#7043 = CARTESIAN_POINT('',(-1.406839717192,-137.2126983697));
#7044 = CARTESIAN_POINT('',(-1.485418125186,-138.0268854177));
#7045 = CARTESIAN_POINT('',(-1.564637010603,-138.8195420598));
#7046 = CARTESIAN_POINT('',(-1.645351841726,-139.5834834656));
#7047 = CARTESIAN_POINT('',(-1.728387867104,-140.309596372));
#7048 = CARTESIAN_POINT('',(-1.814648579584,-140.9868370257));
#7049 = CARTESIAN_POINT('',(-1.905159546698,-141.6029925965));
#7050 = CARTESIAN_POINT('',(-2.047574748279,-142.4090931492));
#7051 = CARTESIAN_POINT('',(-2.095133740835,-142.6543005846));
#7052 = CARTESIAN_POINT('',(-2.144051939159,-142.8811031764));
#7053 = CARTESIAN_POINT('',(-2.194378095669,-143.087997205));
#7054 = CARTESIAN_POINT('',(-2.246179800787,-143.2739897307));
#7055 = CARTESIAN_POINT('',(-2.299543761179,-143.4386403891));
#7056 = CARTESIAN_POINT('',(-2.354578086931,-143.5820825465));
#7057 = CARTESIAN_POINT('',(-2.457313607795,-143.8042987362));
#7058 = CARTESIAN_POINT('',(-2.504359746724,-143.890146985));
#7059 = CARTESIAN_POINT('',(-2.552537941456,-143.9627831585));
#7060 = CARTESIAN_POINT('',(-2.601836554098,-144.0228199741));
#7061 = CARTESIAN_POINT('',(-2.652248722176,-144.0712227097));
#7062 = CARTESIAN_POINT('',(-2.703771754363,-144.1092399153));
#7063 = CARTESIAN_POINT('',(-2.756406571614,-144.1383103966));
#7064 = CARTESIAN_POINT('',(-2.846372557629,-144.1745241276));
#7065 = CARTESIAN_POINT('',(-2.883096114458,-144.1857276618));
#7066 = CARTESIAN_POINT('',(-2.920292010002,-144.1940041348));
#7067 = CARTESIAN_POINT('',(-2.957926433276,-144.1998382341));
#7068 = CARTESIAN_POINT('',(-2.995967504737,-144.2037212983));
#7069 = CARTESIAN_POINT('',(-3.034384984991,-144.2061234664));
#7070 = CARTESIAN_POINT('',(-3.073149803939,-144.2074689516));
#7071 = CARTESIAN_POINT('',(-3.142027181011,-144.2086064957));
#7072 = CARTESIAN_POINT('',(-3.171997423292,-144.2086916579));
#7073 = CARTESIAN_POINT('',(-3.20211417911,-144.2085281326));
#7074 = CARTESIAN_POINT('',(-3.232348377095,-144.2082524766));
#7075 = CARTESIAN_POINT('',(-3.262671580836,-144.2079721988));
#7076 = CARTESIAN_POINT('',(-3.293055711532,-144.2077607693));
#7077 = CARTESIAN_POINT('',(-3.323472745102,-144.207655034));
#7078 = CARTESIAN_POINT('',(-3.398351911093,-144.207655034));
#7079 = CARTESIAN_POINT('',(-3.442781328937,-144.2078807895));
#7080 = CARTESIAN_POINT('',(-3.487102713373,-144.208332083));
#7081 = CARTESIAN_POINT('',(-3.53123787744,-144.2088405119));
#7082 = CARTESIAN_POINT('',(-3.575108245926,-144.2090728184));
#7083 = CARTESIAN_POINT('',(-3.618633030967,-144.2085544228));
#7084 = CARTESIAN_POINT('',(-3.661727708434,-144.2067131586));
#7085 = CARTESIAN_POINT('',(-3.729095712092,-144.2007478432));
#7086 = CARTESIAN_POINT('',(-3.753722569861,-144.1978974733));
#7087 = CARTESIAN_POINT('',(-3.778177017445,-144.1942705492));
#7088 = CARTESIAN_POINT('',(-3.802452647971,-144.1897391025));
#7089 = CARTESIAN_POINT('',(-3.826542903459,-144.1841716471));
#7090 = CARTESIAN_POINT('',(-3.850440979608,-144.1774360778));
#7091 = CARTESIAN_POINT('',(-3.874139730583,-144.169402568));
#7092 = CARTESIAN_POINT('',(-3.951246342897,-144.1383650811));
#7093 = CARTESIAN_POINT('',(-4.003751071306,-144.1093867656));
#7094 = CARTESIAN_POINT('',(-4.055149693933,-144.0715105966));
#7095 = CARTESIAN_POINT('',(-4.105443074688,-144.02330843));
#7096 = CARTESIAN_POINT('',(-4.15462849778,-143.9635402214));
#7097 = CARTESIAN_POINT('',(-4.202699115199,-143.8912459866));
#7098 = CARTESIAN_POINT('',(-4.249643350386,-143.8058144037));
#7099 = CARTESIAN_POINT('',(-4.352733273376,-143.5834634205));
#7100 = CARTESIAN_POINT('',(-4.408189452524,-143.4390991998));
#7101 = CARTESIAN_POINT('',(-4.461949871453,-143.2732057742));
#7102 = CARTESIAN_POINT('',(-4.514125156865,-143.0856450578));
#7103 = CARTESIAN_POINT('',(-4.564803964275,-142.8768698285));
#7104 = CARTESIAN_POINT('',(-4.614055376457,-142.6479012408));
#7105 = CARTESIAN_POINT('',(-4.661929222297,-142.4002845211));
#7106 = CARTESIAN_POINT('',(-4.804781349434,-141.588887072));
#7107 = CARTESIAN_POINT('',(-4.895423641882,-140.9698521756));
#7108 = CARTESIAN_POINT('',(-4.981813155019,-140.2896551983));
#7109 = CARTESIAN_POINT('',(-5.064980478122,-139.5606017657));
#7110 = CARTESIAN_POINT('',(-5.145834321432,-138.7937873887));
#7111 = CARTESIAN_POINT('',(-5.225206768898,-137.9983404179));
#7112 = CARTESIAN_POINT('',(-5.303961641564,-137.1814384302));
#7113 = CARTESIAN_POINT('',(-5.430205941374,-135.854839538));
#7114 = CARTESIAN_POINT('',(-5.477331741973,-135.3558423359));
#7115 = CARTESIAN_POINT('',(-5.524752371982,-134.8536584323));
#7116 = CARTESIAN_POINT('',(-5.572769510398,-134.3488080182));
#7117 = CARTESIAN_POINT('',(-5.621671341885,-133.8423569282));
#7118 = CARTESIAN_POINT('',(-5.671733258949,-133.3363197209));
#7119 = CARTESIAN_POINT('',(-5.723221406415,-132.8340511266));
#7120 = CARTESIAN_POINT('',(-5.791322974785,-132.202173535));
#7121 = CARTESIAN_POINT('',(-5.806389379561,-132.0643118405));
#7122 = CARTESIAN_POINT('',(-5.821616351159,-131.9270641207));
#7123 = CARTESIAN_POINT('',(-5.837017473727,-131.7904941879));
#7124 = CARTESIAN_POINT('',(-5.852605769309,-131.654690271));
#7125 = CARTESIAN_POINT('',(-5.868393850164,-131.5197654189));
#7126 = CARTESIAN_POINT('',(-5.884394071106,-131.3858579027));
#7127 = CARTESIAN_POINT('',(-5.917555789656,-131.1145767143));
#7128 = CARTESIAN_POINT('',(-5.934733804225,-130.9773386275));
#7129 = CARTESIAN_POINT('',(-5.952178029407,-130.8415090296));
#7130 = CARTESIAN_POINT('',(-5.969912124995,-130.7072340835));
#7131 = CARTESIAN_POINT('',(-5.987958455927,-130.5747151083));
#7132 = CARTESIAN_POINT('',(-6.006338441502,-130.444209245));
#7133 = CARTESIAN_POINT('',(-6.025072904604,-130.3160301211));
#7134 = CARTESIAN_POINT('',(-6.07091562817,-130.0150063574));
#7135 = CARTESIAN_POINT('',(-6.098416392939,-129.8445234224));
#7136 = CARTESIAN_POINT('',(-6.126754486929,-129.6800720763));
#7137 = CARTESIAN_POINT('',(-6.155994958399,-129.5229093622));
#7138 = CARTESIAN_POINT('',(-6.186199107818,-129.3745878092));
#7139 = CARTESIAN_POINT('',(-6.217425978057,-129.2369634271));
#7140 = CARTESIAN_POINT('',(-6.249734359082,-129.1122008873));
#7141 = CARTESIAN_POINT('',(-6.28318530718,-129.0027758905));
#7142 = ( GEOMETRIC_REPRESENTATION_CONTEXT(2) 
PARAMETRIC_REPRESENTATION_CONTEXT() REPRESENTATION_CONTEXT('2D SPACE',''
  ) );
#7143 = PCURVE('',#6402,#7144);
#7144 = DEFINITIONAL_REPRESENTATION('',(#7145),#7302);
#7145 = B_SPLINE_CURVE_WITH_KNOTS('',8,(#7146,#7147,#7148,#7149,#7150,
    #7151,#7152,#7153,#7154,#7155,#7156,#7157,#7158,#7159,#7160,#7161,
    #7162,#7163,#7164,#7165,#7166,#7167,#7168,#7169,#7170,#7171,#7172,
    #7173,#7174,#7175,#7176,#7177,#7178,#7179,#7180,#7181,#7182,#7183,
    #7184,#7185,#7186,#7187,#7188,#7189,#7190,#7191,#7192,#7193,#7194,
    #7195,#7196,#7197,#7198,#7199,#7200,#7201,#7202,#7203,#7204,#7205,
    #7206,#7207,#7208,#7209,#7210,#7211,#7212,#7213,#7214,#7215,#7216,
    #7217,#7218,#7219,#7220,#7221,#7222,#7223,#7224,#7225,#7226,#7227,
    #7228,#7229,#7230,#7231,#7232,#7233,#7234,#7235,#7236,#7237,#7238,
    #7239,#7240,#7241,#7242,#7243,#7244,#7245,#7246,#7247,#7248,#7249,
    #7250,#7251,#7252,#7253,#7254,#7255,#7256,#7257,#7258,#7259,#7260,
    #7261,#7262,#7263,#7264,#7265,#7266,#7267,#7268,#7269,#7270,#7271,
    #7272,#7273,#7274,#7275,#7276,#7277,#7278,#7279,#7280,#7281,#7282,
    #7283,#7284,#7285,#7286,#7287,#7288,#7289,#7290,#7291,#7292,#7293,
    #7294,#7295,#7296,#7297,#7298,#7299,#7300,#7301),.UNSPECIFIED.,.T.,
  .F.,(9,7,7,7,7,7,7,7,7,7,7,7,7,7,7,7,7,7,7,7,7,7,9),(0.,
    1.427192717553E-02,2.445125058024E-02,3.879116749392E-02,
    6.135048718673E-02,8.478747435826E-02,0.108552374593,0.131063494503,
    0.209828059066,0.344909262048,0.409829832029,0.462253113208,
    0.497574159397,0.524499697827,0.563848099619,0.586762008544,
    0.639057774561,0.704470734473,0.839903806489,0.920632611011,
    0.943281207429,0.966924407654,1.),.UNSPECIFIED.);
#7146 = CARTESIAN_POINT('',(-1.063508224753,-79.67534946262));
#7147 = CARTESIAN_POINT('',(-1.070900427849,-79.73360360083));
#7148 = CARTESIAN_POINT('',(-1.078420543715,-79.78827987459));
#7149 = CARTESIAN_POINT('',(-1.08606043143,-79.83906551579));
#7150 = CARTESIAN_POINT('',(-1.093812100579,-79.88567097552));
#7151 = CARTESIAN_POINT('',(-1.101667701372,-79.92782976253));
#7152 = CARTESIAN_POINT('',(-1.109619514751,-79.96529828175));
#7153 = CARTESIAN_POINT('',(-1.117659942512,-79.99785567279));
#7154 = CARTESIAN_POINT('',(-1.131574123234,-80.04488066958));
#7155 = CARTESIAN_POINT('',(-1.137405551647,-80.06185013082));
#7156 = CARTESIAN_POINT('',(-1.143269453875,-80.07613188549));
#7157 = CARTESIAN_POINT('',(-1.149159535419,-80.08766135117));
#7158 = CARTESIAN_POINT('',(-1.155069536052,-80.09638950962));
#7159 = CARTESIAN_POINT('',(-1.160993229824,-80.10228290676));
#7160 = CARTESIAN_POINT('',(-1.166924425059,-80.10532365272));
#7161 = CARTESIAN_POINT('',(-1.18121430965,-80.10577112022));
#7162 = CARTESIAN_POINT('',(-1.189567624949,-80.10036684921));
#7163 = CARTESIAN_POINT('',(-1.197901001049,-80.08930565902));
#7164 = CARTESIAN_POINT('',(-1.206198441195,-80.07265271674));
#7165 = CARTESIAN_POINT('',(-1.214443822947,-80.05052944248));
#7166 = CARTESIAN_POINT('',(-1.222620860039,-80.0231136455));
#7167 = CARTESIAN_POINT('',(-1.230713064249,-79.99063966041));
#7168 = CARTESIAN_POINT('',(-1.251274454464,-79.89481128045));
#7169 = CARTESIAN_POINT('',(-1.263576104359,-79.82450826537));
#7170 = CARTESIAN_POINT('',(-1.275599599061,-79.74342433521));
#7171 = CARTESIAN_POINT('',(-1.287335982481,-79.65250496032));
#7172 = CARTESIAN_POINT('',(-1.298776340788,-79.55270782682));
#7173 = CARTESIAN_POINT('',(-1.309911742847,-79.44500447921));
#7174 = CARTESIAN_POINT('',(-1.320733180666,-79.330381963));
#7175 = CARTESIAN_POINT('',(-1.342138275198,-79.08461747553));
#7176 = CARTESIAN_POINT('',(-1.352722515841,-78.95270541592));
#7177 = CARTESIAN_POINT('',(-1.362995487596,-78.81489962976));
#7178 = CARTESIAN_POINT('',(-1.372969262417,-78.67189034452));
#7179 = CARTESIAN_POINT('',(-1.38265667551,-78.52426831638));
#7180 = CARTESIAN_POINT('',(-1.392071272449,-78.37252647275));
#7181 = CARTESIAN_POINT('',(-1.401227256288,-78.21706155486));
#7182 = CARTESIAN_POINT('',(-1.419176305697,-77.89706695264));
#7183 = CARTESIAN_POINT('',(-1.427964075605,-77.73241301293));
#7184 = CARTESIAN_POINT('',(-1.436512927929,-77.56461642186));
#7185 = CARTESIAN_POINT('',(-1.444833240435,-77.39401487131));
#7186 = CARTESIAN_POINT('',(-1.452935620654,-77.220880909));
#7187 = CARTESIAN_POINT('',(-1.460830941412,-77.04542158319));
#7188 = CARTESIAN_POINT('',(-1.468530376351,-76.86777808741));
#7189 = CARTESIAN_POINT('',(-1.483164017704,-76.51775605222));
#7190 = CARTESIAN_POINT('',(-1.490115650496,-76.3456302709));
#7191 = CARTESIAN_POINT('',(-1.496905987301,-76.17181357351));
#7192 = CARTESIAN_POINT('',(-1.503540661388,-75.99644334495));
#7193 = CARTESIAN_POINT('',(-1.510025297361,-75.81962865635));
#7194 = CARTESIAN_POINT('',(-1.51636552268,-75.64145007879));
#7195 = CARTESIAN_POINT('',(-1.522566979186,-75.46195949699));
#7196 = CARTESIAN_POINT('',(-1.549868013208,-74.64864700223));
#7197 = CARTESIAN_POINT('',(-1.569527101062,-73.99866706904));
#7198 = CARTESIAN_POINT('',(-1.587712428609,-73.33587053995));
#7199 = CARTESIAN_POINT('',(-1.604517034559,-72.66310306121));
#7200 = CARTESIAN_POINT('',(-1.620023052567,-71.98174025076));
#7201 = CARTESIAN_POINT('',(-1.634295342813,-71.29199755806));
#7202 = CARTESIAN_POINT('',(-1.647373718426,-70.59324221364));
#7203 = CARTESIAN_POINT('',(-1.679657503256,-68.66850299251));
#7204 = CARTESIAN_POINT('',(-1.696465813786,-67.42824948686));
#7205 = CARTESIAN_POINT('',(-1.709650893955,-66.1657144789));
#7206 = CARTESIAN_POINT('',(-1.718966896478,-64.88189747829));
#7207 = CARTESIAN_POINT('',(-1.723977877734,-63.57893100279));
#7208 = CARTESIAN_POINT('',(-1.724044371954,-62.2606920221));
#7209 = CARTESIAN_POINT('',(-1.718340123836,-60.9330373702));
#7210 = CARTESIAN_POINT('',(-1.699728885911,-58.96809846789));
#7211 = CARTESIAN_POINT('',(-1.692099192531,-58.33012979659));
#7212 = CARTESIAN_POINT('',(-1.682774291229,-57.69493747357));
#7213 = CARTESIAN_POINT('',(-1.671655242096,-57.06541571492));
#7214 = CARTESIAN_POINT('',(-1.658650712496,-56.44446945154));
#7215 = CARTESIAN_POINT('',(-1.643676132678,-55.83510158627));
#7216 = CARTESIAN_POINT('',(-1.62665218169,-55.24054510345));
#7217 = CARTESIAN_POINT('',(-1.592039342596,-54.19923588622));
#7218 = CARTESIAN_POINT('',(-1.575199279916,-53.74634014272));
#7219 = CARTESIAN_POINT('',(-1.556973735628,-53.30851040239));
#7220 = CARTESIAN_POINT('',(-1.537367841189,-52.88847330439));
#7221 = CARTESIAN_POINT('',(-1.516399365455,-52.48895034787));
#7222 = CARTESIAN_POINT('',(-1.494097824555,-52.1126833303));
#7223 = CARTESIAN_POINT('',(-1.470503875595,-51.76245940125));
#7224 = CARTESIAN_POINT('',(-1.428936085228,-51.22463863471));
#7225 = CARTESIAN_POINT('',(-1.411639083341,-51.02125101814));
#7226 = CARTESIAN_POINT('',(-1.393810834469,-50.83207104344));
#7227 = CARTESIAN_POINT('',(-1.375487729187,-50.65810890641));
#7228 = CARTESIAN_POINT('',(-1.356709003003,-50.50028930429));
#7229 = CARTESIAN_POINT('',(-1.337516261258,-50.3594532059));
#7230 = CARTESIAN_POINT('',(-1.317953228637,-50.23635892445));
#7231 = CARTESIAN_POINT('',(-1.282905306277,-50.05188674588));
#7232 = CARTESIAN_POINT('',(-1.267560801054,-49.98281734521));
#7233 = CARTESIAN_POINT('',(-1.252061413694,-49.92480847417));
#7234 = CARTESIAN_POINT('',(-1.236436958553,-49.8781275418));
#7235 = CARTESIAN_POINT('',(-1.220717700842,-49.84297647478));
#7236 = CARTESIAN_POINT('',(-1.204934231334,-49.81949231183));
#7237 = CARTESIAN_POINT('',(-1.189117373225,-49.80774710123));
#7238 = CARTESIAN_POINT('',(-1.150180206909,-49.80774710123));
#7239 = CARTESIAN_POINT('',(-1.127076902276,-49.8328306067));
#7240 = CARTESIAN_POINT('',(-1.104080601568,-49.88294150293));
#7241 = CARTESIAN_POINT('',(-1.081282427516,-49.95775134743));
#7242 = CARTESIAN_POINT('',(-1.058772087459,-50.05666583275));
#7243 = CARTESIAN_POINT('',(-1.036637337544,-50.1788255966));
#7244 = CARTESIAN_POINT('',(-1.014963054913,-50.32310137948));
#7245 = CARTESIAN_POINT('',(-0.981523375418,-50.5841582315));
#7246 = CARTESIAN_POINT('',(-0.96939530977,-50.6872941525));
#7247 = CARTESIAN_POINT('',(-0.957456157164,-50.79726768399));
#7248 = CARTESIAN_POINT('',(-0.945715900593,-50.91384507205));
#7249 = CARTESIAN_POINT('',(-0.934184062975,-51.03678193007));
#7250 = CARTESIAN_POINT('',(-0.922869700298,-51.16582275135));
#7251 = CARTESIAN_POINT('',(-0.911781394785,-51.30070042162));
#7252 = CARTESIAN_POINT('',(-0.876155136033,-51.76164726583));
#7253 = CARTESIAN_POINT('',(-0.852617630895,-52.11091393624));
#7254 = CARTESIAN_POINT('',(-0.830365850782,-52.48610016458));
#7255 = CARTESIAN_POINT('',(-0.809440202543,-52.88443943221));
#7256 = CARTESIAN_POINT('',(-0.789870062852,-53.30320992585));
#7257 = CARTESIAN_POINT('',(-0.771673178289,-53.73970980091));
#7258 = CARTESIAN_POINT('',(-0.754854784386,-54.19123206234));
#7259 = CARTESIAN_POINT('',(-0.720083240794,-55.23518141594));
#7260 = CARTESIAN_POINT('',(-0.702918465988,-55.83409768287));
#7261 = CARTESIAN_POINT('',(-0.68783418623,-56.44806131267));
#7262 = CARTESIAN_POINT('',(-0.674749307005,-57.07376704116));
#7263 = CARTESIAN_POINT('',(-0.66357730858,-57.70814749798));
#7264 = CARTESIAN_POINT('',(-0.654224691614,-58.34823683348));
#7265 = CARTESIAN_POINT('',(-0.646590132056,-58.99108136576));
#7266 = CARTESIAN_POINT('',(-0.628088364903,-60.9641896019));
#7267 = CARTESIAN_POINT('',(-0.62249603377,-62.29503314919));
#7268 = CARTESIAN_POINT('',(-0.622687022265,-63.61625618784));
#7269 = CARTESIAN_POINT('',(-0.627831656331,-64.92200044085));
#7270 = CARTESIAN_POINT('',(-0.637289099176,-66.20840809312));
#7271 = CARTESIAN_POINT('',(-0.650624272337,-67.4733833363));
#7272 = CARTESIAN_POINT('',(-0.667594552088,-68.71596828516));
#7273 = CARTESIAN_POINT('',(-0.700431246324,-70.66004072263));
#7274 = CARTESIAN_POINT('',(-0.713937474671,-71.37515000552));
#7275 = CARTESIAN_POINT('',(-0.728695953675,-72.0807266719));
#7276 = CARTESIAN_POINT('',(-0.744753734509,-72.77753938283));
#7277 = CARTESIAN_POINT('',(-0.762185324627,-73.46535489916));
#7278 = CARTESIAN_POINT('',(-0.781083375888,-74.14258381925));
#7279 = CARTESIAN_POINT('',(-0.801551234918,-74.80593411773));
#7280 = CARTESIAN_POINT('',(-0.829911694138,-75.63077604324));
#7281 = CARTESIAN_POINT('',(-0.836262665827,-75.81013243108));
#7282 = CARTESIAN_POINT('',(-0.842757369862,-75.98810740064));
#7283 = CARTESIAN_POINT('',(-0.84940191645,-76.16464319919));
#7284 = CARTESIAN_POINT('',(-0.856202383625,-76.33965057041));
#7285 = CARTESIAN_POINT('',(-0.863164830226,-76.51300895555));
#7286 = CARTESIAN_POINT('',(-0.870295308875,-76.68456669467));
#7287 = CARTESIAN_POINT('',(-0.885225226226,-77.03116255682));
#7288 = CARTESIAN_POINT('',(-0.893038658404,-77.20598494398));
#7289 = CARTESIAN_POINT('',(-0.901052145263,-77.37852183455));
#7290 = CARTESIAN_POINT('',(-0.909277274927,-77.54861745212));
#7291 = CARTESIAN_POINT('',(-0.917725292076,-77.71604715039));
#7292 = CARTESIAN_POINT('',(-0.926407136155,-77.88051776489));
#7293 = CARTESIAN_POINT('',(-0.935333479589,-78.04166796481));
#7294 = CARTESIAN_POINT('',(-0.957358902282,-78.41926381318));
#7295 = CARTESIAN_POINT('',(-0.970718099913,-78.63239662221));
#7296 = CARTESIAN_POINT('',(-0.984628090754,-78.83734229578));
#7297 = CARTESIAN_POINT('',(-0.999122250559,-79.03263073582));
#7298 = CARTESIAN_POINT('',(-1.014231235733,-79.21644082032));
#7299 = CARTESIAN_POINT('',(-1.029982724934,-79.38659274154));
#7300 = CARTESIAN_POINT('',(-1.046401265507,-79.54053834402));
#7301 = CARTESIAN_POINT('',(-1.063508224753,-79.67534946262));
#7302 = ( GEOMETRIC_REPRESENTATION_CONTEXT(2) 
PARAMETRIC_REPRESENTATION_CONTEXT() REPRESENTATION_CONTEXT('2D SPACE',''
  ) );
#7303 = ORIENTED_EDGE('',*,*,#6057,.F.);
#7304 = ORIENTED_EDGE('',*,*,#7305,.F.);
#7305 = EDGE_CURVE('',#2763,#2741,#7306,.T.);
#7306 = SURFACE_CURVE('',#7307,(#7312,#7332),.PCURVE_S1.);
#7307 = ELLIPSE('',#7308,13.286098106616,13.);
#7308 = AXIS2_PLACEMENT_3D('',#7309,#7310,#7311);
#7309 = CARTESIAN_POINT('',(85.,681.,-365.));
#7310 = DIRECTION('',(-0.465022737593,0.716682101467,-0.519731294957));
#7311 = DIRECTION('',(0.282896457456,-0.435993363845,-0.85432978471));
#7312 = PCURVE('',#4306,#7313);
#7313 = DEFINITIONAL_REPRESENTATION('',(#7314),#7331);
#7314 = B_SPLINE_CURVE_WITH_KNOTS('',8,(#7315,#7316,#7317,#7318,#7319,
    #7320,#7321,#7322,#7323,#7324,#7325,#7326,#7327,#7328,#7329,#7330),
  .UNSPECIFIED.,.F.,.F.,(9,7,9),(1.570796108003,3.141592544194,
    4.712388980385),.UNSPECIFIED.);
#7315 = CARTESIAN_POINT('',(-3.141592434798,5.999999075357E-07));
#7316 = CARTESIAN_POINT('',(-3.337941989322,-0.538455714546));
#7317 = CARTESIAN_POINT('',(-3.534291543848,-1.076912183372));
#7318 = CARTESIAN_POINT('',(-3.730641098369,-1.583734587749));
#7319 = CARTESIAN_POINT('',(-3.926990652911,-2.027295047672));
#7320 = CARTESIAN_POINT('',(-4.123340207414,-2.379847838874));
#7321 = CARTESIAN_POINT('',(-4.319689761943,-2.621505744201));
#7322 = CARTESIAN_POINT('',(-4.516039316465,-2.742335241278));
#7323 = CARTESIAN_POINT('',(-4.908738425513,-2.742335359087));
#7324 = CARTESIAN_POINT('',(-5.105087980038,-2.621505979822));
#7325 = CARTESIAN_POINT('',(-5.30143753456,-2.379848185373));
#7326 = CARTESIAN_POINT('',(-5.497787089085,-2.027295491243));
#7327 = CARTESIAN_POINT('',(-5.694136643607,-1.583735108432));
#7328 = CARTESIAN_POINT('',(-5.890486198133,-1.076912756937));
#7329 = CARTESIAN_POINT('',(-6.086835752656,-0.538456314546));
#7330 = CARTESIAN_POINT('',(-6.28318530718,3.410605131648E-13));
#7331 = ( GEOMETRIC_REPRESENTATION_CONTEXT(2) 
PARAMETRIC_REPRESENTATION_CONTEXT() REPRESENTATION_CONTEXT('2D SPACE',''
  ) );
#7332 = PCURVE('',#7333,#7338);
#7333 = PLANE('',#7334);
#7334 = AXIS2_PLACEMENT_3D('',#7335,#7336,#7337);
#7335 = CARTESIAN_POINT('',(85.,681.,-365.));
#7336 = DIRECTION('',(-0.465022737593,0.716682101467,-0.519731294957));
#7337 = DIRECTION('',(2.775557561563E-17,0.587068831465,0.80953702023));
#7338 = DEFINITIONAL_REPRESENTATION('',(#7339),#7343);
#7339 = ELLIPSE('',#7340,13.286098106616,13.);
#7340 = AXIS2_PLACEMENT_2D('',#7341,#7342);
#7341 = CARTESIAN_POINT('',(6.674199897412E-14,1.560254304787E-13));
#7342 = DIRECTION('',(-0.947569702846,0.319549148408));
#7343 = ( GEOMETRIC_REPRESENTATION_CONTEXT(2) 
PARAMETRIC_REPRESENTATION_CONTEXT() REPRESENTATION_CONTEXT('2D SPACE',''
  ) );
#7344 = FACE_BOUND('',#7345,.T.);
#7345 = EDGE_LOOP('',(#7346,#7688,#7737,#8140));
#7346 = ORIENTED_EDGE('',*,*,#7347,.F.);
#7347 = EDGE_CURVE('',#7348,#7350,#7352,.T.);
#7348 = VERTEX_POINT('',#7349);
#7349 = CARTESIAN_POINT('',(59.5,700.30764545824,-368.0529555829));
#7350 = VERTEX_POINT('',#7351);
#7351 = CARTESIAN_POINT('',(59.5,737.75998743569,-377.254426623));
#7352 = SURFACE_CURVE('',#7353,(#7461,#7572),.PCURVE_S1.);
#7353 = B_SPLINE_CURVE_WITH_KNOTS('',8,(#7354,#7355,#7356,#7357,#7358,
    #7359,#7360,#7361,#7362,#7363,#7364,#7365,#7366,#7367,#7368,#7369,
    #7370,#7371,#7372,#7373,#7374,#7375,#7376,#7377,#7378,#7379,#7380,
    #7381,#7382,#7383,#7384,#7385,#7386,#7387,#7388,#7389,#7390,#7391,
    #7392,#7393,#7394,#7395,#7396,#7397,#7398,#7399,#7400,#7401,#7402,
    #7403,#7404,#7405,#7406,#7407,#7408,#7409,#7410,#7411,#7412,#7413,
    #7414,#7415,#7416,#7417,#7418,#7419,#7420,#7421,#7422,#7423,#7424,
    #7425,#7426,#7427,#7428,#7429,#7430,#7431,#7432,#7433,#7434,#7435,
    #7436,#7437,#7438,#7439,#7440,#7441,#7442,#7443,#7444,#7445,#7446,
    #7447,#7448,#7449,#7450,#7451,#7452,#7453,#7454,#7455,#7456,#7457,
    #7458,#7459,#7460),.UNSPECIFIED.,.F.,.F.,(9,7,7,7,7,7,7,7,7,7,7,7,7,
    7,7,9),(0.,8.653613598665E-02,0.19176316542,0.312992999326,
    0.434569694745,0.553263117385,0.582803852803,0.633456202877,
    0.668324416547,0.68966482819,0.705763808764,0.729862902236,
    0.754102541239,0.777367049345,0.873586742592,1.),.UNSPECIFIED.);
#7354 = CARTESIAN_POINT('',(59.5000006,700.30764543289,-368.0529546662)
  );
#7355 = CARTESIAN_POINT('',(58.998024970667,700.3288564114,
    -368.8198482817));
#7356 = CARTESIAN_POINT('',(58.528114230069,700.38441904412,
    -369.6122574984));
#7357 = CARTESIAN_POINT('',(58.090424713203,700.47822484365,
    -370.4241013667));
#7358 = CARTESIAN_POINT('',(57.683957932387,700.61320215207,
    -371.2487935582));
#7359 = CARTESIAN_POINT('',(57.306820434408,700.79107249684,
    -372.0793664115));
#7360 = CARTESIAN_POINT('',(56.956373415927,701.01219586797,
    -372.9085905541));
#7361 = CARTESIAN_POINT('',(56.629452485783,701.27536544678,
    -373.7290478309));
#7362 = CARTESIAN_POINT('',(55.949997933915,701.9446981281,
    -375.5108528103));
#7363 = CARTESIAN_POINT('',(55.607134329558,702.36951728903,
    -376.464485378));
#7364 = CARTESIAN_POINT('',(55.28570383067,702.84892987086,
    -377.3875707191));
#7365 = CARTESIAN_POINT('',(54.977524306742,703.37883489747,
    -378.2742022355));
#7366 = CARTESIAN_POINT('',(54.674702657948,703.95408268671,
    -379.119184033));
#7367 = CARTESIAN_POINT('',(54.369878874174,704.56849903835,
    -379.9180288863));
#7368 = CARTESIAN_POINT('',(54.057020661536,705.21485272017,
    -380.667093939));
#7369 = CARTESIAN_POINT('',(53.358446036367,706.65659378146,
    -382.1661921792));
#7370 = CARTESIAN_POINT('',(52.968856039936,707.45975634833,
    -382.8991098339));
#7371 = CARTESIAN_POINT('',(52.555456572473,708.28666376809,
    -383.5636540252));
#7372 = CARTESIAN_POINT('',(52.112764513889,709.13046967851,
    -384.1617404938));
#7373 = CARTESIAN_POINT('',(51.638167625227,709.98511588719,
    -384.6958436992));
#7374 = CARTESIAN_POINT('',(51.132378483843,710.84511583317,
    -385.1685695665));
#7375 = CARTESIAN_POINT('',(50.599375822091,711.70479779098,
    -385.5825400909));
#7376 = CARTESIAN_POINT('',(49.490916112482,713.41312981403,
    -386.2997787266));
#7377 = CARTESIAN_POINT('',(48.912801684875,714.26565586366,
    -386.6043706267));
#7378 = CARTESIAN_POINT('',(48.313632029069,715.11562801281,
    -386.8593275866));
#7379 = CARTESIAN_POINT('',(47.69643711583,715.9638373775,
    -387.0681620124));
#7380 = CARTESIAN_POINT('',(47.064672459406,716.81135197408,
    -387.2333236025));
#7381 = CARTESIAN_POINT('',(46.421918102103,717.65943210965,
    -387.3563742666));
#7382 = CARTESIAN_POINT('',(45.771818036068,718.50953395512,
    -387.4380255592));
#7383 = CARTESIAN_POINT('',(44.480151504163,720.19694915935,
    -387.5171368698));
#7384 = CARTESIAN_POINT('',(43.842894990228,721.02866955013,
    -387.5162928989));
#7385 = CARTESIAN_POINT('',(43.205929400061,721.86553991747,
    -387.4764779951));
#7386 = CARTESIAN_POINT('',(42.56945809405,722.71370192081,
    -387.3962657066));
#7387 = CARTESIAN_POINT('',(41.935800907215,723.57780567195,
    -387.2723221301));
#7388 = CARTESIAN_POINT('',(41.310364963384,724.46069811672,
    -387.0997659068));
#7389 = CARTESIAN_POINT('',(40.702551297156,725.36322504598,
    -386.8725279517));
#7390 = CARTESIAN_POINT('',(39.98367988478,726.51310418258,
    -386.511970186));
#7391 = CARTESIAN_POINT('',(39.842165048744,726.74378376893,
    -386.436184143));
#7392 = CARTESIAN_POINT('',(39.70248851272,726.97620508865,
    -386.3562654074));
#7393 = CARTESIAN_POINT('',(39.564802086904,727.21054140607,
    -386.2720006796));
#7394 = CARTESIAN_POINT('',(39.429317570951,727.44692579626,
    -386.1831654767));
#7395 = CARTESIAN_POINT('',(39.296308307357,727.6854526586,
    -386.0895261079));
#7396 = CARTESIAN_POINT('',(39.166110734844,727.92617923019,
    -385.9908416511));
#7397 = CARTESIAN_POINT('',(38.821390055916,728.5857003616,
    -385.7085828024));
#7398 = CARTESIAN_POINT('',(38.613755953807,729.00754960239,
    -385.5152799314));
#7399 = CARTESIAN_POINT('',(38.4169716244,729.436966558,-385.3049156101)
  );
#7400 = CARTESIAN_POINT('',(38.232967688644,729.87539116555,
    -385.0752774254));
#7401 = CARTESIAN_POINT('',(38.064916038445,730.32342647749,
    -384.8240842191));
#7402 = CARTESIAN_POINT('',(37.917287414751,730.78085338597,
    -384.5490856464));
#7403 = CARTESIAN_POINT('',(37.795924151145,731.24665824036,
    -384.248188199));
#7404 = CARTESIAN_POINT('',(37.647718163821,732.0442979552,
    -383.693467221));
#7405 = CARTESIAN_POINT('',(37.602468840445,732.37661669978,
    -383.4514335389));
#7406 = CARTESIAN_POINT('',(37.576145332807,732.71193911375,
    -383.1949511754));
#7407 = CARTESIAN_POINT('',(37.571887649038,733.04676885238,
    -382.9255590259));
#7408 = CARTESIAN_POINT('',(37.592209073057,733.37812504422,
    -382.6449575769));
#7409 = CARTESIAN_POINT('',(37.63897810182,733.70347389798,
    -382.3550195097));
#7410 = CARTESIAN_POINT('',(37.713400058617,734.02068365937,
    -382.057772552));
#7411 = CARTESIAN_POINT('',(37.878791689905,734.51609168996,
    -381.5702655412));
#7412 = CARTESIAN_POINT('',(37.951617286296,734.69891155076,
    -381.3847787579));
#7413 = CARTESIAN_POINT('',(38.034230322609,734.87599625657,
    -381.1996102615));
#7414 = CARTESIAN_POINT('',(38.126222911847,735.04695030368,
    -381.0154946944));
#7415 = CARTESIAN_POINT('',(38.227019127416,735.21144116647,
    -380.8331814415));
#7416 = CARTESIAN_POINT('',(38.335870001577,735.36919153508,
    -380.6534307644));
#7417 = CARTESIAN_POINT('',(38.451848523893,735.51997155322,
    -380.4770099351));
#7418 = CARTESIAN_POINT('',(38.665877217636,735.77193608808,
    -380.1746925604));
#7419 = CARTESIAN_POINT('',(38.761467952375,735.87636320112,
    -380.0468406302));
#7420 = CARTESIAN_POINT('',(38.860350665684,735.97699702935,
    -379.9212037072));
#7421 = CARTESIAN_POINT('',(38.962262197735,736.07395871653,
    -379.7978452568));
#7422 = CARTESIAN_POINT('',(39.066942471556,736.1673660177,
    -379.676822231));
#7423 = CARTESIAN_POINT('',(39.174134557502,736.25733340088,
    -379.5581852175));
#7424 = CARTESIAN_POINT('',(39.283584737725,736.34397214887,
    -379.4419785889));
#7425 = CARTESIAN_POINT('',(39.561887466276,736.5522620756,
    -379.1579825935));
#7426 = CARTESIAN_POINT('',(39.73334629464,736.67000376314,
    -378.9931386972));
#7427 = CARTESIAN_POINT('',(39.908796741117,736.78111476294,
    -378.8336404479));
#7428 = CARTESIAN_POINT('',(40.087696770734,736.88606044475,
    -378.6793886915));
#7429 = CARTESIAN_POINT('',(40.269585852233,736.98527478944,
    -378.5302572511));
#7430 = CARTESIAN_POINT('',(40.454086182154,737.07916286987,
    -378.3860965432));
#7431 = CARTESIAN_POINT('',(40.640903908913,737.16810333166,
    -378.2467371941));
#7432 = CARTESIAN_POINT('',(41.019858620879,737.33729032993,
    -377.9764642964));
#7433 = CARTESIAN_POINT('',(41.212051904365,737.41749723197,
    -377.8455821712));
#7434 = CARTESIAN_POINT('',(41.406107719343,737.49338772019,
    -377.719227341));
#7435 = CARTESIAN_POINT('',(41.601777511351,737.56525437827,
    -377.5972696377));
#7436 = CARTESIAN_POINT('',(41.798867327418,737.63336798636,
    -377.4795707431));
#7437 = CARTESIAN_POINT('',(41.997238484028,737.69797927404,
    -377.3659862681));
#7438 = CARTESIAN_POINT('',(42.196808235086,737.75932067316,
    -377.2563678314));
#7439 = CARTESIAN_POINT('',(42.590217032415,737.87355063788,
    -377.0490187567));
#7440 = CARTESIAN_POINT('',(42.783926013013,737.92666898503,
    -376.9510071748));
#7441 = CARTESIAN_POINT('',(42.97855039225,737.97712527276,
    -376.8564500856));
#7442 = CARTESIAN_POINT('',(43.173987360428,738.02506952431,
    -376.7652663058));
#7443 = CARTESIAN_POINT('',(43.370158541694,738.07064045597,
    -376.6773745528));
#7444 = CARTESIAN_POINT('',(43.567010248165,738.11396630744,
    -376.5926942221));
#7445 = CARTESIAN_POINT('',(43.764513734041,738.15516567232,
    -376.5111461645));
#7446 = CARTESIAN_POINT('',(44.782201251338,738.35640389951,
    -376.1080154543));
#7447 = CARTESIAN_POINT('',(45.61599177598,738.48458767013,
    -375.8343881683));
#7448 = CARTESIAN_POINT('',(46.457474704608,738.58490467059,
    -375.6096112289));
#7449 = CARTESIAN_POINT('',(47.302819689465,738.66163777348,
    -375.4314394597));
#7450 = CARTESIAN_POINT('',(48.150242101739,738.71774055994,
    -375.2979752301));
#7451 = CARTESIAN_POINT('',(48.99939646116,738.75507746443,
    -375.2079849423));
#7452 = CARTESIAN_POINT('',(49.850849547564,738.77451119815,
    -375.1610996591));
#7453 = CARTESIAN_POINT('',(51.828646389844,738.77757987943,
    -375.153696003));
#7454 = CARTESIAN_POINT('',(52.956030667187,738.74806516062,
    -375.2249014026));
#7455 = CARTESIAN_POINT('',(54.081388952977,738.68694834831,
    -375.3725440405));
#7456 = CARTESIAN_POINT('',(55.199100487369,738.59205325097,
    -375.5971931112));
#7457 = CARTESIAN_POINT('',(56.304182129727,738.45929007027,
    -375.8988676548));
#7458 = CARTESIAN_POINT('',(57.392108849637,738.28247046235,
    -376.2768717462));
#7459 = CARTESIAN_POINT('',(58.458692968993,738.05315812749,
    -376.7296642167));
#7460 = CARTESIAN_POINT('',(59.5000006,737.75998726677,-377.2544269254)
  );
#7461 = PCURVE('',#4306,#7462);
#7462 = DEFINITIONAL_REPRESENTATION('',(#7463),#7571);
#7463 = B_SPLINE_CURVE_WITH_KNOTS('',8,(#7464,#7465,#7466,#7467,#7468,
    #7469,#7470,#7471,#7472,#7473,#7474,#7475,#7476,#7477,#7478,#7479,
    #7480,#7481,#7482,#7483,#7484,#7485,#7486,#7487,#7488,#7489,#7490,
    #7491,#7492,#7493,#7494,#7495,#7496,#7497,#7498,#7499,#7500,#7501,
    #7502,#7503,#7504,#7505,#7506,#7507,#7508,#7509,#7510,#7511,#7512,
    #7513,#7514,#7515,#7516,#7517,#7518,#7519,#7520,#7521,#7522,#7523,
    #7524,#7525,#7526,#7527,#7528,#7529,#7530,#7531,#7532,#7533,#7534,
    #7535,#7536,#7537,#7538,#7539,#7540,#7541,#7542,#7543,#7544,#7545,
    #7546,#7547,#7548,#7549,#7550,#7551,#7552,#7553,#7554,#7555,#7556,
    #7557,#7558,#7559,#7560,#7561,#7562,#7563,#7564,#7565,#7566,#7567,
    #7568,#7569,#7570),.UNSPECIFIED.,.F.,.F.,(9,7,7,7,7,7,7,7,7,7,7,7,7,
    7,7,9),(0.,8.653613598665E-02,0.19176316542,0.312992999326,
    0.434569694745,0.553263117385,0.582803852803,0.633456202877,
    0.668324416547,0.68966482819,0.705763808764,0.729862902236,
    0.754102541239,0.777367049345,0.873586742592,1.),.UNSPECIFIED.);
#7464 = CARTESIAN_POINT('',(-3.720457259628,-29.38291465727));
#7465 = CARTESIAN_POINT('',(-3.662870740001,-29.91217473656));
#7466 = CARTESIAN_POINT('',(-3.605896476757,-30.46062941502));
#7467 = CARTESIAN_POINT('',(-3.549775325204,-31.02925746066));
#7468 = CARTESIAN_POINT('',(-3.494738664857,-31.61870054106));
#7469 = CARTESIAN_POINT('',(-3.44102303363,-32.22897823944));
#7470 = CARTESIAN_POINT('',(-3.388882078927,-32.85932855721));
#7471 = CARTESIAN_POINT('',(-3.338593990277,-33.50795689599));
#7472 = CARTESIAN_POINT('',(-3.231935288159,-34.97830937221));
#7473 = CARTESIAN_POINT('',(-3.176589131234,-35.80726738498));
#7474 = CARTESIAN_POINT('',(-3.124535959254,-36.65827038259));
#7475 = CARTESIAN_POINT('',(-3.075955617153,-37.53031204129));
#7476 = CARTESIAN_POINT('',(-3.03106824091,-38.42164396531));
#7477 = CARTESIAN_POINT('',(-2.990125126197,-39.32966884981));
#7478 = CARTESIAN_POINT('',(-2.953356102502,-40.25055187186));
#7479 = CARTESIAN_POINT('',(-2.883518851769,-42.24796657584));
#7480 = CARTESIAN_POINT('',(-2.851860965823,-43.32695321855));
#7481 = CARTESIAN_POINT('',(-2.825902527724,-44.41423786843));
#7482 = CARTESIAN_POINT('',(-2.805601748293,-45.50785484996));
#7483 = CARTESIAN_POINT('',(-2.790841686354,-46.60517381405));
#7484 = CARTESIAN_POINT('',(-2.781392654204,-47.7023534199));
#7485 = CARTESIAN_POINT('',(-2.776904488636,-48.79373430894));
#7486 = CARTESIAN_POINT('',(-2.776904488636,-50.95278791856));
#7487 = CARTESIAN_POINT('',(-2.7814183011,-52.02533154147));
#7488 = CARTESIAN_POINT('',(-2.79004193431,-53.09017543212));
#7489 = CARTESIAN_POINT('',(-2.802431427426,-54.14755678788));
#7490 = CARTESIAN_POINT('',(-2.818303122658,-55.1973603946));
#7491 = CARTESIAN_POINT('',(-2.837438896603,-56.2392643299));
#7492 = CARTESIAN_POINT('',(-2.859695076696,-57.27278632658));
#7493 = CARTESIAN_POINT('',(-2.909732011105,-59.29736200521));
#7494 = CARTESIAN_POINT('',(-2.937208606277,-60.28234098402));
#7495 = CARTESIAN_POINT('',(-2.967486880738,-61.25829931324));
#7496 = CARTESIAN_POINT('',(-3.000766554984,-62.22951825303));
#7497 = CARTESIAN_POINT('',(-3.037338208399,-63.19737863388));
#7498 = CARTESIAN_POINT('',(-3.077544680246,-64.15973546541));
#7499 = CARTESIAN_POINT('',(-3.121773483206,-65.1104153211));
#7500 = CARTESIAN_POINT('',(-3.182607585244,-66.26953864142));
#7501 = CARTESIAN_POINT('',(-3.195029613196,-66.49953947984));
#7502 = CARTESIAN_POINT('',(-3.207771396118,-66.7286017823));
#7503 = CARTESIAN_POINT('',(-3.220853750368,-66.95671384503));
#7504 = CARTESIAN_POINT('',(-3.234297396729,-67.18379765101));
#7505 = CARTESIAN_POINT('',(-3.248123054867,-67.40970992649));
#7506 = CARTESIAN_POINT('',(-3.262351537798,-67.63424319752));
#7507 = CARTESIAN_POINT('',(-3.302127589937,-68.23929677053));
#7508 = CARTESIAN_POINT('',(-3.328421762524,-68.61546543647));
#7509 = CARTESIAN_POINT('',(-3.356115202559,-68.98638388647));
#7510 = CARTESIAN_POINT('',(-3.385429368191,-69.35146531109));
#7511 = CARTESIAN_POINT('',(-3.416578173137,-69.70880061681));
#7512 = CARTESIAN_POINT('',(-3.449769531012,-70.05517358917));
#7513 = CARTESIAN_POINT('',(-3.485211184914,-70.38608726328));
#7514 = CARTESIAN_POINT('',(-3.549221520554,-70.90902310467));
#7515 = CARTESIAN_POINT('',(-3.576808846032,-71.11479469605));
#7516 = CARTESIAN_POINT('',(-3.605713186013,-71.3084265277));
#7517 = CARTESIAN_POINT('',(-3.635781854079,-71.48605128708));
#7518 = CARTESIAN_POINT('',(-3.666874959253,-71.64458496675));
#7519 = CARTESIAN_POINT('',(-3.698859999354,-71.78168554472));
#7520 = CARTESIAN_POINT('',(-3.731607755371,-71.89572108757));
#7521 = CARTESIAN_POINT('',(-3.785420126012,-72.04084605288));
#7522 = CARTESIAN_POINT('',(-3.805918362041,-72.08649313431));
#7523 = CARTESIAN_POINT('',(-3.826428979855,-72.12268318138));
#7524 = CARTESIAN_POINT('',(-3.846894799704,-72.14955671335));
#7525 = CARTESIAN_POINT('',(-3.867255561742,-72.16739524946));
#7526 = CARTESIAN_POINT('',(-3.887446810592,-72.17661645059));
#7527 = CARTESIAN_POINT('',(-3.907398779913,-72.17776926097));
#7528 = CARTESIAN_POINT('',(-3.941848842405,-72.16682150062));
#7529 = CARTESIAN_POINT('',(-3.956504353564,-72.15789970233));
#7530 = CARTESIAN_POINT('',(-3.970999218271,-72.14502222332));
#7531 = CARTESIAN_POINT('',(-3.98533069244,-72.12844110718));
#7532 = CARTESIAN_POINT('',(-3.999495879984,-72.10840196973));
#7533 = CARTESIAN_POINT('',(-4.013491732744,-72.0851440959));
#7534 = CARTESIAN_POINT('',(-4.027315050402,-72.05890053675));
#7535 = CARTESIAN_POINT('',(-4.061391767216,-71.98648366423));
#7536 = CARTESIAN_POINT('',(-4.081441043718,-71.9368574212));
#7537 = CARTESIAN_POINT('',(-4.101123368751,-71.88171123212));
#7538 = CARTESIAN_POINT('',(-4.120452944009,-71.82165865877));
#7539 = CARTESIAN_POINT('',(-4.139445445839,-71.75723760573));
#7540 = CARTESIAN_POINT('',(-4.15811835704,-71.68891285616));
#7541 = CARTESIAN_POINT('',(-4.176491298662,-71.61707860765));
#7542 = CARTESIAN_POINT('',(-4.212786955055,-71.46660590704));
#7543 = CARTESIAN_POINT('',(-4.230709448417,-71.38791762986));
#7544 = CARTESIAN_POINT('',(-4.248367316814,-71.30636177305));
#7545 = CARTESIAN_POINT('',(-4.265774766686,-71.22225420694));
#7546 = CARTESIAN_POINT('',(-4.282946987416,-71.13586281021));
#7547 = CARTESIAN_POINT('',(-4.299900402773,-71.04740920451));
#7548 = CARTESIAN_POINT('',(-4.316652922349,-70.95707048897));
#7549 = CARTESIAN_POINT('',(-4.349128821792,-70.77659610879));
#7550 = CARTESIAN_POINT('',(-4.364863380257,-70.68661570286));
#7551 = CARTESIAN_POINT('',(-4.380436791551,-70.59520658381));
#7552 = CARTESIAN_POINT('',(-4.395858208227,-70.50251326963));
#7553 = CARTESIAN_POINT('',(-4.411137135454,-70.40865875447));
#7554 = CARTESIAN_POINT('',(-4.426283554241,-70.31374529339));
#7555 = CARTESIAN_POINT('',(-4.441308044652,-70.21785518723));
#7556 = CARTESIAN_POINT('',(-4.517904169775,-69.72068141726));
#7557 = CARTESIAN_POINT('',(-4.577932499555,-69.30313790658));
#7558 = CARTESIAN_POINT('',(-4.636592884771,-68.8758238836));
#7559 = CARTESIAN_POINT('',(-4.694175948404,-68.44334878802));
#7560 = CARTESIAN_POINT('',(-4.750982873629,-68.00833545068));
#7561 = CARTESIAN_POINT('',(-4.807328730084,-67.5720266568));
#7562 = CARTESIAN_POINT('',(-4.86354320279,-67.1346914727));
#7563 = CARTESIAN_POINT('',(-4.994100470192,-66.11925768943));
#7564 = CARTESIAN_POINT('',(-5.068505789491,-65.54075898112));
#7565 = CARTESIAN_POINT('',(-5.1433859391,-64.963688029));
#7566 = CARTESIAN_POINT('',(-5.218938963568,-64.38939772981));
#7567 = CARTESIAN_POINT('',(-5.295370506659,-63.81721674));
#7568 = CARTESIAN_POINT('',(-5.372897975057,-63.24434055469));
#7569 = CARTESIAN_POINT('',(-5.451763990242,-62.66573200658));
#7570 = CARTESIAN_POINT('',(-5.532253834931,-62.07348148118));
#7571 = ( GEOMETRIC_REPRESENTATION_CONTEXT(2) 
PARAMETRIC_REPRESENTATION_CONTEXT() REPRESENTATION_CONTEXT('2D SPACE',''
  ) );
#7572 = PCURVE('',#7573,#7578);
#7573 = CYLINDRICAL_SURFACE('',#7574,20.);
#7574 = AXIS2_PLACEMENT_3D('',#7575,#7576,#7577);
#7575 = CARTESIAN_POINT('',(24.,720.3,-367.5));
#7576 = DIRECTION('',(-1.,-0.,0.));
#7577 = DIRECTION('',(0.,0.,1.));
#7578 = DEFINITIONAL_REPRESENTATION('',(#7579),#7687);
#7579 = B_SPLINE_CURVE_WITH_KNOTS('',8,(#7580,#7581,#7582,#7583,#7584,
    #7585,#7586,#7587,#7588,#7589,#7590,#7591,#7592,#7593,#7594,#7595,
    #7596,#7597,#7598,#7599,#7600,#7601,#7602,#7603,#7604,#7605,#7606,
    #7607,#7608,#7609,#7610,#7611,#7612,#7613,#7614,#7615,#7616,#7617,
    #7618,#7619,#7620,#7621,#7622,#7623,#7624,#7625,#7626,#7627,#7628,
    #7629,#7630,#7631,#7632,#7633,#7634,#7635,#7636,#7637,#7638,#7639,
    #7640,#7641,#7642,#7643,#7644,#7645,#7646,#7647,#7648,#7649,#7650,
    #7651,#7652,#7653,#7654,#7655,#7656,#7657,#7658,#7659,#7660,#7661,
    #7662,#7663,#7664,#7665,#7666,#7667,#7668,#7669,#7670,#7671,#7672,
    #7673,#7674,#7675,#7676,#7677,#7678,#7679,#7680,#7681,#7682,#7683,
    #7684,#7685,#7686),.UNSPECIFIED.,.F.,.F.,(9,7,7,7,7,7,7,7,7,7,7,7,7,
    7,7,9),(0.,8.653613598665E-02,0.19176316542,0.312992999326,
    0.434569694745,0.553263117385,0.582803852803,0.633456202877,
    0.668324416547,0.68966482819,0.705763808764,0.729862902236,
    0.754102541239,0.777367049345,0.873586742592,1.),.UNSPECIFIED.);
#7580 = CARTESIAN_POINT('',(-1.598447583629,-35.5000006));
#7581 = CARTESIAN_POINT('',(-1.636806928094,-34.99802497066));
#7582 = CARTESIAN_POINT('',(-1.676489063447,-34.52811423006));
#7583 = CARTESIAN_POINT('',(-1.717281376541,-34.0904247132));
#7584 = CARTESIAN_POINT('',(-1.758969842192,-33.68395793238));
#7585 = CARTESIAN_POINT('',(-1.801337475187,-33.3068204344));
#7586 = CARTESIAN_POINT('',(-1.844159242163,-32.95637341592));
#7587 = CARTESIAN_POINT('',(-1.887189193821,-32.62945248578));
#7588 = CARTESIAN_POINT('',(-1.982357928484,-31.94999793391));
#7589 = CARTESIAN_POINT('',(-2.034463608333,-31.60713432955));
#7590 = CARTESIAN_POINT('',(-2.086316396536,-31.28570383067));
#7591 = CARTESIAN_POINT('',(-2.137780709168,-30.97752430673));
#7592 = CARTESIAN_POINT('',(-2.188717795746,-30.67470265795));
#7593 = CARTESIAN_POINT('',(-2.238973703754,-30.36987887417));
#7594 = CARTESIAN_POINT('',(-2.288370639791,-30.05702066153));
#7595 = CARTESIAN_POINT('',(-2.392364784114,-29.35844603636));
#7596 = CARTESIAN_POINT('',(-2.446614671382,-28.96885603993));
#7597 = CARTESIAN_POINT('',(-2.499486374148,-28.55545657247));
#7598 = CARTESIAN_POINT('',(-2.551018352713,-28.11276451389));
#7599 = CARTESIAN_POINT('',(-2.601247424271,-27.63816762522));
#7600 = CARTESIAN_POINT('',(-2.650195475891,-27.13237848384));
#7601 = CARTESIAN_POINT('',(-2.697840876283,-26.59937582209));
#7602 = CARTESIAN_POINT('',(-2.790480359785,-25.49091611248));
#7603 = CARTESIAN_POINT('',(-2.835678769932,-24.91280168487));
#7604 = CARTESIAN_POINT('',(-2.879950761023,-24.31363202907));
#7605 = CARTESIAN_POINT('',(-2.923520360308,-23.69643711583));
#7606 = CARTESIAN_POINT('',(-2.966591073952,-23.0646724594));
#7607 = CARTESIAN_POINT('',(-3.00935568452,-22.4219181021));
#7608 = CARTESIAN_POINT('',(-3.052005322901,-21.77181803606));
#7609 = CARTESIAN_POINT('',(-3.136468756867,-20.48015150416));
#7610 = CARTESIAN_POINT('',(-3.178007194793,-19.84289499022));
#7611 = CARTESIAN_POINT('',(-3.21982216829,-19.20592940006));
#7612 = CARTESIAN_POINT('',(-3.262324010796,-18.56945809405));
#7613 = CARTESIAN_POINT('',(-3.305864184962,-17.93580090721));
#7614 = CARTESIAN_POINT('',(-3.350739216846,-17.31036496338));
#7615 = CARTESIAN_POINT('',(-3.397197814013,-16.70255129715));
#7616 = CARTESIAN_POINT('',(-3.457451941075,-15.98367988478));
#7617 = CARTESIAN_POINT('',(-3.4695913134,-15.84216504874));
#7618 = CARTESIAN_POINT('',(-3.481878243648,-15.70248851272));
#7619 = CARTESIAN_POINT('',(-3.494327073078,-15.5648020869));
#7620 = CARTESIAN_POINT('',(-3.506950717914,-15.42931757095));
#7621 = CARTESIAN_POINT('',(-3.519760788157,-15.29630830735));
#7622 = CARTESIAN_POINT('',(-3.532767706383,-15.16611073484));
#7623 = CARTESIAN_POINT('',(-3.568636849823,-14.82139005591));
#7624 = CARTESIAN_POINT('',(-3.591830878674,-14.6137559538));
#7625 = CARTESIAN_POINT('',(-3.61572612469,-14.4169716244));
#7626 = CARTESIAN_POINT('',(-3.640453614306,-14.23296768864));
#7627 = CARTESIAN_POINT('',(-3.666113659718,-14.06491603844));
#7628 = CARTESIAN_POINT('',(-3.692777510815,-13.91728741475));
#7629 = CARTESIAN_POINT('',(-3.720488307921,-13.79592415114));
#7630 = CARTESIAN_POINT('',(-3.769066710482,-13.64771816382));
#7631 = CARTESIAN_POINT('',(-3.789617615485,-13.60246884044));
#7632 = CARTESIAN_POINT('',(-3.810716083741,-13.5761453328));
#7633 = CARTESIAN_POINT('',(-3.832190357656,-13.57188764903));
#7634 = CARTESIAN_POINT('',(-3.853886888524,-13.59220907305));
#7635 = CARTESIAN_POINT('',(-3.875665162476,-13.63897810182));
#7636 = CARTESIAN_POINT('',(-3.897394472345,-13.71340005861));
#7637 = CARTESIAN_POINT('',(-3.932146889613,-13.8787916899));
#7638 = CARTESIAN_POINT('',(-3.945167301893,-13.95161728629));
#7639 = CARTESIAN_POINT('',(-3.957975693375,-14.0342303226));
#7640 = CARTESIAN_POINT('',(-3.970535281822,-14.12622291184));
#7641 = CARTESIAN_POINT('',(-3.982810443859,-14.22701912741));
#7642 = CARTESIAN_POINT('',(-3.994766477199,-14.33587000157));
#7643 = CARTESIAN_POINT('',(-4.006369362862,-14.45184852389));
#7644 = CARTESIAN_POINT('',(-4.02604688315,-14.66587721763));
#7645 = CARTESIAN_POINT('',(-4.03430043752,-14.76146795237));
#7646 = CARTESIAN_POINT('',(-4.042348407967,-14.86035066568));
#7647 = CARTESIAN_POINT('',(-4.050192969026,-14.96226219773));
#7648 = CARTESIAN_POINT('',(-4.057836271149,-15.06694247155));
#7649 = CARTESIAN_POINT('',(-4.065280459559,-15.1741345575));
#7650 = CARTESIAN_POINT('',(-4.072527693097,-15.28358473772));
#7651 = CARTESIAN_POINT('',(-4.090137237312,-15.56188746627));
#7652 = CARTESIAN_POINT('',(-4.100265193103,-15.73334629464));
#7653 = CARTESIAN_POINT('',(-4.109983320771,-15.90879674111));
#7654 = CARTESIAN_POINT('',(-4.11931058327,-16.08769677073));
#7655 = CARTESIAN_POINT('',(-4.128265657271,-16.26958585223));
#7656 = CARTESIAN_POINT('',(-4.136866974246,-16.45408618215));
#7657 = CARTESIAN_POINT('',(-4.145132761555,-16.64090390891));
#7658 = CARTESIAN_POINT('',(-4.161075759991,-17.01985862087));
#7659 = CARTESIAN_POINT('',(-4.168750583511,-17.21205190436));
#7660 = CARTESIAN_POINT('',(-4.176119791063,-17.40610771934));
#7661 = CARTESIAN_POINT('',(-4.183197188613,-17.60177751135));
#7662 = CARTESIAN_POINT('',(-4.189996156664,-17.79886732741));
#7663 = CARTESIAN_POINT('',(-4.1965296558,-17.99723848402));
#7664 = CARTESIAN_POINT('',(-4.202810232232,-18.19680823508));
#7665 = CARTESIAN_POINT('',(-4.214646841082,-18.59021703241));
#7666 = CARTESIAN_POINT('',(-4.22022071858,-18.78392601301));
#7667 = CARTESIAN_POINT('',(-4.22557937828,-18.97855039225));
#7668 = CARTESIAN_POINT('',(-4.23073019906,-19.17398736042));
#7669 = CARTESIAN_POINT('',(-4.235680218214,-19.37015854169));
#7670 = CARTESIAN_POINT('',(-4.240436133447,-19.56701024816));
#7671 = CARTESIAN_POINT('',(-4.245004304851,-19.76451373404));
#7672 = CARTESIAN_POINT('',(-4.267532686592,-20.78220125133));
#7673 = CARTESIAN_POINT('',(-4.282636332453,-21.61599177598));
#7674 = CARTESIAN_POINT('',(-4.294940880746,-22.4574747046));
#7675 = CARTESIAN_POINT('',(-4.304639949218,-23.30281968946));
#7676 = CARTESIAN_POINT('',(-4.311878769823,-24.15024210173));
#7677 = CARTESIAN_POINT('',(-4.316749935062,-24.99939646116));
#7678 = CARTESIAN_POINT('',(-4.319287707929,-25.85084954756));
#7679 = CARTESIAN_POINT('',(-4.319688428927,-27.82864638984));
#7680 = CARTESIAN_POINT('',(-4.315834423364,-28.95603066719));
#7681 = CARTESIAN_POINT('',(-4.307844833714,-30.08138895295));
#7682 = CARTESIAN_POINT('',(-4.29565155328,-31.1991004874));
#7683 = CARTESIAN_POINT('',(-4.279175980845,-32.3041821297));
#7684 = CARTESIAN_POINT('',(-4.258322849091,-33.39210884964));
#7685 = CARTESIAN_POINT('',(-4.232966439786,-34.45869296899));
#7686 = CARTESIAN_POINT('',(-4.202911279912,-35.5000006));
#7687 = ( GEOMETRIC_REPRESENTATION_CONTEXT(2) 
PARAMETRIC_REPRESENTATION_CONTEXT() REPRESENTATION_CONTEXT('2D SPACE',''
  ) );
#7688 = ORIENTED_EDGE('',*,*,#7689,.F.);
#7689 = EDGE_CURVE('',#7690,#7348,#7692,.T.);
#7690 = VERTEX_POINT('',#7691);
#7691 = CARTESIAN_POINT('',(59.5,704.32922280857,-366.5334205144));
#7692 = SURFACE_CURVE('',#7693,(#7698,#7725),.PCURVE_S1.);
#7693 = ELLIPSE('',#7694,25.321350592884,13.);
#7694 = AXIS2_PLACEMENT_3D('',#7695,#7696,#7697);
#7695 = CARTESIAN_POINT('',(59.5,720.3,-381.5));
#7696 = DIRECTION('',(1.,0.,0.));
#7697 = DIRECTION('',(0.,-0.92203235514,0.38711282086));
#7698 = PCURVE('',#4306,#7699);
#7699 = DEFINITIONAL_REPRESENTATION('',(#7700),#7724);
#7700 = B_SPLINE_CURVE_WITH_KNOTS('',8,(#7701,#7702,#7703,#7704,#7705,
    #7706,#7707,#7708,#7709,#7710,#7711,#7712,#7713,#7714,#7715,#7716,
    #7717,#7718,#7719,#7720,#7721,#7722,#7723),.UNSPECIFIED.,.F.,.F.,(9,
    7,7,9),(3.353894383755,4.43311411238,6.051943705318,7.670773298256),
  .UNSPECIFIED.);
#7701 = CARTESIAN_POINT('',(-6.28318530718,-70.91043492387));
#7702 = CARTESIAN_POINT('',(-6.148282841101,-70.29276615043));
#7703 = CARTESIAN_POINT('',(-6.013380375023,-69.23330274027));
#7704 = CARTESIAN_POINT('',(-5.878477908945,-67.74917931703));
#7705 = CARTESIAN_POINT('',(-5.743575442867,-65.87465919521));
#7706 = CARTESIAN_POINT('',(-5.608672976789,-63.66020820372));
#7707 = CARTESIAN_POINT('',(-5.473770510711,-61.16972007399));
#7708 = CARTESIAN_POINT('',(-5.338868044632,-58.47651413827));
#7709 = CARTESIAN_POINT('',(-5.001611879437,-51.43204400131));
#7710 = CARTESIAN_POINT('',(-4.79925818032,-46.92505233854));
#7711 = CARTESIAN_POINT('',(-4.596904481209,-42.40149135273));
#7712 = CARTESIAN_POINT('',(-4.394550782087,-38.14950950903));
#7713 = CARTESIAN_POINT('',(-4.192197082974,-34.44743205125));
#7714 = CARTESIAN_POINT('',(-3.989843383851,-31.52297947341));
#7715 = CARTESIAN_POINT('',(-3.787489684734,-29.52543634461));
#7716 = CARTESIAN_POINT('',(-3.382782286499,-27.50995273879));
#7717 = CARTESIAN_POINT('',(-3.180428587383,-27.49201166599));
#7718 = CARTESIAN_POINT('',(-2.978074888278,-28.5267419454));
#7719 = CARTESIAN_POINT('',(-2.775721189158,-30.59059189001));
#7720 = CARTESIAN_POINT('',(-2.573367490036,-33.5651914351));
#7721 = CARTESIAN_POINT('',(-2.371013790915,-37.24835911402));
#7722 = CARTESIAN_POINT('',(-2.168660091796,-41.38655737362));
#7723 = CARTESIAN_POINT('',(-1.966306392678,-45.71001249385));
#7724 = ( GEOMETRIC_REPRESENTATION_CONTEXT(2) 
PARAMETRIC_REPRESENTATION_CONTEXT() REPRESENTATION_CONTEXT('2D SPACE',''
  ) );
#7725 = PCURVE('',#7726,#7731);
#7726 = PLANE('',#7727);
#7727 = AXIS2_PLACEMENT_3D('',#7728,#7729,#7730);
#7728 = CARTESIAN_POINT('',(59.5,720.3,-367.5));
#7729 = DIRECTION('',(1.,0.,0.));
#7730 = DIRECTION('',(-0.,0.,1.));
#7731 = DEFINITIONAL_REPRESENTATION('',(#7732),#7736);
#7732 = ELLIPSE('',#7733,25.321350592884,13.);
#7733 = AXIS2_PLACEMENT_2D('',#7734,#7735);
#7734 = CARTESIAN_POINT('',(-14.,-4.547473508865E-13));
#7735 = DIRECTION('',(0.38711282086,0.92203235514));
#7736 = ( GEOMETRIC_REPRESENTATION_CONTEXT(2) 
PARAMETRIC_REPRESENTATION_CONTEXT() REPRESENTATION_CONTEXT('2D SPACE',''
  ) );
#7737 = ORIENTED_EDGE('',*,*,#7738,.T.);
#7738 = EDGE_CURVE('',#7690,#7739,#7741,.T.);
#7739 = VERTEX_POINT('',#7740);
#7740 = CARTESIAN_POINT('',(59.5,734.59675166787,-374.6835152778));
#7741 = SURFACE_CURVE('',#7742,(#7871,#8003),.PCURVE_S1.);
#7742 = B_SPLINE_CURVE_WITH_KNOTS('',8,(#7743,#7744,#7745,#7746,#7747,
    #7748,#7749,#7750,#7751,#7752,#7753,#7754,#7755,#7756,#7757,#7758,
    #7759,#7760,#7761,#7762,#7763,#7764,#7765,#7766,#7767,#7768,#7769,
    #7770,#7771,#7772,#7773,#7774,#7775,#7776,#7777,#7778,#7779,#7780,
    #7781,#7782,#7783,#7784,#7785,#7786,#7787,#7788,#7789,#7790,#7791,
    #7792,#7793,#7794,#7795,#7796,#7797,#7798,#7799,#7800,#7801,#7802,
    #7803,#7804,#7805,#7806,#7807,#7808,#7809,#7810,#7811,#7812,#7813,
    #7814,#7815,#7816,#7817,#7818,#7819,#7820,#7821,#7822,#7823,#7824,
    #7825,#7826,#7827,#7828,#7829,#7830,#7831,#7832,#7833,#7834,#7835,
    #7836,#7837,#7838,#7839,#7840,#7841,#7842,#7843,#7844,#7845,#7846,
    #7847,#7848,#7849,#7850,#7851,#7852,#7853,#7854,#7855,#7856,#7857,
    #7858,#7859,#7860,#7861,#7862,#7863,#7864,#7865,#7866,#7867,#7868,
    #7869,#7870),.UNSPECIFIED.,.F.,.F.,(9,7,7,7,7,7,7,7,7,7,7,7,7,7,7,7,
    7,7,9),(0.,4.1413191034E-02,0.169349211581,0.263524614779,
    0.420972343098,0.502775340151,0.526731615346,0.553442962553,
    0.58189985933,0.623986528168,0.636929881144,0.658410784531,
    0.674836468484,0.683115198688,0.700609134126,0.727712461686,
    0.754292303451,0.892422392716,1.),.UNSPECIFIED.);
#7743 = CARTESIAN_POINT('',(59.5000006,704.32922284507,-366.5334199113)
  );
#7744 = CARTESIAN_POINT('',(59.254657115436,704.31429718609,
    -366.7800361786));
#7745 = CARTESIAN_POINT('',(59.013190020285,704.30339850938,
    -367.0322863422));
#7746 = CARTESIAN_POINT('',(58.775738063988,704.29687934113,
    -367.2898567769));
#7747 = CARTESIAN_POINT('',(58.542405983222,704.29507648781,
    -367.5524066224));
#7748 = CARTESIAN_POINT('',(58.313265634299,704.29830739077,
    -367.8195713846));
#7749 = CARTESIAN_POINT('',(58.088357125575,704.30686648079,
    -368.0909665363));
#7750 = CARTESIAN_POINT('',(57.867689949849,704.32102153266,
    -368.3661911195));
#7751 = CARTESIAN_POINT('',(56.982587153707,704.40275960789,
    -369.5056228172));
#7752 = CARTESIAN_POINT('',(56.357553218963,704.51987427395,
    -370.3947187311));
#7753 = CARTESIAN_POINT('',(55.773651199733,704.69851518218,
    -371.3009086356));
#7754 = CARTESIAN_POINT('',(55.226555148984,704.94242267406,
    -372.2122340574));
#7755 = CARTESIAN_POINT('',(54.710803229466,705.25250252934,
    -373.1163034432));
#7756 = CARTESIAN_POINT('',(54.220350121342,705.62650039706,
    -374.000538855));
#7757 = CARTESIAN_POINT('',(53.749603778464,706.05840812478,
    -374.8524537204));
#7758 = CARTESIAN_POINT('',(52.961362586931,706.88972442094,
    -376.2545513282));
#7759 = CARTESIAN_POINT('',(52.634798756657,707.2691183489,
    -376.8275380412));
#7760 = CARTESIAN_POINT('',(52.31289082165,707.67346417228,
    -377.3773270352));
#7761 = CARTESIAN_POINT('',(51.99308060706,708.10061839631,
    -377.9024336695));
#7762 = CARTESIAN_POINT('',(51.673252312423,708.54826550748,
    -378.4015922173));
#7763 = CARTESIAN_POINT('',(51.351786256518,709.01394530035,
    -378.8737803253));
#7764 = CARTESIAN_POINT('',(51.027621965806,709.49507592254,
    -379.3182390327));
#7765 = CARTESIAN_POINT('',(50.153042440196,710.8146342273,
    -380.4303455552));
#7766 = CARTESIAN_POINT('',(49.598149544787,711.67411657888,
    -381.0457864666));
#7767 = CARTESIAN_POINT('',(49.029093889847,712.56111082937,
    -381.5846722578));
#7768 = CARTESIAN_POINT('',(48.443142752366,713.47089601959,
    -382.0500135993));
#7769 = CARTESIAN_POINT('',(47.840398605674,714.39967899838,
    -382.4440777205));
#7770 = CARTESIAN_POINT('',(47.223532773713,715.34437435047,
    -382.7684126485));
#7771 = CARTESIAN_POINT('',(46.597392263235,716.30220413549,
    -383.0238622786));
#7772 = CARTESIAN_POINT('',(45.642258469042,717.77374613946,
    -383.3076122007));
#7773 = CARTESIAN_POINT('',(45.314642016189,718.28034093601,
    -383.3861960834));
#7774 = CARTESIAN_POINT('',(44.986303418585,718.79102433232,
    -383.4464821899));
#7775 = CARTESIAN_POINT('',(44.657721302323,719.30645953244,
    -383.4883484462));
#7776 = CARTESIAN_POINT('',(44.329598469084,719.82727196712,
    -383.5114149495));
#7777 = CARTESIAN_POINT('',(44.002943186912,720.35399464991,
    -383.5150489978));
#7778 = CARTESIAN_POINT('',(43.679164829762,720.88702633015,
    -383.4983747027));
#7779 = CARTESIAN_POINT('',(43.266769247446,721.58461907175,
    -383.4491331271));
#7780 = CARTESIAN_POINT('',(43.173736770089,721.7432465349,
    -383.4361391016));
#7781 = CARTESIAN_POINT('',(43.081116081097,721.90252364764,
    -383.4212729941));
#7782 = CARTESIAN_POINT('',(42.988943446814,722.06248480257,
    -383.4044991503));
#7783 = CARTESIAN_POINT('',(42.897261986896,722.22316016143,
    -383.3857785487));
#7784 = CARTESIAN_POINT('',(42.8061219086,722.38457584703,-383.365068977
    ));
#7785 = CARTESIAN_POINT('',(42.715580741073,722.54675413532,
    -383.3423252078));
#7786 = CARTESIAN_POINT('',(42.525490146954,722.891414186,
    -383.2898180435));
#7787 = CARTESIAN_POINT('',(42.426118858431,723.07405577762,
    -383.2595527887));
#7788 = CARTESIAN_POINT('',(42.327645276235,723.25772588637,
    -383.2266286524));
#7789 = CARTESIAN_POINT('',(42.230143547454,723.44249817395,
    -383.190963215));
#7790 = CARTESIAN_POINT('',(42.133707060561,723.62843302949,
    -383.1524670654));
#7791 = CARTESIAN_POINT('',(42.038449111885,723.81557809945,
    -383.111044471));
#7792 = CARTESIAN_POINT('',(41.944503572072,724.00396881753,
    -383.0665940479));
#7793 = CARTESIAN_POINT('',(41.753504222459,724.39568307761,
    -382.9683152252));
#7794 = CARTESIAN_POINT('',(41.65667682293,724.59911971858,
    -382.9140784368));
#7795 = CARTESIAN_POINT('',(41.561661303677,724.80410621373,
    -382.8561386335));
#7796 = CARTESIAN_POINT('',(41.468621611073,725.01077411415,
    -382.7943221389));
#7797 = CARTESIAN_POINT('',(41.377769293244,725.21922043093,
    -382.7284441266));
#7798 = CARTESIAN_POINT('',(41.28936510516,725.42950890047,
    -382.6583107147));
#7799 = CARTESIAN_POINT('',(41.203720613722,725.6416712498,
    -382.5837210596));
#7800 = CARTESIAN_POINT('',(40.99915465975,726.1722613639,
    -382.3872593322));
#7801 = CARTESIAN_POINT('',(40.883978561947,726.49282122062,
    -382.259886864));
#7802 = CARTESIAN_POINT('',(40.776597069489,726.81802349338,
    -382.1214603096));
#7803 = CARTESIAN_POINT('',(40.678342671336,727.14819930024,
    -381.9710277855));
#7804 = CARTESIAN_POINT('',(40.590972608754,727.48338052867,
    -381.807608998));
#7805 = CARTESIAN_POINT('',(40.516690248794,727.82330780709,
    -381.6302332176));
#7806 = CARTESIAN_POINT('',(40.458170007865,728.16744133502,
    -381.437983489));
#7807 = CARTESIAN_POINT('',(40.40641208819,728.62185509917,
    -381.1660982219));
#7808 = CARTESIAN_POINT('',(40.396029173808,728.72905877197,
    -381.1006647781));
#7809 = CARTESIAN_POINT('',(40.387534809211,728.83651574178,
    -381.0337507858));
#7810 = CARTESIAN_POINT('',(40.38102631349,728.94415766455,
    -380.9653620788));
#7811 = CARTESIAN_POINT('',(40.376600597863,729.05191770071,
    -380.8955062862));
#7812 = CARTESIAN_POINT('',(40.374354165674,729.15973051519,
    -380.8241928326));
#7813 = CARTESIAN_POINT('',(40.374383112394,729.26753227738,
    -380.7514329378));
#7814 = CARTESIAN_POINT('',(40.380766208848,729.55404764227,
    -380.5541077244));
#7815 = CARTESIAN_POINT('',(40.391286513579,729.7329279346,
    -380.4268244248));
#7816 = CARTESIAN_POINT('',(40.408807971019,729.91110328428,
    -380.2957788895));
#7817 = CARTESIAN_POINT('',(40.43369438957,730.08785961314,
    -380.1613883567));
#7818 = CARTESIAN_POINT('',(40.46620642823,730.26256059843,
    -380.0240960819));
#7819 = CARTESIAN_POINT('',(40.506498570004,730.43464125254,
    -379.8843692883));
#7820 = CARTESIAN_POINT('',(40.554616095303,730.60360150272,
    -379.7426971176));
#7821 = CARTESIAN_POINT('',(40.653218417647,730.89547395246,
    -379.4901585631));
#7822 = CARTESIAN_POINT('',(40.700407419171,731.01964738043,
    -379.3800773598));
#7823 = CARTESIAN_POINT('',(40.751993447429,731.14130971052,
    -379.2695994013));
#7824 = CARTESIAN_POINT('',(40.807865301722,731.26027050822,
    -379.1589884115));
#7825 = CARTESIAN_POINT('',(40.867865462579,731.37635837854,
    -379.0485157513));
#7826 = CARTESIAN_POINT('',(40.931789361184,731.48942009582,
    -378.938458763));
#7827 = CARTESIAN_POINT('',(40.999384648793,731.59931973356,
    -378.8290991148));
#7828 = CARTESIAN_POINT('',(41.106118039521,731.75967450081,
    -378.6660974256));
#7829 = CARTESIAN_POINT('',(41.14275260673,731.81259374783,
    -378.6117066151));
#7830 = CARTESIAN_POINT('',(41.180227272235,731.86469536397,
    -378.5575691409));
#7831 = CARTESIAN_POINT('',(41.218513823098,731.91597945309,
    -378.5037053735));
#7832 = CARTESIAN_POINT('',(41.257582728991,731.96644639427,
    -378.4501356276));
#7833 = CARTESIAN_POINT('',(41.297403142199,732.01609684175,
    -378.3968801622));
#7834 = CARTESIAN_POINT('',(41.337942897621,732.064931725,-378.34395918)
  );
#7835 = CARTESIAN_POINT('',(41.466283110304,732.21442529094,
    -378.1803139134));
#7836 = CARTESIAN_POINT('',(41.556428191867,732.31222465984,
    -378.0708592723));
#7837 = CARTESIAN_POINT('',(41.649372756001,732.40646981626,
    -377.9631031372));
#7838 = CARTESIAN_POINT('',(41.744888132038,732.49727660682,
    -377.8571131208));
#7839 = CARTESIAN_POINT('',(41.84274808097,732.58475739845,
    -377.752950431));
#7840 = CARTESIAN_POINT('',(41.942728896316,732.66902121299,
    -377.6506700863));
#7841 = CARTESIAN_POINT('',(42.044609504991,732.75017386184,
    -377.5503211305));
#7842 = CARTESIAN_POINT('',(42.308620115099,732.94938679975,
    -377.2995357224));
#7843 = CARTESIAN_POINT('',(42.473233315113,733.06333155912,
    -377.1517422202));
#7844 = CARTESIAN_POINT('',(42.641419272757,733.17067070117,
    -377.0085425851));
#7845 = CARTESIAN_POINT('',(42.812666244616,733.27188647983,
    -376.869876654));
#7846 = CARTESIAN_POINT('',(42.986544105338,733.36742766062,
    -376.7356523072));
#7847 = CARTESIAN_POINT('',(43.162705813646,733.45771212074,
    -376.6057499206));
#7848 = CARTESIAN_POINT('',(43.34088887836,733.54312944912,
    -376.480026816));
#7849 = CARTESIAN_POINT('',(43.697467630168,733.703394833,
    -376.2389672764));
#7850 = CARTESIAN_POINT('',(43.875816372565,733.77842575085,
    -376.1234611099));
#7851 = CARTESIAN_POINT('',(44.055702556129,733.84943381497,
    -376.0117175037));
#7852 = CARTESIAN_POINT('',(44.23691406591,733.91669468791,
    -375.9036387685));
#7853 = CARTESIAN_POINT('',(44.419287834978,733.98046375235,
    -375.7991173783));
#7854 = CARTESIAN_POINT('',(44.602710511924,734.04097768345,
    -375.698038114));
#7855 = CARTESIAN_POINT('',(44.787119128364,734.09845602127,
    -375.6002802065));
#7856 = CARTESIAN_POINT('',(45.935898033866,734.4370907607,
    -375.0143064099));
#7857 = CARTESIAN_POINT('',(46.937399098129,734.64808163152,
    -374.6032217836));
#7858 = CARTESIAN_POINT('',(47.954892707258,734.80500858727,
    -374.2697784675));
#7859 = CARTESIAN_POINT('',(48.976409057899,734.92050754016,
    -374.0086240107));
#7860 = CARTESIAN_POINT('',(49.9977019848,735.00290832115,
    -373.8143311495));
#7861 = CARTESIAN_POINT('',(51.020039665101,735.05723045425,
    -373.6830763092));
#7862 = CARTESIAN_POINT('',(52.048131503194,735.08578818443,
    -373.6139587281));
#7863 = CARTESIAN_POINT('',(53.897577533699,735.08908534909,
    -373.6059781223));
#7864 = CARTESIAN_POINT('',(54.708878767148,735.07432199691,
    -373.6417096537));
#7865 = CARTESIAN_POINT('',(55.519428863353,735.04328331011,
    -373.716935462));
#7866 = CARTESIAN_POINT('',(56.327233715082,734.99528205639,
    -373.8317793262));
#7867 = CARTESIAN_POINT('',(57.130569813838,734.92899038798,
    -373.9861994051));
#7868 = CARTESIAN_POINT('',(57.927952527256,734.84241651955,
    -374.1799698571));
#7869 = CARTESIAN_POINT('',(58.71811621902,734.73285073059,
    -374.4126486678));
#7870 = CARTESIAN_POINT('',(59.5000006,734.59675156343,-374.6835154857)
  );
#7871 = PCURVE('',#4306,#7872);
#7872 = DEFINITIONAL_REPRESENTATION('',(#7873),#8002);
#7873 = B_SPLINE_CURVE_WITH_KNOTS('',8,(#7874,#7875,#7876,#7877,#7878,
    #7879,#7880,#7881,#7882,#7883,#7884,#7885,#7886,#7887,#7888,#7889,
    #7890,#7891,#7892,#7893,#7894,#7895,#7896,#7897,#7898,#7899,#7900,
    #7901,#7902,#7903,#7904,#7905,#7906,#7907,#7908,#7909,#7910,#7911,
    #7912,#7913,#7914,#7915,#7916,#7917,#7918,#7919,#7920,#7921,#7922,
    #7923,#7924,#7925,#7926,#7927,#7928,#7929,#7930,#7931,#7932,#7933,
    #7934,#7935,#7936,#7937,#7938,#7939,#7940,#7941,#7942,#7943,#7944,
    #7945,#7946,#7947,#7948,#7949,#7950,#7951,#7952,#7953,#7954,#7955,
    #7956,#7957,#7958,#7959,#7960,#7961,#7962,#7963,#7964,#7965,#7966,
    #7967,#7968,#7969,#7970,#7971,#7972,#7973,#7974,#7975,#7976,#7977,
    #7978,#7979,#7980,#7981,#7982,#7983,#7984,#7985,#7986,#7987,#7988,
    #7989,#7990,#7991,#7992,#7993,#7994,#7995,#7996,#7997,#7998,#7999,
    #8000,#8001),.UNSPECIFIED.,.F.,.F.,(9,7,7,7,7,7,7,7,7,7,7,7,7,7,7,7,
    7,7,9),(0.,4.1413191034E-02,0.169349211581,0.263524614779,
    0.420972343098,0.502775340151,0.526731615346,0.553442962553,
    0.58189985933,0.623986528168,0.636929881144,0.658410784531,
    0.674836468484,0.683115198688,0.700609134126,0.727712461686,
    0.754292303451,0.892422392716,1.),.UNSPECIFIED.);
#7874 = CARTESIAN_POINT('',(-3.979930001785,-32.06016195498));
#7875 = CARTESIAN_POINT('',(-3.957796721272,-32.25623772616));
#7876 = CARTESIAN_POINT('',(-3.935723135365,-32.45538125321));
#7877 = CARTESIAN_POINT('',(-3.913729303651,-32.65769604885));
#7878 = CARTESIAN_POINT('',(-3.891835001144,-32.86328160238));
#7879 = CARTESIAN_POINT('',(-3.870059704128,-33.0722311102));
#7880 = CARTESIAN_POINT('',(-3.848422575998,-33.28462920638));
#7881 = CARTESIAN_POINT('',(-3.826942453107,-33.50054969317));
#7882 = CARTESIAN_POINT('',(-3.739822360858,-34.39815639801));
#7883 = CARTESIAN_POINT('',(-3.676010104722,-35.10707330568));
#7884 = CARTESIAN_POINT('',(-3.614598017687,-35.84923378302));
#7885 = CARTESIAN_POINT('',(-3.555982164923,-36.62584567598));
#7886 = CARTESIAN_POINT('',(-3.500583582117,-37.43631330604));
#7887 = CARTESIAN_POINT('',(-3.448861946831,-38.2777782127));
#7888 = CARTESIAN_POINT('',(-3.401290959255,-39.14420941394));
#7889 = CARTESIAN_POINT('',(-3.326600539609,-40.67244216039));
#7890 = CARTESIAN_POINT('',(-3.297263417935,-41.33063881047));
#7891 = CARTESIAN_POINT('',(-3.270270005511,-41.99848179323));
#7892 = CARTESIAN_POINT('',(-3.245642006458,-42.67509525788));
#7893 = CARTESIAN_POINT('',(-3.223401756388,-43.35931285343));
#7894 = CARTESIAN_POINT('',(-3.203563040604,-44.04967988337));
#7895 = CARTESIAN_POINT('',(-3.186123097971,-44.74444580066));
#7896 = CARTESIAN_POINT('',(-3.145869037784,-46.60698669465));
#7897 = CARTESIAN_POINT('',(-3.127371977097,-47.7763766674));
#7898 = CARTESIAN_POINT('',(-3.115196090232,-48.94937471002));
#7899 = CARTESIAN_POINT('',(-3.109078401679,-50.12464853364));
#7900 = CARTESIAN_POINT('',(-3.108782451288,-51.29989740576));
#7901 = CARTESIAN_POINT('',(-3.114088244922,-52.47182281461));
#7902 = CARTESIAN_POINT('',(-3.124796351392,-53.63601862509));
#7903 = CARTESIAN_POINT('',(-3.149039273126,-55.38499143752));
#7904 = CARTESIAN_POINT('',(-3.15875425863,-55.98013420884));
#7905 = CARTESIAN_POINT('',(-3.169895196506,-56.57280426814));
#7906 = CARTESIAN_POINT('',(-3.182480748567,-57.16324008977));
#7907 = CARTESIAN_POINT('',(-3.196546312033,-57.7514495174));
#7908 = CARTESIAN_POINT('',(-3.212142919465,-58.33712646388));
#7909 = CARTESIAN_POINT('',(-3.229337021598,-58.91957189185));
#7910 = CARTESIAN_POINT('',(-3.253738504215,-59.66690208287));
#7911 = CARTESIAN_POINT('',(-3.259411675536,-59.83586097723));
#7912 = CARTESIAN_POINT('',(-3.265234036623,-60.00450058209));
#7913 = CARTESIAN_POINT('',(-3.271209106494,-60.17281764672));
#7914 = CARTESIAN_POINT('',(-3.277340557522,-60.34080093575));
#7915 = CARTESIAN_POINT('',(-3.28363221935,-60.50843131922));
#7916 = CARTESIAN_POINT('',(-3.290088082798,-60.6756818627));
#7917 = CARTESIAN_POINT('',(-3.304098337918,-61.02854081725));
#7918 = CARTESIAN_POINT('',(-3.311692449523,-61.21401751755));
#7919 = CARTESIAN_POINT('',(-3.319502827837,-61.39896385812));
#7920 = CARTESIAN_POINT('',(-3.327537891861,-61.58337267612));
#7921 = CARTESIAN_POINT('',(-3.335806300625,-61.76721410581));
#7922 = CARTESIAN_POINT('',(-3.344316963462,-61.95043587819));
#7923 = CARTESIAN_POINT('',(-3.353079050278,-62.13296362078));
#7924 = CARTESIAN_POINT('',(-3.371714590781,-62.5083149903));
#7925 = CARTESIAN_POINT('',(-3.381620475293,-62.70097619965));
#7926 = CARTESIAN_POINT('',(-3.391837491194,-62.89270335341));
#7927 = CARTESIAN_POINT('',(-3.402383660915,-63.08345867462));
#7928 = CARTESIAN_POINT('',(-3.413277232717,-63.2731489141));
#7929 = CARTESIAN_POINT('',(-3.424536719927,-63.46162622321));
#7930 = CARTESIAN_POINT('',(-3.436180940171,-63.64868902668));
#7931 = CARTESIAN_POINT('',(-3.466047757965,-64.10827338126));
#7932 = CARTESIAN_POINT('',(-3.484744655995,-64.37873182404));
#7933 = CARTESIAN_POINT('',(-3.50441673399,-64.64518960856));
#7934 = CARTESIAN_POINT('',(-3.525161406845,-64.90690841205));
#7935 = CARTESIAN_POINT('',(-3.547075909803,-65.16268564223));
#7936 = CARTESIAN_POINT('',(-3.570257726414,-65.41086238654));
#7937 = CARTESIAN_POINT('',(-3.594806053706,-65.64933387234));
#7938 = CARTESIAN_POINT('',(-3.628825969104,-65.94513687266));
#7939 = CARTESIAN_POINT('',(-3.636966788485,-66.01355440288));
#7940 = CARTESIAN_POINT('',(-3.645246291814,-66.08071093032));
#7941 = CARTESIAN_POINT('',(-3.653664072984,-66.14650435268));
#7942 = CARTESIAN_POINT('',(-3.662219790685,-66.21083456387));
#7943 = CARTESIAN_POINT('',(-3.670913168412,-66.27360345403));
#7944 = CARTESIAN_POINT('',(-3.679743994458,-66.33471490953));
#7945 = CARTESIAN_POINT('',(-3.703595705789,-66.49258903518));
#7946 = CARTESIAN_POINT('',(-3.718882086647,-66.58644177543));
#7947 = CARTESIAN_POINT('',(-3.734530170163,-66.67489252263));
#7948 = CARTESIAN_POINT('',(-3.750499583979,-66.75732809597));
#7949 = CARTESIAN_POINT('',(-3.766750186413,-66.83325843788));
#7950 = CARTESIAN_POINT('',(-3.783241575175,-66.90231240707));
#7951 = CARTESIAN_POINT('',(-3.799932596077,-66.96423357143));
#7952 = CARTESIAN_POINT('',(-3.829664114498,-67.06065912649));
#7953 = CARTESIAN_POINT('',(-3.842617091066,-67.09811435412));
#7954 = CARTESIAN_POINT('',(-3.855617660824,-67.1311934588));
#7955 = CARTESIAN_POINT('',(-3.868642855223,-67.15989046065));
#7956 = CARTESIAN_POINT('',(-3.881668751857,-67.18424076171));
#7957 = CARTESIAN_POINT('',(-3.894670368528,-67.20432028255));
#7958 = CARTESIAN_POINT('',(-3.90762155731,-67.22024459892));
#7959 = CARTESIAN_POINT('',(-3.926983208014,-67.23817764669));
#7960 = CARTESIAN_POINT('',(-3.93345369285,-67.2431726648));
#7961 = CARTESIAN_POINT('',(-3.939904758256,-67.24717359106));
#7962 = CARTESIAN_POINT('',(-3.946334763995,-67.25020175933));
#7963 = CARTESIAN_POINT('',(-3.952742024461,-67.25227937899));
#7964 = CARTESIAN_POINT('',(-3.959124808682,-67.25342953493));
#7965 = CARTESIAN_POINT('',(-3.965481340321,-67.25367618758));
#7966 = CARTESIAN_POINT('',(-3.985182576056,-67.25170865114));
#7967 = CARTESIAN_POINT('',(-3.998425070157,-67.24645009961));
#7968 = CARTESIAN_POINT('',(-4.011533877275,-67.23750629707));
#7969 = CARTESIAN_POINT('',(-4.024505542727,-67.22510876677));
#7970 = CARTESIAN_POINT('',(-4.037336553924,-67.20948290265));
#7971 = CARTESIAN_POINT('',(-4.050023334442,-67.19084809548));
#7972 = CARTESIAN_POINT('',(-4.062562238097,-67.1694178591));
#7973 = CARTESIAN_POINT('',(-4.094141175684,-67.10818905666));
#7974 = CARTESIAN_POINT('',(-4.112984314161,-67.06473722754));
#7975 = CARTESIAN_POINT('',(-4.131489032049,-67.01575059077));
#7976 = CARTESIAN_POINT('',(-4.149667120423,-66.96185346865));
#7977 = CARTESIAN_POINT('',(-4.16753235134,-66.90359116747));
#7978 = CARTESIAN_POINT('',(-4.18510074134,-66.84143276084));
#7979 = CARTESIAN_POINT('',(-4.202390814951,-66.77577387302));
#7980 = CARTESIAN_POINT('',(-4.236127937425,-66.63943455));
#7981 = CARTESIAN_POINT('',(-4.252587057492,-66.56886651958));
#7982 = CARTESIAN_POINT('',(-4.268812177763,-66.49557604273));
#7983 = CARTESIAN_POINT('',(-4.28481517895,-66.4198576825));
#7984 = CARTESIAN_POINT('',(-4.300609063396,-66.34196150671));
#7985 = CARTESIAN_POINT('',(-4.316208145355,-66.26209470131));
#7986 = CARTESIAN_POINT('',(-4.33162824128,-66.18042318386));
#7987 = CARTESIAN_POINT('',(-4.426182831795,-65.66392021057));
#7988 = CARTESIAN_POINT('',(-4.5020889082,-65.18013097553));
#7989 = CARTESIAN_POINT('',(-4.575097316612,-64.67114604305));
#7990 = CARTESIAN_POINT('',(-4.645762737595,-64.15133068551));
#7991 = CARTESIAN_POINT('',(-4.714729717292,-63.62765285292));
#7992 = CARTESIAN_POINT('',(-4.782738209202,-63.10216292236));
#7993 = CARTESIAN_POINT('',(-4.850617559223,-62.57397497473));
#7994 = CARTESIAN_POINT('',(-4.972702052819,-61.62442571498));
#7995 = CARTESIAN_POINT('',(-5.026248941171,-61.20809172585));
#7996 = CARTESIAN_POINT('',(-5.079972238565,-60.79238567446));
#7997 = CARTESIAN_POINT('',(-5.133953190669,-60.37782868998));
#7998 = CARTESIAN_POINT('',(-5.188273879351,-59.96424107544));
#7999 = CARTESIAN_POINT('',(-5.243019203045,-59.55073403505));
#8000 = CARTESIAN_POINT('',(-5.298279246083,-59.1356664677));
#8001 = CARTESIAN_POINT('',(-5.354151515743,-58.71654127853));
#8002 = ( GEOMETRIC_REPRESENTATION_CONTEXT(2) 
PARAMETRIC_REPRESENTATION_CONTEXT() REPRESENTATION_CONTEXT('2D SPACE',''
  ) );
#8003 = PCURVE('',#8004,#8009);
#8004 = CYLINDRICAL_SURFACE('',#8005,16.);
#8005 = AXIS2_PLACEMENT_3D('',#8006,#8007,#8008);
#8006 = CARTESIAN_POINT('',(24.,720.3,-367.5));
#8007 = DIRECTION('',(-1.,-0.,0.));
#8008 = DIRECTION('',(0.,0.,1.));
#8009 = DEFINITIONAL_REPRESENTATION('',(#8010),#8139);
#8010 = B_SPLINE_CURVE_WITH_KNOTS('',8,(#8011,#8012,#8013,#8014,#8015,
    #8016,#8017,#8018,#8019,#8020,#8021,#8022,#8023,#8024,#8025,#8026,
    #8027,#8028,#8029,#8030,#8031,#8032,#8033,#8034,#8035,#8036,#8037,
    #8038,#8039,#8040,#8041,#8042,#8043,#8044,#8045,#8046,#8047,#8048,
    #8049,#8050,#8051,#8052,#8053,#8054,#8055,#8056,#8057,#8058,#8059,
    #8060,#8061,#8062,#8063,#8064,#8065,#8066,#8067,#8068,#8069,#8070,
    #8071,#8072,#8073,#8074,#8075,#8076,#8077,#8078,#8079,#8080,#8081,
    #8082,#8083,#8084,#8085,#8086,#8087,#8088,#8089,#8090,#8091,#8092,
    #8093,#8094,#8095,#8096,#8097,#8098,#8099,#8100,#8101,#8102,#8103,
    #8104,#8105,#8106,#8107,#8108,#8109,#8110,#8111,#8112,#8113,#8114,
    #8115,#8116,#8117,#8118,#8119,#8120,#8121,#8122,#8123,#8124,#8125,
    #8126,#8127,#8128,#8129,#8130,#8131,#8132,#8133,#8134,#8135,#8136,
    #8137,#8138),.UNSPECIFIED.,.F.,.F.,(9,7,7,7,7,7,7,7,7,7,7,7,7,7,7,7,
    7,7,9),(0.,4.1413191034E-02,0.169349211581,0.263524614779,
    0.420972343098,0.502775340151,0.526731615346,0.553442962553,
    0.58189985933,0.623986528168,0.636929881144,0.658410784531,
    0.674836468484,0.683115198688,0.700609134126,0.727712461686,
    0.754292303451,0.892422392716,1.),.UNSPECIFIED.);
#8011 = CARTESIAN_POINT('',(-1.510348265431,-35.5000006));
#8012 = CARTESIAN_POINT('',(-1.525789985322,-35.25465711543));
#8013 = CARTESIAN_POINT('',(-1.541567984596,-35.01319002028));
#8014 = CARTESIAN_POINT('',(-1.557666948945,-34.77573806398));
#8015 = CARTESIAN_POINT('',(-1.574071001909,-34.54240598322));
#8016 = CARTESIAN_POINT('',(-1.590763858187,-34.31326563429));
#8017 = CARTESIAN_POINT('',(-1.607728976952,-34.08835712557));
#8018 = CARTESIAN_POINT('',(-1.624949715159,-33.86768994984));
#8019 = CARTESIAN_POINT('',(-1.696347197029,-32.9825871537));
#8020 = CARTESIAN_POINT('',(-1.752297054206,-32.35755321896));
#8021 = CARTESIAN_POINT('',(-1.809826508979,-31.77365119973));
#8022 = CARTESIAN_POINT('',(-1.86852187469,-31.22655514898));
#8023 = CARTESIAN_POINT('',(-1.927971649555,-30.71080322946));
#8024 = CARTESIAN_POINT('',(-1.987738211717,-30.22035012134));
#8025 = CARTESIAN_POINT('',(-2.047304905688,-29.74960377846));
#8026 = CARTESIAN_POINT('',(-2.149181141998,-28.96136258693));
#8027 = CARTESIAN_POINT('',(-2.192078615433,-28.63479875665));
#8028 = CARTESIAN_POINT('',(-2.234647118719,-28.31289082165));
#8029 = CARTESIAN_POINT('',(-2.27685421956,-27.99308060706));
#8030 = CARTESIAN_POINT('',(-2.318664272236,-27.67325231242));
#8031 = CARTESIAN_POINT('',(-2.360038337707,-27.35178625651));
#8032 = CARTESIAN_POINT('',(-2.400933705121,-27.0276219658));
#8033 = CARTESIAN_POINT('',(-2.508789494207,-26.15304244019));
#8034 = CARTESIAN_POINT('',(-2.574653381685,-25.59814954478));
#8035 = CARTESIAN_POINT('',(-2.639216968032,-25.02909388984));
#8036 = CARTESIAN_POINT('',(-2.702749896546,-24.44314275236));
#8037 = CARTESIAN_POINT('',(-2.765490780648,-23.84039860567));
#8038 = CARTESIAN_POINT('',(-2.82766115411,-23.22353277371));
#8039 = CARTESIAN_POINT('',(-2.889465584113,-22.59739226323));
#8040 = CARTESIAN_POINT('',(-2.983131168769,-21.64225846904));
#8041 = CARTESIAN_POINT('',(-3.015150577594,-21.31464201618));
#8042 = CARTESIAN_POINT('',(-3.047254402354,-20.98630341858));
#8043 = CARTESIAN_POINT('',(-3.079531914354,-20.65772130232));
#8044 = CARTESIAN_POINT('',(-3.112069691083,-20.32959846908));
#8045 = CARTESIAN_POINT('',(-3.144951026176,-20.00294318691));
#8046 = CARTESIAN_POINT('',(-3.178256201316,-19.67916482976));
#8047 = CARTESIAN_POINT('',(-3.221964233236,-19.26676924744));
#8048 = CARTESIAN_POINT('',(-3.231911026154,-19.17373677008));
#8049 = CARTESIAN_POINT('',(-3.241908038672,-19.08111608109));
#8050 = CARTESIAN_POINT('',(-3.251959108934,-18.98894344681));
#8051 = CARTESIAN_POINT('',(-3.262067897223,-18.89726198689));
#8052 = CARTESIAN_POINT('',(-3.272237909777,-18.8061219086));
#8053 = CARTESIAN_POINT('',(-3.282472522611,-18.71558074107));
#8054 = CARTESIAN_POINT('',(-3.304262316742,-18.52549014695));
#8055 = CARTESIAN_POINT('',(-3.315832097765,-18.42611885843));
#8056 = CARTESIAN_POINT('',(-3.327492764615,-18.32764527623));
#8057 = CARTESIAN_POINT('',(-3.339252094889,-18.23014354745));
#8058 = CARTESIAN_POINT('',(-3.351117289312,-18.13370706056));
#8059 = CARTESIAN_POINT('',(-3.36309503346,-18.03844911188));
#8060 = CARTESIAN_POINT('',(-3.375191559489,-17.94450357207));
#8061 = CARTESIAN_POINT('',(-3.400432491382,-17.75350422245));
#8062 = CARTESIAN_POINT('',(-3.413589966038,-17.65667682293));
#8063 = CARTESIAN_POINT('',(-3.426901074888,-17.56166130367));
#8064 = CARTESIAN_POINT('',(-3.440380100635,-17.46862161107));
#8065 = CARTESIAN_POINT('',(-3.454039796596,-17.37776929324));
#8066 = CARTESIAN_POINT('',(-3.467891517663,-17.28936510516));
#8067 = CARTESIAN_POINT('',(-3.481945351261,-17.20372061372));
#8068 = CARTESIAN_POINT('',(-3.517307488913,-16.99915465975));
#8069 = CARTESIAN_POINT('',(-3.538860118863,-16.88397856194));
#8070 = CARTESIAN_POINT('',(-3.560939072579,-16.77659706948));
#8071 = CARTESIAN_POINT('',(-3.583601275523,-16.67834267133));
#8072 = CARTESIAN_POINT('',(-3.606890614463,-16.59097260875));
#8073 = CARTESIAN_POINT('',(-3.630838604912,-16.51669024879));
#8074 = CARTESIAN_POINT('',(-3.65546475572,-16.45817000786));
#8075 = CARTESIAN_POINT('',(-3.688561056231,-16.40641208819));
#8076 = CARTESIAN_POINT('',(-3.69641044806,-16.3960291738));
#8077 = CARTESIAN_POINT('',(-3.70432165894,-16.38753480921));
#8078 = CARTESIAN_POINT('',(-3.712291605558,-16.38102631349));
#8079 = CARTESIAN_POINT('',(-3.720317268664,-16.37660059786));
#8080 = CARTESIAN_POINT('',(-3.728395693071,-16.37435416567));
#8081 = CARTESIAN_POINT('',(-3.736523987654,-16.37438311239));
#8082 = CARTESIAN_POINT('',(-3.758267188295,-16.38076620884));
#8083 = CARTESIAN_POINT('',(-3.771987014649,-16.39128651357));
#8084 = CARTESIAN_POINT('',(-3.785807749735,-16.40880797101));
#8085 = CARTESIAN_POINT('',(-3.799681994415,-16.43369438957));
#8086 = CARTESIAN_POINT('',(-3.813565500545,-16.46620642823));
#8087 = CARTESIAN_POINT('',(-3.82741666641,-16.50649857));
#8088 = CARTESIAN_POINT('',(-3.841196032173,-16.5546160953));
#8089 = CARTESIAN_POINT('',(-3.86531854244,-16.65321841764));
#8090 = CARTESIAN_POINT('',(-3.875689193465,-16.70040741917));
#8091 = CARTESIAN_POINT('',(-3.88595913226,-16.75199344742));
#8092 = CARTESIAN_POINT('',(-3.896110191242,-16.80786530172));
#8093 = CARTESIAN_POINT('',(-3.906124615813,-16.86786546257));
#8094 = CARTESIAN_POINT('',(-3.915985048805,-16.93178936118));
#8095 = CARTESIAN_POINT('',(-3.925674514916,-16.99938464879));
#8096 = CARTESIAN_POINT('',(-3.939965465129,-17.10611803952));
#8097 = CARTESIAN_POINT('',(-3.944708318017,-17.14275260673));
#8098 = CARTESIAN_POINT('',(-3.949404213413,-17.18022727223));
#8099 = CARTESIAN_POINT('',(-3.954052402036,-17.21851382309));
#8100 = CARTESIAN_POINT('',(-3.958652135731,-17.25758272899));
#8101 = CARTESIAN_POINT('',(-3.963202667458,-17.29740314219));
#8102 = CARTESIAN_POINT('',(-3.967703251303,-17.33794289762));
#8103 = CARTESIAN_POINT('',(-3.981556288471,-17.4662831103));
#8104 = CARTESIAN_POINT('',(-3.990729624695,-17.55642819186));
#8105 = CARTESIAN_POINT('',(-3.999676025622,-17.649372756));
#8106 = CARTESIAN_POINT('',(-4.008398263837,-17.74488813203));
#8107 = CARTESIAN_POINT('',(-4.016899035134,-17.84274808097));
#8108 = CARTESIAN_POINT('',(-4.025180983619,-17.94272889631));
#8109 = CARTESIAN_POINT('',(-4.033246726815,-18.04460950499));
#8110 = CARTESIAN_POINT('',(-4.053264210925,-18.30862011509));
#8111 = CARTESIAN_POINT('',(-4.064926632004,-18.47323331511));
#8112 = CARTESIAN_POINT('',(-4.076110154696,-18.64141927275));
#8113 = CARTESIAN_POINT('',(-4.086838300069,-18.81266624461));
#8114 = CARTESIAN_POINT('',(-4.097134162211,-18.98654410533));
#8115 = CARTESIAN_POINT('',(-4.107020470873,-19.16270581364));
#8116 = CARTESIAN_POINT('',(-4.116519654127,-19.34088887836));
#8117 = CARTESIAN_POINT('',(-4.134611724959,-19.69746763016));
#8118 = CARTESIAN_POINT('',(-4.143219765878,-19.87581637256));
#8119 = CARTESIAN_POINT('',(-4.151493858614,-20.05570255612));
#8120 = CARTESIAN_POINT('',(-4.159449375981,-20.23691406591));
#8121 = CARTESIAN_POINT('',(-4.167101236098,-20.41928783497));
#8122 = CARTESIAN_POINT('',(-4.174463909718,-20.60271051192));
#8123 = CARTESIAN_POINT('',(-4.18155142757,-20.78711912836));
#8124 = CARTESIAN_POINT('',(-4.223850528891,-21.93589803386));
#8125 = CARTESIAN_POINT('',(-4.252694031073,-22.93739909812));
#8126 = CARTESIAN_POINT('',(-4.275713237938,-23.95489270726));
#8127 = CARTESIAN_POINT('',(-4.293554919656,-24.97640905788));
#8128 = CARTESIAN_POINT('',(-4.306744853474,-25.9977019848));
#8129 = CARTESIAN_POINT('',(-4.315623003094,-27.02003966509));
#8130 = CARTESIAN_POINT('',(-4.320297076255,-28.04813150319));
#8131 = CARTESIAN_POINT('',(-4.320836757021,-29.89757753369));
#8132 = CARTESIAN_POINT('',(-4.318420427734,-30.70887876714));
#8133 = CARTESIAN_POINT('',(-4.313334308108,-31.51942886335));
#8134 = CARTESIAN_POINT('',(-4.30555491115,-32.32723371508));
#8135 = CARTESIAN_POINT('',(-4.295052962557,-33.13056981383));
#8136 = CARTESIAN_POINT('',(-4.281791868143,-33.92795252725));
#8137 = CARTESIAN_POINT('',(-4.265723040313,-34.71811621902));
#8138 = CARTESIAN_POINT('',(-4.246777000949,-35.5000006));
#8139 = ( GEOMETRIC_REPRESENTATION_CONTEXT(2) 
PARAMETRIC_REPRESENTATION_CONTEXT() REPRESENTATION_CONTEXT('2D SPACE',''
  ) );
#8140 = ORIENTED_EDGE('',*,*,#8141,.F.);
#8141 = EDGE_CURVE('',#7350,#7739,#8142,.T.);
#8142 = SURFACE_CURVE('',#8143,(#8148,#8175),.PCURVE_S1.);
#8143 = ELLIPSE('',#8144,25.321350592884,13.);
#8144 = AXIS2_PLACEMENT_3D('',#8145,#8146,#8147);
#8145 = CARTESIAN_POINT('',(59.5,720.3,-381.5));
#8146 = DIRECTION('',(1.,0.,0.));
#8147 = DIRECTION('',(0.,-0.92203235514,0.38711282086));
#8148 = PCURVE('',#4306,#8149);
#8149 = DEFINITIONAL_REPRESENTATION('',(#8150),#8174);
#8150 = B_SPLINE_CURVE_WITH_KNOTS('',8,(#8151,#8152,#8153,#8154,#8155,
    #8156,#8157,#8158,#8159,#8160,#8161,#8162,#8163,#8164,#8165,#8166,
    #8167,#8168,#8169,#8170,#8171,#8172,#8173),.UNSPECIFIED.,.F.,.F.,(9,
    7,7,9),(3.353894383755,4.43311411238,6.051943705318,7.670773298256),
  .UNSPECIFIED.);
#8151 = CARTESIAN_POINT('',(-6.28318530718,-70.91043492387));
#8152 = CARTESIAN_POINT('',(-6.148282841101,-70.29276615043));
#8153 = CARTESIAN_POINT('',(-6.013380375023,-69.23330274027));
#8154 = CARTESIAN_POINT('',(-5.878477908945,-67.74917931703));
#8155 = CARTESIAN_POINT('',(-5.743575442867,-65.87465919521));
#8156 = CARTESIAN_POINT('',(-5.608672976789,-63.66020820372));
#8157 = CARTESIAN_POINT('',(-5.473770510711,-61.16972007399));
#8158 = CARTESIAN_POINT('',(-5.338868044632,-58.47651413827));
#8159 = CARTESIAN_POINT('',(-5.001611879437,-51.43204400131));
#8160 = CARTESIAN_POINT('',(-4.79925818032,-46.92505233854));
#8161 = CARTESIAN_POINT('',(-4.596904481209,-42.40149135273));
#8162 = CARTESIAN_POINT('',(-4.394550782087,-38.14950950903));
#8163 = CARTESIAN_POINT('',(-4.192197082974,-34.44743205125));
#8164 = CARTESIAN_POINT('',(-3.989843383851,-31.52297947341));
#8165 = CARTESIAN_POINT('',(-3.787489684734,-29.52543634461));
#8166 = CARTESIAN_POINT('',(-3.382782286499,-27.50995273879));
#8167 = CARTESIAN_POINT('',(-3.180428587383,-27.49201166599));
#8168 = CARTESIAN_POINT('',(-2.978074888278,-28.5267419454));
#8169 = CARTESIAN_POINT('',(-2.775721189158,-30.59059189001));
#8170 = CARTESIAN_POINT('',(-2.573367490036,-33.5651914351));
#8171 = CARTESIAN_POINT('',(-2.371013790915,-37.24835911402));
#8172 = CARTESIAN_POINT('',(-2.168660091796,-41.38655737362));
#8173 = CARTESIAN_POINT('',(-1.966306392678,-45.71001249385));
#8174 = ( GEOMETRIC_REPRESENTATION_CONTEXT(2) 
PARAMETRIC_REPRESENTATION_CONTEXT() REPRESENTATION_CONTEXT('2D SPACE',''
  ) );
#8175 = PCURVE('',#7726,#8176);
#8176 = DEFINITIONAL_REPRESENTATION('',(#8177),#8181);
#8177 = ELLIPSE('',#8178,25.321350592884,13.);
#8178 = AXIS2_PLACEMENT_2D('',#8179,#8180);
#8179 = CARTESIAN_POINT('',(-14.,-4.547473508865E-13));
#8180 = DIRECTION('',(0.38711282086,0.92203235514));
#8181 = ( GEOMETRIC_REPRESENTATION_CONTEXT(2) 
PARAMETRIC_REPRESENTATION_CONTEXT() REPRESENTATION_CONTEXT('2D SPACE',''
  ) );
#8182 = ADVANCED_FACE('',(#8183),#4448,.T.);
#8183 = FACE_BOUND('',#8184,.T.);
#8184 = EDGE_LOOP('',(#8185,#8213,#8214));
#8185 = ORIENTED_EDGE('',*,*,#8186,.F.);
#8186 = EDGE_CURVE('',#4405,#8187,#8189,.T.);
#8187 = VERTEX_POINT('',#8188);
#8188 = CARTESIAN_POINT('',(24.,700.3,-347.5));
#8189 = SURFACE_CURVE('',#8190,(#8194,#8201),.PCURVE_S1.);
#8190 = LINE('',#8191,#8192);
#8191 = CARTESIAN_POINT('',(24.,700.3,-387.5));
#8192 = VECTOR('',#8193,1.);
#8193 = DIRECTION('',(0.,0.,1.));
#8194 = PCURVE('',#4448,#8195);
#8195 = DEFINITIONAL_REPRESENTATION('',(#8196),#8200);
#8196 = LINE('',#8197,#8198);
#8197 = CARTESIAN_POINT('',(0.,0.));
#8198 = VECTOR('',#8199,1.);
#8199 = DIRECTION('',(1.,0.));
#8200 = ( GEOMETRIC_REPRESENTATION_CONTEXT(2) 
PARAMETRIC_REPRESENTATION_CONTEXT() REPRESENTATION_CONTEXT('2D SPACE',''
  ) );
#8201 = PCURVE('',#8202,#8207);
#8202 = PLANE('',#8203);
#8203 = AXIS2_PLACEMENT_3D('',#8204,#8205,#8206);
#8204 = CARTESIAN_POINT('',(16.,700.3,-387.5));
#8205 = DIRECTION('',(0.,1.,0.));
#8206 = DIRECTION('',(0.,0.,1.));
#8207 = DEFINITIONAL_REPRESENTATION('',(#8208),#8212);
#8208 = LINE('',#8209,#8210);
#8209 = CARTESIAN_POINT('',(0.,8.));
#8210 = VECTOR('',#8211,1.);
#8211 = DIRECTION('',(1.,0.));
#8212 = ( GEOMETRIC_REPRESENTATION_CONTEXT(2) 
PARAMETRIC_REPRESENTATION_CONTEXT() REPRESENTATION_CONTEXT('2D SPACE',''
  ) );
#8213 = ORIENTED_EDGE('',*,*,#4433,.F.);
#8214 = ORIENTED_EDGE('',*,*,#8215,.F.);
#8215 = EDGE_CURVE('',#8187,#4322,#8216,.T.);
#8216 = SURFACE_CURVE('',#8217,(#8221,#8228),.PCURVE_S1.);
#8217 = LINE('',#8218,#8219);
#8218 = CARTESIAN_POINT('',(24.,700.3,-347.5));
#8219 = VECTOR('',#8220,1.);
#8220 = DIRECTION('',(0.,1.,0.));
#8221 = PCURVE('',#4448,#8222);
#8222 = DEFINITIONAL_REPRESENTATION('',(#8223),#8227);
#8223 = LINE('',#8224,#8225);
#8224 = CARTESIAN_POINT('',(40.,0.));
#8225 = VECTOR('',#8226,1.);
#8226 = DIRECTION('',(0.,-1.));
#8227 = ( GEOMETRIC_REPRESENTATION_CONTEXT(2) 
PARAMETRIC_REPRESENTATION_CONTEXT() REPRESENTATION_CONTEXT('2D SPACE',''
  ) );
#8228 = PCURVE('',#8229,#8234);
#8229 = PLANE('',#8230);
#8230 = AXIS2_PLACEMENT_3D('',#8231,#8232,#8233);
#8231 = CARTESIAN_POINT('',(16.,700.3,-347.5));
#8232 = DIRECTION('',(0.,0.,1.));
#8233 = DIRECTION('',(1.,0.,0.));
#8234 = DEFINITIONAL_REPRESENTATION('',(#8235),#8239);
#8235 = LINE('',#8236,#8237);
#8236 = CARTESIAN_POINT('',(8.,0.));
#8237 = VECTOR('',#8238,1.);
#8238 = DIRECTION('',(0.,1.));
#8239 = ( GEOMETRIC_REPRESENTATION_CONTEXT(2) 
PARAMETRIC_REPRESENTATION_CONTEXT() REPRESENTATION_CONTEXT('2D SPACE',''
  ) );
#8240 = ADVANCED_FACE('',(#8241),#4421,.T.);
#8241 = FACE_BOUND('',#8242,.T.);
#8242 = EDGE_LOOP('',(#8243,#8266,#8292));
#8243 = ORIENTED_EDGE('',*,*,#8244,.F.);
#8244 = EDGE_CURVE('',#8245,#4405,#8247,.T.);
#8245 = VERTEX_POINT('',#8246);
#8246 = CARTESIAN_POINT('',(24.,700.3,-387.5));
#8247 = SURFACE_CURVE('',#8248,(#8252,#8259),.PCURVE_S1.);
#8248 = LINE('',#8249,#8250);
#8249 = CARTESIAN_POINT('',(24.,700.3,-387.5));
#8250 = VECTOR('',#8251,1.);
#8251 = DIRECTION('',(0.,0.,1.));
#8252 = PCURVE('',#4421,#8253);
#8253 = DEFINITIONAL_REPRESENTATION('',(#8254),#8258);
#8254 = LINE('',#8255,#8256);
#8255 = CARTESIAN_POINT('',(0.,0.));
#8256 = VECTOR('',#8257,1.);
#8257 = DIRECTION('',(1.,0.));
#8258 = ( GEOMETRIC_REPRESENTATION_CONTEXT(2) 
PARAMETRIC_REPRESENTATION_CONTEXT() REPRESENTATION_CONTEXT('2D SPACE',''
  ) );
#8259 = PCURVE('',#8202,#8260);
#8260 = DEFINITIONAL_REPRESENTATION('',(#8261),#8265);
#8261 = LINE('',#8262,#8263);
#8262 = CARTESIAN_POINT('',(0.,8.));
#8263 = VECTOR('',#8264,1.);
#8264 = DIRECTION('',(1.,0.));
#8265 = ( GEOMETRIC_REPRESENTATION_CONTEXT(2) 
PARAMETRIC_REPRESENTATION_CONTEXT() REPRESENTATION_CONTEXT('2D SPACE',''
  ) );
#8266 = ORIENTED_EDGE('',*,*,#8267,.T.);
#8267 = EDGE_CURVE('',#8245,#4376,#8268,.T.);
#8268 = SURFACE_CURVE('',#8269,(#8273,#8280),.PCURVE_S1.);
#8269 = LINE('',#8270,#8271);
#8270 = CARTESIAN_POINT('',(24.,700.3,-387.5));
#8271 = VECTOR('',#8272,1.);
#8272 = DIRECTION('',(0.,1.,0.));
#8273 = PCURVE('',#4421,#8274);
#8274 = DEFINITIONAL_REPRESENTATION('',(#8275),#8279);
#8275 = LINE('',#8276,#8277);
#8276 = CARTESIAN_POINT('',(0.,0.));
#8277 = VECTOR('',#8278,1.);
#8278 = DIRECTION('',(0.,-1.));
#8279 = ( GEOMETRIC_REPRESENTATION_CONTEXT(2) 
PARAMETRIC_REPRESENTATION_CONTEXT() REPRESENTATION_CONTEXT('2D SPACE',''
  ) );
#8280 = PCURVE('',#8281,#8286);
#8281 = PLANE('',#8282);
#8282 = AXIS2_PLACEMENT_3D('',#8283,#8284,#8285);
#8283 = CARTESIAN_POINT('',(16.,700.3,-387.5));
#8284 = DIRECTION('',(0.,0.,1.));
#8285 = DIRECTION('',(1.,0.,0.));
#8286 = DEFINITIONAL_REPRESENTATION('',(#8287),#8291);
#8287 = LINE('',#8288,#8289);
#8288 = CARTESIAN_POINT('',(8.,0.));
#8289 = VECTOR('',#8290,1.);
#8290 = DIRECTION('',(0.,1.));
#8291 = ( GEOMETRIC_REPRESENTATION_CONTEXT(2) 
PARAMETRIC_REPRESENTATION_CONTEXT() REPRESENTATION_CONTEXT('2D SPACE',''
  ) );
#8292 = ORIENTED_EDGE('',*,*,#4404,.F.);
#8293 = ADVANCED_FACE('',(#8294),#4392,.T.);
#8294 = FACE_BOUND('',#8295,.T.);
#8295 = EDGE_LOOP('',(#8296,#8297,#8320));
#8296 = ORIENTED_EDGE('',*,*,#4375,.F.);
#8297 = ORIENTED_EDGE('',*,*,#8298,.T.);
#8298 = EDGE_CURVE('',#4376,#8299,#8301,.T.);
#8299 = VERTEX_POINT('',#8300);
#8300 = CARTESIAN_POINT('',(24.,740.3,-387.5));
#8301 = SURFACE_CURVE('',#8302,(#8306,#8313),.PCURVE_S1.);
#8302 = LINE('',#8303,#8304);
#8303 = CARTESIAN_POINT('',(24.,700.3,-387.5));
#8304 = VECTOR('',#8305,1.);
#8305 = DIRECTION('',(0.,1.,0.));
#8306 = PCURVE('',#4392,#8307);
#8307 = DEFINITIONAL_REPRESENTATION('',(#8308),#8312);
#8308 = LINE('',#8309,#8310);
#8309 = CARTESIAN_POINT('',(0.,0.));
#8310 = VECTOR('',#8311,1.);
#8311 = DIRECTION('',(0.,-1.));
#8312 = ( GEOMETRIC_REPRESENTATION_CONTEXT(2) 
PARAMETRIC_REPRESENTATION_CONTEXT() REPRESENTATION_CONTEXT('2D SPACE',''
  ) );
#8313 = PCURVE('',#8281,#8314);
#8314 = DEFINITIONAL_REPRESENTATION('',(#8315),#8319);
#8315 = LINE('',#8316,#8317);
#8316 = CARTESIAN_POINT('',(8.,0.));
#8317 = VECTOR('',#8318,1.);
#8318 = DIRECTION('',(0.,1.));
#8319 = ( GEOMETRIC_REPRESENTATION_CONTEXT(2) 
PARAMETRIC_REPRESENTATION_CONTEXT() REPRESENTATION_CONTEXT('2D SPACE',''
  ) );
#8320 = ORIENTED_EDGE('',*,*,#8321,.T.);
#8321 = EDGE_CURVE('',#8299,#4347,#8322,.T.);
#8322 = SURFACE_CURVE('',#8323,(#8327,#8334),.PCURVE_S1.);
#8323 = LINE('',#8324,#8325);
#8324 = CARTESIAN_POINT('',(24.,740.3,-387.5));
#8325 = VECTOR('',#8326,1.);
#8326 = DIRECTION('',(0.,0.,1.));
#8327 = PCURVE('',#4392,#8328);
#8328 = DEFINITIONAL_REPRESENTATION('',(#8329),#8333);
#8329 = LINE('',#8330,#8331);
#8330 = CARTESIAN_POINT('',(0.,-40.));
#8331 = VECTOR('',#8332,1.);
#8332 = DIRECTION('',(1.,0.));
#8333 = ( GEOMETRIC_REPRESENTATION_CONTEXT(2) 
PARAMETRIC_REPRESENTATION_CONTEXT() REPRESENTATION_CONTEXT('2D SPACE',''
  ) );
#8334 = PCURVE('',#8335,#8340);
#8335 = PLANE('',#8336);
#8336 = AXIS2_PLACEMENT_3D('',#8337,#8338,#8339);
#8337 = CARTESIAN_POINT('',(16.,740.3,-387.5));
#8338 = DIRECTION('',(0.,1.,0.));
#8339 = DIRECTION('',(0.,0.,1.));
#8340 = DEFINITIONAL_REPRESENTATION('',(#8341),#8345);
#8341 = LINE('',#8342,#8343);
#8342 = CARTESIAN_POINT('',(0.,8.));
#8343 = VECTOR('',#8344,1.);
#8344 = DIRECTION('',(1.,0.));
#8345 = ( GEOMETRIC_REPRESENTATION_CONTEXT(2) 
PARAMETRIC_REPRESENTATION_CONTEXT() REPRESENTATION_CONTEXT('2D SPACE',''
  ) );
#8346 = ADVANCED_FACE('',(#8347),#4363,.T.);
#8347 = FACE_BOUND('',#8348,.T.);
#8348 = EDGE_LOOP('',(#8349,#8372,#8373));
#8349 = ORIENTED_EDGE('',*,*,#8350,.F.);
#8350 = EDGE_CURVE('',#4322,#8351,#8353,.T.);
#8351 = VERTEX_POINT('',#8352);
#8352 = CARTESIAN_POINT('',(24.,740.3,-347.5));
#8353 = SURFACE_CURVE('',#8354,(#8358,#8365),.PCURVE_S1.);
#8354 = LINE('',#8355,#8356);
#8355 = CARTESIAN_POINT('',(24.,700.3,-347.5));
#8356 = VECTOR('',#8357,1.);
#8357 = DIRECTION('',(0.,1.,0.));
#8358 = PCURVE('',#4363,#8359);
#8359 = DEFINITIONAL_REPRESENTATION('',(#8360),#8364);
#8360 = LINE('',#8361,#8362);
#8361 = CARTESIAN_POINT('',(40.,0.));
#8362 = VECTOR('',#8363,1.);
#8363 = DIRECTION('',(0.,-1.));
#8364 = ( GEOMETRIC_REPRESENTATION_CONTEXT(2) 
PARAMETRIC_REPRESENTATION_CONTEXT() REPRESENTATION_CONTEXT('2D SPACE',''
  ) );
#8365 = PCURVE('',#8229,#8366);
#8366 = DEFINITIONAL_REPRESENTATION('',(#8367),#8371);
#8367 = LINE('',#8368,#8369);
#8368 = CARTESIAN_POINT('',(8.,0.));
#8369 = VECTOR('',#8370,1.);
#8370 = DIRECTION('',(0.,1.));
#8371 = ( GEOMETRIC_REPRESENTATION_CONTEXT(2) 
PARAMETRIC_REPRESENTATION_CONTEXT() REPRESENTATION_CONTEXT('2D SPACE',''
  ) );
#8372 = ORIENTED_EDGE('',*,*,#4346,.F.);
#8373 = ORIENTED_EDGE('',*,*,#8374,.T.);
#8374 = EDGE_CURVE('',#4347,#8351,#8375,.T.);
#8375 = SURFACE_CURVE('',#8376,(#8380,#8387),.PCURVE_S1.);
#8376 = LINE('',#8377,#8378);
#8377 = CARTESIAN_POINT('',(24.,740.3,-387.5));
#8378 = VECTOR('',#8379,1.);
#8379 = DIRECTION('',(0.,0.,1.));
#8380 = PCURVE('',#4363,#8381);
#8381 = DEFINITIONAL_REPRESENTATION('',(#8382),#8386);
#8382 = LINE('',#8383,#8384);
#8383 = CARTESIAN_POINT('',(0.,-40.));
#8384 = VECTOR('',#8385,1.);
#8385 = DIRECTION('',(1.,0.));
#8386 = ( GEOMETRIC_REPRESENTATION_CONTEXT(2) 
PARAMETRIC_REPRESENTATION_CONTEXT() REPRESENTATION_CONTEXT('2D SPACE',''
  ) );
#8387 = PCURVE('',#8335,#8388);
#8388 = DEFINITIONAL_REPRESENTATION('',(#8389),#8393);
#8389 = LINE('',#8390,#8391);
#8390 = CARTESIAN_POINT('',(0.,8.));
#8391 = VECTOR('',#8392,1.);
#8392 = DIRECTION('',(1.,0.));
#8393 = ( GEOMETRIC_REPRESENTATION_CONTEXT(2) 
PARAMETRIC_REPRESENTATION_CONTEXT() REPRESENTATION_CONTEXT('2D SPACE',''
  ) );
#8394 = ADVANCED_FACE('',(#8395,#8398),#4579,.T.);
#8395 = FACE_BOUND('',#8396,.T.);
#8396 = EDGE_LOOP('',(#8397));
#8397 = ORIENTED_EDGE('',*,*,#4562,.T.);
#8398 = FACE_BOUND('',#8399,.T.);
#8399 = EDGE_LOOP('',(#8400));
#8400 = ORIENTED_EDGE('',*,*,#8401,.T.);
#8401 = EDGE_CURVE('',#8402,#8402,#8404,.T.);
#8402 = VERTEX_POINT('',#8403);
#8403 = CARTESIAN_POINT('',(24.,720.3,-360.25));
#8404 = SURFACE_CURVE('',#8405,(#8410,#8421),.PCURVE_S1.);
#8405 = CIRCLE('',#8406,7.25);
#8406 = AXIS2_PLACEMENT_3D('',#8407,#8408,#8409);
#8407 = CARTESIAN_POINT('',(24.,720.3,-367.5));
#8408 = DIRECTION('',(-1.,-0.,0.));
#8409 = DIRECTION('',(0.,0.,1.));
#8410 = PCURVE('',#4579,#8411);
#8411 = DEFINITIONAL_REPRESENTATION('',(#8412),#8420);
#8412 = ( BOUNDED_CURVE() B_SPLINE_CURVE(2,(#8413,#8414,#8415,#8416,
#8417,#8418,#8419),.UNSPECIFIED.,.T.,.F.) B_SPLINE_CURVE_WITH_KNOTS((1,2
    ,2,2,2,1),(-2.094395102393,0.,2.094395102393,4.188790204786,
6.28318530718,8.377580409573),.UNSPECIFIED.) CURVE() 
GEOMETRIC_REPRESENTATION_ITEM() RATIONAL_B_SPLINE_CURVE((1.,0.5,1.,0.5,
1.,0.5,1.)) REPRESENTATION_ITEM('') );
#8413 = CARTESIAN_POINT('',(27.25,-20.));
#8414 = CARTESIAN_POINT('',(27.25,-32.55736835487));
#8415 = CARTESIAN_POINT('',(16.375,-26.27868417743));
#8416 = CARTESIAN_POINT('',(5.5,-20.));
#8417 = CARTESIAN_POINT('',(16.375,-13.72131582256));
#8418 = CARTESIAN_POINT('',(27.25,-7.442631645126));
#8419 = CARTESIAN_POINT('',(27.25,-20.));
#8420 = ( GEOMETRIC_REPRESENTATION_CONTEXT(2) 
PARAMETRIC_REPRESENTATION_CONTEXT() REPRESENTATION_CONTEXT('2D SPACE',''
  ) );
#8421 = PCURVE('',#8422,#8427);
#8422 = CYLINDRICAL_SURFACE('',#8423,7.25);
#8423 = AXIS2_PLACEMENT_3D('',#8424,#8425,#8426);
#8424 = CARTESIAN_POINT('',(10.,720.3,-367.5));
#8425 = DIRECTION('',(-1.,-0.,0.));
#8426 = DIRECTION('',(0.,0.,1.));
#8427 = DEFINITIONAL_REPRESENTATION('',(#8428),#8432);
#8428 = LINE('',#8429,#8430);
#8429 = CARTESIAN_POINT('',(-6.28318530718,-14.));
#8430 = VECTOR('',#8431,1.);
#8431 = DIRECTION('',(1.,-0.));
#8432 = ( GEOMETRIC_REPRESENTATION_CONTEXT(2) 
PARAMETRIC_REPRESENTATION_CONTEXT() REPRESENTATION_CONTEXT('2D SPACE',''
  ) );
#8433 = ADVANCED_FACE('',(#8434),#5066,.F.);
#8434 = FACE_BOUND('',#8435,.F.);
#8435 = EDGE_LOOP('',(#8436,#8437,#8464));
#8436 = ORIENTED_EDGE('',*,*,#5046,.T.);
#8437 = ORIENTED_EDGE('',*,*,#8438,.F.);
#8438 = EDGE_CURVE('',#2763,#2741,#8439,.T.);
#8439 = SURFACE_CURVE('',#8440,(#8445,#8452),.PCURVE_S1.);
#8440 = CIRCLE('',#8441,13.);
#8441 = AXIS2_PLACEMENT_3D('',#8442,#8443,#8444);
#8442 = CARTESIAN_POINT('',(85.,681.,-365.));
#8443 = DIRECTION('',(-0.51340073478,0.791241132425,-0.332200475446));
#8444 = DIRECTION('',(0.838882261035,0.544312917466,0.));
#8445 = PCURVE('',#5066,#8446);
#8446 = DEFINITIONAL_REPRESENTATION('',(#8447),#8451);
#8447 = CIRCLE('',#8448,13.);
#8448 = AXIS2_PLACEMENT_2D('',#8449,#8450);
#8449 = CARTESIAN_POINT('',(2.049360215345E-13,-8.46463421897E-16));
#8450 = DIRECTION('',(1.,-2.141632429689E-16));
#8451 = ( GEOMETRIC_REPRESENTATION_CONTEXT(2) 
PARAMETRIC_REPRESENTATION_CONTEXT() REPRESENTATION_CONTEXT('2D SPACE',''
  ) );
#8452 = PCURVE('',#8453,#8458);
#8453 = CYLINDRICAL_SURFACE('',#8454,13.);
#8454 = AXIS2_PLACEMENT_3D('',#8455,#8456,#8457);
#8455 = CARTESIAN_POINT('',(85.,681.,-365.));
#8456 = DIRECTION('',(0.51340073478,-0.791241132425,0.332200475446));
#8457 = DIRECTION('',(0.838882261035,0.544312917466,0.));
#8458 = DEFINITIONAL_REPRESENTATION('',(#8459),#8463);
#8459 = LINE('',#8460,#8461);
#8460 = CARTESIAN_POINT('',(-0.,0.));
#8461 = VECTOR('',#8462,1.);
#8462 = DIRECTION('',(-1.,0.));
#8463 = ( GEOMETRIC_REPRESENTATION_CONTEXT(2) 
PARAMETRIC_REPRESENTATION_CONTEXT() REPRESENTATION_CONTEXT('2D SPACE',''
  ) );
#8464 = ORIENTED_EDGE('',*,*,#5079,.T.);
#8465 = ADVANCED_FACE('',(#8466),#4908,.T.);
#8466 = FACE_BOUND('',#8467,.F.);
#8467 = EDGE_LOOP('',(#8468));
#8468 = ORIENTED_EDGE('',*,*,#4644,.F.);
#8469 = ADVANCED_FACE('',(#8470),#5134,.F.);
#8470 = FACE_BOUND('',#8471,.T.);
#8471 = EDGE_LOOP('',(#8472,#8473,#8494,#8495));
#8472 = ORIENTED_EDGE('',*,*,#5152,.T.);
#8473 = ORIENTED_EDGE('',*,*,#8474,.T.);
#8474 = EDGE_CURVE('',#5153,#5114,#8475,.T.);
#8475 = SEAM_CURVE('',#8476,(#8480,#8487),.PCURVE_S1.);
#8476 = LINE('',#8477,#8478);
#8477 = CARTESIAN_POINT('',(-55.,812.,-402.5));
#8478 = VECTOR('',#8479,1.);
#8479 = DIRECTION('',(1.,0.,0.));
#8480 = PCURVE('',#5134,#8481);
#8481 = DEFINITIONAL_REPRESENTATION('',(#8482),#8486);
#8482 = LINE('',#8483,#8484);
#8483 = CARTESIAN_POINT('',(-6.28318530718,0.));
#8484 = VECTOR('',#8485,1.);
#8485 = DIRECTION('',(-0.,-1.));
#8486 = ( GEOMETRIC_REPRESENTATION_CONTEXT(2) 
PARAMETRIC_REPRESENTATION_CONTEXT() REPRESENTATION_CONTEXT('2D SPACE',''
  ) );
#8487 = PCURVE('',#5134,#8488);
#8488 = DEFINITIONAL_REPRESENTATION('',(#8489),#8493);
#8489 = LINE('',#8490,#8491);
#8490 = CARTESIAN_POINT('',(-0.,0.));
#8491 = VECTOR('',#8492,1.);
#8492 = DIRECTION('',(-0.,-1.));
#8493 = ( GEOMETRIC_REPRESENTATION_CONTEXT(2) 
PARAMETRIC_REPRESENTATION_CONTEXT() REPRESENTATION_CONTEXT('2D SPACE',''
  ) );
#8494 = ORIENTED_EDGE('',*,*,#5113,.F.);
#8495 = ORIENTED_EDGE('',*,*,#8474,.F.);
#8496 = ADVANCED_FACE('',(#8497),#5198,.T.);
#8497 = FACE_BOUND('',#8498,.T.);
#8498 = EDGE_LOOP('',(#8499,#8500,#8501,#8502));
#8499 = ORIENTED_EDGE('',*,*,#5183,.T.);
#8500 = ORIENTED_EDGE('',*,*,#5730,.T.);
#8501 = ORIENTED_EDGE('',*,*,#5210,.T.);
#8502 = ORIENTED_EDGE('',*,*,#8503,.F.);
#8503 = EDGE_CURVE('',#5184,#5211,#8504,.T.);
#8504 = SURFACE_CURVE('',#8505,(#8510,#8517),.PCURVE_S1.);
#8505 = CIRCLE('',#8506,13.);
#8506 = AXIS2_PLACEMENT_3D('',#8507,#8508,#8509);
#8507 = CARTESIAN_POINT('',(-85.,681.,-365.));
#8508 = DIRECTION('',(0.465022737593,0.716682101467,-0.519731294957));
#8509 = DIRECTION('',(0.,0.587068831465,0.80953702023));
#8510 = PCURVE('',#5198,#8511);
#8511 = DEFINITIONAL_REPRESENTATION('',(#8512),#8516);
#8512 = CIRCLE('',#8513,13.);
#8513 = AXIS2_PLACEMENT_2D('',#8514,#8515);
#8514 = CARTESIAN_POINT('',(6.674199897412E-14,-1.434445787493E-13));
#8515 = DIRECTION('',(1.,-3.330669073875E-16));
#8516 = ( GEOMETRIC_REPRESENTATION_CONTEXT(2) 
PARAMETRIC_REPRESENTATION_CONTEXT() REPRESENTATION_CONTEXT('2D SPACE',''
  ) );
#8517 = PCURVE('',#8518,#8523);
#8518 = CYLINDRICAL_SURFACE('',#8519,13.);
#8519 = AXIS2_PLACEMENT_3D('',#8520,#8521,#8522);
#8520 = CARTESIAN_POINT('',(-170.,550.,-270.));
#8521 = DIRECTION('',(-0.465022737593,-0.716682101467,0.519731294957));
#8522 = DIRECTION('',(0.,0.587068831465,0.80953702023));
#8523 = DEFINITIONAL_REPRESENTATION('',(#8524),#8528);
#8524 = LINE('',#8525,#8526);
#8525 = CARTESIAN_POINT('',(-0.,-182.7867610085));
#8526 = VECTOR('',#8527,1.);
#8527 = DIRECTION('',(-1.,0.));
#8528 = ( GEOMETRIC_REPRESENTATION_CONTEXT(2) 
PARAMETRIC_REPRESENTATION_CONTEXT() REPRESENTATION_CONTEXT('2D SPACE',''
  ) );
#8529 = ADVANCED_FACE('',(#8530),#5246,.F.);
#8530 = FACE_BOUND('',#8531,.T.);
#8531 = EDGE_LOOP('',(#8532,#8533,#8556,#8665,#8688,#8743,#9146,#9290,
    #9291,#9437,#9486,#9679,#9707,#9790,#9834,#9894,#9895));
#8532 = ORIENTED_EDGE('',*,*,#5231,.F.);
#8533 = ORIENTED_EDGE('',*,*,#8534,.T.);
#8534 = EDGE_CURVE('',#5184,#8535,#8537,.T.);
#8535 = VERTEX_POINT('',#8536);
#8536 = CARTESIAN_POINT('',(-55.38551780273,702.7578223941,
    -377.1058318142));
#8537 = SEAM_CURVE('',#8538,(#8542,#8549),.PCURVE_S1.);
#8538 = LINE('',#8539,#8540);
#8539 = CARTESIAN_POINT('',(-74.09453060653,673.92393207294,-365.));
#8540 = VECTOR('',#8541,1.);
#8541 = DIRECTION('',(0.51340073478,0.791241132425,-0.332200475446));
#8542 = PCURVE('',#5246,#8543);
#8543 = DEFINITIONAL_REPRESENTATION('',(#8544),#8548);
#8544 = LINE('',#8545,#8546);
#8545 = CARTESIAN_POINT('',(-0.,0.));
#8546 = VECTOR('',#8547,1.);
#8547 = DIRECTION('',(-0.,-1.));
#8548 = ( GEOMETRIC_REPRESENTATION_CONTEXT(2) 
PARAMETRIC_REPRESENTATION_CONTEXT() REPRESENTATION_CONTEXT('2D SPACE',''
  ) );
#8549 = PCURVE('',#5246,#8550);
#8550 = DEFINITIONAL_REPRESENTATION('',(#8551),#8555);
#8551 = LINE('',#8552,#8553);
#8552 = CARTESIAN_POINT('',(-6.28318530718,0.));
#8553 = VECTOR('',#8554,1.);
#8554 = DIRECTION('',(-0.,-1.));
#8555 = ( GEOMETRIC_REPRESENTATION_CONTEXT(2) 
PARAMETRIC_REPRESENTATION_CONTEXT() REPRESENTATION_CONTEXT('2D SPACE',''
  ) );
#8556 = ORIENTED_EDGE('',*,*,#8557,.F.);
#8557 = EDGE_CURVE('',#8558,#8535,#8560,.T.);
#8558 = VERTEX_POINT('',#8559);
#8559 = CARTESIAN_POINT('',(-40.48163551697,725.72733509333,
    -386.749520352));
#8560 = SURFACE_CURVE('',#8561,(#8592,#8626),.PCURVE_S1.);
#8561 = B_SPLINE_CURVE_WITH_KNOTS('',8,(#8562,#8563,#8564,#8565,#8566,
    #8567,#8568,#8569,#8570,#8571,#8572,#8573,#8574,#8575,#8576,#8577,
    #8578,#8579,#8580,#8581,#8582,#8583,#8584,#8585,#8586,#8587,#8588,
    #8589,#8590,#8591),.UNSPECIFIED.,.F.,.F.,(9,7,7,7,9),(0.,
    0.257807730104,0.519924703941,0.836246533554,1.),.UNSPECIFIED.);
#8562 = CARTESIAN_POINT('',(-40.48163551697,725.72733509332,
    -386.749520352));
#8563 = CARTESIAN_POINT('',(-41.02241928282,724.89389187773,
    -386.9845067584));
#8564 = CARTESIAN_POINT('',(-41.58547246984,724.07528354405,
    -387.1707919653));
#8565 = CARTESIAN_POINT('',(-42.16118785386,723.2719650832,
    -387.3131929243));
#8566 = CARTESIAN_POINT('',(-42.74315889725,722.48301019752,
    -387.4159195018));
#8567 = CARTESIAN_POINT('',(-43.32753097824,721.70619417643,
    -387.4823358463));
#8568 = CARTESIAN_POINT('',(-43.9123822798,720.93818613911,
    -387.5147503279));
#8569 = CARTESIAN_POINT('',(-44.49707999484,720.17480327607,
    -387.5142061392));
#8570 = CARTESIAN_POINT('',(-45.67580452762,718.63499390629,
    -387.4457154957));
#8571 = CARTESIAN_POINT('',(-46.26701581699,717.86223164775,
    -387.3768055707));
#8572 = CARTESIAN_POINT('',(-46.85241343085,717.09153479229,
    -387.2737589432));
#8573 = CARTESIAN_POINT('',(-47.42938075671,716.32162936496,
    -387.1361371402));
#8574 = CARTESIAN_POINT('',(-47.99533105361,715.55140229127,
    -386.9628851515));
#8575 = CARTESIAN_POINT('',(-48.547714243,714.77990200172,
    -386.7523244042));
#8576 = CARTESIAN_POINT('',(-49.08417306828,714.00637822969,
    -386.5020653983));
#8577 = CARTESIAN_POINT('',(-50.22880897232,712.29389996877,
    -385.8549605216));
#8578 = CARTESIAN_POINT('',(-50.83364468621,711.34668039677,
    -385.4358072638));
#8579 = CARTESIAN_POINT('',(-51.40722894245,710.39709500409,
    -384.9474464857));
#8580 = CARTESIAN_POINT('',(-51.94309403659,709.45227656094,
    -384.3863893886));
#8581 = CARTESIAN_POINT('',(-52.43935903308,708.51885813142,
    -383.7490380354));
#8582 = CARTESIAN_POINT('',(-52.89898567397,707.60429504924,
    -383.0317334516));
#8583 = CARTESIAN_POINT('',(-53.32906953048,706.71723644265,
    -382.231424359));
#8584 = CARTESIAN_POINT('',(-53.9538753061,705.42771972462,
    -380.887268745));
#8585 = CARTESIAN_POINT('',(-54.16162743738,704.99879284527,
    -380.4068469781));
#8586 = CARTESIAN_POINT('',(-54.36527113241,704.5827517636,
    -379.9050181223));
#8587 = CARTESIAN_POINT('',(-54.56640566829,704.18148147676,
    -379.3825002978));
#8588 = CARTESIAN_POINT('',(-54.76688683769,703.79676451823,
    -378.8401873681));
#8589 = CARTESIAN_POINT('',(-54.9687600012,703.43025959815,
    -378.2791364075));
#8590 = CARTESIAN_POINT('',(-55.17420855339,703.0834872372,
    -377.7005612065));
#8591 = CARTESIAN_POINT('',(-55.38551780273,702.7578223941,
    -377.1058318142));
#8592 = PCURVE('',#5246,#8593);
#8593 = DEFINITIONAL_REPRESENTATION('',(#8594),#8625);
#8594 = B_SPLINE_CURVE_WITH_KNOTS('',8,(#8595,#8596,#8597,#8598,#8599,
    #8600,#8601,#8602,#8603,#8604,#8605,#8606,#8607,#8608,#8609,#8610,
    #8611,#8612,#8613,#8614,#8615,#8616,#8617,#8618,#8619,#8620,#8621,
    #8622,#8623,#8624),.UNSPECIFIED.,.F.,.F.,(9,7,7,7,9),(0.,
    0.257807730104,0.519924703941,0.836246533554,1.),.UNSPECIFIED.);
#8595 = CARTESIAN_POINT('',(0.,-65.47106930804));
#8596 = CARTESIAN_POINT('',(-4.243752616961E-02,-64.61203856751));
#8597 = CARTESIAN_POINT('',(-8.133333040863E-02,-63.73713409692));
#8598 = CARTESIAN_POINT('',(-0.117009791697,-62.85324845337));
#8599 = CARTESIAN_POINT('',(-0.14973850352,-61.96433635277));
#8600 = CARTESIAN_POINT('',(-0.179757329205,-61.07173405001));
#8601 = CARTESIAN_POINT('',(-0.207262386437,-60.17455951909));
#8602 = CARTESIAN_POINT('',(-0.232383797239,-59.27017458178));
#8603 = CARTESIAN_POINT('',(-0.278304885713,-57.42390340676));
#8604 = CARTESIAN_POINT('',(-0.298915873413,-56.48604190199));
#8605 = CARTESIAN_POINT('',(-0.316955157927,-55.5414591456));
#8606 = CARTESIAN_POINT('',(-0.332328833679,-54.59034482598));
#8607 = CARTESIAN_POINT('',(-0.344888609831,-53.63279579269));
#8608 = CARTESIAN_POINT('',(-0.354437104464,-52.66881071423));
#8609 = CARTESIAN_POINT('',(-0.360731396217,-51.69821237305));
#8610 = CARTESIAN_POINT('',(-0.366809081039,-49.54060367276));
#8611 = CARTESIAN_POINT('',(-0.365002138004,-48.34135857448));
#8612 = CARTESIAN_POINT('',(-0.357391056182,-47.13329529179));
#8613 = CARTESIAN_POINT('',(-0.343468875588,-45.92421910937));
#8614 = CARTESIAN_POINT('',(-0.322894014573,-44.71914881779));
#8615 = CARTESIAN_POINT('',(-0.295485404422,-43.52124731003));
#8616 = CARTESIAN_POINT('',(-0.261165629239,-42.3327016246));
#8617 = CARTESIAN_POINT('',(-0.198465441271,-40.54507807803));
#8618 = CARTESIAN_POINT('',(-0.175248293617,-39.93943705203));
#8619 = CARTESIAN_POINT('',(-0.150234946391,-39.3389896283));
#8620 = CARTESIAN_POINT('',(-0.123472619671,-38.74464478389));
#8621 = CARTESIAN_POINT('',(-9.501502462551E-02,-38.15715710919));
#8622 = CARTESIAN_POINT('',(-6.491691300539E-02,-37.57714011486));
#8623 = CARTESIAN_POINT('',(-3.322996279072E-02,-37.00507916478));
#8624 = CARTESIAN_POINT('',(0.,-36.44134403476));
#8625 = ( GEOMETRIC_REPRESENTATION_CONTEXT(2) 
PARAMETRIC_REPRESENTATION_CONTEXT() REPRESENTATION_CONTEXT('2D SPACE',''
  ) );
#8626 = PCURVE('',#8627,#8632);
#8627 = CYLINDRICAL_SURFACE('',#8628,20.);
#8628 = AXIS2_PLACEMENT_3D('',#8629,#8630,#8631);
#8629 = CARTESIAN_POINT('',(-59.5,720.3,-367.5));
#8630 = DIRECTION('',(-1.,-0.,0.));
#8631 = DIRECTION('',(0.,0.,1.));
#8632 = DEFINITIONAL_REPRESENTATION('',(#8633),#8664);
#8633 = B_SPLINE_CURVE_WITH_KNOTS('',8,(#8634,#8635,#8636,#8637,#8638,
    #8639,#8640,#8641,#8642,#8643,#8644,#8645,#8646,#8647,#8648,#8649,
    #8650,#8651,#8652,#8653,#8654,#8655,#8656,#8657,#8658,#8659,#8660,
    #8661,#8662,#8663),.UNSPECIFIED.,.F.,.F.,(9,7,7,7,9),(0.,
    0.257807730104,0.519924703941,0.836246533554,1.),.UNSPECIFIED.);
#8634 = CARTESIAN_POINT('',(-3.416405441604,-19.01836448302));
#8635 = CARTESIAN_POINT('',(-3.373108611327,-18.47758071717));
#8636 = CARTESIAN_POINT('',(-3.331186495151,-17.91452753015));
#8637 = CARTESIAN_POINT('',(-3.290471898484,-17.33881214613));
#8638 = CARTESIAN_POINT('',(-3.2507725617,-16.75684110274));
#8639 = CARTESIAN_POINT('',(-3.211864041832,-16.17246902175));
#8640 = CARTESIAN_POINT('',(-3.173488583522,-15.58761772019));
#8641 = CARTESIAN_POINT('',(-3.135355927266,-15.00292000515));
#8642 = CARTESIAN_POINT('',(-3.058289334901,-13.82419547237));
#8643 = CARTESIAN_POINT('',(-3.019536286489,-13.232984183));
#8644 = CARTESIAN_POINT('',(-2.980721175127,-12.64758656914));
#8645 = CARTESIAN_POINT('',(-2.941691991902,-12.07061924328));
#8646 = CARTESIAN_POINT('',(-2.902297828875,-11.50466894638));
#8647 = CARTESIAN_POINT('',(-2.862382970886,-10.952285757));
#8648 = CARTESIAN_POINT('',(-2.821780557469,-10.41582693171));
#8649 = CARTESIAN_POINT('',(-2.730247414353,-9.271191027676));
#8650 = CARTESIAN_POINT('',(-2.678535828516,-8.66635531379));
#8651 = CARTESIAN_POINT('',(-2.62529940494,-8.092771057524));
#8652 = CARTESIAN_POINT('',(-2.570565414881,-7.556905963433));
#8653 = CARTESIAN_POINT('',(-2.514288748987,-7.060640966902));
#8654 = CARTESIAN_POINT('',(-2.45639851514,-6.601014326026));
#8655 = CARTESIAN_POINT('',(-2.396817496759,-6.170930469515));
#8656 = CARTESIAN_POINT('',(-2.303683082059,-5.5461246939));
#8657 = CARTESIAN_POINT('',(-2.271501906246,-5.338372562616));
#8658 = CARTESIAN_POINT('',(-2.238945520069,-5.134728867583));
#8659 = CARTESIAN_POINT('',(-2.20605088567,-4.933594331704));
#8660 = CARTESIAN_POINT('',(-2.172853523293,-4.733113162302));
#8661 = CARTESIAN_POINT('',(-2.139387546806,-4.531239998797));
#8662 = CARTESIAN_POINT('',(-2.105686280082,-4.325791446608));
#8663 = CARTESIAN_POINT('',(-2.071783454236,-4.114482197266));
#8664 = ( GEOMETRIC_REPRESENTATION_CONTEXT(2) 
PARAMETRIC_REPRESENTATION_CONTEXT() REPRESENTATION_CONTEXT('2D SPACE',''
  ) );
#8665 = ORIENTED_EDGE('',*,*,#8666,.T.);
#8666 = EDGE_CURVE('',#8558,#8667,#8669,.T.);
#8667 = VERTEX_POINT('',#8668);
#8668 = CARTESIAN_POINT('',(-1.780369054643,785.37281634704,
    -411.7915162982));
#8669 = SEAM_CURVE('',#8670,(#8674,#8681),.PCURVE_S1.);
#8670 = LINE('',#8671,#8672);
#8671 = CARTESIAN_POINT('',(-74.09453060653,673.92393207294,-365.));
#8672 = VECTOR('',#8673,1.);
#8673 = DIRECTION('',(0.51340073478,0.791241132425,-0.332200475446));
#8674 = PCURVE('',#5246,#8675);
#8675 = DEFINITIONAL_REPRESENTATION('',(#8676),#8680);
#8676 = LINE('',#8677,#8678);
#8677 = CARTESIAN_POINT('',(-0.,0.));
#8678 = VECTOR('',#8679,1.);
#8679 = DIRECTION('',(-0.,-1.));
#8680 = ( GEOMETRIC_REPRESENTATION_CONTEXT(2) 
PARAMETRIC_REPRESENTATION_CONTEXT() REPRESENTATION_CONTEXT('2D SPACE',''
  ) );
#8681 = PCURVE('',#5246,#8682);
#8682 = DEFINITIONAL_REPRESENTATION('',(#8683),#8687);
#8683 = LINE('',#8684,#8685);
#8684 = CARTESIAN_POINT('',(-6.28318530718,0.));
#8685 = VECTOR('',#8686,1.);
#8686 = DIRECTION('',(-0.,-1.));
#8687 = ( GEOMETRIC_REPRESENTATION_CONTEXT(2) 
PARAMETRIC_REPRESENTATION_CONTEXT() REPRESENTATION_CONTEXT('2D SPACE',''
  ) );
#8688 = ORIENTED_EDGE('',*,*,#8689,.T.);
#8689 = EDGE_CURVE('',#8667,#8690,#8692,.T.);
#8690 = VERTEX_POINT('',#8691);
#8691 = CARTESIAN_POINT('',(-2.077894152478,787.08199169763,
    -417.9769175708));
#8692 = SURFACE_CURVE('',#8693,(#8706,#8722),.PCURVE_S1.);
#8693 = B_SPLINE_CURVE_WITH_KNOTS('',6,(#8694,#8695,#8696,#8697,#8698,
    #8699,#8700,#8701,#8702,#8703,#8704,#8705),.UNSPECIFIED.,.F.,.F.,(7,
    5,7),(0.,0.672465257712,1.),.UNSPECIFIED.);
#8694 = CARTESIAN_POINT('',(-1.780369054642,785.37281634704,
    -411.7915162982));
#8695 = CARTESIAN_POINT('',(-1.799883279968,785.34274148213,
    -412.6482650481));
#8696 = CARTESIAN_POINT('',(-1.825133460161,785.41785447722,
    -413.4646296101));
#8697 = CARTESIAN_POINT('',(-1.854590461022,785.56592173962,
    -414.233873478));
#8698 = CARTESIAN_POINT('',(-1.887403106275,785.76448874965,
    -414.9570123522));
#8699 = CARTESIAN_POINT('',(-1.923164787924,786.00066508686,
    -415.6411928009));
#8700 = CARTESIAN_POINT('',(-1.981583869117,786.40253367007,
    -416.6184770153));
#8701 = CARTESIAN_POINT('',(-2.001491293768,786.54181146601,
    -416.9311232976));
#8702 = CARTESIAN_POINT('',(-2.022157668204,786.68775048814,
    -417.236604312));
#8703 = CARTESIAN_POINT('',(-2.043583241447,786.83958650368,
    -417.5353075997));
#8704 = CARTESIAN_POINT('',(-2.065788430231,786.99678117205,
    -417.8277252734));
#8705 = CARTESIAN_POINT('',(-2.088819541526,787.15902152292,
    -418.1144540311));
#8706 = PCURVE('',#5246,#8707);
#8707 = DEFINITIONAL_REPRESENTATION('',(#8708),#8721);
#8708 = B_SPLINE_CURVE_WITH_KNOTS('',6,(#8709,#8710,#8711,#8712,#8713,
    #8714,#8715,#8716,#8717,#8718,#8719,#8720),.UNSPECIFIED.,.F.,.F.,(7,
    5,7),(0.,0.672465257712,1.),.UNSPECIFIED.);
#8709 = CARTESIAN_POINT('',(0.,-140.8532490373));
#8710 = CARTESIAN_POINT('',(-6.307713227802E-02,-141.1040462916));
#8711 = CARTESIAN_POINT('',(-0.121049385625,-141.4217120174));
#8712 = CARTESIAN_POINT('',(-0.174547525451,-141.7792888586));
#8713 = CARTESIAN_POINT('',(-0.224207963502,-142.1597842861));
#8714 = CARTESIAN_POINT('',(-0.27084284049,-142.5555817153));
#8715 = CARTESIAN_POINT('',(-0.337223118994,-143.1682185497));
#8716 = CARTESIAN_POINT('',(-0.358420413403,-143.3720616278));
#8717 = CARTESIAN_POINT('',(-0.379117988904,-143.5784053913));
#8718 = CARTESIAN_POINT('',(-0.399362162811,-143.7867737614));
#8719 = CARTESIAN_POINT('',(-0.419202612163,-143.9968937788));
#8720 = CARTESIAN_POINT('',(-0.438694250229,-144.2086922579));
#8721 = ( GEOMETRIC_REPRESENTATION_CONTEXT(2) 
PARAMETRIC_REPRESENTATION_CONTEXT() REPRESENTATION_CONTEXT('2D SPACE',''
  ) );
#8722 = PCURVE('',#8723,#8728);
#8723 = CYLINDRICAL_SURFACE('',#8724,16.);
#8724 = AXIS2_PLACEMENT_3D('',#8725,#8726,#8727);
#8725 = CARTESIAN_POINT('',(85.,681.,-365.));
#8726 = DIRECTION('',(0.51340073478,-0.791241132425,0.332200475446));
#8727 = DIRECTION('',(0.838882261035,0.544312917466,0.));
#8728 = DEFINITIONAL_REPRESENTATION('',(#8729),#8742);
#8729 = B_SPLINE_CURVE_WITH_KNOTS('',6,(#8730,#8731,#8732,#8733,#8734,
    #8735,#8736,#8737,#8738,#8739,#8740,#8741),.UNSPECIFIED.,.F.,.F.,(7,
    5,7),(0.,0.672465257712,1.),.UNSPECIFIED.);
#8730 = CARTESIAN_POINT('',(-3.181844538479,-142.681334599));
#8731 = CARTESIAN_POINT('',(-3.130994252627,-142.9521690885));
#8732 = CARTESIAN_POINT('',(-3.0845499036,-143.2957617365));
#8733 = CARTESIAN_POINT('',(-3.042053033146,-143.6835850694));
#8734 = CARTESIAN_POINT('',(-3.002980930485,-144.0977725693));
#8735 = CARTESIAN_POINT('',(-2.966667497108,-144.5302901458));
#8736 = CARTESIAN_POINT('',(-2.915601680119,-145.2029117785));
#8737 = CARTESIAN_POINT('',(-2.899398602213,-145.4271958296));
#8738 = CARTESIAN_POINT('',(-2.883683375725,-145.6547598567));
#8739 = CARTESIAN_POINT('',(-2.868420189704,-145.8851280368));
#8740 = CARTESIAN_POINT('',(-2.853571575519,-146.1180483747));
#8741 = CARTESIAN_POINT('',(-2.839097660256,-146.3534952328));
#8742 = ( GEOMETRIC_REPRESENTATION_CONTEXT(2) 
PARAMETRIC_REPRESENTATION_CONTEXT() REPRESENTATION_CONTEXT('2D SPACE',''
  ) );
#8743 = ORIENTED_EDGE('',*,*,#8744,.T.);
#8744 = EDGE_CURVE('',#8690,#8745,#8747,.T.);
#8745 = VERTEX_POINT('',#8746);
#8746 = CARTESIAN_POINT('',(-2.077894150913,793.1060347263,
    -403.6287423703));
#8747 = SURFACE_CURVE('',#8748,(#8877,#9009),.PCURVE_S1.);
#8748 = B_SPLINE_CURVE_WITH_KNOTS('',8,(#8749,#8750,#8751,#8752,#8753,
    #8754,#8755,#8756,#8757,#8758,#8759,#8760,#8761,#8762,#8763,#8764,
    #8765,#8766,#8767,#8768,#8769,#8770,#8771,#8772,#8773,#8774,#8775,
    #8776,#8777,#8778,#8779,#8780,#8781,#8782,#8783,#8784,#8785,#8786,
    #8787,#8788,#8789,#8790,#8791,#8792,#8793,#8794,#8795,#8796,#8797,
    #8798,#8799,#8800,#8801,#8802,#8803,#8804,#8805,#8806,#8807,#8808,
    #8809,#8810,#8811,#8812,#8813,#8814,#8815,#8816,#8817,#8818,#8819,
    #8820,#8821,#8822,#8823,#8824,#8825,#8826,#8827,#8828,#8829,#8830,
    #8831,#8832,#8833,#8834,#8835,#8836,#8837,#8838,#8839,#8840,#8841,
    #8842,#8843,#8844,#8845,#8846,#8847,#8848,#8849,#8850,#8851,#8852,
    #8853,#8854,#8855,#8856,#8857,#8858,#8859,#8860,#8861,#8862,#8863,
    #8864,#8865,#8866,#8867,#8868,#8869,#8870,#8871,#8872,#8873,#8874,
    #8875,#8876),.UNSPECIFIED.,.T.,.F.,(9,7,7,7,7,7,7,7,7,7,7,7,7,7,7,7,
    7,7,9),(0.,4.510909412749E-02,9.71657331243E-02,0.159691412351,
    0.292084416408,0.371439761378,0.419270947753,0.464654918085,
    0.497553387163,0.5373472273,0.583114218101,0.660917918042,
    0.797684223067,0.862623075425,0.914915593311,0.937069190238,
    0.94947646626,0.976392290677,1.),.UNSPECIFIED.);
#8749 = CARTESIAN_POINT('',(-5.781042129316E-02,788.02758318197,
    -412.906113061));
#8750 = CARTESIAN_POINT('',(-0.175742411982,787.84582917279,
    -413.5203155291));
#8751 = CARTESIAN_POINT('',(-0.324213970689,787.68551936795,
    -414.1281491443));
#8752 = CARTESIAN_POINT('',(-0.501901350743,787.54631269968,
    -414.7263636108));
#8753 = CARTESIAN_POINT('',(-0.707276629237,787.42743210691,
    -415.3118308105));
#8754 = CARTESIAN_POINT('',(-0.938607172464,787.32772705768,
    -415.8816047846));
#8755 = CARTESIAN_POINT('',(-1.19395234721,787.24574810629,
    -416.4329843666));
#8756 = CARTESIAN_POINT('',(-1.471157477884,787.17983348515,
    -416.9635784688));
#8757 = CARTESIAN_POINT('',(-2.110227402954,787.06863075977,
    -418.057378464));
#8758 = CARTESIAN_POINT('',(-2.478837694642,787.0280339408,
    -418.6135024088));
#8759 = CARTESIAN_POINT('',(-2.870933015667,787.0035979823,
    -419.1379908399));
#8760 = CARTESIAN_POINT('',(-3.283862321171,786.9925146799,
    -419.6295727094));
#8761 = CARTESIAN_POINT('',(-3.71503970358,786.99210242212,
    -420.0874364025));
#8762 = CARTESIAN_POINT('',(-4.161916890232,786.99989370508,
    -420.5112028428));
#8763 = CARTESIAN_POINT('',(-4.62195496537,787.01369465663,
    -420.9008962356));
#8764 = CARTESIAN_POINT('',(-5.657885511809,787.05314273564,
    -421.6845266013));
#8765 = CARTESIAN_POINT('',(-6.238135439123,787.08060109812,
    -422.0633020002));
#8766 = CARTESIAN_POINT('',(-6.830329636077,787.11076161262,
    -422.3951209549));
#8767 = CARTESIAN_POINT('',(-7.431772734912,787.14113244093,
    -422.6820305609));
#8768 = CARTESIAN_POINT('',(-8.039949302227,787.1698715455,
    -422.9261994598));
#8769 = CARTESIAN_POINT('',(-8.652420149169,787.19569849097,
    -423.1298925464));
#8770 = CARTESIAN_POINT('',(-9.26675511206,787.21780645344,
    -423.2954636242));
#8771 = CARTESIAN_POINT('',(-11.18006170703,787.27382017156,
    -423.7004236627));
#8772 = CARTESIAN_POINT('',(-12.47869482454,787.29335392214,
    -423.8159246106));
#8773 = CARTESIAN_POINT('',(-13.76755809146,787.29071860402,
    -423.7974659642));
#8774 = CARTESIAN_POINT('',(-15.04134353731,787.26891479042,
    -423.663898493));
#8775 = CARTESIAN_POINT('',(-16.29653988739,787.23277861268,
    -423.4290750933));
#8776 = CARTESIAN_POINT('',(-17.53120994996,787.18783608729,
    -423.1022686434));
#8777 = CARTESIAN_POINT('',(-18.74439387721,787.13989462599,
    -422.6884004239));
#8778 = CARTESIAN_POINT('',(-20.6470383716,787.06957906764,
    -421.8880596354));
#8779 = CARTESIAN_POINT('',(-21.34965931909,787.04472825586,
    -421.5578519955));
#8780 = CARTESIAN_POINT('',(-22.04312046143,787.02280633663,
    -421.1971004571));
#8781 = CARTESIAN_POINT('',(-22.72810193281,787.00538605572,
    -420.804707421));
#8782 = CARTESIAN_POINT('',(-23.40437074907,786.99431851054,
    -420.3789941792));
#8783 = CARTESIAN_POINT('',(-24.07045970718,786.99188452208,
    -419.9179387922));
#8784 = CARTESIAN_POINT('',(-24.72335225209,787.00094083692,
    -419.419409059));
#8785 = CARTESIAN_POINT('',(-25.7407983562,787.03956295754,
    -418.5571011622));
#8786 = CARTESIAN_POINT('',(-26.1164650838,787.05953688462,
    -418.2188025237));
#8787 = CARTESIAN_POINT('',(-26.48570056372,787.08577854227,
    -417.86476532));
#8788 = CARTESIAN_POINT('',(-26.84828677762,787.11930195857,
    -417.4932592581));
#8789 = CARTESIAN_POINT('',(-27.20321252217,787.16135030437,
    -417.1026296784));
#8790 = CARTESIAN_POINT('',(-27.54862928168,787.21342042473,
    -416.6913711518));
#8791 = CARTESIAN_POINT('',(-27.88180397906,787.2772783178,
    -416.2581978012));
#8792 = CARTESIAN_POINT('',(-28.50010082766,787.4286780448,
    -415.3693579797));
#8793 = CARTESIAN_POINT('',(-28.789732803,787.51555615626,
    -414.9117734524));
#8794 = CARTESIAN_POINT('',(-29.06364643394,787.61759753655,
    -414.4288073719));
#8795 = CARTESIAN_POINT('',(-29.31676369289,787.73701972049,
    -413.9202235825));
#8796 = CARTESIAN_POINT('',(-29.54324052038,787.87626191267,
    -413.3861390377));
#8797 = CARTESIAN_POINT('',(-29.73644005547,788.03795383384,
    -412.8270759931));
#8798 = CARTESIAN_POINT('',(-29.8888851976,788.22485163782,
    -412.2440265244));
#8799 = CARTESIAN_POINT('',(-30.06707566896,788.59551236717,
    -411.1996094344));
#8800 = CARTESIAN_POINT('',(-30.11536486176,788.76438024895,
    -410.7534351081));
#8801 = CARTESIAN_POINT('',(-30.13406018314,788.94534342346,
    -410.3053301768));
#8802 = CARTESIAN_POINT('',(-30.12177932079,789.13687033801,
    -409.8603429495));
#8803 = CARTESIAN_POINT('',(-30.07874416765,789.33686335553,
    -409.4232502535));
#8804 = CARTESIAN_POINT('',(-30.00678273646,789.54263664653,
    -408.9985991074));
#8805 = CARTESIAN_POINT('',(-29.90934436627,789.75090762537,
    -408.5907860729));
#8806 = CARTESIAN_POINT('',(-29.64901834203,790.20806035161,
    -407.7365304079));
#8807 = CARTESIAN_POINT('',(-29.4758198407,790.45783785303,
    -407.2970415972));
#8808 = CARTESIAN_POINT('',(-29.27733707315,790.70545287934,
    -406.8843432624));
#8809 = CARTESIAN_POINT('',(-29.05820605994,790.94957630295,
    -406.4969097745));
#8810 = CARTESIAN_POINT('',(-28.8223239301,791.18922861842,
    -406.1331029335));
#8811 = CARTESIAN_POINT('',(-28.57287217167,791.42376545853,
    -405.7912136696));
#8812 = CARTESIAN_POINT('',(-28.31233368876,791.65285143242,
    -405.469496977));
#8813 = CARTESIAN_POINT('',(-27.73217150941,792.13355165948,
    -404.8173775989));
#8814 = CARTESIAN_POINT('',(-27.40828031347,792.38443784224,
    -404.4914931574));
#8815 = CARTESIAN_POINT('',(-27.07380703094,792.62853208102,
    -404.1866998515));
#8816 = CARTESIAN_POINT('',(-26.73097634587,792.86560045848,
    -403.9011564784));
#8817 = CARTESIAN_POINT('',(-26.38130066035,793.09568169488,
    -403.6330598083));
#8818 = CARTESIAN_POINT('',(-26.02561783314,793.3190387201,
    -403.380673779));
#8819 = CARTESIAN_POINT('',(-25.66412666912,793.53610401583,
    -403.1423556175));
#8820 = CARTESIAN_POINT('',(-24.67132057606,794.10665288671,
    -402.5327593565));
#8821 = CARTESIAN_POINT('',(-24.02907863442,794.44879715693,
    -402.1856886322));
#8822 = CARTESIAN_POINT('',(-23.37420780062,794.77288681758,
    -401.8716538991));
#8823 = CARTESIAN_POINT('',(-22.70950735413,795.07847788241,
    -401.5873375484));
#8824 = CARTESIAN_POINT('',(-22.03634936086,795.36541266834,
    -401.3298747543));
#8825 = CARTESIAN_POINT('',(-21.35496992359,795.63358005437,
    -401.0969107295));
#8826 = CARTESIAN_POINT('',(-20.66476471029,795.88267043098,
    -400.8866576585));
#8827 = CARTESIAN_POINT('',(-18.73379282579,796.51491834461,
    -400.3662361106));
#8828 = CARTESIAN_POINT('',(-17.47752500687,796.85487318533,
    -400.102541058));
#8829 = CARTESIAN_POINT('',(-16.1981538908,797.1259538262,
    -399.9017238663));
#8830 = CARTESIAN_POINT('',(-14.89678589285,797.31965484067,
    -399.7631461456));
#8831 = CARTESIAN_POINT('',(-13.57573475825,797.424138629,
    -399.6898262295));
#8832 = CARTESIAN_POINT('',(-12.23913711184,797.42442151998,
    -399.6890474198));
#8833 = CARTESIAN_POINT('',(-10.89316677774,797.30298192673,
    -399.773697099));
#8834 = CARTESIAN_POINT('',(-8.909803917675,796.91883924097,
    -400.0605312672));
#8835 = CARTESIAN_POINT('',(-8.271227297492,796.76376373302,
    -400.1776831096));
#8836 = CARTESIAN_POINT('',(-7.635585436113,796.57574002089,
    -400.3220294436));
#8837 = CARTESIAN_POINT('',(-7.005814114174,796.35368076107,
    -400.4961931253));
#8838 = CARTESIAN_POINT('',(-6.384859897896,796.09703168953,
    -400.7031137809));
#8839 = CARTESIAN_POINT('',(-5.775768973176,795.80585754341,
    -400.9461043526));
#8840 = CARTESIAN_POINT('',(-5.181820892572,795.48094068111,
    -401.2288815425));
#8841 = CARTESIAN_POINT('',(-4.143592472215,794.83637648524,
    -401.8186387112));
#8842 = CARTESIAN_POINT('',(-3.692964101856,794.52819521363,
    -402.110025847));
#8843 = CARTESIAN_POINT('',(-3.257584399794,794.20076514262,
    -402.4313388226));
#8844 = CARTESIAN_POINT('',(-2.840183134577,793.85602287284,-402.7840898
    ));
#8845 = CARTESIAN_POINT('',(-2.44348265722,793.4964050197,
    -403.1696396803));
#8846 = CARTESIAN_POINT('',(-2.070222661964,793.12480562321,
    -403.5891246688));
#8847 = CARTESIAN_POINT('',(-1.723184618151,792.74451099695,
    -404.0433655695));
#8848 = CARTESIAN_POINT('',(-1.270509194444,792.19583868294,
    -404.7400904748));
#8849 = CARTESIAN_POINT('',(-1.141056483622,792.03169369387,
    -404.9536739418));
#8850 = CARTESIAN_POINT('',(-1.017110254476,791.86700100255,
    -405.1734708898));
#8851 = CARTESIAN_POINT('',(-0.898912244698,791.70209084466,
    -405.3994232237));
#8852 = CARTESIAN_POINT('',(-0.786693836275,791.53729737873,
    -405.631452899));
#8853 = CARTESIAN_POINT('',(-0.68067647579,791.37295632727,
    -405.8694607492));
#8854 = CARTESIAN_POINT('',(-0.581072094726,791.20940261776,
    -406.1133253137));
#8855 = CARTESIAN_POINT('',(-0.43600463729,790.95599539979,
    -406.5026786358));
#8856 = CARTESIAN_POINT('',(-0.386003860824,790.86537902246,
    -406.6442391636));
#8857 = CARTESIAN_POINT('',(-0.338120159135,790.77518373811,
    -406.7875472336));
#8858 = CARTESIAN_POINT('',(-0.292390480423,790.68547348122,
    -406.9325644558));
#8859 = CARTESIAN_POINT('',(-0.248849796318,790.59631114125,
    -407.0792500073));
#8860 = CARTESIAN_POINT('',(-0.207531135864,790.50775842959,
    -407.2275605739));
#8861 = CARTESIAN_POINT('',(-0.168465619517,790.41987574644,
    -407.3774502929));
#8862 = CARTESIAN_POINT('',(-5.188672090926E-02,790.14365446766,
    -407.8573557672));
#8863 = CARTESIAN_POINT('',(1.718268919043E-02,789.95798252479,
    -408.1931053003));
#8864 = CARTESIAN_POINT('',(7.519155647727E-02,789.77637851163,
    -408.5355107238));
#8865 = CARTESIAN_POINT('',(0.121872479023,789.59946908714,
    -408.8839037754));
#8866 = CARTESIAN_POINT('',(0.157023536332,789.42782486025,
    -409.2375610539));
#8867 = CARTESIAN_POINT('',(0.180507692342,789.26195215778,
    -409.5957095257));
#8868 = CARTESIAN_POINT('',(0.192252898767,789.10228697682,
    -409.9575329866));
#8869 = CARTESIAN_POINT('',(0.192252898767,788.81491165841,
    -410.6420087451));
#8870 = CARTESIAN_POINT('',(0.18321731052,788.68571585289,
    -410.9639378434));
#8871 = CARTESIAN_POINT('',(0.165149289644,788.56184658146,
    -411.2873858165));
#8872 = CARTESIAN_POINT('',(0.138091272215,788.44349926324,
    -411.6117540914));
#8873 = CARTESIAN_POINT('',(0.102125096272,788.33082197216,
    -411.9364313162));
#8874 = CARTESIAN_POINT('',(5.737212331622E-02,788.22391554933,
    -412.2607981967));
#8875 = CARTESIAN_POINT('',(3.993359814868E-03,788.1228337152,
    -412.584232334));
#8876 = CARTESIAN_POINT('',(-5.781042129316E-02,788.02758318197,
    -412.906113061));
#8877 = PCURVE('',#5246,#8878);
#8878 = DEFINITIONAL_REPRESENTATION('',(#8879),#9008);
#8879 = B_SPLINE_CURVE_WITH_KNOTS('',8,(#8880,#8881,#8882,#8883,#8884,
    #8885,#8886,#8887,#8888,#8889,#8890,#8891,#8892,#8893,#8894,#8895,
    #8896,#8897,#8898,#8899,#8900,#8901,#8902,#8903,#8904,#8905,#8906,
    #8907,#8908,#8909,#8910,#8911,#8912,#8913,#8914,#8915,#8916,#8917,
    #8918,#8919,#8920,#8921,#8922,#8923,#8924,#8925,#8926,#8927,#8928,
    #8929,#8930,#8931,#8932,#8933,#8934,#8935,#8936,#8937,#8938,#8939,
    #8940,#8941,#8942,#8943,#8944,#8945,#8946,#8947,#8948,#8949,#8950,
    #8951,#8952,#8953,#8954,#8955,#8956,#8957,#8958,#8959,#8960,#8961,
    #8962,#8963,#8964,#8965,#8966,#8967,#8968,#8969,#8970,#8971,#8972,
    #8973,#8974,#8975,#8976,#8977,#8978,#8979,#8980,#8981,#8982,#8983,
    #8984,#8985,#8986,#8987,#8988,#8989,#8990,#8991,#8992,#8993,#8994,
    #8995,#8996,#8997,#8998,#8999,#9000,#9001,#9002,#9003,#9004,#9005,
    #9006,#9007),.UNSPECIFIED.,.F.,.F.,(9,7,7,7,7,7,7,7,7,7,7,7,7,7,7,7,
    7,7,9),(0.,4.510909412749E-02,9.71657331243E-02,0.159691412351,
    0.292084416408,0.371439761378,0.419270947753,0.464654918085,
    0.497553387163,0.5373472273,0.583114218101,0.660917918042,
    0.797684223067,0.862623075425,0.914915593311,0.937069190238,
    0.94947646626,0.976392290677,1.),.UNSPECIFIED.);
#8880 = CARTESIAN_POINT('',(0.,-144.2084421967));
#8881 = CARTESIAN_POINT('',(-5.009972564736E-02,-144.2081229299));
#8882 = CARTESIAN_POINT('',(-9.97024569712E-02,-144.206976427));
#8883 = CARTESIAN_POINT('',(-0.148752875432,-144.2043326839));
#8884 = CARTESIAN_POINT('',(-0.197195082336,-144.1993221323));
#8885 = CARTESIAN_POINT('',(-0.244970336494,-144.1909453104));
#8886 = CARTESIAN_POINT('',(-0.292015505134,-144.178154351));
#8887 = CARTESIAN_POINT('',(-0.338262228082,-144.1599462868));
#8888 = CARTESIAN_POINT('',(-0.435999794404,-144.1072200258));
#8889 = CARTESIAN_POINT('',(-0.487244344476,-144.070597997));
#8890 = CARTESIAN_POINT('',(-0.537381426806,-144.0241965418));
#8891 = CARTESIAN_POINT('',(-0.586418551913,-143.966732499));
#8892 = CARTESIAN_POINT('',(-0.634359617115,-143.8971420553));
#8893 = CARTESIAN_POINT('',(-0.68120448052,-143.8146551758));
#8894 = CARTESIAN_POINT('',(-0.726948251348,-143.7188475009));
#8895 = CARTESIAN_POINT('',(-0.825188232056,-143.4785353199));
#8896 = CARTESIAN_POINT('',(-0.877160532511,-143.3281901343));
#8897 = CARTESIAN_POINT('',(-0.927619102967,-143.1582518526));
#8898 = CARTESIAN_POINT('',(-0.976663022441,-142.9688126799));
#8899 = CARTESIAN_POINT('',(-1.024372349397,-142.7604269693));
#8900 = CARTESIAN_POINT('',(-1.070810296194,-142.5340862682));
#8901 = CARTESIAN_POINT('',(-1.116023772538,-142.2911817669));
#8902 = CARTESIAN_POINT('',(-1.253247919734,-141.4877370303));
#8903 = CARTESIAN_POINT('',(-1.341219020065,-140.8748432103));
#8904 = CARTESIAN_POINT('',(-1.425248528361,-140.2049227188));
#8905 = CARTESIAN_POINT('',(-1.506285136634,-139.4893370833));
#8906 = CARTESIAN_POINT('',(-1.585169429703,-138.7383174797));
#8907 = CARTESIAN_POINT('',(-1.662676485959,-137.9603113296));
#8908 = CARTESIAN_POINT('',(-1.739611430552,-137.1620413346));
#8909 = CARTESIAN_POINT('',(-1.863165479955,-135.8637121006));
#8910 = CARTESIAN_POINT('',(-1.909455892046,-135.3736278705));
#8911 = CARTESIAN_POINT('',(-1.956029409937,-134.8804170537));
#8912 = CARTESIAN_POINT('',(-2.003168657172,-134.384610267));
#8913 = CARTESIAN_POINT('',(-2.051144202224,-133.8872341215));
#8914 = CARTESIAN_POINT('',(-2.100215233735,-133.3901748705));
#8915 = CARTESIAN_POINT('',(-2.150632708169,-132.8965332726));
#8916 = CARTESIAN_POINT('',(-2.23400038984,-132.1182760123));
#8917 = CARTESIAN_POINT('',(-2.265900593128,-131.8288296624));
#8918 = CARTESIAN_POINT('',(-2.298531179226,-131.5424160473));
#8919 = CARTESIAN_POINT('',(-2.332057928842,-131.2593746341));
#8920 = CARTESIAN_POINT('',(-2.366631876134,-130.9806585447));
#8921 = CARTESIAN_POINT('',(-2.402391919099,-130.7079010695));
#8922 = CARTESIAN_POINT('',(-2.439468207305,-130.4434755337));
#8923 = CARTESIAN_POINT('',(-2.514533681765,-129.9505621575));
#8924 = CARTESIAN_POINT('',(-2.55273414033,-129.7185966263));
#8925 = CARTESIAN_POINT('',(-2.592653986551,-129.4982669426));
#8926 = CARTESIAN_POINT('',(-2.634358460713,-129.2938563233));
#8927 = CARTESIAN_POINT('',(-2.677915549569,-129.1103339638));
#8928 = CARTESIAN_POINT('',(-2.723401221583,-128.9533614701));
#8929 = CARTESIAN_POINT('',(-2.770906087384,-128.8292879414));
#8930 = CARTESIAN_POINT('',(-2.856525229462,-128.6841309839));
#8931 = CARTESIAN_POINT('',(-2.893255353404,-128.6447351675));
#8932 = CARTESIAN_POINT('',(-2.930383055452,-128.6294618117));
#8933 = CARTESIAN_POINT('',(-2.96758318994,-128.6394858197));
#8934 = CARTESIAN_POINT('',(-3.004539970766,-128.6746203992));
#8935 = CARTESIAN_POINT('',(-3.04092875189,-128.73331243));
#8936 = CARTESIAN_POINT('',(-3.076395884868,-128.812654242));
#8937 = CARTESIAN_POINT('',(-3.151833173453,-129.0242397169));
#8938 = CARTESIAN_POINT('',(-3.191442171804,-129.164795796));
#8939 = CARTESIAN_POINT('',(-3.229467212466,-129.3255216054));
#8940 = CARTESIAN_POINT('',(-3.266004406921,-129.5024785339));
#8941 = CARTESIAN_POINT('',(-3.301148912582,-129.6923465566));
#8942 = CARTESIAN_POINT('',(-3.334999956233,-129.8924146916));
#8943 = CARTESIAN_POINT('',(-3.367664382454,-130.1005631473));
#8944 = CARTESIAN_POINT('',(-3.435595458421,-130.5621342611));
#8945 = CARTESIAN_POINT('',(-3.470665423993,-130.81867274));
#8946 = CARTESIAN_POINT('',(-3.504576690059,-131.0822764898));
#8947 = CARTESIAN_POINT('',(-3.537441459967,-131.3510066226));
#8948 = CARTESIAN_POINT('',(-3.569379129351,-131.6235182732));
#8949 = CARTESIAN_POINT('',(-3.60051879896,-131.8990126047));
#8950 = CARTESIAN_POINT('',(-3.631001245069,-132.1771840178));
#8951 = CARTESIAN_POINT('',(-3.71194470079,-132.9358249624));
#8952 = CARTESIAN_POINT('',(-3.761387674199,-133.4209740074));
#8953 = CARTESIAN_POINT('',(-3.809547338498,-133.9092957571));
#8954 = CARTESIAN_POINT('',(-3.856662222573,-134.397899648));
#8955 = CARTESIAN_POINT('',(-3.902977270569,-134.8850047988));
#8956 = CARTESIAN_POINT('',(-3.948747606826,-135.3696198089));
#8957 = CARTESIAN_POINT('',(-3.994240108632,-135.8512160541));
#8958 = CARTESIAN_POINT('',(-4.119701547893,-137.1699547079));
#8959 = CARTESIAN_POINT('',(-4.199324495984,-137.9963101605));
#8960 = CARTESIAN_POINT('',(-4.279584781268,-138.8009188183));
#8961 = CARTESIAN_POINT('',(-4.361367899253,-139.57627073));
#8962 = CARTESIAN_POINT('',(-4.445523977,-140.3128143132));
#8963 = CARTESIAN_POINT('',(-4.532988192163,-140.998989641));
#8964 = CARTESIAN_POINT('',(-4.624822024195,-141.6220444619));
#8965 = CARTESIAN_POINT('',(-4.768898773391,-142.4316413649));
#8966 = CARTESIAN_POINT('',(-4.816626200038,-142.6757028482));
#8967 = CARTESIAN_POINT('',(-4.865723112458,-142.9012216727));
#8968 = CARTESIAN_POINT('',(-4.916237716265,-143.1067015698));
#8969 = CARTESIAN_POINT('',(-4.96823713546,-143.2911677589));
#8970 = CARTESIAN_POINT('',(-5.021807618639,-143.4542081095));
#8971 = CARTESIAN_POINT('',(-5.077056757998,-143.5959926214));
#8972 = CARTESIAN_POINT('',(-5.18006650723,-143.8149317629));
#8973 = CARTESIAN_POINT('',(-5.227163060062,-143.899237946));
#8974 = CARTESIAN_POINT('',(-5.275389551931,-143.970426388));
#8975 = CARTESIAN_POINT('',(-5.32473349551,-144.0291302828));
#8976 = CARTESIAN_POINT('',(-5.375187147286,-144.0763320155));
#8977 = CARTESIAN_POINT('',(-5.426746924044,-144.1132923567));
#8978 = CARTESIAN_POINT('',(-5.479412832387,-144.1414562358));
#8979 = CARTESIAN_POINT('',(-5.555969591576,-144.1711803727));
#8980 = CARTESIAN_POINT('',(-5.578944141064,-144.1787157518));
#8981 = CARTESIAN_POINT('',(-5.602104618033,-144.185054856));
#8982 = CARTESIAN_POINT('',(-5.625444464521,-144.1903155737));
#8983 = CARTESIAN_POINT('',(-5.648957423252,-144.1946175869));
#8984 = CARTESIAN_POINT('',(-5.672637454552,-144.198079899));
#8985 = CARTESIAN_POINT('',(-5.696478653261,-144.2008183634));
#8986 = CARTESIAN_POINT('',(-5.733914579296,-144.2041332472));
#8987 = CARTESIAN_POINT('',(-5.74740193759,-144.2051307522));
#8988 = CARTESIAN_POINT('',(-5.760935221973,-144.2059550699));
#8989 = CARTESIAN_POINT('',(-5.77451246188,-144.2066250655));
#8990 = CARTESIAN_POINT('',(-5.788131723283,-144.2071589838));
#8991 = CARTESIAN_POINT('',(-5.801791097235,-144.2075743073));
#8992 = CARTESIAN_POINT('',(-5.815488688414,-144.2078876143));
#8993 = CARTESIAN_POINT('',(-5.859016383596,-144.2086064958));
#8994 = CARTESIAN_POINT('',(-5.888986632011,-144.2086916579));
#8995 = CARTESIAN_POINT('',(-5.919103390142,-144.2085281324));
#8996 = CARTESIAN_POINT('',(-5.949337587169,-144.2082524764));
#8997 = CARTESIAN_POINT('',(-5.979660787844,-144.2079721987));
#8998 = CARTESIAN_POINT('',(-6.010044914551,-144.2077607693));
#8999 = CARTESIAN_POINT('',(-6.04046194378,-144.207655034));
#9000 = CARTESIAN_POINT('',(-6.097566210374,-144.207655034));
#9001 = CARTESIAN_POINT('',(-6.124246392307,-144.2077361205));
#9002 = CARTESIAN_POINT('',(-6.150904641461,-144.2078990931));
#9003 = CARTESIAN_POINT('',(-6.177521604402,-144.2081215162));
#9004 = CARTESIAN_POINT('',(-6.204077900342,-144.208359476));
#9005 = CARTESIAN_POINT('',(-6.230553965862,-144.2085493397));
#9006 = CARTESIAN_POINT('',(-6.25692989964,-144.2086095126));
#9007 = CARTESIAN_POINT('',(-6.28318530718,-144.2084421967));
#9008 = ( GEOMETRIC_REPRESENTATION_CONTEXT(2) 
PARAMETRIC_REPRESENTATION_CONTEXT() REPRESENTATION_CONTEXT('2D SPACE',''
  ) );
#9009 = PCURVE('',#9010,#9015);
#9010 = CYLINDRICAL_SURFACE('',#9011,25.);
#9011 = AXIS2_PLACEMENT_3D('',#9012,#9013,#9014);
#9012 = CARTESIAN_POINT('',(-50.,812.,-420.));
#9013 = DIRECTION('',(-1.,-0.,0.));
#9014 = DIRECTION('',(0.,0.,1.));
#9015 = DEFINITIONAL_REPRESENTATION('',(#9016),#9145);
#9016 = B_SPLINE_CURVE_WITH_KNOTS('',8,(#9017,#9018,#9019,#9020,#9021,
    #9022,#9023,#9024,#9025,#9026,#9027,#9028,#9029,#9030,#9031,#9032,
    #9033,#9034,#9035,#9036,#9037,#9038,#9039,#9040,#9041,#9042,#9043,
    #9044,#9045,#9046,#9047,#9048,#9049,#9050,#9051,#9052,#9053,#9054,
    #9055,#9056,#9057,#9058,#9059,#9060,#9061,#9062,#9063,#9064,#9065,
    #9066,#9067,#9068,#9069,#9070,#9071,#9072,#9073,#9074,#9075,#9076,
    #9077,#9078,#9079,#9080,#9081,#9082,#9083,#9084,#9085,#9086,#9087,
    #9088,#9089,#9090,#9091,#9092,#9093,#9094,#9095,#9096,#9097,#9098,
    #9099,#9100,#9101,#9102,#9103,#9104,#9105,#9106,#9107,#9108,#9109,
    #9110,#9111,#9112,#9113,#9114,#9115,#9116,#9117,#9118,#9119,#9120,
    #9121,#9122,#9123,#9124,#9125,#9126,#9127,#9128,#9129,#9130,#9131,
    #9132,#9133,#9134,#9135,#9136,#9137,#9138,#9139,#9140,#9141,#9142,
    #9143,#9144),.UNSPECIFIED.,.T.,.F.,(9,7,7,7,7,7,7,7,7,7,7,7,7,7,7,7,
    7,7,9),(0.,4.510909412749E-02,9.71657331243E-02,0.159691412351,
    0.292084416408,0.371439761378,0.419270947753,0.464654918085,
    0.497553387163,0.5373472273,0.583114218101,0.660917918042,
    0.797684223067,0.862623075425,0.914915593311,0.937069190238,
    0.94947646626,0.976392290677,1.),.UNSPECIFIED.);
#9017 = CARTESIAN_POINT('',(-1.283088017498,-49.9421895787));
#9018 = CARTESIAN_POINT('',(-1.308709233446,-49.82425758801));
#9019 = CARTESIAN_POINT('',(-1.333842771188,-49.67578602931));
#9020 = CARTESIAN_POINT('',(-1.358393456978,-49.49809864925));
#9021 = CARTESIAN_POINT('',(-1.382271673749,-49.29272337076));
#9022 = CARTESIAN_POINT('',(-1.405393190806,-49.06139282753));
#9023 = CARTESIAN_POINT('',(-1.427679906921,-48.80604765279));
#9024 = CARTESIAN_POINT('',(-1.449061506827,-48.52884252211));
#9025 = CARTESIAN_POINT('',(-1.493039037009,-47.88977259704));
#9026 = CARTESIAN_POINT('',(-1.51533414547,-47.52116230535));
#9027 = CARTESIAN_POINT('',(-1.536324931671,-47.12906698433));
#9028 = CARTESIAN_POINT('',(-1.555982973218,-46.71613767882));
#9029 = CARTESIAN_POINT('',(-1.574290240351,-46.28496029642));
#9030 = CARTESIAN_POINT('',(-1.59123958787,-45.83808310976));
#9031 = CARTESIAN_POINT('',(-1.606835348795,-45.37804503463));
#9032 = CARTESIAN_POINT('',(-1.638220254749,-44.34211448819));
#9033 = CARTESIAN_POINT('',(-1.653407347033,-43.76186456087));
#9034 = CARTESIAN_POINT('',(-1.66673158207,-43.16967036392));
#9035 = CARTESIAN_POINT('',(-1.67827024692,-42.56822726508));
#9036 = CARTESIAN_POINT('',(-1.688103590417,-41.96005069777));
#9037 = CARTESIAN_POINT('',(-1.696316193511,-41.34757985083));
#9038 = CARTESIAN_POINT('',(-1.702997759744,-40.73324488794));
#9039 = CARTESIAN_POINT('',(-1.719350382502,-38.81993829297));
#9040 = CARTESIAN_POINT('',(-1.724033928938,-37.52130517545));
#9041 = CARTESIAN_POINT('',(-1.723290035385,-36.23244190854));
#9042 = CARTESIAN_POINT('',(-1.71787490224,-34.95865646266));
#9043 = CARTESIAN_POINT('',(-1.708372491291,-33.70346011262));
#9044 = CARTESIAN_POINT('',(-1.695180578948,-32.46879005002));
#9045 = CARTESIAN_POINT('',(-1.678521562747,-31.25560612278));
#9046 = CARTESIAN_POINT('',(-1.646384614402,-29.35296162839));
#9047 = CARTESIAN_POINT('',(-1.633139994653,-28.6503406809));
#9048 = CARTESIAN_POINT('',(-1.618685897636,-27.95687953856));
#9049 = CARTESIAN_POINT('',(-1.602979204858,-27.27189806718));
#9050 = CARTESIAN_POINT('',(-1.585951369588,-26.59562925092));
#9051 = CARTESIAN_POINT('',(-1.567516747258,-25.92954029281));
#9052 = CARTESIAN_POINT('',(-1.547579320851,-25.2766477479));
#9053 = CARTESIAN_POINT('',(-1.513052425199,-24.25920164379));
#9054 = CARTESIAN_POINT('',(-1.499498281357,-23.88353491619));
#9055 = CARTESIAN_POINT('',(-1.485300679619,-23.51429943627));
#9056 = CARTESIAN_POINT('',(-1.470384079518,-23.15171322237));
#9057 = CARTESIAN_POINT('',(-1.454673721056,-22.79678747782));
#9058 = CARTESIAN_POINT('',(-1.438097565196,-22.45137071831));
#9059 = CARTESIAN_POINT('',(-1.420587737696,-22.11819602093));
#9060 = CARTESIAN_POINT('',(-1.384522061925,-21.49989917233));
#9061 = CARTESIAN_POINT('',(-1.365895047521,-21.21026719699));
#9062 = CARTESIAN_POINT('',(-1.346157051432,-20.93635356605));
#9063 = CARTESIAN_POINT('',(-1.325271479968,-20.6832363071));
#9064 = CARTESIAN_POINT('',(-1.30320832412,-20.45675947962));
#9065 = CARTESIAN_POINT('',(-1.279944586258,-20.26355994452));
#9066 = CARTESIAN_POINT('',(-1.255465336778,-20.11111480239));
#9067 = CARTESIAN_POINT('',(-1.211135727096,-19.93292433103));
#9068 = CARTESIAN_POINT('',(-1.192057357465,-19.88463513823));
#9069 = CARTESIAN_POINT('',(-1.172734626845,-19.86593981685));
#9070 = CARTESIAN_POINT('',(-1.153366300123,-19.8782206792));
#9071 = CARTESIAN_POINT('',(-1.134148843684,-19.92125583234));
#9072 = CARTESIAN_POINT('',(-1.115280665497,-19.99321726353));
#9073 = CARTESIAN_POINT('',(-1.096967323638,-20.09065563372));
#9074 = CARTESIAN_POINT('',(-1.058211857313,-20.35098165796));
#9075 = CARTESIAN_POINT('',(-1.037998049476,-20.52418015929));
#9076 = CARTESIAN_POINT('',(-1.018755327946,-20.72266292684));
#9077 = CARTESIAN_POINT('',(-1.000446215429,-20.94179394005));
#9078 = CARTESIAN_POINT('',(-0.98302678148,-21.17767606989));
#9079 = CARTESIAN_POINT('',(-0.966446986711,-21.42712782832));
#9080 = CARTESIAN_POINT('',(-0.950651298835,-21.68766631124));
#9081 = CARTESIAN_POINT('',(-0.91824556128,-22.26782849058));
#9082 = CARTESIAN_POINT('',(-0.901798269299,-22.59171968652));
#9083 = CARTESIAN_POINT('',(-0.886183334369,-22.92619296905));
#9084 = CARTESIAN_POINT('',(-0.871342486621,-23.26902365412));
#9085 = CARTESIAN_POINT('',(-0.857214356975,-23.61869933964));
#9086 = CARTESIAN_POINT('',(-0.843735639347,-23.97438216685));
#9087 = CARTESIAN_POINT('',(-0.830842614639,-24.33587333087));
#9088 = CARTESIAN_POINT('',(-0.797444803561,-25.32867942393));
#9089 = CARTESIAN_POINT('',(-0.777956892665,-25.97092136557));
#9090 = CARTESIAN_POINT('',(-0.759913170485,-26.62579219937));
#9091 = CARTESIAN_POINT('',(-0.743223271108,-27.29049264586));
#9092 = CARTESIAN_POINT('',(-0.727807061466,-27.96365063914));
#9093 = CARTESIAN_POINT('',(-0.713600506618,-28.6450300764));
#9094 = CARTESIAN_POINT('',(-0.700562934904,-29.3352352897));
#9095 = CARTESIAN_POINT('',(-0.667807452633,-31.2662071742));
#9096 = CARTESIAN_POINT('',(-0.650605192494,-32.52247499311));
#9097 = CARTESIAN_POINT('',(-0.63711433951,-33.80184610921));
#9098 = CARTESIAN_POINT('',(-0.627588812517,-35.10321410712));
#9099 = CARTESIAN_POINT('',(-0.622480852897,-36.42426524176));
#9100 = CARTESIAN_POINT('',(-0.622456268876,-37.76086288814));
#9101 = CARTESIAN_POINT('',(-0.628374386587,-39.10683322225));
#9102 = CARTESIAN_POINT('',(-0.647551015827,-41.09019608232));
#9103 = CARTESIAN_POINT('',(-0.655325020489,-41.7287727025));
#9104 = CARTESIAN_POINT('',(-0.664806151716,-42.36441456388));
#9105 = CARTESIAN_POINT('',(-0.67609332114,-42.99418588582));
#9106 = CARTESIAN_POINT('',(-0.689277497741,-43.6151401021));
#9107 = CARTESIAN_POINT('',(-0.704442541149,-44.22423102682));
#9108 = CARTESIAN_POINT('',(-0.721666696543,-44.81817910742));
#9109 = CARTESIAN_POINT('',(-0.756612975788,-45.85640752778));
#9110 = CARTESIAN_POINT('',(-0.773575689791,-46.30703589814));
#9111 = CARTESIAN_POINT('',(-0.791920348604,-46.7424156002));
#9112 = CARTESIAN_POINT('',(-0.811640532943,-47.15981686542));
#9113 = CARTESIAN_POINT('',(-0.832717175579,-47.55651734278));
#9114 = CARTESIAN_POINT('',(-0.855119482259,-47.92977733803));
#9115 = CARTESIAN_POINT('',(-0.878805546815,-48.27681538184));
#9116 = CARTESIAN_POINT('',(-0.914278734479,-48.72949080555));
#9117 = CARTESIAN_POINT('',(-0.925052879475,-48.85894351637));
#9118 = CARTESIAN_POINT('',(-0.936037626528,-48.98288974552));
#9119 = CARTESIAN_POINT('',(-0.947225087405,-49.1010877553));
#9120 = CARTESIAN_POINT('',(-0.958606959717,-49.21330616372));
#9121 = CARTESIAN_POINT('',(-0.9701745321,-49.31932352421));
#9122 = CARTESIAN_POINT('',(-0.981918689404,-49.41892790527));
#9123 = CARTESIAN_POINT('',(-1.000500884218,-49.56399536271));
#9124 = CARTESIAN_POINT('',(-1.00722387106,-49.61399613917));
#9125 = CARTESIAN_POINT('',(-1.013996708168,-49.66187984086));
#9126 = CARTESIAN_POINT('',(-1.020817195771,-49.70760951957));
#9127 = CARTESIAN_POINT('',(-1.027683102724,-49.75115020368));
#9128 = CARTESIAN_POINT('',(-1.034592164666,-49.79246886413));
#9129 = CARTESIAN_POINT('',(-1.041542082181,-49.83153438048));
#9130 = CARTESIAN_POINT('',(-1.063690940719,-49.94811327909));
#9131 = CARTESIAN_POINT('',(-1.079035449123,-50.01718268919));
#9132 = CARTESIAN_POINT('',(-1.094534837726,-50.07519155647));
#9133 = CARTESIAN_POINT('',(-1.110159292411,-50.12187247902));
#9134 = CARTESIAN_POINT('',(-1.125878548551,-50.15702353633));
#9135 = CARTESIAN_POINT('',(-1.14166201599,-50.18050769234));
#9136 = CARTESIAN_POINT('',(-1.157478871844,-50.19225289876));
#9137 = CARTESIAN_POINT('',(-1.187173090472,-50.19225289876));
#9138 = CARTESIAN_POINT('',(-1.201046783584,-50.18321731052));
#9139 = CARTESIAN_POINT('',(-1.214898091946,-50.16514928964));
#9140 = CARTESIAN_POINT('',(-1.228705975476,-50.13809127221));
#9141 = CARTESIAN_POINT('',(-1.242449518999,-50.10212509627));
#9142 = CARTESIAN_POINT('',(-1.25610798873,-50.05737212331));
#9143 = CARTESIAN_POINT('',(-1.269660888752,-50.00399335981));
#9144 = CARTESIAN_POINT('',(-1.283088017498,-49.9421895787));
#9145 = ( GEOMETRIC_REPRESENTATION_CONTEXT(2) 
PARAMETRIC_REPRESENTATION_CONTEXT() REPRESENTATION_CONTEXT('2D SPACE',''
  ) );
#9146 = ORIENTED_EDGE('',*,*,#9147,.T.);
#9147 = EDGE_CURVE('',#8745,#8667,#9148,.T.);
#9148 = SURFACE_CURVE('',#9149,(#9194,#9242),.PCURVE_S1.);
#9149 = B_SPLINE_CURVE_WITH_KNOTS('',7,(#9150,#9151,#9152,#9153,#9154,
    #9155,#9156,#9157,#9158,#9159,#9160,#9161,#9162,#9163,#9164,#9165,
    #9166,#9167,#9168,#9169,#9170,#9171,#9172,#9173,#9174,#9175,#9176,
    #9177,#9178,#9179,#9180,#9181,#9182,#9183,#9184,#9185,#9186,#9187,
    #9188,#9189,#9190,#9191,#9192,#9193),.UNSPECIFIED.,.F.,.F.,(8,6,6,6,
    6,6,6,8),(0.,0.472053510645,0.618528380312,0.681345913233,
    0.792088861386,0.880901895473,0.922761503879,1.),.UNSPECIFIED.);
#9150 = CARTESIAN_POINT('',(-2.088819541526,793.25815965705,
    -403.5874159298));
#9151 = CARTESIAN_POINT('',(-2.040342797578,792.58819125386,
    -403.7662754156));
#9152 = CARTESIAN_POINT('',(-1.9959719274,791.92352895093,
    -403.9757856311));
#9153 = CARTESIAN_POINT('',(-1.954700166272,791.25603023912,
    -404.2217717266));
#9154 = CARTESIAN_POINT('',(-1.916287016762,790.58270287691,
    -404.5124135019));
#9155 = CARTESIAN_POINT('',(-1.880945248468,789.90645921557,
    -404.8578712538));
#9156 = CARTESIAN_POINT('',(-1.849197806487,789.23672244801,
    -405.2699824344));
#9157 = CARTESIAN_POINT('',(-1.813440878237,788.38930836487,
    -405.9146127633));
#9158 = CARTESIAN_POINT('',(-1.805376736122,788.19023594228,
    -406.075421615));
#9159 = CARTESIAN_POINT('',(-1.797749375538,787.99334676139,
    -406.2448164295));
#9160 = CARTESIAN_POINT('',(-1.790595021392,787.79929530193,
    -406.4232384845));
#9161 = CARTESIAN_POINT('',(-1.783953344592,787.60881250486,
    -406.6111371139));
#9162 = CARTESIAN_POINT('',(-1.777867941317,787.42270569425,
    -406.8089697201));
#9163 = CARTESIAN_POINT('',(-1.770036163327,787.16429997594,
    -407.1065046429));
#9164 = CARTESIAN_POINT('',(-1.767797305796,787.08772961358,
    -407.1976962899));
#9165 = CARTESIAN_POINT('',(-1.765674983196,787.01225206305,
    -407.2907703748));
#9166 = CARTESIAN_POINT('',(-1.763673729457,786.93796851603,
    -407.3857191481));
#9167 = CARTESIAN_POINT('',(-1.761797868956,786.86497670515,
    -407.4825334611));
#9168 = CARTESIAN_POINT('',(-1.760051516516,786.793370904,
    -407.5812027662));
#9169 = CARTESIAN_POINT('',(-1.755595077761,786.599609411,
    -407.8589114103));
#9170 = CARTESIAN_POINT('',(-1.753164115312,786.48047258326,
    -408.0419704671));
#9171 = CARTESIAN_POINT('',(-1.751174231954,786.36659775111,
    -408.2304763859));
#9172 = CARTESIAN_POINT('',(-1.749646806175,786.25863282445,
    -408.4239709934));
#9173 = CARTESIAN_POINT('',(-1.748596510997,786.15710746288,
    -408.6219535435));
#9174 = CARTESIAN_POINT('',(-1.748031771923,786.06243322272,
    -408.8238804167));
#9175 = CARTESIAN_POINT('',(-1.747893836087,785.90470725117,
    -409.1937977012));
#9176 = CARTESIAN_POINT('',(-1.748146434453,785.83918927864,
    -409.3603948736));
#9177 = CARTESIAN_POINT('',(-1.748713132521,785.77849641787,
    -409.5286109666));
#9178 = CARTESIAN_POINT('',(-1.749591047159,785.72272248004,
    -409.6980759619));
#9179 = CARTESIAN_POINT('',(-1.750774299555,785.67190845597,
    -409.8683951937));
#9180 = CARTESIAN_POINT('',(-1.752254015218,785.62604251615,
    -410.0391493478));
#9181 = CARTESIAN_POINT('',(-1.754849882937,785.56574402129,
    -410.2903705289));
#9182 = CARTESIAN_POINT('',(-1.755744779049,785.54750981573,
    -410.3708573297));
#9183 = CARTESIAN_POINT('',(-1.756701964205,785.53034732047,
    -410.4513248158));
#9184 = CARTESIAN_POINT('',(-1.757720306781,785.51424505628,
    -410.5317422357));
#9185 = CARTESIAN_POINT('',(-1.758798591637,785.49919013822,
    -410.612078136));
#9186 = CARTESIAN_POINT('',(-1.759935520122,785.48516827565,
    -410.692300361));
#9187 = CARTESIAN_POINT('',(-1.763333205022,785.44816812772,
    -410.9201300874));
#9188 = CARTESIAN_POINT('',(-1.765731064157,785.42764226048,
    -411.0673483446));
#9189 = CARTESIAN_POINT('',(-1.768315914015,785.41046886416,
    -411.213920958));
#9190 = CARTESIAN_POINT('',(-1.771080132653,785.39652670341,
    -411.3597368797));
#9191 = CARTESIAN_POINT('',(-1.774015849651,785.38569061395,
    -411.5046838806));
#9192 = CARTESIAN_POINT('',(-1.777114946107,785.37783150255,
    -411.6486485506));
#9193 = CARTESIAN_POINT('',(-1.780369054642,785.37281634704,
    -411.7915162982));
#9194 = PCURVE('',#5246,#9195);
#9195 = DEFINITIONAL_REPRESENTATION('',(#9196),#9241);
#9196 = B_SPLINE_CURVE_WITH_KNOTS('',7,(#9197,#9198,#9199,#9200,#9201,
    #9202,#9203,#9204,#9205,#9206,#9207,#9208,#9209,#9210,#9211,#9212,
    #9213,#9214,#9215,#9216,#9217,#9218,#9219,#9220,#9221,#9222,#9223,
    #9224,#9225,#9226,#9227,#9228,#9229,#9230,#9231,#9232,#9233,#9234,
    #9235,#9236,#9237,#9238,#9239,#9240),.UNSPECIFIED.,.F.,.F.,(8,6,6,6,
    6,6,6,8),(0.,0.472053510645,0.618528380312,0.681345913233,
    0.792088861386,0.880901895473,0.922761503879,1.),.UNSPECIFIED.);
#9197 = CARTESIAN_POINT('',(-5.419887596621,-144.2086922579));
#9198 = CARTESIAN_POINT('',(-5.460914325011,-143.7628909021));
#9199 = CARTESIAN_POINT('',(-5.502979383851,-143.3293621794));
#9200 = CARTESIAN_POINT('',(-5.54688314982,-142.9041153931));
#9201 = CARTESIAN_POINT('',(-5.593296180549,-142.4876237636));
#9202 = CARTESIAN_POINT('',(-5.642777470753,-142.0854576825));
#9203 = CARTESIAN_POINT('',(-5.695795411619,-141.7087370943));
#9204 = CARTESIAN_POINT('',(-5.770497553552,-141.2707323505));
#9205 = CARTESIAN_POINT('',(-5.788626137705,-141.1707789749));
#9206 = CARTESIAN_POINT('',(-5.807205518889,-141.0751810869));
#9207 = CARTESIAN_POINT('',(-5.826247633163,-140.9845845325));
#9208 = CARTESIAN_POINT('',(-5.845764252314,-140.8996965642));
#9209 = CARTESIAN_POINT('',(-5.86576745119,-140.821285537));
#9210 = CARTESIAN_POINT('',(-5.895062875143,-140.7196863872));
#9211 = CARTESIAN_POINT('',(-5.903945173819,-140.6905441066));
#9212 = CARTESIAN_POINT('',(-5.912913842576,-140.6628320213));
#9213 = CARTESIAN_POINT('',(-5.921965879984,-140.6366252962));
#9214 = CARTESIAN_POINT('',(-5.931098411673,-140.611996002));
#9215 = CARTESIAN_POINT('',(-5.940308690333,-140.5890131155));
#9216 = CARTESIAN_POINT('',(-5.965963620589,-140.5302439349));
#9217 = CARTESIAN_POINT('',(-5.982579077505,-140.4980383401));
#9218 = CARTESIAN_POINT('',(-5.999392854917,-140.4715792523));
#9219 = CARTESIAN_POINT('',(-6.016359512581,-140.4512161436));
#9220 = CARTESIAN_POINT('',(-6.033435253097,-140.4371942212));
#9221 = CARTESIAN_POINT('',(-6.050577393451,-140.4296542089));
#9222 = CARTESIAN_POINT('',(-6.081510888295,-140.4278124467));
#9223 = CARTESIAN_POINT('',(-6.095277144647,-140.4311859076));
#9224 = CARTESIAN_POINT('',(-6.109018246406,-140.4387537426));
#9225 = CARTESIAN_POINT('',(-6.122709370181,-140.4504687389));
#9226 = CARTESIAN_POINT('',(-6.136325228392,-140.46623524));
#9227 = CARTESIAN_POINT('',(-6.149840069274,-140.4859091459));
#9228 = CARTESIAN_POINT('',(-6.16953756165,-140.520321572));
#9229 = CARTESIAN_POINT('',(-6.175820160496,-140.5321722317));
#9230 = CARTESIAN_POINT('',(-6.182073980251,-140.5448324771));
#9231 = CARTESIAN_POINT('',(-6.188297494467,-140.5582835907));
#9232 = CARTESIAN_POINT('',(-6.194489143411,-140.5725055523));
#9233 = CARTESIAN_POINT('',(-6.200647334062,-140.5874770392));
#9234 = CARTESIAN_POINT('',(-6.218068670582,-140.6321417698));
#9235 = CARTESIAN_POINT('',(-6.229244623528,-140.6635757718));
#9236 = CARTESIAN_POINT('',(-6.240295526945,-140.6973519022));
#9237 = CARTESIAN_POINT('',(-6.251218383166,-140.7333412578));
#9238 = CARTESIAN_POINT('',(-6.262009968872,-140.7714115615));
#9239 = CARTESIAN_POINT('',(-6.272666835087,-140.8114271627));
#9240 = CARTESIAN_POINT('',(-6.28318530718,-140.8532490373));
#9241 = ( GEOMETRIC_REPRESENTATION_CONTEXT(2) 
PARAMETRIC_REPRESENTATION_CONTEXT() REPRESENTATION_CONTEXT('2D SPACE',''
  ) );
#9242 = PCURVE('',#8723,#9243);
#9243 = DEFINITIONAL_REPRESENTATION('',(#9244),#9289);
#9244 = B_SPLINE_CURVE_WITH_KNOTS('',7,(#9245,#9246,#9247,#9248,#9249,
    #9250,#9251,#9252,#9253,#9254,#9255,#9256,#9257,#9258,#9259,#9260,
    #9261,#9262,#9263,#9264,#9265,#9266,#9267,#9268,#9269,#9270,#9271,
    #9272,#9273,#9274,#9275,#9276,#9277,#9278,#9279,#9280,#9281,#9282,
    #9283,#9284,#9285,#9286,#9287,#9288),.UNSPECIFIED.,.F.,.F.,(8,6,6,6,
    6,6,6,8),(0.,0.472053510645,0.618528380312,0.681345913233,
    0.792088861386,0.880901895473,0.922761503879,1.),.UNSPECIFIED.);
#9245 = CARTESIAN_POINT('',(-3.868691107254,-146.3534952328));
#9246 = CARTESIAN_POINT('',(-3.838225869379,-145.857917885));
#9247 = CARTESIAN_POINT('',(-3.806491312339,-145.3788290876));
#9248 = CARTESIAN_POINT('',(-3.772921190325,-144.9112043964));
#9249 = CARTESIAN_POINT('',(-3.73699152282,-144.4552700886));
#9250 = CARTESIAN_POINT('',(-3.698247263816,-144.0168150278));
#9251 = CARTESIAN_POINT('',(-3.656304380202,-143.6074961195));
#9252 = CARTESIAN_POINT('',(-3.59669699421,-143.1327761092));
#9253 = CARTESIAN_POINT('',(-3.582196729063,-143.0245424606));
#9254 = CARTESIAN_POINT('',(-3.567301967675,-142.9211127876));
#9255 = CARTESIAN_POINT('',(-3.552003541946,-142.8231701319));
#9256 = CARTESIAN_POINT('',(-3.536292809562,-142.7314624801));
#9257 = CARTESIAN_POINT('',(-3.520161379531,-142.6468029518));
#9258 = CARTESIAN_POINT('',(-3.496498647547,-142.5371621209));
#9259 = CARTESIAN_POINT('',(-3.489319437129,-142.5057209781));
#9260 = CARTESIAN_POINT('',(-3.482065895417,-142.4758296888));
#9261 = CARTESIAN_POINT('',(-3.474740639323,-142.4475680734));
#9262 = CARTESIAN_POINT('',(-3.467346213722,-142.421012643));
#9263 = CARTESIAN_POINT('',(-3.459885091454,-142.3962365992));
#9264 = CARTESIAN_POINT('',(-3.439092883761,-142.3328915407));
#9265 = CARTESIAN_POINT('',(-3.42561617929,-142.29818983));
#9266 = CARTESIAN_POINT('',(-3.411969625045,-142.2696875272));
#9267 = CARTESIAN_POINT('',(-3.398191940726,-142.2477560554));
#9268 = CARTESIAN_POINT('',(-3.384320800537,-142.2326556883));
#9269 = CARTESIAN_POINT('',(-3.370393133112,-142.2245358011));
#9270 = CARTESIAN_POINT('',(-3.345259710652,-142.2225524062));
#9271 = CARTESIAN_POINT('',(-3.334074428029,-142.2261852355));
#9272 = CARTESIAN_POINT('',(-3.322910603044,-142.2343349569));
#9273 = CARTESIAN_POINT('',(-3.311789569435,-142.2469513972));
#9274 = CARTESIAN_POINT('',(-3.300732965209,-142.2639328637));
#9275 = CARTESIAN_POINT('',(-3.289762732651,-142.2851261438));
#9276 = CARTESIAN_POINT('',(-3.273781791774,-142.3222040107));
#9277 = CARTESIAN_POINT('',(-3.268685795274,-142.334973551));
#9278 = CARTESIAN_POINT('',(-3.263614438078,-142.3486166355));
#9279 = CARTESIAN_POINT('',(-3.258569050093,-142.3631133847));
#9280 = CARTESIAN_POINT('',(-3.253550981863,-142.3784425308));
#9281 = CARTESIAN_POINT('',(-3.248561604576,-142.3945814176));
#9282 = CARTESIAN_POINT('',(-3.234451520921,-142.442734896));
#9283 = CARTESIAN_POINT('',(-3.225405440617,-142.4766310233));
#9284 = CARTESIAN_POINT('',(-3.216466776114,-142.5130612814));
#9285 = CARTESIAN_POINT('',(-3.20763835218,-142.5518889407));
#9286 = CARTESIAN_POINT('',(-3.198923111383,-142.5929736429));
#9287 = CARTESIAN_POINT('',(-3.190324114092,-142.6361714009));
#9288 = CARTESIAN_POINT('',(-3.181844538479,-142.681334599));
#9289 = ( GEOMETRIC_REPRESENTATION_CONTEXT(2) 
PARAMETRIC_REPRESENTATION_CONTEXT() REPRESENTATION_CONTEXT('2D SPACE',''
  ) );
#9290 = ORIENTED_EDGE('',*,*,#8666,.F.);
#9291 = ORIENTED_EDGE('',*,*,#9292,.F.);
#9292 = EDGE_CURVE('',#9293,#8558,#9295,.T.);
#9293 = VERTEX_POINT('',#9294);
#9294 = CARTESIAN_POINT('',(-59.5,737.75998743569,-377.254426623));
#9295 = SURFACE_CURVE('',#9296,(#9341,#9389),.PCURVE_S1.);
#9296 = B_SPLINE_CURVE_WITH_KNOTS('',8,(#9297,#9298,#9299,#9300,#9301,
    #9302,#9303,#9304,#9305,#9306,#9307,#9308,#9309,#9310,#9311,#9312,
    #9313,#9314,#9315,#9316,#9317,#9318,#9319,#9320,#9321,#9322,#9323,
    #9324,#9325,#9326,#9327,#9328,#9329,#9330,#9331,#9332,#9333,#9334,
    #9335,#9336,#9337,#9338,#9339,#9340),.UNSPECIFIED.,.F.,.F.,(9,7,7,7,
    7,7,9),(0.,0.270235696817,0.603134564453,0.664307959382,
    0.759537205731,0.907910728593,1.),.UNSPECIFIED.);
#9297 = CARTESIAN_POINT('',(-59.5000006,737.75998726677,-377.2544269254)
  );
#9298 = CARTESIAN_POINT('',(-58.46859709791,738.05036970847,
    -376.7346553619));
#9299 = CARTESIAN_POINT('',(-57.41232996923,738.27812108299,
    -376.285458388));
#9300 = CARTESIAN_POINT('',(-56.33504097093,738.45426508648,
    -375.9096026913));
#9301 = CARTESIAN_POINT('',(-55.24082373911,738.58701936791,
    -375.60861875));
#9302 = CARTESIAN_POINT('',(-54.13410129915,738.68243824028,
    -375.3832088403));
#9303 = CARTESIAN_POINT('',(-53.01973943678,738.7445561161,
    -375.2333719912));
#9304 = CARTESIAN_POINT('',(-51.90321418421,738.77556347204,
    -375.1585609041));
#9305 = CARTESIAN_POINT('',(-49.42029622164,738.77629435798,
    -375.1567974968));
#9306 = CARTESIAN_POINT('',(-48.09531398781,738.73012897951,
    -375.2681824146));
#9307 = CARTESIAN_POINT('',(-46.78938452271,738.64287950357,
    -375.4787373975));
#9308 = CARTESIAN_POINT('',(-45.47841678558,738.50852446933,
    -375.7923562254));
#9309 = CARTESIAN_POINT('',(-44.15391126116,738.31370087725,
    -376.2255251068));
#9310 = CARTESIAN_POINT('',(-42.8320000856,738.03523361512,
    -376.7989347794));
#9311 = CARTESIAN_POINT('',(-41.55944253944,737.63597121486,
    -377.5292130728));
#9312 = CARTESIAN_POINT('',(-40.21245914759,736.95187529815,
    -378.5793909127));
#9313 = CARTESIAN_POINT('',(-40.00653977261,736.83895271737,
    -378.748779215));
#9314 = CARTESIAN_POINT('',(-39.80432908221,736.71875264779,
    -378.9247340033));
#9315 = CARTESIAN_POINT('',(-39.60648276062,736.59068375658,
    -379.1074239831));
#9316 = CARTESIAN_POINT('',(-39.41378133663,736.45411033146,
    -379.296976499));
#9317 = CARTESIAN_POINT('',(-39.22712984756,736.30834941298,
    -379.4934689087));
#9318 = CARTESIAN_POINT('',(-39.04755750313,736.1526679268,
    -379.696919957));
#9319 = CARTESIAN_POINT('',(-38.60949038866,735.72726175059,
    -380.2347525598));
#9320 = CARTESIAN_POINT('',(-38.35799527494,735.43771665525,
    -380.5847605904));
#9321 = CARTESIAN_POINT('',(-38.13364035565,735.11921194699,
    -380.9503978585));
#9322 = CARTESIAN_POINT('',(-37.94482981354,734.77378011303,
    -381.3248854685));
#9323 = CARTESIAN_POINT('',(-37.79673401397,734.40441655264,
    -381.7014926103));
#9324 = CARTESIAN_POINT('',(-37.69146092948,734.01534043335,
    -382.0737405369));
#9325 = CARTESIAN_POINT('',(-37.62819187722,733.61219694542,
    -382.4356314506));
#9326 = CARTESIAN_POINT('',(-37.56463140752,732.56385614861,
    -383.3207516429));
#9327 = CARTESIAN_POINT('',(-37.6201987006,731.92576921028,
    -383.8072648911));
#9328 = CARTESIAN_POINT('',(-37.74665523982,731.29551601091,
    -384.2424334931));
#9329 = CARTESIAN_POINT('',(-37.92543636735,730.67848607107,
    -384.6298765989));
#9330 = CARTESIAN_POINT('',(-38.14217348614,730.07789790878,
    -384.9741953289));
#9331 = CARTESIAN_POINT('',(-38.38645439541,729.49469527301,
    -385.2804509662));
#9332 = CARTESIAN_POINT('',(-38.65160837961,728.92735598812,
    -385.553735766));
#9333 = CARTESIAN_POINT('',(-39.11011386658,728.0270529934,
    -385.9508715473));
#9334 = CARTESIAN_POINT('',(-39.29266276177,727.68659401105,
    -386.0921831553));
#9335 = CARTESIAN_POINT('',(-39.48092953259,727.35050860392,
    -386.2233813229));
#9336 = CARTESIAN_POINT('',(-39.67392783008,727.01870083822,
    -386.3451209963));
#9337 = CARTESIAN_POINT('',(-39.87091102223,726.69093226079,
    -386.4580342679));
#9338 = CARTESIAN_POINT('',(-40.07135962806,726.36682169707,
    -386.5627173554));
#9339 = CARTESIAN_POINT('',(-40.2749687518,726.04584504906,
    -386.6597175814));
#9340 = CARTESIAN_POINT('',(-40.48163551697,725.72733509332,
    -386.749520352));
#9341 = PCURVE('',#5246,#9342);
#9342 = DEFINITIONAL_REPRESENTATION('',(#9343),#9388);
#9343 = B_SPLINE_CURVE_WITH_KNOTS('',8,(#9344,#9345,#9346,#9347,#9348,
    #9349,#9350,#9351,#9352,#9353,#9354,#9355,#9356,#9357,#9358,#9359,
    #9360,#9361,#9362,#9363,#9364,#9365,#9366,#9367,#9368,#9369,#9370,
    #9371,#9372,#9373,#9374,#9375,#9376,#9377,#9378,#9379,#9380,#9381,
    #9382,#9383,#9384,#9385,#9386,#9387),.UNSPECIFIED.,.F.,.F.,(9,7,7,7,
    7,7,9),(0.,0.270235696817,0.603134564453,0.664307959382,
    0.759537205731,0.907910728593,1.),.UNSPECIFIED.);
#9344 = CARTESIAN_POINT('',(-3.892524125839,-62.07348148118));
#9345 = CARTESIAN_POINT('',(-3.972248412132,-62.66009896848));
#9346 = CARTESIAN_POINT('',(-4.050384687807,-63.23337009569));
#9347 = CARTESIAN_POINT('',(-4.127207916318,-63.80096399863));
#9348 = CARTESIAN_POINT('',(-4.202952192408,-64.36778956902));
#9349 = CARTESIAN_POINT('',(-4.277827275367,-64.93659974035));
#9350 = CARTESIAN_POINT('',(-4.352031340833,-65.50808828521));
#9351 = CARTESIAN_POINT('',(-4.425754990193,-66.08099518697));
#9352 = CARTESIAN_POINT('',(-4.589656442304,-67.35571959563));
#9353 = CARTESIAN_POINT('',(-4.677090436891,-68.03644062438));
#9354 = CARTESIAN_POINT('',(-4.76436635756,-68.70781686261));
#9355 = CARTESIAN_POINT('',(-4.854049111782,-69.37874575642));
#9356 = CARTESIAN_POINT('',(-4.948183272202,-70.04849433459));
#9357 = CARTESIAN_POINT('',(-5.048213451214,-70.69731671748));
#9358 = CARTESIAN_POINT('',(-5.155271846422,-71.2773346593));
#9359 = CARTESIAN_POINT('',(-5.291495149031,-71.77646167228));
#9360 = CARTESIAN_POINT('',(-5.313050894482,-71.84910271458));
#9361 = CARTESIAN_POINT('',(-5.335038668124,-71.91626285677));
#9362 = CARTESIAN_POINT('',(-5.357478366684,-71.97719362729));
#9363 = CARTESIAN_POINT('',(-5.38038730632,-72.03103360431));
#9364 = CARTESIAN_POINT('',(-5.403780509765,-72.07680345366));
#9365 = CARTESIAN_POINT('',(-5.427670993472,-72.11340096678));
#9366 = CARTESIAN_POINT('',(-5.49005232172,-72.18037432701));
#9367 = CARTESIAN_POINT('',(-5.529938804723,-72.19666494823));
#9368 = CARTESIAN_POINT('',(-5.570947874277,-72.18129977691));
#9369 = CARTESIAN_POINT('',(-5.612453258681,-72.12932033458));
#9370 = CARTESIAN_POINT('',(-5.653915697747,-72.03820625664));
#9371 = CARTESIAN_POINT('',(-5.69484383638,-71.90806144456));
#9372 = CARTESIAN_POINT('',(-5.734766925353,-71.74178044612));
#9373 = CARTESIAN_POINT('',(-5.83308614755,-71.23895942746));
#9374 = CARTESIAN_POINT('',(-5.887797467792,-70.86717043906));
#9375 = CARTESIAN_POINT('',(-5.93790539754,-70.44812852021));
#9376 = CARTESIAN_POINT('',(-5.983878207468,-69.99683147358));
#9377 = CARTESIAN_POINT('',(-6.026160527341,-69.52473126568));
#9378 = CARTESIAN_POINT('',(-6.065199027397,-69.03960162174));
#9379 = CARTESIAN_POINT('',(-6.101466475475,-68.54535453362));
#9380 = CARTESIAN_POINT('',(-6.156557522594,-67.72952941401));
#9381 = CARTESIAN_POINT('',(-6.176793373045,-67.41336730968));
#9382 = CARTESIAN_POINT('',(-6.196222231162,-67.09437050675));
#9383 = CARTESIAN_POINT('',(-6.214899148372,-66.77318706412));
#9384 = CARTESIAN_POINT('',(-6.232879064397,-66.45022161064));
#9385 = CARTESIAN_POINT('',(-6.250216844407,-66.12563731111));
#9386 = CARTESIAN_POINT('',(-6.266967316165,-65.79935783211));
#9387 = CARTESIAN_POINT('',(-6.28318530718,-65.47106930804));
#9388 = ( GEOMETRIC_REPRESENTATION_CONTEXT(2) 
PARAMETRIC_REPRESENTATION_CONTEXT() REPRESENTATION_CONTEXT('2D SPACE',''
  ) );
#9389 = PCURVE('',#8627,#9390);
#9390 = DEFINITIONAL_REPRESENTATION('',(#9391),#9436);
#9391 = B_SPLINE_CURVE_WITH_KNOTS('',8,(#9392,#9393,#9394,#9395,#9396,
    #9397,#9398,#9399,#9400,#9401,#9402,#9403,#9404,#9405,#9406,#9407,
    #9408,#9409,#9410,#9411,#9412,#9413,#9414,#9415,#9416,#9417,#9418,
    #9419,#9420,#9421,#9422,#9423,#9424,#9425,#9426,#9427,#9428,#9429,
    #9430,#9431,#9432,#9433,#9434,#9435),.UNSPECIFIED.,.F.,.F.,(9,7,7,7,
    7,7,9),(0.,0.270235696817,0.603134564453,0.664307959382,
    0.759537205731,0.907910728593,1.),.UNSPECIFIED.);
#9392 = CARTESIAN_POINT('',(-4.202911279912,5.999999999062E-07));
#9393 = CARTESIAN_POINT('',(-4.232680577885,-1.031402902082));
#9394 = CARTESIAN_POINT('',(-4.257841977733,-2.087670030761));
#9395 = CARTESIAN_POINT('',(-4.278583690437,-3.164959029065));
#9396 = CARTESIAN_POINT('',(-4.295027442509,-4.259176260884));
#9397 = CARTESIAN_POINT('',(-4.307265884345,-5.365898700851));
#9398 = CARTESIAN_POINT('',(-4.315375990899,-6.480260563219));
#9399 = CARTESIAN_POINT('',(-4.319425117511,-7.596785815781));
#9400 = CARTESIAN_POINT('',(-4.319520561206,-10.07970377835));
#9401 = CARTESIAN_POINT('',(-4.313491806255,-11.40468601219));
#9402 = CARTESIAN_POINT('',(-4.302096576834,-12.71061547726));
#9403 = CARTESIAN_POINT('',(-4.285036869348,-14.02158321443));
#9404 = CARTESIAN_POINT('',(-4.261301961149,-15.34608873881));
#9405 = CARTESIAN_POINT('',(-4.229453908629,-16.6679999144));
#9406 = CARTESIAN_POINT('',(-4.187962419633,-17.94055746055));
#9407 = CARTESIAN_POINT('',(-4.125295428351,-19.2875408524));
#9408 = CARTESIAN_POINT('',(-4.11511713396,-19.49346022738));
#9409 = CARTESIAN_POINT('',(-4.104463681682,-19.69567091778));
#9410 = CARTESIAN_POINT('',(-4.093309961527,-19.89351723937));
#9411 = CARTESIAN_POINT('',(-4.081630644761,-20.08621866336));
#9412 = CARTESIAN_POINT('',(-4.0694001669,-20.27287015243));
#9413 = CARTESIAN_POINT('',(-4.056592710705,-20.45244249686));
#9414 = CARTESIAN_POINT('',(-4.022305893871,-20.89050961133));
#9415 = CARTESIAN_POINT('',(-3.999598923828,-21.14200472506));
#9416 = CARTESIAN_POINT('',(-3.975366859157,-21.36635964434));
#9417 = CARTESIAN_POINT('',(-3.949914654224,-21.55517018645));
#9418 = CARTESIAN_POINT('',(-3.923565005399,-21.70326598602));
#9419 = CARTESIAN_POINT('',(-3.89666415071,-21.80853907051));
#9420 = CARTESIAN_POINT('',(-3.869589266439,-21.87180812277));
#9421 = CARTESIAN_POINT('',(-3.800987951197,-21.93536859247));
#9422 = CARTESIAN_POINT('',(-3.760917467103,-21.87980129939));
#9423 = CARTESIAN_POINT('',(-3.722691245903,-21.75334476017));
#9424 = CARTESIAN_POINT('',(-3.686325708094,-21.57456363265));
#9425 = CARTESIAN_POINT('',(-3.651761482462,-21.35782651385));
#9426 = CARTESIAN_POINT('',(-3.618858964179,-21.11354560458));
#9427 = CARTESIAN_POINT('',(-3.58739014657,-20.84839162038));
#9428 = CARTESIAN_POINT('',(-3.538189986227,-20.38988613342));
#9429 = CARTESIAN_POINT('',(-3.519763420606,-20.20733723822));
#9430 = CARTESIAN_POINT('',(-3.501730808286,-20.0190704674));
#9431 = CARTESIAN_POINT('',(-3.484066258309,-19.82607216991));
#9432 = CARTESIAN_POINT('',(-3.466739282901,-19.62908897776));
#9433 = CARTESIAN_POINT('',(-3.449714581638,-19.42864037193));
#9434 = CARTESIAN_POINT('',(-3.432951825614,-19.22503124819));
#9435 = CARTESIAN_POINT('',(-3.416405441604,-19.01836448302));
#9436 = ( GEOMETRIC_REPRESENTATION_CONTEXT(2) 
PARAMETRIC_REPRESENTATION_CONTEXT() REPRESENTATION_CONTEXT('2D SPACE',''
  ) );
#9437 = ORIENTED_EDGE('',*,*,#9438,.T.);
#9438 = EDGE_CURVE('',#9293,#9439,#9441,.T.);
#9439 = VERTEX_POINT('',#9440);
#9440 = CARTESIAN_POINT('',(-59.5,734.59675166787,-374.6835152778));
#9441 = SURFACE_CURVE('',#9442,(#9447,#9474),.PCURVE_S1.);
#9442 = ELLIPSE('',#9443,25.321350592884,13.);
#9443 = AXIS2_PLACEMENT_3D('',#9444,#9445,#9446);
#9444 = CARTESIAN_POINT('',(-59.5,720.3,-381.5));
#9445 = DIRECTION('',(1.,0.,0.));
#9446 = DIRECTION('',(0.,-0.92203235514,0.38711282086));
#9447 = PCURVE('',#5246,#9448);
#9448 = DEFINITIONAL_REPRESENTATION('',(#9449),#9473);
#9449 = B_SPLINE_CURVE_WITH_KNOTS('',8,(#9450,#9451,#9452,#9453,#9454,
    #9455,#9456,#9457,#9458,#9459,#9460,#9461,#9462,#9463,#9464,#9465,
    #9466,#9467,#9468,#9469,#9470,#9471,#9472),.UNSPECIFIED.,.F.,.F.,(9,
    7,7,9),(3.124978644218,3.9676057425,5.231546389922,6.495487037344),
  .UNSPECIFIED.);
#9450 = CARTESIAN_POINT('',(-2.912676914053,-71.39529559518));
#9451 = CARTESIAN_POINT('',(-3.018005301338,-71.43331886551));
#9452 = CARTESIAN_POINT('',(-3.123333688624,-71.19587317848));
#9453 = CARTESIAN_POINT('',(-3.228662075909,-70.68231673172));
#9454 = CARTESIAN_POINT('',(-3.333990463194,-69.89852341463));
#9455 = CARTESIAN_POINT('',(-3.439318850479,-68.85691739939));
#9456 = CARTESIAN_POINT('',(-3.544647237764,-67.5760923356));
#9457 = CARTESIAN_POINT('',(-3.64997562505,-66.08007871774));
#9458 = CARTESIAN_POINT('',(-3.913296593263,-61.87318940972));
#9459 = CARTESIAN_POINT('',(-4.071289174191,-58.92888577053));
#9460 = CARTESIAN_POINT('',(-4.229281755118,-55.66042681641));
#9461 = CARTESIAN_POINT('',(-4.387274336046,-52.18618084785));
#9462 = CARTESIAN_POINT('',(-4.545266916974,-48.63927397592));
#9463 = CARTESIAN_POINT('',(-4.703259497902,-45.15679062553));
#9464 = CARTESIAN_POINT('',(-4.861252078829,-41.86848812293));
#9465 = CARTESIAN_POINT('',(-5.177237240685,-35.90699827221));
#9466 = CARTESIAN_POINT('',(-5.335229821608,-33.23381109384));
#9467 = CARTESIAN_POINT('',(-5.493222402532,-30.98156048881));
#9468 = CARTESIAN_POINT('',(-5.651214983467,-29.24724296244));
#9469 = CARTESIAN_POINT('',(-5.80920756438,-28.10243526735));
#9470 = CARTESIAN_POINT('',(-5.967200145317,-27.58636439992));
#9471 = CARTESIAN_POINT('',(-6.125192726252,-27.70378133169));
#9472 = CARTESIAN_POINT('',(-6.28318530718,-28.42717124821));
#9473 = ( GEOMETRIC_REPRESENTATION_CONTEXT(2) 
PARAMETRIC_REPRESENTATION_CONTEXT() REPRESENTATION_CONTEXT('2D SPACE',''
  ) );
#9474 = PCURVE('',#9475,#9480);
#9475 = PLANE('',#9476);
#9476 = AXIS2_PLACEMENT_3D('',#9477,#9478,#9479);
#9477 = CARTESIAN_POINT('',(-59.5,720.3,-367.5));
#9478 = DIRECTION('',(1.,0.,0.));
#9479 = DIRECTION('',(-0.,0.,1.));
#9480 = DEFINITIONAL_REPRESENTATION('',(#9481),#9485);
#9481 = ELLIPSE('',#9482,25.321350592884,13.);
#9482 = AXIS2_PLACEMENT_2D('',#9483,#9484);
#9483 = CARTESIAN_POINT('',(-14.,-2.273736754432E-13));
#9484 = DIRECTION('',(0.38711282086,0.92203235514));
#9485 = ( GEOMETRIC_REPRESENTATION_CONTEXT(2) 
PARAMETRIC_REPRESENTATION_CONTEXT() REPRESENTATION_CONTEXT('2D SPACE',''
  ) );
#9486 = ORIENTED_EDGE('',*,*,#9487,.T.);
#9487 = EDGE_CURVE('',#9439,#9488,#9490,.T.);
#9488 = VERTEX_POINT('',#9489);
#9489 = CARTESIAN_POINT('',(-45.9358892358,717.32136759726,
    -383.2202973575));
#9490 = SURFACE_CURVE('',#9491,(#9550,#9612),.PCURVE_S1.);
#9491 = B_SPLINE_CURVE_WITH_KNOTS('',8,(#9492,#9493,#9494,#9495,#9496,
    #9497,#9498,#9499,#9500,#9501,#9502,#9503,#9504,#9505,#9506,#9507,
    #9508,#9509,#9510,#9511,#9512,#9513,#9514,#9515,#9516,#9517,#9518,
    #9519,#9520,#9521,#9522,#9523,#9524,#9525,#9526,#9527,#9528,#9529,
    #9530,#9531,#9532,#9533,#9534,#9535,#9536,#9537,#9538,#9539,#9540,
    #9541,#9542,#9543,#9544,#9545,#9546,#9547,#9548,#9549),
  .UNSPECIFIED.,.F.,.F.,(9,7,7,7,7,7,7,7,9),(0.,0.183988755068,
    0.42843253255,0.474047301069,0.530271754102,0.585270564757,
    0.707727344192,0.844494283354,1.),.UNSPECIFIED.);
#9492 = CARTESIAN_POINT('',(-59.5000006,734.59675156343,-374.6835154857)
  );
#9493 = CARTESIAN_POINT('',(-58.71809038765,734.73285522695,
    -374.4126397191));
#9494 = CARTESIAN_POINT('',(-57.92790247409,734.84242338394,
    -374.1799552303));
#9495 = CARTESIAN_POINT('',(-57.13049673948,734.92899820118,
    -373.986181867));
#9496 = CARTESIAN_POINT('',(-56.32713831359,734.99528981924,
    -373.831761228));
#9497 = CARTESIAN_POINT('',(-55.51931122326,735.0432902407,
    -373.7169188863));
#9498 = CARTESIAN_POINT('',(-54.70873827157,735.07432738387,
    -373.641696597));
#9499 = CARTESIAN_POINT('',(-53.89741275371,735.0890884082,
    -373.6059707184));
#9500 = CARTESIAN_POINT('',(-52.0118098564,735.08571897525,
    -373.6141262444));
#9501 = CARTESIAN_POINT('',(-50.95002965587,735.05520701488,
    -373.6879734313));
#9502 = CARTESIAN_POINT('',(-49.89496199516,734.99729628158,
    -373.8278897742));
#9503 = CARTESIAN_POINT('',(-48.84056949023,734.9093143539,
    -374.0349645806));
#9504 = CARTESIAN_POINT('',(-47.7850748197,734.78546358386,
    -374.313863059));
#9505 = CARTESIAN_POINT('',(-46.73351526805,734.61604768706,
    -374.6710813901));
#9506 = CARTESIAN_POINT('',(-45.7003880767,734.38625348458,
    -375.1128031554));
#9507 = CARTESIAN_POINT('',(-44.52814336309,734.01536404711,
    -375.7402625984));
#9508 = CARTESIAN_POINT('',(-44.34487330374,733.95399838569,
    -375.8422349933));
#9509 = CARTESIAN_POINT('',(-44.16270340239,733.88936744778,
    -375.9476398929));
#9510 = CARTESIAN_POINT('',(-43.98171287329,733.82122830824,
    -376.0566069927));
#9511 = CARTESIAN_POINT('',(-43.80203701604,733.74931928541,
    -376.1692584974));
#9512 = CARTESIAN_POINT('',(-43.62386644729,733.67335821507,
    -376.285706665));
#9513 = CARTESIAN_POINT('',(-43.44744633255,733.59304072442,
    -376.4060513518));
#9514 = CARTESIAN_POINT('',(-43.05814746248,733.40326535062,
    -376.6836211908));
#9515 = CARTESIAN_POINT('',(-42.84617443317,733.29129724175,
    -376.8430270156));
#9516 = CARTESIAN_POINT('',(-42.63764547571,733.17146153121,
    -377.0088268037));
#9517 = CARTESIAN_POINT('',(-42.43322022202,733.04302735051,
    -377.1812063637));
#9518 = CARTESIAN_POINT('',(-42.23372784903,732.90520169441,
    -377.3602934881));
#9519 = CARTESIAN_POINT('',(-42.04016550087,732.7571247901,
    -377.5461446053));
#9520 = CARTESIAN_POINT('',(-41.85369627446,732.59786475227,
    -377.7387301345));
#9521 = CARTESIAN_POINT('',(-41.5014785813,732.25869582136,
    -378.1327648277));
#9522 = CARTESIAN_POINT('',(-41.33431863038,732.07830371705,
    -378.3351014981));
#9523 = CARTESIAN_POINT('',(-41.17697308297,731.885384513,
    -378.5433807992));
#9524 = CARTESIAN_POINT('',(-41.0317587151,731.68016629099,
    -378.7560483694));
#9525 = CARTESIAN_POINT('',(-40.90052253292,731.46298332615,
    -378.9715592064));
#9526 = CARTESIAN_POINT('',(-40.78466139384,731.23430350031,
    -379.1883936311));
#9527 = CARTESIAN_POINT('',(-40.68514162775,730.99475571548,
    -379.4050732523));
#9528 = CARTESIAN_POINT('',(-40.41855572098,730.1894177041,
    -380.0991128082));
#9529 = CARTESIAN_POINT('',(-40.32910614748,729.61633046493,
    -380.5422473394));
#9530 = CARTESIAN_POINT('',(-40.31905610662,729.03273150631,
    -380.9461675317));
#9531 = CARTESIAN_POINT('',(-40.37425702929,728.44567663906,
    -381.3094043289));
#9532 = CARTESIAN_POINT('',(-40.48129094646,727.86237846418,
    -381.6318260475));
#9533 = CARTESIAN_POINT('',(-40.62739395846,727.29027173129,
    -381.9143711279));
#9534 = CARTESIAN_POINT('',(-40.80044167931,726.73713908835,
    -382.1589065395));
#9535 = CARTESIAN_POINT('',(-41.19938240263,725.62386197781,
    -382.6015240343));
#9536 = CARTESIAN_POINT('',(-41.43726802811,725.04762462945,
    -382.7999141101));
#9537 = CARTESIAN_POINT('',(-41.69430350347,724.48413715879,
    -382.966489224));
#9538 = CARTESIAN_POINT('',(-41.96451089135,723.93384702783,
    -383.1046052711));
#9539 = CARTESIAN_POINT('',(-42.24393266125,723.39596560105,
    -383.2173824202));
#9540 = CARTESIAN_POINT('',(-42.53040304248,722.8684790925,
    -383.3074776992));
#9541 = CARTESIAN_POINT('',(-42.82331516348,722.34821590606,
    -383.3768651041));
#9542 = CARTESIAN_POINT('',(-43.46449951332,721.24281714218,
    -383.4831221917));
#9543 = CARTESIAN_POINT('',(-43.81249509043,720.66263372921,
    -383.5138424562));
#9544 = CARTESIAN_POINT('',(-44.16458609211,720.0902002332,
    -383.5203068166));
#9545 = CARTESIAN_POINT('',(-44.51880396521,719.52504448299,
    -383.5037653212));
#9546 = CARTESIAN_POINT('',(-44.87379025508,718.96646880369,
    -383.4651295375));
#9547 = CARTESIAN_POINT('',(-45.22864441232,718.4136149641,
    -383.4049508869));
#9548 = CARTESIAN_POINT('',(-45.58279427636,717.86554924062,
    -383.3234071803));
#9549 = CARTESIAN_POINT('',(-45.9358892358,717.32136759725,
    -383.2202973575));
#9550 = PCURVE('',#5246,#9551);
#9551 = DEFINITIONAL_REPRESENTATION('',(#9552),#9611);
#9552 = B_SPLINE_CURVE_WITH_KNOTS('',8,(#9553,#9554,#9555,#9556,#9557,
    #9558,#9559,#9560,#9561,#9562,#9563,#9564,#9565,#9566,#9567,#9568,
    #9569,#9570,#9571,#9572,#9573,#9574,#9575,#9576,#9577,#9578,#9579,
    #9580,#9581,#9582,#9583,#9584,#9585,#9586,#9587,#9588,#9589,#9590,
    #9591,#9592,#9593,#9594,#9595,#9596,#9597,#9598,#9599,#9600,#9601,
    #9602,#9603,#9604,#9605,#9606,#9607,#9608,#9609,#9610),
  .UNSPECIFIED.,.F.,.F.,(9,7,7,7,7,7,7,7,9),(0.,0.183988755068,
    0.42843253255,0.474047301069,0.530271754102,0.585270564757,
    0.707727344192,0.844494283354,1.),.UNSPECIFIED.);
#9553 = CARTESIAN_POINT('',(-4.070626445026,-58.71654127853));
#9554 = CARTESIAN_POINT('',(-4.126500560557,-59.13568031448));
#9555 = CARTESIAN_POINT('',(-4.181762254882,-59.55076030474));
#9556 = CARTESIAN_POINT('',(-4.236509093401,-59.96427894782));
#9557 = CARTESIAN_POINT('',(-4.290831217049,-60.3778777992));
#9558 = CARTESIAN_POINT('',(-4.344813582268,-60.7924460483));
#9559 = CARTESIAN_POINT('',(-4.398538332572,-61.20816378129));
#9560 = CARTESIAN_POINT('',(-4.452086783598,-61.62451027408));
#9561 = CARTESIAN_POINT('',(-4.576558046018,-62.59262342272));
#9562 = CARTESIAN_POINT('',(-4.646662250393,-63.13813191037));
#9563 = CARTESIAN_POINT('',(-4.716886743944,-63.68046334404));
#9564 = CARTESIAN_POINT('',(-4.788198448547,-64.22096465991));
#9565 = CARTESIAN_POINT('',(-4.861446544544,-64.7575107829));
#9566 = CARTESIAN_POINT('',(-4.937354642285,-65.28200150277));
#9567 = CARTESIAN_POINT('',(-5.016531774389,-65.77732731736));
#9568 = CARTESIAN_POINT('',(-5.114991172027,-66.29413796145));
#9569 = CARTESIAN_POINT('',(-5.130648978766,-66.37354918722));
#9570 = CARTESIAN_POINT('',(-5.146499521334,-66.45095224969));
#9571 = CARTESIAN_POINT('',(-5.16255961564,-66.52615735277));
#9572 = CARTESIAN_POINT('',(-5.178844390168,-66.59892857667));
#9573 = CARTESIAN_POINT('',(-5.195367491456,-66.66898209089));
#9574 = CARTESIAN_POINT('',(-5.212141289567,-66.73598436734));
#9575 = CARTESIAN_POINT('',(-5.250175287251,-66.87790144409));
#9576 = CARTESIAN_POINT('',(-5.271587033826,-66.95108947063));
#9577 = CARTESIAN_POINT('',(-5.293442286184,-67.01840821575));
#9578 = CARTESIAN_POINT('',(-5.31576601057,-67.07900245641));
#9579 = CARTESIAN_POINT('',(-5.338578617791,-67.13186148695));
#9580 = CARTESIAN_POINT('',(-5.361896313091,-67.17581183075));
#9581 = CARTESIAN_POINT('',(-5.385731354696,-67.20950918027));
#9582 = CARTESIAN_POINT('',(-5.433922042448,-67.25287210622));
#9583 = CARTESIAN_POINT('',(-5.458398340705,-67.26317483305));
#9584 = CARTESIAN_POINT('',(-5.483349237434,-67.26050102608));
#9585 = CARTESIAN_POINT('',(-5.508623178211,-67.24332535881));
#9586 = CARTESIAN_POINT('',(-5.534085208808,-67.21045081862));
#9587 = CARTESIAN_POINT('',(-5.559613251458,-67.16102562718));
#9588 = CARTESIAN_POINT('',(-5.585094381105,-67.09456016086));
#9589 = CARTESIAN_POINT('',(-5.666811932599,-66.82476927162));
#9590 = CARTESIAN_POINT('',(-5.719142402249,-66.56445205423));
#9591 = CARTESIAN_POINT('',(-5.767641931483,-66.24202673161));
#9592 = CARTESIAN_POINT('',(-5.812449342622,-65.86985201612));
#9593 = CARTESIAN_POINT('',(-5.853653950909,-65.46047986419));
#9594 = CARTESIAN_POINT('',(-5.891316604114,-65.02665770132));
#9595 = CARTESIAN_POINT('',(-5.925479220858,-64.58138835548));
#9596 = CARTESIAN_POINT('',(-5.990450186223,-63.64273899559));
#9597 = CARTESIAN_POINT('',(-6.021732159797,-63.1305709261));
#9598 = CARTESIAN_POINT('',(-6.050314428878,-62.60809059181));
#9599 = CARTESIAN_POINT('',(-6.076474257875,-62.07983595048));
#9600 = CARTESIAN_POINT('',(-6.100481370534,-61.54825132181));
#9601 = CARTESIAN_POINT('',(-6.122595966762,-61.01373788973));
#9602 = CARTESIAN_POINT('',(-6.14305704137,-60.4747534877));
#9603 = CARTESIAN_POINT('',(-6.183678599739,-59.30623065668));
#9604 = CARTESIAN_POINT('',(-6.20326412167,-58.67870977745));
#9605 = CARTESIAN_POINT('',(-6.220938355347,-58.04716053448));
#9606 = CARTESIAN_POINT('',(-6.23679562204,-57.41263524973));
#9607 = CARTESIAN_POINT('',(-6.250909305538,-56.77558214893));
#9608 = CARTESIAN_POINT('',(-6.263331248136,-56.1359676894));
#9609 = CARTESIAN_POINT('',(-6.274089626465,-55.4934058872));
#9610 = CARTESIAN_POINT('',(-6.28318530718,-54.84729464366));
#9611 = ( GEOMETRIC_REPRESENTATION_CONTEXT(2) 
PARAMETRIC_REPRESENTATION_CONTEXT() REPRESENTATION_CONTEXT('2D SPACE',''
  ) );
#9612 = PCURVE('',#9613,#9618);
#9613 = CYLINDRICAL_SURFACE('',#9614,16.);
#9614 = AXIS2_PLACEMENT_3D('',#9615,#9616,#9617);
#9615 = CARTESIAN_POINT('',(-59.5,720.3,-367.5));
#9616 = DIRECTION('',(-1.,-0.,0.));
#9617 = DIRECTION('',(0.,0.,1.));
#9618 = DEFINITIONAL_REPRESENTATION('',(#9619),#9678);
#9619 = B_SPLINE_CURVE_WITH_KNOTS('',8,(#9620,#9621,#9622,#9623,#9624,
    #9625,#9626,#9627,#9628,#9629,#9630,#9631,#9632,#9633,#9634,#9635,
    #9636,#9637,#9638,#9639,#9640,#9641,#9642,#9643,#9644,#9645,#9646,
    #9647,#9648,#9649,#9650,#9651,#9652,#9653,#9654,#9655,#9656,#9657,
    #9658,#9659,#9660,#9661,#9662,#9663,#9664,#9665,#9666,#9667,#9668,
    #9669,#9670,#9671,#9672,#9673,#9674,#9675,#9676,#9677),
  .UNSPECIFIED.,.F.,.F.,(9,7,7,7,7,7,7,7,9),(0.,0.183988755068,
    0.42843253255,0.474047301069,0.530271754102,0.585270564757,
    0.707727344192,0.844494283354,1.),.UNSPECIFIED.);
#9620 = CARTESIAN_POINT('',(-4.246777000949,5.999999999062E-07));
#9621 = CARTESIAN_POINT('',(-4.26572366624,-0.781909612349));
#9622 = CARTESIAN_POINT('',(-4.281792877634,-1.572097525904));
#9623 = CARTESIAN_POINT('',(-4.295054162246,-2.369503260517));
#9624 = CARTESIAN_POINT('',(-4.305556141853,-3.172861686401));
#9625 = CARTESIAN_POINT('',(-4.313335430986,-3.980688776739));
#9626 = CARTESIAN_POINT('',(-4.318421310507,-4.791261728423));
#9627 = CARTESIAN_POINT('',(-4.320837257705,-5.602587246281));
#9628 = CARTESIAN_POINT('',(-4.320285748121,-7.488190143594));
#9629 = CARTESIAN_POINT('',(-4.315291827982,-8.549970344126));
#9630 = CARTESIAN_POINT('',(-4.305827750432,-9.605038004832));
#9631 = CARTESIAN_POINT('',(-4.291766173533,-10.65943050976));
#9632 = CARTESIAN_POINT('',(-4.27270033213,-11.71492518029));
#9633 = CARTESIAN_POINT('',(-4.248006764981,-12.76648473194));
#9634 = CARTESIAN_POINT('',(-4.21693240506,-13.79961192329));
#9635 = CARTESIAN_POINT('',(-4.171377479102,-14.9718566369));
#9636 = CARTESIAN_POINT('',(-4.163939398355,-15.15512669625));
#9637 = CARTESIAN_POINT('',(-4.156212218688,-15.3372965976));
#9638 = CARTESIAN_POINT('',(-4.148180508681,-15.5182871267));
#9639 = CARTESIAN_POINT('',(-4.139828406137,-15.69796298396));
#9640 = CARTESIAN_POINT('',(-4.131139607511,-15.8761335527));
#9641 = CARTESIAN_POINT('',(-4.122097357344,-16.05255366744));
#9642 = CARTESIAN_POINT('',(-4.101082137039,-16.44185253751));
#9643 = CARTESIAN_POINT('',(-4.088908101035,-16.65382556682));
#9644 = CARTESIAN_POINT('',(-4.076124275615,-16.86235452429));
#9645 = CARTESIAN_POINT('',(-4.062691908937,-17.06677977797));
#9646 = CARTESIAN_POINT('',(-4.048571717367,-17.26627215096));
#9647 = CARTESIAN_POINT('',(-4.033723870425,-17.45983449912));
#9648 = CARTESIAN_POINT('',(-4.01810779471,-17.64630372553));
#9649 = CARTESIAN_POINT('',(-3.985613870806,-17.99852141869));
#9650 = CARTESIAN_POINT('',(-3.968674184884,-18.16568136961));
#9651 = CARTESIAN_POINT('',(-3.950936123262,-18.32302691702));
#9652 = CARTESIAN_POINT('',(-3.932473172031,-18.46824128489));
#9653 = CARTESIAN_POINT('',(-3.913359832968,-18.59947746707));
#9654 = CARTESIAN_POINT('',(-3.893672537379,-18.71533860615));
#9655 = CARTESIAN_POINT('',(-3.873490559932,-18.81485837224));
#9656 = CARTESIAN_POINT('',(-3.807044499284,-19.08144427901));
#9657 = CARTESIAN_POINT('',(-3.761831529797,-19.17089385252));
#9658 = CARTESIAN_POINT('',(-3.717573815399,-19.18094389337));
#9659 = CARTESIAN_POINT('',(-3.674536239897,-19.1257429707));
#9660 = CARTESIAN_POINT('',(-3.632973420424,-19.01870905353));
#9661 = CARTESIAN_POINT('',(-3.593155071171,-18.87260604153));
#9662 = CARTESIAN_POINT('',(-3.555383630319,-18.69955832068));
#9663 = CARTESIAN_POINT('',(-3.480506226048,-18.30061759737));
#9664 = CARTESIAN_POINT('',(-3.442458482928,-18.06273197188));
#9665 = CARTESIAN_POINT('',(-3.405791853593,-17.80569649652));
#9666 = CARTESIAN_POINT('',(-3.370390175951,-17.53548910864));
#9667 = CARTESIAN_POINT('',(-3.336091596745,-17.25606733874));
#9668 = CARTESIAN_POINT('',(-3.302683997784,-16.96959695751));
#9669 = CARTESIAN_POINT('',(-3.269901778048,-16.67668483651));
#9670 = CARTESIAN_POINT('',(-3.200495901026,-16.03550048667));
#9671 = CARTESIAN_POINT('',(-3.164217094024,-15.68750490956));
#9672 = CARTESIAN_POINT('',(-3.128488779766,-15.33541390788));
#9673 = CARTESIAN_POINT('',(-3.093208644048,-14.98119603478));
#9674 = CARTESIAN_POINT('',(-3.058268971848,-14.62620974491));
#9675 = CARTESIAN_POINT('',(-3.023556269152,-14.27135558767));
#9676 = CARTESIAN_POINT('',(-2.988952177195,-13.91720572363));
#9677 = CARTESIAN_POINT('',(-2.95433567911,-13.56411076419));
#9678 = ( GEOMETRIC_REPRESENTATION_CONTEXT(2) 
PARAMETRIC_REPRESENTATION_CONTEXT() REPRESENTATION_CONTEXT('2D SPACE',''
  ) );
#9679 = ORIENTED_EDGE('',*,*,#9680,.F.);
#9680 = EDGE_CURVE('',#9681,#9488,#9683,.T.);
#9681 = VERTEX_POINT('',#9682);
#9682 = CARTESIAN_POINT('',(-49.93126408391,711.16378989017,
    -380.6350548087));
#9683 = SURFACE_CURVE('',#9684,(#9688,#9695),.PCURVE_S1.);
#9684 = LINE('',#9685,#9686);
#9685 = CARTESIAN_POINT('',(-74.09453060653,673.92393207294,-365.));
#9686 = VECTOR('',#9687,1.);
#9687 = DIRECTION('',(0.51340073478,0.791241132425,-0.332200475446));
#9688 = PCURVE('',#5246,#9689);
#9689 = DEFINITIONAL_REPRESENTATION('',(#9690),#9694);
#9690 = LINE('',#9691,#9692);
#9691 = CARTESIAN_POINT('',(-6.28318530718,0.));
#9692 = VECTOR('',#9693,1.);
#9693 = DIRECTION('',(-0.,-1.));
#9694 = ( GEOMETRIC_REPRESENTATION_CONTEXT(2) 
PARAMETRIC_REPRESENTATION_CONTEXT() REPRESENTATION_CONTEXT('2D SPACE',''
  ) );
#9695 = PCURVE('',#9696,#9701);
#9696 = CYLINDRICAL_SURFACE('',#9697,13.);
#9697 = AXIS2_PLACEMENT_3D('',#9698,#9699,#9700);
#9698 = CARTESIAN_POINT('',(-85.,681.,-365.));
#9699 = DIRECTION('',(-0.51340073478,-0.791241132425,0.332200475446));
#9700 = DIRECTION('',(0.838882261035,-0.544312917466,0.));
#9701 = DEFINITIONAL_REPRESENTATION('',(#9702),#9706);
#9702 = LINE('',#9703,#9704);
#9703 = CARTESIAN_POINT('',(-0.,0.));
#9704 = VECTOR('',#9705,1.);
#9705 = DIRECTION('',(-0.,-1.));
#9706 = ( GEOMETRIC_REPRESENTATION_CONTEXT(2) 
PARAMETRIC_REPRESENTATION_CONTEXT() REPRESENTATION_CONTEXT('2D SPACE',''
  ) );
#9707 = ORIENTED_EDGE('',*,*,#9708,.F.);
#9708 = EDGE_CURVE('',#9709,#9681,#9711,.T.);
#9709 = VERTEX_POINT('',#9710);
#9710 = CARTESIAN_POINT('',(-59.5,704.32922280857,-366.5334205144));
#9711 = SURFACE_CURVE('',#9712,(#9736,#9763),.PCURVE_S1.);
#9712 = B_SPLINE_CURVE_WITH_KNOTS('',8,(#9713,#9714,#9715,#9716,#9717,
    #9718,#9719,#9720,#9721,#9722,#9723,#9724,#9725,#9726,#9727,#9728,
    #9729,#9730,#9731,#9732,#9733,#9734,#9735),.UNSPECIFIED.,.F.,.F.,(9,
    7,7,9),(0.,0.141996061354,0.508271997197,1.),.UNSPECIFIED.);
#9713 = CARTESIAN_POINT('',(-59.5000006,704.32922284507,-366.5334199113)
  );
#9714 = CARTESIAN_POINT('',(-59.25559478033,704.31435422965,
    -366.7790936493));
#9715 = CARTESIAN_POINT('',(-59.0150359731,704.30348188902,
    -367.0303581077));
#9716 = CARTESIAN_POINT('',(-58.77846125541,704.29695430048,
    -367.2869032979));
#9717 = CARTESIAN_POINT('',(-58.54597421204,704.29510447245,
    -367.5483924328));
#9718 = CARTESIAN_POINT('',(-58.31764604463,704.29824636714,
    -367.8144654571));
#9719 = CARTESIAN_POINT('',(-58.09351668095,704.3066713233,
    -368.0847425782));
#9720 = CARTESIAN_POINT('',(-57.87359588405,704.32064447892,
    -368.3588277963));
#9721 = CARTESIAN_POINT('',(-57.10138931188,704.39136323631,
    -369.3520783856));
#9722 = CARTESIAN_POINT('',(-56.5742537394,704.48067382384,
    -370.088579134));
#9723 = CARTESIAN_POINT('',(-56.07549547308,704.61206804944,
    -370.8390883915));
#9724 = CARTESIAN_POINT('',(-55.60315479761,704.788040451,
    -371.5963671802));
#9725 = CARTESIAN_POINT('',(-55.15454511742,705.00964706,-372.3529173044
    ));
#9726 = CARTESIAN_POINT('',(-54.72656374638,705.27630932361,
    -373.1010462038));
#9727 = CARTESIAN_POINT('',(-54.31615290163,705.58553361269,
    -373.8329305669));
#9728 = CARTESIAN_POINT('',(-53.3905536149,706.39821116463,
    -375.4912744523));
#9729 = CARTESIAN_POINT('',(-52.88759067738,706.93194473288,
    -376.3985788258));
#9730 = CARTESIAN_POINT('',(-52.39994212281,707.52777181925,
    -377.2560489499));
#9731 = CARTESIAN_POINT('',(-51.91785068137,708.17869727848,
    -378.0578449588));
#9732 = CARTESIAN_POINT('',(-51.43349617554,708.87675795108,
    -378.7992920655));
#9733 = CARTESIAN_POINT('',(-50.94168979465,709.6132736884,
    -379.4770531414));
#9734 = CARTESIAN_POINT('',(-50.44051687113,710.37894147691,
    -380.089146161));
#9735 = CARTESIAN_POINT('',(-49.9312640839,711.16378989017,
    -380.6350548087));
#9736 = PCURVE('',#5246,#9737);
#9737 = DEFINITIONAL_REPRESENTATION('',(#9738),#9762);
#9738 = B_SPLINE_CURVE_WITH_KNOTS('',8,(#9739,#9740,#9741,#9742,#9743,
    #9744,#9745,#9746,#9747,#9748,#9749,#9750,#9751,#9752,#9753,#9754,
    #9755,#9756,#9757,#9758,#9759,#9760,#9761),.UNSPECIFIED.,.F.,.F.,(9,
    7,7,9),(0.,0.141996061354,0.508271997197,1.),.UNSPECIFIED.);
#9739 = CARTESIAN_POINT('',(-5.444847958985,-32.06016195498));
#9740 = CARTESIAN_POINT('',(-5.466896649519,-32.25548835485));
#9741 = CARTESIAN_POINT('',(-5.488886083316,-32.45385895267));
#9742 = CARTESIAN_POINT('',(-5.510796436592,-32.65537612417));
#9743 = CARTESIAN_POINT('',(-5.532608166547,-32.86013829797));
#9744 = CARTESIAN_POINT('',(-5.554302025124,-33.06823772839));
#9745 = CARTESIAN_POINT('',(-5.575859072763,-33.27975826837));
#9746 = CARTESIAN_POINT('',(-5.59726069216,-33.49477314234));
#9747 = CARTESIAN_POINT('',(-5.673245561312,-34.27713847157));
#9748 = CARTESIAN_POINT('',(-5.726702569964,-34.86310237101));
#9749 = CARTESIAN_POINT('',(-5.778594116439,-35.47244927944));
#9750 = CARTESIAN_POINT('',(-5.828656692644,-36.10575430523));
#9751 = CARTESIAN_POINT('',(-5.876622828178,-36.76274141986));
#9752 = CARTESIAN_POINT('',(-5.922210325294,-37.44199029774));
#9753 = CARTESIAN_POINT('',(-5.965124459778,-38.14049883706));
#9754 = CARTESIAN_POINT('',(-6.058746155526,-39.80962872465));
#9755 = CARTESIAN_POINT('',(-6.107092073964,-40.79156916356));
#9756 = CARTESIAN_POINT('',(-6.150136271055,-41.79822317124));
#9757 = CARTESIAN_POINT('',(-6.187778865344,-42.82712528436));
#9758 = CARTESIAN_POINT('',(-6.219908099614,-43.87443664199));
#9759 = CARTESIAN_POINT('',(-6.246459286318,-44.93484449701));
#9760 = CARTESIAN_POINT('',(-6.267485078755,-46.00131248438));
#9761 = CARTESIAN_POINT('',(-6.28318530718,-47.06511869914));
#9762 = ( GEOMETRIC_REPRESENTATION_CONTEXT(2) 
PARAMETRIC_REPRESENTATION_CONTEXT() REPRESENTATION_CONTEXT('2D SPACE',''
  ) );
#9763 = PCURVE('',#9613,#9764);
#9764 = DEFINITIONAL_REPRESENTATION('',(#9765),#9789);
#9765 = B_SPLINE_CURVE_WITH_KNOTS('',8,(#9766,#9767,#9768,#9769,#9770,
    #9771,#9772,#9773,#9774,#9775,#9776,#9777,#9778,#9779,#9780,#9781,
    #9782,#9783,#9784,#9785,#9786,#9787,#9788),.UNSPECIFIED.,.F.,.F.,(9,
    7,7,9),(0.,0.141996061354,0.508271997197,1.),.UNSPECIFIED.);
#9766 = CARTESIAN_POINT('',(-1.510348265431,5.999999999062E-07));
#9767 = CARTESIAN_POINT('',(-1.525730969454,-0.244405219664));
#9768 = CARTESIAN_POINT('',(-1.541447375039,-0.484964026893));
#9769 = CARTESIAN_POINT('',(-1.557482346597,-0.721538744581));
#9770 = CARTESIAN_POINT('',(-1.573820195863,-0.954025787956));
#9771 = CARTESIAN_POINT('',(-1.590444832432,-1.182353955363));
#9772 = CARTESIAN_POINT('',(-1.607339914291,-1.406483319047));
#9773 = CARTESIAN_POINT('',(-1.62448899835,-1.626404115941));
#9774 = CARTESIAN_POINT('',(-1.686724308983,-2.398610688118));
#9775 = CARTESIAN_POINT('',(-1.733035809889,-2.925746260591));
#9776 = CARTESIAN_POINT('',(-1.780544820374,-3.424504526914));
#9777 = CARTESIAN_POINT('',(-1.828986504884,-3.896845202385));
#9778 = CARTESIAN_POINT('',(-1.87809775351,-4.345454882572));
#9779 = CARTESIAN_POINT('',(-1.92760163528,-4.773436253615));
#9780 = CARTESIAN_POINT('',(-1.977182020985,-5.183847098364));
#9781 = CARTESIAN_POINT('',(-2.092604973602,-6.109446385099));
#9782 = CARTESIAN_POINT('',(-2.158205281432,-6.612409322613));
#9783 = CARTESIAN_POINT('',(-2.22315758008,-7.100057877184));
#9784 = CARTESIAN_POINT('',(-2.287352075235,-7.582149318622));
#9785 = CARTESIAN_POINT('',(-2.35066796545,-8.066503824454));
#9786 = CARTESIAN_POINT('',(-2.412970943741,-8.558310205349));
#9787 = CARTESIAN_POINT('',(-2.474101017391,-9.059483128862));
#9788 = CARTESIAN_POINT('',(-2.53385321673,-9.568735916092));
#9789 = ( GEOMETRIC_REPRESENTATION_CONTEXT(2) 
PARAMETRIC_REPRESENTATION_CONTEXT() REPRESENTATION_CONTEXT('2D SPACE',''
  ) );
#9790 = ORIENTED_EDGE('',*,*,#9791,.T.);
#9791 = EDGE_CURVE('',#9709,#9792,#9794,.T.);
#9792 = VERTEX_POINT('',#9793);
#9793 = CARTESIAN_POINT('',(-59.5,700.30764545824,-368.0529555829));
#9794 = SURFACE_CURVE('',#9795,(#9800,#9827),.PCURVE_S1.);
#9795 = ELLIPSE('',#9796,25.321350592884,13.);
#9796 = AXIS2_PLACEMENT_3D('',#9797,#9798,#9799);
#9797 = CARTESIAN_POINT('',(-59.5,720.3,-381.5));
#9798 = DIRECTION('',(1.,0.,0.));
#9799 = DIRECTION('',(0.,-0.92203235514,0.38711282086));
#9800 = PCURVE('',#5246,#9801);
#9801 = DEFINITIONAL_REPRESENTATION('',(#9802),#9826);
#9802 = B_SPLINE_CURVE_WITH_KNOTS('',8,(#9803,#9804,#9805,#9806,#9807,
    #9808,#9809,#9810,#9811,#9812,#9813,#9814,#9815,#9816,#9817,#9818,
    #9819,#9820,#9821,#9822,#9823,#9824,#9825),.UNSPECIFIED.,.F.,.F.,(9,
    7,7,9),(3.124978644218,3.9676057425,5.231546389922,6.495487037344),
  .UNSPECIFIED.);
#9803 = CARTESIAN_POINT('',(-2.912676914053,-71.39529559518));
#9804 = CARTESIAN_POINT('',(-3.018005301338,-71.43331886551));
#9805 = CARTESIAN_POINT('',(-3.123333688624,-71.19587317848));
#9806 = CARTESIAN_POINT('',(-3.228662075909,-70.68231673172));
#9807 = CARTESIAN_POINT('',(-3.333990463194,-69.89852341463));
#9808 = CARTESIAN_POINT('',(-3.439318850479,-68.85691739939));
#9809 = CARTESIAN_POINT('',(-3.544647237764,-67.5760923356));
#9810 = CARTESIAN_POINT('',(-3.64997562505,-66.08007871774));
#9811 = CARTESIAN_POINT('',(-3.913296593263,-61.87318940972));
#9812 = CARTESIAN_POINT('',(-4.071289174191,-58.92888577053));
#9813 = CARTESIAN_POINT('',(-4.229281755118,-55.66042681641));
#9814 = CARTESIAN_POINT('',(-4.387274336046,-52.18618084785));
#9815 = CARTESIAN_POINT('',(-4.545266916974,-48.63927397592));
#9816 = CARTESIAN_POINT('',(-4.703259497902,-45.15679062553));
#9817 = CARTESIAN_POINT('',(-4.861252078829,-41.86848812293));
#9818 = CARTESIAN_POINT('',(-5.177237240685,-35.90699827221));
#9819 = CARTESIAN_POINT('',(-5.335229821608,-33.23381109384));
#9820 = CARTESIAN_POINT('',(-5.493222402532,-30.98156048881));
#9821 = CARTESIAN_POINT('',(-5.651214983467,-29.24724296244));
#9822 = CARTESIAN_POINT('',(-5.80920756438,-28.10243526735));
#9823 = CARTESIAN_POINT('',(-5.967200145317,-27.58636439992));
#9824 = CARTESIAN_POINT('',(-6.125192726252,-27.70378133169));
#9825 = CARTESIAN_POINT('',(-6.28318530718,-28.42717124821));
#9826 = ( GEOMETRIC_REPRESENTATION_CONTEXT(2) 
PARAMETRIC_REPRESENTATION_CONTEXT() REPRESENTATION_CONTEXT('2D SPACE',''
  ) );
#9827 = PCURVE('',#9475,#9828);
#9828 = DEFINITIONAL_REPRESENTATION('',(#9829),#9833);
#9829 = ELLIPSE('',#9830,25.321350592884,13.);
#9830 = AXIS2_PLACEMENT_2D('',#9831,#9832);
#9831 = CARTESIAN_POINT('',(-14.,-2.273736754432E-13));
#9832 = DIRECTION('',(0.38711282086,0.92203235514));
#9833 = ( GEOMETRIC_REPRESENTATION_CONTEXT(2) 
PARAMETRIC_REPRESENTATION_CONTEXT() REPRESENTATION_CONTEXT('2D SPACE',''
  ) );
#9834 = ORIENTED_EDGE('',*,*,#9835,.T.);
#9835 = EDGE_CURVE('',#9792,#8535,#9836,.T.);
#9836 = SURFACE_CURVE('',#9837,(#9854,#9874),.PCURVE_S1.);
#9837 = B_SPLINE_CURVE_WITH_KNOTS('',8,(#9838,#9839,#9840,#9841,#9842,
    #9843,#9844,#9845,#9846,#9847,#9848,#9849,#9850,#9851,#9852,#9853),
  .UNSPECIFIED.,.F.,.F.,(9,7,9),(0.,4.092223542419E-02,1.),
  .UNSPECIFIED.);
#9838 = CARTESIAN_POINT('',(-59.5000006,700.30764543288,-368.0529546662)
  );
#9839 = CARTESIAN_POINT('',(-59.47091266741,700.30887454338,
    -368.0973937754));
#9840 = CARTESIAN_POINT('',(-59.44193030037,700.31021908938,
    -368.1419217765));
#9841 = CARTESIAN_POINT('',(-59.41305360617,700.31167985597,
    -368.1865374315));
#9842 = CARTESIAN_POINT('',(-59.38428268079,700.31325761599,
    -368.2312394915));
#9843 = CARTESIAN_POINT('',(-59.35561760888,700.31495313005,
    -368.2760266964));
#9844 = CARTESIAN_POINT('',(-59.32705846381,700.31676714656,
    -368.3208977752));
#9845 = CARTESIAN_POINT('',(-59.29860530763,700.31870040167,
    -368.3658514458));
#9846 = CARTESIAN_POINT('',(-58.6058983658,700.36887404558,
    -369.4663526464));
#9847 = CARTESIAN_POINT('',(-58.00308510623,700.48264787195,
    -370.5612297612));
#9848 = CARTESIAN_POINT('',(-57.45952729289,700.67037808733,
    -371.6811575283));
#9849 = CARTESIAN_POINT('',(-56.96994707338,700.9372537871,
    -372.8108135722));
#9850 = CARTESIAN_POINT('',(-56.52698003387,701.28469769972,
    -373.9341758353));
#9851 = CARTESIAN_POINT('',(-56.12156194319,701.71002451511,
    -375.0352182875));
#9852 = CARTESIAN_POINT('',(-55.74365314222,702.2058726356,
    -376.0978607316));
#9853 = CARTESIAN_POINT('',(-55.38551780273,702.7578223941,
    -377.1058318142));
#9854 = PCURVE('',#5246,#9855);
#9855 = DEFINITIONAL_REPRESENTATION('',(#9856),#9873);
#9856 = B_SPLINE_CURVE_WITH_KNOTS('',8,(#9857,#9858,#9859,#9860,#9861,
    #9862,#9863,#9864,#9865,#9866,#9867,#9868,#9869,#9870,#9871,#9872),
  .UNSPECIFIED.,.F.,.F.,(9,7,9),(0.,4.092223542419E-02,1.),
  .UNSPECIFIED.);
#9857 = CARTESIAN_POINT('',(-5.704320701142,-29.38291465727));
#9858 = CARTESIAN_POINT('',(-5.70765766155,-29.4135836392));
#9859 = CARTESIAN_POINT('',(-5.710992807546,-29.44431929096));
#9860 = CARTESIAN_POINT('',(-5.714326085999,-29.47512176741));
#9861 = CARTESIAN_POINT('',(-5.717657443574,-29.50599121585));
#9862 = CARTESIAN_POINT('',(-5.720986826731,-29.53692777607));
#9863 = CARTESIAN_POINT('',(-5.724314181731,-29.56793158032));
#9864 = CARTESIAN_POINT('',(-5.727639454632,-29.59900275332));
#9865 = CARTESIAN_POINT('',(-5.808845591618,-30.35992547912));
#9866 = CARTESIAN_POINT('',(-5.88516820427,-31.12315147884));
#9867 = CARTESIAN_POINT('',(-5.959479710116,-31.92279486448));
#9868 = CARTESIAN_POINT('',(-6.031340154414,-32.76058101471));
#9869 = CARTESIAN_POINT('',(-6.100250942939,-33.63609401104));
#9870 = CARTESIAN_POINT('',(-6.16565213328,-34.54653885387));
#9871 = CARTESIAN_POINT('',(-6.226865841552,-35.48590326348));
#9872 = CARTESIAN_POINT('',(-6.28318530718,-36.44134403476));
#9873 = ( GEOMETRIC_REPRESENTATION_CONTEXT(2) 
PARAMETRIC_REPRESENTATION_CONTEXT() REPRESENTATION_CONTEXT('2D SPACE',''
  ) );
#9874 = PCURVE('',#8627,#9875);
#9875 = DEFINITIONAL_REPRESENTATION('',(#9876),#9893);
#9876 = B_SPLINE_CURVE_WITH_KNOTS('',8,(#9877,#9878,#9879,#9880,#9881,
    #9882,#9883,#9884,#9885,#9886,#9887,#9888,#9889,#9890,#9891,#9892),
  .UNSPECIFIED.,.F.,.F.,(9,7,9),(0.,4.092223542419E-02,1.),
  .UNSPECIFIED.);
#9877 = CARTESIAN_POINT('',(-1.598447583629,5.999999999062E-07));
#9878 = CARTESIAN_POINT('',(-1.600670388802,-2.908733258648E-02));
#9879 = CARTESIAN_POINT('',(-1.602897796444,-5.806969962238E-02));
#9880 = CARTESIAN_POINT('',(-1.60512976251,-8.694639382244E-02));
#9881 = CARTESIAN_POINT('',(-1.60736624267,-0.11571731921));
#9882 = CARTESIAN_POINT('',(-1.609607192306,-0.144382391118));
#9883 = CARTESIAN_POINT('',(-1.611852566512,-0.172941536188));
#9884 = CARTESIAN_POINT('',(-1.614102320098,-0.20139469237));
#9885 = CARTESIAN_POINT('',(-1.669184537895,-0.894101634192));
#9886 = CARTESIAN_POINT('',(-1.724130673028,-1.496914893765));
#9887 = CARTESIAN_POINT('',(-1.780721132304,-2.040472707103));
#9888 = CARTESIAN_POINT('',(-1.838502624173,-2.530052926618));
#9889 = CARTESIAN_POINT('',(-1.897023497099,-2.973019966129));
#9890 = CARTESIAN_POINT('',(-1.955813359036,-3.378438056801));
#9891 = CARTESIAN_POINT('',(-2.014323593479,-3.75634685778));
#9892 = CARTESIAN_POINT('',(-2.071783454236,-4.114482197266));
#9893 = ( GEOMETRIC_REPRESENTATION_CONTEXT(2) 
PARAMETRIC_REPRESENTATION_CONTEXT() REPRESENTATION_CONTEXT('2D SPACE',''
  ) );
#9894 = ORIENTED_EDGE('',*,*,#8534,.F.);
#9895 = ORIENTED_EDGE('',*,*,#9896,.F.);
#9896 = EDGE_CURVE('',#5211,#5184,#9897,.T.);
#9897 = SURFACE_CURVE('',#9898,(#9903,#9923),.PCURVE_S1.);
#9898 = ELLIPSE('',#9899,13.286098106616,13.);
#9899 = AXIS2_PLACEMENT_3D('',#9900,#9901,#9902);
#9900 = CARTESIAN_POINT('',(-85.,681.,-365.));
#9901 = DIRECTION('',(0.465022737593,0.716682101467,-0.519731294957));
#9902 = DIRECTION('',(-0.282896457456,-0.435993363845,-0.85432978471));
#9903 = PCURVE('',#5246,#9904);
#9904 = DEFINITIONAL_REPRESENTATION('',(#9905),#9922);
#9905 = B_SPLINE_CURVE_WITH_KNOTS('',8,(#9906,#9907,#9908,#9909,#9910,
    #9911,#9912,#9913,#9914,#9915,#9916,#9917,#9918,#9919,#9920,#9921),
  .UNSPECIFIED.,.F.,.F.,(9,7,9),(1.570796108003,3.141592544194,
    4.712388980385),.UNSPECIFIED.);
#9906 = CARTESIAN_POINT('',(-3.141592434798,6.000000212225E-07));
#9907 = CARTESIAN_POINT('',(-3.337941989322,-0.538455714546));
#9908 = CARTESIAN_POINT('',(-3.534291543845,-1.076912183374));
#9909 = CARTESIAN_POINT('',(-3.730641098382,-1.58373458774));
#9910 = CARTESIAN_POINT('',(-3.926990652891,-2.027295047692));
#9911 = CARTESIAN_POINT('',(-4.123340207424,-2.379847838862));
#9912 = CARTESIAN_POINT('',(-4.319689761941,-2.621505744203));
#9913 = CARTESIAN_POINT('',(-4.516039316465,-2.742335241278));
#9914 = CARTESIAN_POINT('',(-4.908738425513,-2.742335359087));
#9915 = CARTESIAN_POINT('',(-5.105087980038,-2.62150597982));
#9916 = CARTESIAN_POINT('',(-5.301437534561,-2.379848185378));
#9917 = CARTESIAN_POINT('',(-5.497787089086,-2.027295491233));
#9918 = CARTESIAN_POINT('',(-5.694136643611,-1.583735108439));
#9919 = CARTESIAN_POINT('',(-5.890486198132,-1.076912756933));
#9920 = CARTESIAN_POINT('',(-6.086835752656,-0.538456314546));
#9921 = CARTESIAN_POINT('',(-6.28318530718,2.273736754432E-13));
#9922 = ( GEOMETRIC_REPRESENTATION_CONTEXT(2) 
PARAMETRIC_REPRESENTATION_CONTEXT() REPRESENTATION_CONTEXT('2D SPACE',''
  ) );
#9923 = PCURVE('',#9924,#9929);
#9924 = PLANE('',#9925);
#9925 = AXIS2_PLACEMENT_3D('',#9926,#9927,#9928);
#9926 = CARTESIAN_POINT('',(-85.,681.,-365.));
#9927 = DIRECTION('',(0.465022737593,0.716682101467,-0.519731294957));
#9928 = DIRECTION('',(2.775557561563E-17,0.587068831465,0.80953702023));
#9929 = DEFINITIONAL_REPRESENTATION('',(#9930),#9934);
#9930 = ELLIPSE('',#9931,13.286098106616,13.);
#9931 = AXIS2_PLACEMENT_2D('',#9932,#9933);
#9932 = CARTESIAN_POINT('',(-9.203370384853E-14,-1.442642126396E-13));
#9933 = DIRECTION('',(-0.947569702846,-0.319549148408));
#9934 = ( GEOMETRIC_REPRESENTATION_CONTEXT(2) 
PARAMETRIC_REPRESENTATION_CONTEXT() REPRESENTATION_CONTEXT('2D SPACE',''
  ) );
#9935 = ADVANCED_FACE('',(#9936,#10018),#5576,.T.);
#9936 = FACE_BOUND('',#9937,.F.);
#9937 = EDGE_LOOP('',(#9938,#9967,#9990,#10017));
#9938 = ORIENTED_EDGE('',*,*,#9939,.F.);
#9939 = EDGE_CURVE('',#9940,#9940,#9942,.T.);
#9940 = VERTEX_POINT('',#9941);
#9941 = CARTESIAN_POINT('',(-210.,550.,-245.));
#9942 = SURFACE_CURVE('',#9943,(#9948,#9955),.PCURVE_S1.);
#9943 = CIRCLE('',#9944,25.);
#9944 = AXIS2_PLACEMENT_3D('',#9945,#9946,#9947);
#9945 = CARTESIAN_POINT('',(-210.,550.,-270.));
#9946 = DIRECTION('',(1.,0.,-0.));
#9947 = DIRECTION('',(0.,0.,1.));
#9948 = PCURVE('',#5576,#9949);
#9949 = DEFINITIONAL_REPRESENTATION('',(#9950),#9954);
#9950 = LINE('',#9951,#9952);
#9951 = CARTESIAN_POINT('',(-0.,0.));
#9952 = VECTOR('',#9953,1.);
#9953 = DIRECTION('',(-1.,0.));
#9954 = ( GEOMETRIC_REPRESENTATION_CONTEXT(2) 
PARAMETRIC_REPRESENTATION_CONTEXT() REPRESENTATION_CONTEXT('2D SPACE',''
  ) );
#9955 = PCURVE('',#9956,#9961);
#9956 = PLANE('',#9957);
#9957 = AXIS2_PLACEMENT_3D('',#9958,#9959,#9960);
#9958 = CARTESIAN_POINT('',(-210.,550.,-270.));
#9959 = DIRECTION('',(1.,0.,0.));
#9960 = DIRECTION('',(-0.,0.,1.));
#9961 = DEFINITIONAL_REPRESENTATION('',(#9962),#9966);
#9962 = CIRCLE('',#9963,25.);
#9963 = AXIS2_PLACEMENT_2D('',#9964,#9965);
#9964 = CARTESIAN_POINT('',(0.,1.136868377216E-13));
#9965 = DIRECTION('',(1.,0.));
#9966 = ( GEOMETRIC_REPRESENTATION_CONTEXT(2) 
PARAMETRIC_REPRESENTATION_CONTEXT() REPRESENTATION_CONTEXT('2D SPACE',''
  ) );
#9967 = ORIENTED_EDGE('',*,*,#9968,.T.);
#9968 = EDGE_CURVE('',#9940,#9969,#9971,.T.);
#9969 = VERTEX_POINT('',#9970);
#9970 = CARTESIAN_POINT('',(-130.,550.,-245.));
#9971 = SEAM_CURVE('',#9972,(#9976,#9983),.PCURVE_S1.);
#9972 = LINE('',#9973,#9974);
#9973 = CARTESIAN_POINT('',(-210.,550.,-245.));
#9974 = VECTOR('',#9975,1.);
#9975 = DIRECTION('',(1.,0.,0.));
#9976 = PCURVE('',#5576,#9977);
#9977 = DEFINITIONAL_REPRESENTATION('',(#9978),#9982);
#9978 = LINE('',#9979,#9980);
#9979 = CARTESIAN_POINT('',(-6.28318530718,0.));
#9980 = VECTOR('',#9981,1.);
#9981 = DIRECTION('',(-0.,-1.));
#9982 = ( GEOMETRIC_REPRESENTATION_CONTEXT(2) 
PARAMETRIC_REPRESENTATION_CONTEXT() REPRESENTATION_CONTEXT('2D SPACE',''
  ) );
#9983 = PCURVE('',#5576,#9984);
#9984 = DEFINITIONAL_REPRESENTATION('',(#9985),#9989);
#9985 = LINE('',#9986,#9987);
#9986 = CARTESIAN_POINT('',(-0.,0.));
#9987 = VECTOR('',#9988,1.);
#9988 = DIRECTION('',(-0.,-1.));
#9989 = ( GEOMETRIC_REPRESENTATION_CONTEXT(2) 
PARAMETRIC_REPRESENTATION_CONTEXT() REPRESENTATION_CONTEXT('2D SPACE',''
  ) );
#9990 = ORIENTED_EDGE('',*,*,#9991,.T.);
#9991 = EDGE_CURVE('',#9969,#9969,#9992,.T.);
#9992 = SURFACE_CURVE('',#9993,(#9998,#10005),.PCURVE_S1.);
#9993 = CIRCLE('',#9994,25.);
#9994 = AXIS2_PLACEMENT_3D('',#9995,#9996,#9997);
#9995 = CARTESIAN_POINT('',(-130.,550.,-270.));
#9996 = DIRECTION('',(1.,0.,-0.));
#9997 = DIRECTION('',(0.,0.,1.));
#9998 = PCURVE('',#5576,#9999);
#9999 = DEFINITIONAL_REPRESENTATION('',(#10000),#10004);
#10000 = LINE('',#10001,#10002);
#10001 = CARTESIAN_POINT('',(-0.,-80.));
#10002 = VECTOR('',#10003,1.);
#10003 = DIRECTION('',(-1.,0.));
#10004 = ( GEOMETRIC_REPRESENTATION_CONTEXT(2) 
PARAMETRIC_REPRESENTATION_CONTEXT() REPRESENTATION_CONTEXT('2D SPACE',''
  ) );
#10005 = PCURVE('',#10006,#10011);
#10006 = PLANE('',#10007);
#10007 = AXIS2_PLACEMENT_3D('',#10008,#10009,#10010);
#10008 = CARTESIAN_POINT('',(-130.,550.,-270.));
#10009 = DIRECTION('',(1.,0.,0.));
#10010 = DIRECTION('',(-0.,0.,1.));
#10011 = DEFINITIONAL_REPRESENTATION('',(#10012),#10016);
#10012 = CIRCLE('',#10013,25.);
#10013 = AXIS2_PLACEMENT_2D('',#10014,#10015);
#10014 = CARTESIAN_POINT('',(0.,1.136868377216E-13));
#10015 = DIRECTION('',(1.,0.));
#10016 = ( GEOMETRIC_REPRESENTATION_CONTEXT(2) 
PARAMETRIC_REPRESENTATION_CONTEXT() REPRESENTATION_CONTEXT('2D SPACE',''
  ) );
#10017 = ORIENTED_EDGE('',*,*,#9968,.F.);
#10018 = FACE_BOUND('',#10019,.F.);
#10019 = EDGE_LOOP('',(#10020));
#10020 = ORIENTED_EDGE('',*,*,#5284,.T.);
#10021 = ADVANCED_FACE('',(#10022),#5931,.F.);
#10022 = FACE_BOUND('',#10023,.F.);
#10023 = EDGE_LOOP('',(#10024,#10052,#10053));
#10024 = ORIENTED_EDGE('',*,*,#10025,.F.);
#10025 = EDGE_CURVE('',#5759,#10026,#10028,.T.);
#10026 = VERTEX_POINT('',#10027);
#10027 = CARTESIAN_POINT('',(-24.,740.3,-347.5));
#10028 = SURFACE_CURVE('',#10029,(#10033,#10040),.PCURVE_S1.);
#10029 = LINE('',#10030,#10031);
#10030 = CARTESIAN_POINT('',(-24.,700.3,-347.5));
#10031 = VECTOR('',#10032,1.);
#10032 = DIRECTION('',(0.,1.,0.));
#10033 = PCURVE('',#5931,#10034);
#10034 = DEFINITIONAL_REPRESENTATION('',(#10035),#10039);
#10035 = LINE('',#10036,#10037);
#10036 = CARTESIAN_POINT('',(40.,0.));
#10037 = VECTOR('',#10038,1.);
#10038 = DIRECTION('',(0.,-1.));
#10039 = ( GEOMETRIC_REPRESENTATION_CONTEXT(2) 
PARAMETRIC_REPRESENTATION_CONTEXT() REPRESENTATION_CONTEXT('2D SPACE',''
  ) );
#10040 = PCURVE('',#10041,#10046);
#10041 = PLANE('',#10042);
#10042 = AXIS2_PLACEMENT_3D('',#10043,#10044,#10045);
#10043 = CARTESIAN_POINT('',(-24.,700.3,-347.5));
#10044 = DIRECTION('',(0.,0.,1.));
#10045 = DIRECTION('',(1.,0.,0.));
#10046 = DEFINITIONAL_REPRESENTATION('',(#10047),#10051);
#10047 = LINE('',#10048,#10049);
#10048 = CARTESIAN_POINT('',(0.,0.));
#10049 = VECTOR('',#10050,1.);
#10050 = DIRECTION('',(0.,1.));
#10051 = ( GEOMETRIC_REPRESENTATION_CONTEXT(2) 
PARAMETRIC_REPRESENTATION_CONTEXT() REPRESENTATION_CONTEXT('2D SPACE',''
  ) );
#10052 = ORIENTED_EDGE('',*,*,#5916,.F.);
#10053 = ORIENTED_EDGE('',*,*,#10054,.T.);
#10054 = EDGE_CURVE('',#5888,#10026,#10055,.T.);
#10055 = SURFACE_CURVE('',#10056,(#10060,#10067),.PCURVE_S1.);
#10056 = LINE('',#10057,#10058);
#10057 = CARTESIAN_POINT('',(-24.,740.3,-387.5));
#10058 = VECTOR('',#10059,1.);
#10059 = DIRECTION('',(0.,0.,1.));
#10060 = PCURVE('',#5931,#10061);
#10061 = DEFINITIONAL_REPRESENTATION('',(#10062),#10066);
#10062 = LINE('',#10063,#10064);
#10063 = CARTESIAN_POINT('',(0.,-40.));
#10064 = VECTOR('',#10065,1.);
#10065 = DIRECTION('',(1.,0.));
#10066 = ( GEOMETRIC_REPRESENTATION_CONTEXT(2) 
PARAMETRIC_REPRESENTATION_CONTEXT() REPRESENTATION_CONTEXT('2D SPACE',''
  ) );
#10067 = PCURVE('',#10068,#10073);
#10068 = PLANE('',#10069);
#10069 = AXIS2_PLACEMENT_3D('',#10070,#10071,#10072);
#10070 = CARTESIAN_POINT('',(-24.,740.3,-387.5));
#10071 = DIRECTION('',(0.,1.,0.));
#10072 = DIRECTION('',(0.,0.,1.));
#10073 = DEFINITIONAL_REPRESENTATION('',(#10074),#10078);
#10074 = LINE('',#10075,#10076);
#10075 = CARTESIAN_POINT('',(0.,0.));
#10076 = VECTOR('',#10077,1.);
#10077 = DIRECTION('',(1.,0.));
#10078 = ( GEOMETRIC_REPRESENTATION_CONTEXT(2) 
PARAMETRIC_REPRESENTATION_CONTEXT() REPRESENTATION_CONTEXT('2D SPACE',''
  ) );
#10079 = ADVANCED_FACE('',(#10080),#5904,.F.);
#10080 = FACE_BOUND('',#10081,.F.);
#10081 = EDGE_LOOP('',(#10082,#10083,#10111));
#10082 = ORIENTED_EDGE('',*,*,#5887,.F.);
#10083 = ORIENTED_EDGE('',*,*,#10084,.T.);
#10084 = EDGE_CURVE('',#5859,#10085,#10087,.T.);
#10085 = VERTEX_POINT('',#10086);
#10086 = CARTESIAN_POINT('',(-24.,740.3,-387.5));
#10087 = SURFACE_CURVE('',#10088,(#10092,#10099),.PCURVE_S1.);
#10088 = LINE('',#10089,#10090);
#10089 = CARTESIAN_POINT('',(-24.,700.3,-387.5));
#10090 = VECTOR('',#10091,1.);
#10091 = DIRECTION('',(0.,1.,0.));
#10092 = PCURVE('',#5904,#10093);
#10093 = DEFINITIONAL_REPRESENTATION('',(#10094),#10098);
#10094 = LINE('',#10095,#10096);
#10095 = CARTESIAN_POINT('',(0.,0.));
#10096 = VECTOR('',#10097,1.);
#10097 = DIRECTION('',(0.,-1.));
#10098 = ( GEOMETRIC_REPRESENTATION_CONTEXT(2) 
PARAMETRIC_REPRESENTATION_CONTEXT() REPRESENTATION_CONTEXT('2D SPACE',''
  ) );
#10099 = PCURVE('',#10100,#10105);
#10100 = PLANE('',#10101);
#10101 = AXIS2_PLACEMENT_3D('',#10102,#10103,#10104);
#10102 = CARTESIAN_POINT('',(-24.,700.3,-387.5));
#10103 = DIRECTION('',(0.,0.,1.));
#10104 = DIRECTION('',(1.,0.,0.));
#10105 = DEFINITIONAL_REPRESENTATION('',(#10106),#10110);
#10106 = LINE('',#10107,#10108);
#10107 = CARTESIAN_POINT('',(0.,0.));
#10108 = VECTOR('',#10109,1.);
#10109 = DIRECTION('',(0.,1.));
#10110 = ( GEOMETRIC_REPRESENTATION_CONTEXT(2) 
PARAMETRIC_REPRESENTATION_CONTEXT() REPRESENTATION_CONTEXT('2D SPACE',''
  ) );
#10111 = ORIENTED_EDGE('',*,*,#10112,.T.);
#10112 = EDGE_CURVE('',#10085,#5888,#10113,.T.);
#10113 = SURFACE_CURVE('',#10114,(#10118,#10125),.PCURVE_S1.);
#10114 = LINE('',#10115,#10116);
#10115 = CARTESIAN_POINT('',(-24.,740.3,-387.5));
#10116 = VECTOR('',#10117,1.);
#10117 = DIRECTION('',(0.,0.,1.));
#10118 = PCURVE('',#5904,#10119);
#10119 = DEFINITIONAL_REPRESENTATION('',(#10120),#10124);
#10120 = LINE('',#10121,#10122);
#10121 = CARTESIAN_POINT('',(0.,-40.));
#10122 = VECTOR('',#10123,1.);
#10123 = DIRECTION('',(1.,0.));
#10124 = ( GEOMETRIC_REPRESENTATION_CONTEXT(2) 
PARAMETRIC_REPRESENTATION_CONTEXT() REPRESENTATION_CONTEXT('2D SPACE',''
  ) );
#10125 = PCURVE('',#10068,#10126);
#10126 = DEFINITIONAL_REPRESENTATION('',(#10127),#10131);
#10127 = LINE('',#10128,#10129);
#10128 = CARTESIAN_POINT('',(0.,0.));
#10129 = VECTOR('',#10130,1.);
#10130 = DIRECTION('',(1.,0.));
#10131 = ( GEOMETRIC_REPRESENTATION_CONTEXT(2) 
PARAMETRIC_REPRESENTATION_CONTEXT() REPRESENTATION_CONTEXT('2D SPACE',''
  ) );
#10132 = ADVANCED_FACE('',(#10133),#5875,.F.);
#10133 = FACE_BOUND('',#10134,.F.);
#10134 = EDGE_LOOP('',(#10135,#10163,#10184));
#10135 = ORIENTED_EDGE('',*,*,#10136,.F.);
#10136 = EDGE_CURVE('',#10137,#5830,#10139,.T.);
#10137 = VERTEX_POINT('',#10138);
#10138 = CARTESIAN_POINT('',(-24.,700.3,-387.5));
#10139 = SURFACE_CURVE('',#10140,(#10144,#10151),.PCURVE_S1.);
#10140 = LINE('',#10141,#10142);
#10141 = CARTESIAN_POINT('',(-24.,700.3,-387.5));
#10142 = VECTOR('',#10143,1.);
#10143 = DIRECTION('',(0.,0.,1.));
#10144 = PCURVE('',#5875,#10145);
#10145 = DEFINITIONAL_REPRESENTATION('',(#10146),#10150);
#10146 = LINE('',#10147,#10148);
#10147 = CARTESIAN_POINT('',(0.,0.));
#10148 = VECTOR('',#10149,1.);
#10149 = DIRECTION('',(1.,0.));
#10150 = ( GEOMETRIC_REPRESENTATION_CONTEXT(2) 
PARAMETRIC_REPRESENTATION_CONTEXT() REPRESENTATION_CONTEXT('2D SPACE',''
  ) );
#10151 = PCURVE('',#10152,#10157);
#10152 = PLANE('',#10153);
#10153 = AXIS2_PLACEMENT_3D('',#10154,#10155,#10156);
#10154 = CARTESIAN_POINT('',(-24.,700.3,-387.5));
#10155 = DIRECTION('',(0.,1.,0.));
#10156 = DIRECTION('',(0.,0.,1.));
#10157 = DEFINITIONAL_REPRESENTATION('',(#10158),#10162);
#10158 = LINE('',#10159,#10160);
#10159 = CARTESIAN_POINT('',(0.,0.));
#10160 = VECTOR('',#10161,1.);
#10161 = DIRECTION('',(1.,0.));
#10162 = ( GEOMETRIC_REPRESENTATION_CONTEXT(2) 
PARAMETRIC_REPRESENTATION_CONTEXT() REPRESENTATION_CONTEXT('2D SPACE',''
  ) );
#10163 = ORIENTED_EDGE('',*,*,#10164,.T.);
#10164 = EDGE_CURVE('',#10137,#5859,#10165,.T.);
#10165 = SURFACE_CURVE('',#10166,(#10170,#10177),.PCURVE_S1.);
#10166 = LINE('',#10167,#10168);
#10167 = CARTESIAN_POINT('',(-24.,700.3,-387.5));
#10168 = VECTOR('',#10169,1.);
#10169 = DIRECTION('',(0.,1.,0.));
#10170 = PCURVE('',#5875,#10171);
#10171 = DEFINITIONAL_REPRESENTATION('',(#10172),#10176);
#10172 = LINE('',#10173,#10174);
#10173 = CARTESIAN_POINT('',(0.,0.));
#10174 = VECTOR('',#10175,1.);
#10175 = DIRECTION('',(0.,-1.));
#10176 = ( GEOMETRIC_REPRESENTATION_CONTEXT(2) 
PARAMETRIC_REPRESENTATION_CONTEXT() REPRESENTATION_CONTEXT('2D SPACE',''
  ) );
#10177 = PCURVE('',#10100,#10178);
#10178 = DEFINITIONAL_REPRESENTATION('',(#10179),#10183);
#10179 = LINE('',#10180,#10181);
#10180 = CARTESIAN_POINT('',(0.,0.));
#10181 = VECTOR('',#10182,1.);
#10182 = DIRECTION('',(0.,1.));
#10183 = ( GEOMETRIC_REPRESENTATION_CONTEXT(2) 
PARAMETRIC_REPRESENTATION_CONTEXT() REPRESENTATION_CONTEXT('2D SPACE',''
  ) );
#10184 = ORIENTED_EDGE('',*,*,#5858,.F.);
#10185 = ADVANCED_FACE('',(#10186),#5846,.F.);
#10186 = FACE_BOUND('',#10187,.F.);
#10187 = EDGE_LOOP('',(#10188,#10211,#10212));
#10188 = ORIENTED_EDGE('',*,*,#10189,.F.);
#10189 = EDGE_CURVE('',#5830,#10190,#10192,.T.);
#10190 = VERTEX_POINT('',#10191);
#10191 = CARTESIAN_POINT('',(-24.,700.3,-347.5));
#10192 = SURFACE_CURVE('',#10193,(#10197,#10204),.PCURVE_S1.);
#10193 = LINE('',#10194,#10195);
#10194 = CARTESIAN_POINT('',(-24.,700.3,-387.5));
#10195 = VECTOR('',#10196,1.);
#10196 = DIRECTION('',(0.,0.,1.));
#10197 = PCURVE('',#5846,#10198);
#10198 = DEFINITIONAL_REPRESENTATION('',(#10199),#10203);
#10199 = LINE('',#10200,#10201);
#10200 = CARTESIAN_POINT('',(0.,0.));
#10201 = VECTOR('',#10202,1.);
#10202 = DIRECTION('',(1.,0.));
#10203 = ( GEOMETRIC_REPRESENTATION_CONTEXT(2) 
PARAMETRIC_REPRESENTATION_CONTEXT() REPRESENTATION_CONTEXT('2D SPACE',''
  ) );
#10204 = PCURVE('',#10152,#10205);
#10205 = DEFINITIONAL_REPRESENTATION('',(#10206),#10210);
#10206 = LINE('',#10207,#10208);
#10207 = CARTESIAN_POINT('',(0.,0.));
#10208 = VECTOR('',#10209,1.);
#10209 = DIRECTION('',(1.,0.));
#10210 = ( GEOMETRIC_REPRESENTATION_CONTEXT(2) 
PARAMETRIC_REPRESENTATION_CONTEXT() REPRESENTATION_CONTEXT('2D SPACE',''
  ) );
#10211 = ORIENTED_EDGE('',*,*,#5829,.F.);
#10212 = ORIENTED_EDGE('',*,*,#10213,.F.);
#10213 = EDGE_CURVE('',#10190,#5759,#10214,.T.);
#10214 = SURFACE_CURVE('',#10215,(#10219,#10226),.PCURVE_S1.);
#10215 = LINE('',#10216,#10217);
#10216 = CARTESIAN_POINT('',(-24.,700.3,-347.5));
#10217 = VECTOR('',#10218,1.);
#10218 = DIRECTION('',(0.,1.,0.));
#10219 = PCURVE('',#5846,#10220);
#10220 = DEFINITIONAL_REPRESENTATION('',(#10221),#10225);
#10221 = LINE('',#10222,#10223);
#10222 = CARTESIAN_POINT('',(40.,0.));
#10223 = VECTOR('',#10224,1.);
#10224 = DIRECTION('',(0.,-1.));
#10225 = ( GEOMETRIC_REPRESENTATION_CONTEXT(2) 
PARAMETRIC_REPRESENTATION_CONTEXT() REPRESENTATION_CONTEXT('2D SPACE',''
  ) );
#10226 = PCURVE('',#10041,#10227);
#10227 = DEFINITIONAL_REPRESENTATION('',(#10228),#10232);
#10228 = LINE('',#10229,#10230);
#10229 = CARTESIAN_POINT('',(0.,0.));
#10230 = VECTOR('',#10231,1.);
#10231 = DIRECTION('',(0.,1.));
#10232 = ( GEOMETRIC_REPRESENTATION_CONTEXT(2) 
PARAMETRIC_REPRESENTATION_CONTEXT() REPRESENTATION_CONTEXT('2D SPACE',''
  ) );
#10233 = ADVANCED_FACE('',(#10234,#10237),#6038,.F.);
#10234 = FACE_BOUND('',#10235,.F.);
#10235 = EDGE_LOOP('',(#10236));
#10236 = ORIENTED_EDGE('',*,*,#6023,.T.);
#10237 = FACE_BOUND('',#10238,.F.);
#10238 = EDGE_LOOP('',(#10239));
#10239 = ORIENTED_EDGE('',*,*,#10240,.T.);
#10240 = EDGE_CURVE('',#10241,#10241,#10243,.T.);
#10241 = VERTEX_POINT('',#10242);
#10242 = CARTESIAN_POINT('',(-24.,720.3,-360.25));
#10243 = SURFACE_CURVE('',#10244,(#10249,#10260),.PCURVE_S1.);
#10244 = CIRCLE('',#10245,7.25);
#10245 = AXIS2_PLACEMENT_3D('',#10246,#10247,#10248);
#10246 = CARTESIAN_POINT('',(-24.,720.3,-367.5));
#10247 = DIRECTION('',(-1.,-0.,0.));
#10248 = DIRECTION('',(0.,0.,1.));
#10249 = PCURVE('',#6038,#10250);
#10250 = DEFINITIONAL_REPRESENTATION('',(#10251),#10259);
#10251 = ( BOUNDED_CURVE() B_SPLINE_CURVE(2,(#10252,#10253,#10254,#10255
    ,#10256,#10257,#10258),.UNSPECIFIED.,.T.,.F.) 
B_SPLINE_CURVE_WITH_KNOTS((1,2,2,2,2,1),(-2.094395102393,0.,
    2.094395102393,4.188790204786,6.28318530718,8.377580409573),
.UNSPECIFIED.) CURVE() GEOMETRIC_REPRESENTATION_ITEM() 
RATIONAL_B_SPLINE_CURVE((1.,0.5,1.,0.5,1.,0.5,1.)) REPRESENTATION_ITEM(
  '') );
#10252 = CARTESIAN_POINT('',(27.25,-20.));
#10253 = CARTESIAN_POINT('',(27.25,-32.55736835487));
#10254 = CARTESIAN_POINT('',(16.375,-26.27868417743));
#10255 = CARTESIAN_POINT('',(5.5,-20.));
#10256 = CARTESIAN_POINT('',(16.375,-13.72131582256));
#10257 = CARTESIAN_POINT('',(27.25,-7.442631645126));
#10258 = CARTESIAN_POINT('',(27.25,-20.));
#10259 = ( GEOMETRIC_REPRESENTATION_CONTEXT(2) 
PARAMETRIC_REPRESENTATION_CONTEXT() REPRESENTATION_CONTEXT('2D SPACE',''
  ) );
#10260 = PCURVE('',#10261,#10266);
#10261 = CYLINDRICAL_SURFACE('',#10262,7.25);
#10262 = AXIS2_PLACEMENT_3D('',#10263,#10264,#10265);
#10263 = CARTESIAN_POINT('',(-30.,720.3,-367.5));
#10264 = DIRECTION('',(-1.,-0.,0.));
#10265 = DIRECTION('',(0.,0.,1.));
#10266 = DEFINITIONAL_REPRESENTATION('',(#10267),#10271);
#10267 = LINE('',#10268,#10269);
#10268 = CARTESIAN_POINT('',(-6.28318530718,-6.));
#10269 = VECTOR('',#10270,1.);
#10270 = DIRECTION('',(1.,-0.));
#10271 = ( GEOMETRIC_REPRESENTATION_CONTEXT(2) 
PARAMETRIC_REPRESENTATION_CONTEXT() REPRESENTATION_CONTEXT('2D SPACE',''
  ) );
#10272 = ADVANCED_FACE('',(#10273),#7333,.T.);
#10273 = FACE_BOUND('',#10274,.T.);
#10274 = EDGE_LOOP('',(#10275,#10276));
#10275 = ORIENTED_EDGE('',*,*,#7305,.T.);
#10276 = ORIENTED_EDGE('',*,*,#10277,.T.);
#10277 = EDGE_CURVE('',#2741,#2763,#10278,.T.);
#10278 = SURFACE_CURVE('',#10279,(#10284,#10295),.PCURVE_S1.);
#10279 = CIRCLE('',#10280,13.);
#10280 = AXIS2_PLACEMENT_3D('',#10281,#10282,#10283);
#10281 = CARTESIAN_POINT('',(85.,681.,-365.));
#10282 = DIRECTION('',(0.465022737593,-0.716682101467,0.519731294957));
#10283 = DIRECTION('',(0.838882261035,0.544312917466,-1.751376821346E-14
    ));
#10284 = PCURVE('',#7333,#10285);
#10285 = DEFINITIONAL_REPRESENTATION('',(#10286),#10294);
#10286 = ( BOUNDED_CURVE() B_SPLINE_CURVE(2,(#10287,#10288,#10289,#10290
    ,#10291,#10292,#10293),.UNSPECIFIED.,.T.,.F.) 
B_SPLINE_CURVE_WITH_KNOTS((1,2,2,2,2,1),(-2.094395102393,0.,
    2.094395102393,4.188790204786,6.28318530718,8.377580409573),
.UNSPECIFIED.) CURVE() GEOMETRIC_REPRESENTATION_ITEM() 
RATIONAL_B_SPLINE_CURVE((1.,0.5,1.,0.5,1.,0.5,1.)) REPRESENTATION_ITEM(
  '') );
#10287 = CARTESIAN_POINT('',(4.1541389293,12.318406137));
#10288 = CARTESIAN_POINT('',(25.490244226852,5.123226449754));
#10289 = CARTESIAN_POINT('',(8.590983184126,-9.756792912123));
#10290 = CARTESIAN_POINT('',(-8.308277858599,-24.636812274));
#10291 = CARTESIAN_POINT('',(-12.74512211342,-2.561613224877));
#10292 = CARTESIAN_POINT('',(-17.18196636825,19.513585824247));
#10293 = CARTESIAN_POINT('',(4.1541389293,12.318406137));
#10294 = ( GEOMETRIC_REPRESENTATION_CONTEXT(2) 
PARAMETRIC_REPRESENTATION_CONTEXT() REPRESENTATION_CONTEXT('2D SPACE',''
  ) );
#10295 = PCURVE('',#10296,#10301);
#10296 = CYLINDRICAL_SURFACE('',#10297,13.);
#10297 = AXIS2_PLACEMENT_3D('',#10298,#10299,#10300);
#10298 = CARTESIAN_POINT('',(170.,550.,-270.));
#10299 = DIRECTION('',(0.465022737593,-0.716682101467,0.519731294957));
#10300 = DIRECTION('',(0.,0.587068831465,0.80953702023));
#10301 = DEFINITIONAL_REPRESENTATION('',(#10302),#10306);
#10302 = LINE('',#10303,#10304);
#10303 = CARTESIAN_POINT('',(-7.528727982689,-182.7867610085));
#10304 = VECTOR('',#10305,1.);
#10305 = DIRECTION('',(1.,-0.));
#10306 = ( GEOMETRIC_REPRESENTATION_CONTEXT(2) 
PARAMETRIC_REPRESENTATION_CONTEXT() REPRESENTATION_CONTEXT('2D SPACE',''
  ) );
#10307 = ADVANCED_FACE('',(#10308),#6402,.T.);
#10308 = FACE_BOUND('',#10309,.F.);
#10309 = EDGE_LOOP('',(#10310,#10311,#10454));
#10310 = ORIENTED_EDGE('',*,*,#6080,.T.);
#10311 = ORIENTED_EDGE('',*,*,#10312,.F.);
#10312 = EDGE_CURVE('',#6568,#6081,#10313,.T.);
#10313 = SURFACE_CURVE('',#10314,(#10352,#10403),.PCURVE_S1.);
#10314 = B_SPLINE_CURVE_WITH_KNOTS('',8,(#10315,#10316,#10317,#10318,
    #10319,#10320,#10321,#10322,#10323,#10324,#10325,#10326,#10327,
    #10328,#10329,#10330,#10331,#10332,#10333,#10334,#10335,#10336,
    #10337,#10338,#10339,#10340,#10341,#10342,#10343,#10344,#10345,
    #10346,#10347,#10348,#10349,#10350,#10351),.UNSPECIFIED.,.F.,.F.,(9,
    7,7,7,7,9),(0.919786120059,0.937051597933,0.950283311812,
    0.976708334048,1.,1.033664376808),.UNSPECIFIED.);
#10315 = CARTESIAN_POINT('',(2.077894139624,793.10603471607,
    -403.6287423832));
#10316 = CARTESIAN_POINT('',(2.194043048442,792.92920044385,
    -403.8328257101));
#10317 = CARTESIAN_POINT('',(2.30605969201,792.75257732897,
    -404.0417558234));
#10318 = CARTESIAN_POINT('',(2.413835204903,792.57638744076,
    -404.255508981));
#10319 = CARTESIAN_POINT('',(2.517263900886,792.40085256774,
    -404.4740525703));
#10320 = CARTESIAN_POINT('',(2.61624303796,792.22619351786,
    -404.697344745));
#10321 = CARTESIAN_POINT('',(2.710672583396,792.05262941875,
    -404.9253340627));
#10322 = CARTESIAN_POINT('',(2.800454978785,791.88037701793,
    -405.1579591215));
#10323 = CARTESIAN_POINT('',(2.950666803645,791.57881020594,
    -405.5769223709));
#10324 = CARTESIAN_POINT('',(3.013049005716,791.44887513183,
    -405.7613648366));
#10325 = CARTESIAN_POINT('',(3.072593567162,791.31995242026,
    -405.9484264433));
#10326 = CARTESIAN_POINT('',(3.129255162342,791.19214737333,
    -406.1380542719));
#10327 = CARTESIAN_POINT('',(3.182991004324,791.06556275998,
    -406.3301915576));
#10328 = CARTESIAN_POINT('',(3.233760765101,790.94029864021,
    -406.5247776143));
#10329 = CARTESIAN_POINT('',(3.281526495816,790.81645218937,
    -406.7217477571));
#10330 = CARTESIAN_POINT('',(3.41557483036,790.44980326925,
    -407.3190257331));
#10331 = CARTESIAN_POINT('',(3.492789606579,790.21147509726,
    -407.7263235534));
#10332 = CARTESIAN_POINT('',(3.557571879035,789.979978681,-408.142234507
    ));
#10333 = CARTESIAN_POINT('',(3.609662793264,789.75608972126,
    -408.5659967015));
#10334 = CARTESIAN_POINT('',(3.648867312003,789.54050437826,
    -408.9967834652));
#10335 = CARTESIAN_POINT('',(3.675052918503,789.33383161492,
    -409.4337091062));
#10336 = CARTESIAN_POINT('',(3.688149348112,789.13658745003,
    -409.8758354959));
#10337 = CARTESIAN_POINT('',(3.688149348112,788.78401537836,
    -410.7155980666));
#10338 = CARTESIAN_POINT('',(3.677974497055,788.62652943072,
    -411.1122000547));
#10339 = CARTESIAN_POINT('',(3.65762862994,788.47701720157,
    -411.5113036856));
#10340 = CARTESIAN_POINT('',(3.627153864757,788.33570057316,
    -411.912203433));
#10341 = CARTESIAN_POINT('',(3.586630981115,788.20273930425,
    -412.3141748592));
#10342 = CARTESIAN_POINT('',(3.536179798876,788.07823094721,
    -412.7164794737));
#10343 = CARTESIAN_POINT('',(3.475959556783,787.96221076535,
    -413.1183695916));
#10344 = CARTESIAN_POINT('',(3.305298627467,787.69919215664,
    -414.0982750458));
#10345 = CARTESIAN_POINT('',(3.184545713806,787.56157719559,
    -414.6743921949));
#10346 = CARTESIAN_POINT('',(3.044482712748,787.4414959977,
    -415.2457913537));
#10347 = CARTESIAN_POINT('',(2.885728639175,787.33846710882,
    -415.8108468128));
#10348 = CARTESIAN_POINT('',(2.708949971502,787.25184928382,
    -416.3679747834));
#10349 = CARTESIAN_POINT('',(2.514862625708,787.18085631226,
    -416.9156488743));
#10350 = CARTESIAN_POINT('',(2.304235292102,787.12457577568,
    -417.452416698));
#10351 = CARTESIAN_POINT('',(2.077894134826,787.08199173657,
    -417.976917609));
#10352 = PCURVE('',#6402,#10353);
#10353 = DEFINITIONAL_REPRESENTATION('',(#10354),#10402);
#10354 = B_SPLINE_CURVE_WITH_KNOTS('',3,(#10355,#10356,#10357,#10358,
    #10359,#10360,#10361,#10362,#10363,#10364,#10365,#10366,#10367,
    #10368,#10369,#10370,#10371,#10372,#10373,#10374,#10375,#10376,
    #10377,#10378,#10379,#10380,#10381,#10382,#10383,#10384,#10385,
    #10386,#10387,#10388,#10389,#10390,#10391,#10392,#10393,#10394,
    #10395,#10396,#10397,#10398,#10399,#10400,#10401),.UNSPECIFIED.,.F.,
  .F.,(4,1,1,1,1,1,1,1,1,1,1,1,1,1,1,1,1,1,1,1,1,1,1,1,1,1,1,1,1,1,1,1,1
    ,1,1,1,1,1,1,1,1,1,1,1,4),(0.919786120059,0.922374262258,
    0.924962404457,0.927550546656,0.930138688855,0.932726831053,
    0.935314973252,0.937903115451,0.94049125765,0.943079399849,
    0.945667542048,0.948255684247,0.950843826445,0.953431968644,
    0.956020110843,0.958608253042,0.961196395241,0.96378453744,
    0.966372679638,0.968960821837,0.971548964036,0.974137106235,
    0.976725248434,0.979313390633,0.981901532832,0.98448967503,
    0.987077817229,0.989665959428,0.992254101627,0.994842243826,
    0.997430386025,1.000018528223,1.002606670422,1.005194812621,
    1.00778295482,1.010371097019,1.012959239218,1.015547381417,
    1.018135523615,1.020723665814,1.023311808013,1.025899950212,
    1.028488092411,1.03107623461,1.033664376808),.QUASI_UNIFORM_KNOTS.);
#10355 = CARTESIAN_POINT('',(-0.856811796332,-52.07789413962));
#10356 = CARTESIAN_POINT('',(-0.861129594253,-52.12432378722));
#10357 = CARTESIAN_POINT('',(-0.869824342196,-52.21544897055));
#10358 = CARTESIAN_POINT('',(-0.88303862945,-52.34681533103));
#10359 = CARTESIAN_POINT('',(-0.896419810783,-52.47274024418));
#10360 = CARTESIAN_POINT('',(-0.909962545967,-52.59310701563));
#10361 = CARTESIAN_POINT('',(-0.923661493323,-52.70780129841));
#10362 = CARTESIAN_POINT('',(-0.937511120396,-52.81671004767));
#10363 = CARTESIAN_POINT('',(-0.951506380732,-52.91972597577));
#10364 = CARTESIAN_POINT('',(-0.96563968485,-53.01672659676));
#10365 = CARTESIAN_POINT('',(-0.979903152905,-53.10759460923));
#10366 = CARTESIAN_POINT('',(-0.994289245315,-53.19222143987));
#10367 = CARTESIAN_POINT('',(-1.008790405549,-53.27050435504));
#10368 = CARTESIAN_POINT('',(-1.023398674374,-53.34234502582));
#10369 = CARTESIAN_POINT('',(-1.038107754549,-53.40765831156));
#10370 = CARTESIAN_POINT('',(-1.052907940527,-53.46634946905));
#10371 = CARTESIAN_POINT('',(-1.067789267069,-53.51833311677));
#10372 = CARTESIAN_POINT('',(-1.082741832067,-53.56353402054));
#10373 = CARTESIAN_POINT('',(-1.097755709232,-53.60188676258));
#10374 = CARTESIAN_POINT('',(-1.112820974337,-53.63333573302));
#10375 = CARTESIAN_POINT('',(-1.127927682384,-53.65783505791));
#10376 = CARTESIAN_POINT('',(-1.143065923141,-53.67534856871));
#10377 = CARTESIAN_POINT('',(-1.158225608493,-53.68584977899));
#10378 = CARTESIAN_POINT('',(-1.173397251125,-53.68932190086));
#10379 = CARTESIAN_POINT('',(-1.18856904328,-53.68575780477));
#10380 = CARTESIAN_POINT('',(-1.203729133711,-53.67516419516));
#10381 = CARTESIAN_POINT('',(-1.218867888562,-53.6575576662));
#10382 = CARTESIAN_POINT('',(-1.23397509474,-53.63296470339));
#10383 = CARTESIAN_POINT('',(-1.249040716827,-53.60142168848));
#10384 = CARTESIAN_POINT('',(-1.264054648164,-53.5629751369));
#10385 = CARTESIAN_POINT('',(-1.279006935013,-53.51768100172));
#10386 = CARTESIAN_POINT('',(-1.293887117263,-53.46560747905));
#10387 = CARTESIAN_POINT('',(-1.308686632622,-53.40682474106));
#10388 = CARTESIAN_POINT('',(-1.323389851456,-53.34144346265));
#10389 = CARTESIAN_POINT('',(-1.337985435355,-53.26957520398));
#10390 = CARTESIAN_POINT('',(-1.352468807015,-53.19130537369));
#10391 = CARTESIAN_POINT('',(-1.366833615393,-53.10672991169));
#10392 = CARTESIAN_POINT('',(-1.381074020189,-53.01594549061));
#10393 = CARTESIAN_POINT('',(-1.395184078218,-52.9190521788));
#10394 = CARTESIAN_POINT('',(-1.409157907312,-52.81615277224));
#10395 = CARTESIAN_POINT('',(-1.422989642879,-52.70735302366));
#10396 = CARTESIAN_POINT('',(-1.436673451246,-52.59276164783));
#10397 = CARTESIAN_POINT('',(-1.450203528398,-52.47249035892));
#10398 = CARTESIAN_POINT('',(-1.463574105729,-52.34665403742));
#10399 = CARTESIAN_POINT('',(-1.476779447931,-52.21537038102));
#10400 = CARTESIAN_POINT('',(-1.485469070019,-52.12429780958));
#10401 = CARTESIAN_POINT('',(-1.489784447638,-52.07789413482));
#10402 = ( GEOMETRIC_REPRESENTATION_CONTEXT(2) 
PARAMETRIC_REPRESENTATION_CONTEXT() REPRESENTATION_CONTEXT('2D SPACE',''
  ) );
#10403 = PCURVE('',#6724,#10404);
#10404 = DEFINITIONAL_REPRESENTATION('',(#10405),#10453);
#10405 = B_SPLINE_CURVE_WITH_KNOTS('',3,(#10406,#10407,#10408,#10409,
    #10410,#10411,#10412,#10413,#10414,#10415,#10416,#10417,#10418,
    #10419,#10420,#10421,#10422,#10423,#10424,#10425,#10426,#10427,
    #10428,#10429,#10430,#10431,#10432,#10433,#10434,#10435,#10436,
    #10437,#10438,#10439,#10440,#10441,#10442,#10443,#10444,#10445,
    #10446,#10447,#10448,#10449,#10450,#10451,#10452),.UNSPECIFIED.,.F.,
  .F.,(4,1,1,1,1,1,1,1,1,1,1,1,1,1,1,1,1,1,1,1,1,1,1,1,1,1,1,1,1,1,1,1,1
    ,1,1,1,1,1,1,1,1,1,1,1,4),(0.919786120059,0.922374262258,
    0.924962404457,0.927550546656,0.930138688855,0.932726831053,
    0.935314973252,0.937903115451,0.94049125765,0.943079399849,
    0.945667542048,0.948255684247,0.950843826445,0.953431968644,
    0.956020110843,0.958608253042,0.961196395241,0.96378453744,
    0.966372679638,0.968960821837,0.971548964036,0.974137106235,
    0.976725248434,0.979313390633,0.981901532832,0.98448967503,
    0.987077817229,0.989665959428,0.992254101627,0.994842243826,
    0.997430386025,1.000018528223,1.002606670422,1.005194812621,
    1.00778295482,1.010371097019,1.012959239218,1.015547381417,
    1.018135523615,1.020723665814,1.023311808013,1.025899950212,
    1.028488092411,1.03107623461,1.033664376808),.QUASI_UNIFORM_KNOTS.);
#10406 = CARTESIAN_POINT('',(-5.56303804631,-146.2412472803));
#10407 = CARTESIAN_POINT('',(-5.570375589279,-146.2362539568));
#10408 = CARTESIAN_POINT('',(-5.585092379907,-146.2261234351));
#10409 = CARTESIAN_POINT('',(-5.607290169273,-146.2106200534));
#10410 = CARTESIAN_POINT('',(-5.629608021503,-146.1949338893));
#10411 = CARTESIAN_POINT('',(-5.652043500737,-146.179186988));
#10412 = CARTESIAN_POINT('',(-5.674594297628,-146.1634990151));
#10413 = CARTESIAN_POINT('',(-5.697257934972,-146.1479868275));
#10414 = CARTESIAN_POINT('',(-5.72003285027,-146.1327633704));
#10415 = CARTESIAN_POINT('',(-5.742913487179,-146.117940646));
#10416 = CARTESIAN_POINT('',(-5.765894015089,-146.1036265058));
#10417 = CARTESIAN_POINT('',(-5.788969321305,-146.0899235037));
#10418 = CARTESIAN_POINT('',(-5.812134414579,-146.0769289503));
#10419 = CARTESIAN_POINT('',(-5.83538380522,-146.0647347432));
#10420 = CARTESIAN_POINT('',(-5.858714765163,-146.053425438));
#10421 = CARTESIAN_POINT('',(-5.882119274855,-146.0430818729));
#10422 = CARTESIAN_POINT('',(-5.905589056668,-146.0337776365));
#10423 = CARTESIAN_POINT('',(-5.929116060514,-146.0255785362));
#10424 = CARTESIAN_POINT('',(-5.952692308696,-146.0185423239));
#10425 = CARTESIAN_POINT('',(-5.976309919779,-146.0127184058));
#10426 = CARTESIAN_POINT('',(-5.999961056738,-146.0081476074));
#10427 = CARTESIAN_POINT('',(-6.023637998439,-146.0048619794));
#10428 = CARTESIAN_POINT('',(-6.047332792795,-146.0028846321));
#10429 = CARTESIAN_POINT('',(-6.071038459074,-146.0022296624));
#10430 = CARTESIAN_POINT('',(-6.094744410373,-146.0029019273));
#10431 = CARTESIAN_POINT('',(-6.118439992356,-146.0048965794));
#10432 = CARTESIAN_POINT('',(-6.142117996427,-146.008199519));
#10433 = CARTESIAN_POINT('',(-6.165770276545,-146.0127874517));
#10434 = CARTESIAN_POINT('',(-6.189388917039,-146.0186281333));
#10435 = CARTESIAN_POINT('',(-6.212965827134,-146.0256805242));
#10436 = CARTESIAN_POINT('',(-6.236493078741,-146.0338951156));
#10437 = CARTESIAN_POINT('',(-6.259961845272,-146.0432136619));
#10438 = CARTESIAN_POINT('',(-6.283366193501,-146.0535711156));
#10439 = CARTESIAN_POINT('',(-6.306688860191,-146.0648893434));
#10440 = CARTESIAN_POINT('',(-6.329919125979,-146.0770849427));
#10441 = CARTESIAN_POINT('',(-6.353056878067,-146.0900736637));
#10442 = CARTESIAN_POINT('',(-6.376099086657,-146.1037645053));
#10443 = CARTESIAN_POINT('',(-6.399043422813,-146.1180616614));
#10444 = CARTESIAN_POINT('',(-6.42188728339,-146.1328643859));
#10445 = CARTESIAN_POINT('',(-6.444628046724,-146.1480674371));
#10446 = CARTESIAN_POINT('',(-6.467262998744,-146.1635613899));
#10447 = CARTESIAN_POINT('',(-6.489789347276,-146.1792330009));
#10448 = CARTESIAN_POINT('',(-6.51220421395,-146.1949656009));
#10449 = CARTESIAN_POINT('',(-6.534504628342,-146.210639428));
#10450 = CARTESIAN_POINT('',(-6.556687536544,-146.2261322754));
#10451 = CARTESIAN_POINT('',(-6.57139567937,-146.2362567889));
#10452 = CARTESIAN_POINT('',(-6.578729110201,-146.2412473208));
#10453 = ( GEOMETRIC_REPRESENTATION_CONTEXT(2) 
PARAMETRIC_REPRESENTATION_CONTEXT() REPRESENTATION_CONTEXT('2D SPACE',''
  ) );
#10454 = ORIENTED_EDGE('',*,*,#6824,.T.);
#10455 = ADVANCED_FACE('',(#10456),#6724,.T.);
#10456 = FACE_BOUND('',#10457,.F.);
#10457 = EDGE_LOOP('',(#10458,#10459));
#10458 = ORIENTED_EDGE('',*,*,#10312,.T.);
#10459 = ORIENTED_EDGE('',*,*,#6567,.T.);
#10460 = ADVANCED_FACE('',(#10461),#7573,.T.);
#10461 = FACE_BOUND('',#10462,.F.);
#10462 = EDGE_LOOP('',(#10463,#10464));
#10463 = ORIENTED_EDGE('',*,*,#7347,.F.);
#10464 = ORIENTED_EDGE('',*,*,#10465,.T.);
#10465 = EDGE_CURVE('',#7348,#7350,#10466,.T.);
#10466 = SURFACE_CURVE('',#10467,(#10472,#10479),.PCURVE_S1.);
#10467 = CIRCLE('',#10468,20.);
#10468 = AXIS2_PLACEMENT_3D('',#10469,#10470,#10471);
#10469 = CARTESIAN_POINT('',(59.5,720.3,-367.5));
#10470 = DIRECTION('',(1.,0.,-0.));
#10471 = DIRECTION('',(0.,0.,1.));
#10472 = PCURVE('',#7573,#10473);
#10473 = DEFINITIONAL_REPRESENTATION('',(#10474),#10478);
#10474 = LINE('',#10475,#10476);
#10475 = CARTESIAN_POINT('',(-0.,-35.5));
#10476 = VECTOR('',#10477,1.);
#10477 = DIRECTION('',(-1.,0.));
#10478 = ( GEOMETRIC_REPRESENTATION_CONTEXT(2) 
PARAMETRIC_REPRESENTATION_CONTEXT() REPRESENTATION_CONTEXT('2D SPACE',''
  ) );
#10479 = PCURVE('',#7726,#10480);
#10480 = DEFINITIONAL_REPRESENTATION('',(#10481),#10485);
#10481 = CIRCLE('',#10482,20.);
#10482 = AXIS2_PLACEMENT_2D('',#10483,#10484);
#10483 = CARTESIAN_POINT('',(0.,0.));
#10484 = DIRECTION('',(1.,0.));
#10485 = ( GEOMETRIC_REPRESENTATION_CONTEXT(2) 
PARAMETRIC_REPRESENTATION_CONTEXT() REPRESENTATION_CONTEXT('2D SPACE',''
  ) );
#10486 = ADVANCED_FACE('',(#10487),#7726,.T.);
#10487 = FACE_BOUND('',#10488,.T.);
#10488 = EDGE_LOOP('',(#10489,#10490,#10491,#10492));
#10489 = ORIENTED_EDGE('',*,*,#7689,.T.);
#10490 = ORIENTED_EDGE('',*,*,#10465,.T.);
#10491 = ORIENTED_EDGE('',*,*,#8141,.T.);
#10492 = ORIENTED_EDGE('',*,*,#10493,.F.);
#10493 = EDGE_CURVE('',#7690,#7739,#10494,.T.);
#10494 = SURFACE_CURVE('',#10495,(#10500,#10507),.PCURVE_S1.);
#10495 = CIRCLE('',#10496,16.);
#10496 = AXIS2_PLACEMENT_3D('',#10497,#10498,#10499);
#10497 = CARTESIAN_POINT('',(59.5,720.3,-367.5));
#10498 = DIRECTION('',(1.,0.,-0.));
#10499 = DIRECTION('',(0.,0.,1.));
#10500 = PCURVE('',#7726,#10501);
#10501 = DEFINITIONAL_REPRESENTATION('',(#10502),#10506);
#10502 = CIRCLE('',#10503,16.);
#10503 = AXIS2_PLACEMENT_2D('',#10504,#10505);
#10504 = CARTESIAN_POINT('',(1.136868377216E-13,0.));
#10505 = DIRECTION('',(1.,0.));
#10506 = ( GEOMETRIC_REPRESENTATION_CONTEXT(2) 
PARAMETRIC_REPRESENTATION_CONTEXT() REPRESENTATION_CONTEXT('2D SPACE',''
  ) );
#10507 = PCURVE('',#8004,#10508);
#10508 = DEFINITIONAL_REPRESENTATION('',(#10509),#10513);
#10509 = LINE('',#10510,#10511);
#10510 = CARTESIAN_POINT('',(-0.,-35.5));
#10511 = VECTOR('',#10512,1.);
#10512 = DIRECTION('',(-1.,0.));
#10513 = ( GEOMETRIC_REPRESENTATION_CONTEXT(2) 
PARAMETRIC_REPRESENTATION_CONTEXT() REPRESENTATION_CONTEXT('2D SPACE',''
  ) );
#10514 = ADVANCED_FACE('',(#10515),#8004,.F.);
#10515 = FACE_BOUND('',#10516,.T.);
#10516 = EDGE_LOOP('',(#10517,#10518));
#10517 = ORIENTED_EDGE('',*,*,#7738,.F.);
#10518 = ORIENTED_EDGE('',*,*,#10493,.T.);
#10519 = ADVANCED_FACE('',(#10520),#8202,.F.);
#10520 = FACE_BOUND('',#10521,.F.);
#10521 = EDGE_LOOP('',(#10522,#10545,#10573,#10594,#10595));
#10522 = ORIENTED_EDGE('',*,*,#10523,.F.);
#10523 = EDGE_CURVE('',#10524,#8245,#10526,.T.);
#10524 = VERTEX_POINT('',#10525);
#10525 = CARTESIAN_POINT('',(16.,700.3,-387.5));
#10526 = SURFACE_CURVE('',#10527,(#10531,#10538),.PCURVE_S1.);
#10527 = LINE('',#10528,#10529);
#10528 = CARTESIAN_POINT('',(16.,700.3,-387.5));
#10529 = VECTOR('',#10530,1.);
#10530 = DIRECTION('',(1.,0.,0.));
#10531 = PCURVE('',#8202,#10532);
#10532 = DEFINITIONAL_REPRESENTATION('',(#10533),#10537);
#10533 = LINE('',#10534,#10535);
#10534 = CARTESIAN_POINT('',(0.,0.));
#10535 = VECTOR('',#10536,1.);
#10536 = DIRECTION('',(0.,1.));
#10537 = ( GEOMETRIC_REPRESENTATION_CONTEXT(2) 
PARAMETRIC_REPRESENTATION_CONTEXT() REPRESENTATION_CONTEXT('2D SPACE',''
  ) );
#10538 = PCURVE('',#8281,#10539);
#10539 = DEFINITIONAL_REPRESENTATION('',(#10540),#10544);
#10540 = LINE('',#10541,#10542);
#10541 = CARTESIAN_POINT('',(0.,0.));
#10542 = VECTOR('',#10543,1.);
#10543 = DIRECTION('',(1.,0.));
#10544 = ( GEOMETRIC_REPRESENTATION_CONTEXT(2) 
PARAMETRIC_REPRESENTATION_CONTEXT() REPRESENTATION_CONTEXT('2D SPACE',''
  ) );
#10545 = ORIENTED_EDGE('',*,*,#10546,.T.);
#10546 = EDGE_CURVE('',#10524,#10547,#10549,.T.);
#10547 = VERTEX_POINT('',#10548);
#10548 = CARTESIAN_POINT('',(16.,700.3,-347.5));
#10549 = SURFACE_CURVE('',#10550,(#10554,#10561),.PCURVE_S1.);
#10550 = LINE('',#10551,#10552);
#10551 = CARTESIAN_POINT('',(16.,700.3,-387.5));
#10552 = VECTOR('',#10553,1.);
#10553 = DIRECTION('',(0.,0.,1.));
#10554 = PCURVE('',#8202,#10555);
#10555 = DEFINITIONAL_REPRESENTATION('',(#10556),#10560);
#10556 = LINE('',#10557,#10558);
#10557 = CARTESIAN_POINT('',(0.,0.));
#10558 = VECTOR('',#10559,1.);
#10559 = DIRECTION('',(1.,0.));
#10560 = ( GEOMETRIC_REPRESENTATION_CONTEXT(2) 
PARAMETRIC_REPRESENTATION_CONTEXT() REPRESENTATION_CONTEXT('2D SPACE',''
  ) );
#10561 = PCURVE('',#10562,#10567);
#10562 = PLANE('',#10563);
#10563 = AXIS2_PLACEMENT_3D('',#10564,#10565,#10566);
#10564 = CARTESIAN_POINT('',(16.,700.3,-387.5));
#10565 = DIRECTION('',(1.,0.,0.));
#10566 = DIRECTION('',(0.,0.,1.));
#10567 = DEFINITIONAL_REPRESENTATION('',(#10568),#10572);
#10568 = LINE('',#10569,#10570);
#10569 = CARTESIAN_POINT('',(0.,0.));
#10570 = VECTOR('',#10571,1.);
#10571 = DIRECTION('',(1.,0.));
#10572 = ( GEOMETRIC_REPRESENTATION_CONTEXT(2) 
PARAMETRIC_REPRESENTATION_CONTEXT() REPRESENTATION_CONTEXT('2D SPACE',''
  ) );
#10573 = ORIENTED_EDGE('',*,*,#10574,.T.);
#10574 = EDGE_CURVE('',#10547,#8187,#10575,.T.);
#10575 = SURFACE_CURVE('',#10576,(#10580,#10587),.PCURVE_S1.);
#10576 = LINE('',#10577,#10578);
#10577 = CARTESIAN_POINT('',(16.,700.3,-347.5));
#10578 = VECTOR('',#10579,1.);
#10579 = DIRECTION('',(1.,0.,0.));
#10580 = PCURVE('',#8202,#10581);
#10581 = DEFINITIONAL_REPRESENTATION('',(#10582),#10586);
#10582 = LINE('',#10583,#10584);
#10583 = CARTESIAN_POINT('',(40.,0.));
#10584 = VECTOR('',#10585,1.);
#10585 = DIRECTION('',(0.,1.));
#10586 = ( GEOMETRIC_REPRESENTATION_CONTEXT(2) 
PARAMETRIC_REPRESENTATION_CONTEXT() REPRESENTATION_CONTEXT('2D SPACE',''
  ) );
#10587 = PCURVE('',#8229,#10588);
#10588 = DEFINITIONAL_REPRESENTATION('',(#10589),#10593);
#10589 = LINE('',#10590,#10591);
#10590 = CARTESIAN_POINT('',(0.,0.));
#10591 = VECTOR('',#10592,1.);
#10592 = DIRECTION('',(1.,0.));
#10593 = ( GEOMETRIC_REPRESENTATION_CONTEXT(2) 
PARAMETRIC_REPRESENTATION_CONTEXT() REPRESENTATION_CONTEXT('2D SPACE',''
  ) );
#10594 = ORIENTED_EDGE('',*,*,#8186,.F.);
#10595 = ORIENTED_EDGE('',*,*,#8244,.F.);
#10596 = ADVANCED_FACE('',(#10597),#8229,.T.);
#10597 = FACE_BOUND('',#10598,.T.);
#10598 = EDGE_LOOP('',(#10599,#10622,#10623,#10624,#10625));
#10599 = ORIENTED_EDGE('',*,*,#10600,.F.);
#10600 = EDGE_CURVE('',#10547,#10601,#10603,.T.);
#10601 = VERTEX_POINT('',#10602);
#10602 = CARTESIAN_POINT('',(16.,740.3,-347.5));
#10603 = SURFACE_CURVE('',#10604,(#10608,#10615),.PCURVE_S1.);
#10604 = LINE('',#10605,#10606);
#10605 = CARTESIAN_POINT('',(16.,700.3,-347.5));
#10606 = VECTOR('',#10607,1.);
#10607 = DIRECTION('',(0.,1.,0.));
#10608 = PCURVE('',#8229,#10609);
#10609 = DEFINITIONAL_REPRESENTATION('',(#10610),#10614);
#10610 = LINE('',#10611,#10612);
#10611 = CARTESIAN_POINT('',(0.,0.));
#10612 = VECTOR('',#10613,1.);
#10613 = DIRECTION('',(0.,1.));
#10614 = ( GEOMETRIC_REPRESENTATION_CONTEXT(2) 
PARAMETRIC_REPRESENTATION_CONTEXT() REPRESENTATION_CONTEXT('2D SPACE',''
  ) );
#10615 = PCURVE('',#10562,#10616);
#10616 = DEFINITIONAL_REPRESENTATION('',(#10617),#10621);
#10617 = LINE('',#10618,#10619);
#10618 = CARTESIAN_POINT('',(40.,0.));
#10619 = VECTOR('',#10620,1.);
#10620 = DIRECTION('',(0.,-1.));
#10621 = ( GEOMETRIC_REPRESENTATION_CONTEXT(2) 
PARAMETRIC_REPRESENTATION_CONTEXT() REPRESENTATION_CONTEXT('2D SPACE',''
  ) );
#10622 = ORIENTED_EDGE('',*,*,#10574,.T.);
#10623 = ORIENTED_EDGE('',*,*,#8215,.T.);
#10624 = ORIENTED_EDGE('',*,*,#8350,.T.);
#10625 = ORIENTED_EDGE('',*,*,#10626,.F.);
#10626 = EDGE_CURVE('',#10601,#8351,#10627,.T.);
#10627 = SURFACE_CURVE('',#10628,(#10632,#10639),.PCURVE_S1.);
#10628 = LINE('',#10629,#10630);
#10629 = CARTESIAN_POINT('',(16.,740.3,-347.5));
#10630 = VECTOR('',#10631,1.);
#10631 = DIRECTION('',(1.,0.,0.));
#10632 = PCURVE('',#8229,#10633);
#10633 = DEFINITIONAL_REPRESENTATION('',(#10634),#10638);
#10634 = LINE('',#10635,#10636);
#10635 = CARTESIAN_POINT('',(0.,40.));
#10636 = VECTOR('',#10637,1.);
#10637 = DIRECTION('',(1.,0.));
#10638 = ( GEOMETRIC_REPRESENTATION_CONTEXT(2) 
PARAMETRIC_REPRESENTATION_CONTEXT() REPRESENTATION_CONTEXT('2D SPACE',''
  ) );
#10639 = PCURVE('',#8335,#10640);
#10640 = DEFINITIONAL_REPRESENTATION('',(#10641),#10645);
#10641 = LINE('',#10642,#10643);
#10642 = CARTESIAN_POINT('',(40.,0.));
#10643 = VECTOR('',#10644,1.);
#10644 = DIRECTION('',(0.,1.));
#10645 = ( GEOMETRIC_REPRESENTATION_CONTEXT(2) 
PARAMETRIC_REPRESENTATION_CONTEXT() REPRESENTATION_CONTEXT('2D SPACE',''
  ) );
#10646 = ADVANCED_FACE('',(#10647),#8281,.F.);
#10647 = FACE_BOUND('',#10648,.F.);
#10648 = EDGE_LOOP('',(#10649,#10672,#10673,#10674,#10675));
#10649 = ORIENTED_EDGE('',*,*,#10650,.F.);
#10650 = EDGE_CURVE('',#10524,#10651,#10653,.T.);
#10651 = VERTEX_POINT('',#10652);
#10652 = CARTESIAN_POINT('',(16.,740.3,-387.5));
#10653 = SURFACE_CURVE('',#10654,(#10658,#10665),.PCURVE_S1.);
#10654 = LINE('',#10655,#10656);
#10655 = CARTESIAN_POINT('',(16.,700.3,-387.5));
#10656 = VECTOR('',#10657,1.);
#10657 = DIRECTION('',(0.,1.,0.));
#10658 = PCURVE('',#8281,#10659);
#10659 = DEFINITIONAL_REPRESENTATION('',(#10660),#10664);
#10660 = LINE('',#10661,#10662);
#10661 = CARTESIAN_POINT('',(0.,0.));
#10662 = VECTOR('',#10663,1.);
#10663 = DIRECTION('',(0.,1.));
#10664 = ( GEOMETRIC_REPRESENTATION_CONTEXT(2) 
PARAMETRIC_REPRESENTATION_CONTEXT() REPRESENTATION_CONTEXT('2D SPACE',''
  ) );
#10665 = PCURVE('',#10562,#10666);
#10666 = DEFINITIONAL_REPRESENTATION('',(#10667),#10671);
#10667 = LINE('',#10668,#10669);
#10668 = CARTESIAN_POINT('',(0.,0.));
#10669 = VECTOR('',#10670,1.);
#10670 = DIRECTION('',(0.,-1.));
#10671 = ( GEOMETRIC_REPRESENTATION_CONTEXT(2) 
PARAMETRIC_REPRESENTATION_CONTEXT() REPRESENTATION_CONTEXT('2D SPACE',''
  ) );
#10672 = ORIENTED_EDGE('',*,*,#10523,.T.);
#10673 = ORIENTED_EDGE('',*,*,#8267,.T.);
#10674 = ORIENTED_EDGE('',*,*,#8298,.T.);
#10675 = ORIENTED_EDGE('',*,*,#10676,.F.);
#10676 = EDGE_CURVE('',#10651,#8299,#10677,.T.);
#10677 = SURFACE_CURVE('',#10678,(#10682,#10689),.PCURVE_S1.);
#10678 = LINE('',#10679,#10680);
#10679 = CARTESIAN_POINT('',(16.,740.3,-387.5));
#10680 = VECTOR('',#10681,1.);
#10681 = DIRECTION('',(1.,0.,0.));
#10682 = PCURVE('',#8281,#10683);
#10683 = DEFINITIONAL_REPRESENTATION('',(#10684),#10688);
#10684 = LINE('',#10685,#10686);
#10685 = CARTESIAN_POINT('',(0.,40.));
#10686 = VECTOR('',#10687,1.);
#10687 = DIRECTION('',(1.,0.));
#10688 = ( GEOMETRIC_REPRESENTATION_CONTEXT(2) 
PARAMETRIC_REPRESENTATION_CONTEXT() REPRESENTATION_CONTEXT('2D SPACE',''
  ) );
#10689 = PCURVE('',#8335,#10690);
#10690 = DEFINITIONAL_REPRESENTATION('',(#10691),#10695);
#10691 = LINE('',#10692,#10693);
#10692 = CARTESIAN_POINT('',(0.,0.));
#10693 = VECTOR('',#10694,1.);
#10694 = DIRECTION('',(0.,1.));
#10695 = ( GEOMETRIC_REPRESENTATION_CONTEXT(2) 
PARAMETRIC_REPRESENTATION_CONTEXT() REPRESENTATION_CONTEXT('2D SPACE',''
  ) );
#10696 = ADVANCED_FACE('',(#10697),#8335,.T.);
#10697 = FACE_BOUND('',#10698,.T.);
#10698 = EDGE_LOOP('',(#10699,#10700,#10721,#10722,#10723));
#10699 = ORIENTED_EDGE('',*,*,#10676,.F.);
#10700 = ORIENTED_EDGE('',*,*,#10701,.T.);
#10701 = EDGE_CURVE('',#10651,#10601,#10702,.T.);
#10702 = SURFACE_CURVE('',#10703,(#10707,#10714),.PCURVE_S1.);
#10703 = LINE('',#10704,#10705);
#10704 = CARTESIAN_POINT('',(16.,740.3,-387.5));
#10705 = VECTOR('',#10706,1.);
#10706 = DIRECTION('',(0.,0.,1.));
#10707 = PCURVE('',#8335,#10708);
#10708 = DEFINITIONAL_REPRESENTATION('',(#10709),#10713);
#10709 = LINE('',#10710,#10711);
#10710 = CARTESIAN_POINT('',(0.,0.));
#10711 = VECTOR('',#10712,1.);
#10712 = DIRECTION('',(1.,0.));
#10713 = ( GEOMETRIC_REPRESENTATION_CONTEXT(2) 
PARAMETRIC_REPRESENTATION_CONTEXT() REPRESENTATION_CONTEXT('2D SPACE',''
  ) );
#10714 = PCURVE('',#10562,#10715);
#10715 = DEFINITIONAL_REPRESENTATION('',(#10716),#10720);
#10716 = LINE('',#10717,#10718);
#10717 = CARTESIAN_POINT('',(0.,-40.));
#10718 = VECTOR('',#10719,1.);
#10719 = DIRECTION('',(1.,0.));
#10720 = ( GEOMETRIC_REPRESENTATION_CONTEXT(2) 
PARAMETRIC_REPRESENTATION_CONTEXT() REPRESENTATION_CONTEXT('2D SPACE',''
  ) );
#10721 = ORIENTED_EDGE('',*,*,#10626,.T.);
#10722 = ORIENTED_EDGE('',*,*,#8374,.F.);
#10723 = ORIENTED_EDGE('',*,*,#8321,.F.);
#10724 = ADVANCED_FACE('',(#10725),#8422,.F.);
#10725 = FACE_BOUND('',#10726,.T.);
#10726 = EDGE_LOOP('',(#10727,#10755,#10776,#10777));
#10727 = ORIENTED_EDGE('',*,*,#10728,.T.);
#10728 = EDGE_CURVE('',#10729,#10729,#10731,.T.);
#10729 = VERTEX_POINT('',#10730);
#10730 = CARTESIAN_POINT('',(16.,720.3,-360.25));
#10731 = SURFACE_CURVE('',#10732,(#10737,#10744),.PCURVE_S1.);
#10732 = CIRCLE('',#10733,7.25);
#10733 = AXIS2_PLACEMENT_3D('',#10734,#10735,#10736);
#10734 = CARTESIAN_POINT('',(16.,720.3,-367.5));
#10735 = DIRECTION('',(-1.,-0.,0.));
#10736 = DIRECTION('',(0.,0.,1.));
#10737 = PCURVE('',#8422,#10738);
#10738 = DEFINITIONAL_REPRESENTATION('',(#10739),#10743);
#10739 = LINE('',#10740,#10741);
#10740 = CARTESIAN_POINT('',(-6.28318530718,-6.));
#10741 = VECTOR('',#10742,1.);
#10742 = DIRECTION('',(1.,-0.));
#10743 = ( GEOMETRIC_REPRESENTATION_CONTEXT(2) 
PARAMETRIC_REPRESENTATION_CONTEXT() REPRESENTATION_CONTEXT('2D SPACE',''
  ) );
#10744 = PCURVE('',#10562,#10745);
#10745 = DEFINITIONAL_REPRESENTATION('',(#10746),#10754);
#10746 = ( BOUNDED_CURVE() B_SPLINE_CURVE(2,(#10747,#10748,#10749,#10750
    ,#10751,#10752,#10753),.UNSPECIFIED.,.T.,.F.) 
B_SPLINE_CURVE_WITH_KNOTS((1,2,2,2,2,1),(-2.094395102393,0.,
    2.094395102393,4.188790204786,6.28318530718,8.377580409573),
.UNSPECIFIED.) CURVE() GEOMETRIC_REPRESENTATION_ITEM() 
RATIONAL_B_SPLINE_CURVE((1.,0.5,1.,0.5,1.,0.5,1.)) REPRESENTATION_ITEM(
  '') );
#10747 = CARTESIAN_POINT('',(27.25,-20.));
#10748 = CARTESIAN_POINT('',(27.25,-32.55736835487));
#10749 = CARTESIAN_POINT('',(16.375,-26.27868417743));
#10750 = CARTESIAN_POINT('',(5.5,-20.));
#10751 = CARTESIAN_POINT('',(16.375,-13.72131582256));
#10752 = CARTESIAN_POINT('',(27.25,-7.442631645126));
#10753 = CARTESIAN_POINT('',(27.25,-20.));
#10754 = ( GEOMETRIC_REPRESENTATION_CONTEXT(2) 
PARAMETRIC_REPRESENTATION_CONTEXT() REPRESENTATION_CONTEXT('2D SPACE',''
  ) );
#10755 = ORIENTED_EDGE('',*,*,#10756,.T.);
#10756 = EDGE_CURVE('',#10729,#8402,#10757,.T.);
#10757 = SEAM_CURVE('',#10758,(#10762,#10769),.PCURVE_S1.);
#10758 = LINE('',#10759,#10760);
#10759 = CARTESIAN_POINT('',(10.,720.3,-360.25));
#10760 = VECTOR('',#10761,1.);
#10761 = DIRECTION('',(1.,0.,0.));
#10762 = PCURVE('',#8422,#10763);
#10763 = DEFINITIONAL_REPRESENTATION('',(#10764),#10768);
#10764 = LINE('',#10765,#10766);
#10765 = CARTESIAN_POINT('',(-6.28318530718,0.));
#10766 = VECTOR('',#10767,1.);
#10767 = DIRECTION('',(-0.,-1.));
#10768 = ( GEOMETRIC_REPRESENTATION_CONTEXT(2) 
PARAMETRIC_REPRESENTATION_CONTEXT() REPRESENTATION_CONTEXT('2D SPACE',''
  ) );
#10769 = PCURVE('',#8422,#10770);
#10770 = DEFINITIONAL_REPRESENTATION('',(#10771),#10775);
#10771 = LINE('',#10772,#10773);
#10772 = CARTESIAN_POINT('',(-0.,0.));
#10773 = VECTOR('',#10774,1.);
#10774 = DIRECTION('',(-0.,-1.));
#10775 = ( GEOMETRIC_REPRESENTATION_CONTEXT(2) 
PARAMETRIC_REPRESENTATION_CONTEXT() REPRESENTATION_CONTEXT('2D SPACE',''
  ) );
#10776 = ORIENTED_EDGE('',*,*,#8401,.F.);
#10777 = ORIENTED_EDGE('',*,*,#10756,.F.);
#10778 = ADVANCED_FACE('',(#10779),#8453,.F.);
#10779 = FACE_BOUND('',#10780,.T.);
#10780 = EDGE_LOOP('',(#10781,#10815,#10816,#10850));
#10781 = ORIENTED_EDGE('',*,*,#10782,.F.);
#10782 = EDGE_CURVE('',#2741,#10783,#10785,.T.);
#10783 = VERTEX_POINT('',#10784);
#10784 = CARTESIAN_POINT('',(85.597617266572,687.71086113938,
    -353.8080935567));
#10785 = SURFACE_CURVE('',#10786,(#10791,#10803),.PCURVE_S1.);
#10786 = ELLIPSE('',#10787,13.070554593481,13.);
#10787 = AXIS2_PLACEMENT_3D('',#10788,#10789,#10790);
#10788 = CARTESIAN_POINT('',(85.,681.,-365.));
#10789 = DIRECTION('',(0.491866823507,-0.758053575053,0.428277719807));
#10790 = DIRECTION('',(-0.233117095153,0.359274581942,0.903647162734));
#10791 = PCURVE('',#8453,#10792);
#10792 = DEFINITIONAL_REPRESENTATION('',(#10793),#10802);
#10793 = B_SPLINE_CURVE_WITH_KNOTS('',7,(#10794,#10795,#10796,#10797,
    #10798,#10799,#10800,#10801),.UNSPECIFIED.,.F.,.F.,(8,8),(
    4.712389543824,5.957931655894),.PIECEWISE_BEZIER_KNOTS.);
#10794 = CARTESIAN_POINT('',(-6.28318474374,-7.641613137821E-07));
#10795 = CARTESIAN_POINT('',(-6.105250156301,-0.241323454109));
#10796 = CARTESIAN_POINT('',(-5.927315568862,-0.482645956169));
#10797 = CARTESIAN_POINT('',(-5.749380981428,-0.711490137959));
#10798 = CARTESIAN_POINT('',(-5.571446393985,-0.915371852306));
#10799 = CARTESIAN_POINT('',(-5.393511806548,-1.083436779469));
#10800 = CARTESIAN_POINT('',(-5.215577219109,-1.208021122039));
#10801 = CARTESIAN_POINT('',(-5.03764263167,-1.285135582104));
#10802 = ( GEOMETRIC_REPRESENTATION_CONTEXT(2) 
PARAMETRIC_REPRESENTATION_CONTEXT() REPRESENTATION_CONTEXT('2D SPACE',''
  ) );
#10803 = PCURVE('',#10296,#10804);
#10804 = DEFINITIONAL_REPRESENTATION('',(#10805),#10814);
#10805 = B_SPLINE_CURVE_WITH_KNOTS('',7,(#10806,#10807,#10808,#10809,
    #10810,#10811,#10812,#10813),.UNSPECIFIED.,.F.,.F.,(8,8),(
    4.712389543824,5.957931655894),.PIECEWISE_BEZIER_KNOTS.);
#10806 = CARTESIAN_POINT('',(-7.528727419249,-182.7867602443));
#10807 = CARTESIAN_POINT('',(-7.350792831811,-182.5454375544));
#10808 = CARTESIAN_POINT('',(-7.172858244372,-182.3041150523));
#10809 = CARTESIAN_POINT('',(-6.994923656934,-182.0752708706));
#10810 = CARTESIAN_POINT('',(-6.816989069495,-181.8713891562));
#10811 = CARTESIAN_POINT('',(-6.639054482057,-181.7033242291));
#10812 = CARTESIAN_POINT('',(-6.461119894618,-181.5787398865));
#10813 = CARTESIAN_POINT('',(-6.28318530718,-181.5016254264));
#10814 = ( GEOMETRIC_REPRESENTATION_CONTEXT(2) 
PARAMETRIC_REPRESENTATION_CONTEXT() REPRESENTATION_CONTEXT('2D SPACE',''
  ) );
#10815 = ORIENTED_EDGE('',*,*,#8438,.F.);
#10816 = ORIENTED_EDGE('',*,*,#10817,.F.);
#10817 = EDGE_CURVE('',#10818,#2763,#10820,.T.);
#10818 = VERTEX_POINT('',#10819);
#10819 = CARTESIAN_POINT('',(81.953030281123,685.69591803732,
    -353.1888304262));
#10820 = SURFACE_CURVE('',#10821,(#10826,#10838),.PCURVE_S1.);
#10821 = ELLIPSE('',#10822,13.070554593481,13.);
#10822 = AXIS2_PLACEMENT_3D('',#10823,#10824,#10825);
#10823 = CARTESIAN_POINT('',(85.,681.,-365.));
#10824 = DIRECTION('',(0.491866823507,-0.758053575053,0.428277719807));
#10825 = DIRECTION('',(-0.233117095153,0.359274581942,0.903647162734));
#10826 = PCURVE('',#8453,#10827);
#10827 = DEFINITIONAL_REPRESENTATION('',(#10828),#10837);
#10828 = B_SPLINE_CURVE_WITH_KNOTS('',7,(#10829,#10830,#10831,#10832,
    #10833,#10834,#10835,#10836),.UNSPECIFIED.,.F.,.F.,(8,8),(0.,
    1.570797205973),.PIECEWISE_BEZIER_KNOTS.);
#10829 = CARTESIAN_POINT('',(-4.712388980385,-1.356243850182));
#10830 = CARTESIAN_POINT('',(-4.487989379531,-1.356243850182));
#10831 = CARTESIAN_POINT('',(-4.263589778678,-1.276566235053));
#10832 = CARTESIAN_POINT('',(-4.039190177826,-1.117222563369));
#10833 = CARTESIAN_POINT('',(-3.814790576971,-0.887995842665));
#10834 = CARTESIAN_POINT('',(-3.590390976118,-0.608678799144));
#10835 = CARTESIAN_POINT('',(-3.365991375265,-0.30433938626));
#10836 = CARTESIAN_POINT('',(-3.141591774411,1.192380295834E-06));
#10837 = ( GEOMETRIC_REPRESENTATION_CONTEXT(2) 
PARAMETRIC_REPRESENTATION_CONTEXT() REPRESENTATION_CONTEXT('2D SPACE',''
  ) );
#10838 = PCURVE('',#10296,#10839);
#10839 = DEFINITIONAL_REPRESENTATION('',(#10840),#10849);
#10840 = B_SPLINE_CURVE_WITH_KNOTS('',7,(#10841,#10842,#10843,#10844,
    #10845,#10846,#10847,#10848),.UNSPECIFIED.,.F.,.F.,(8,8),(0.,
    1.570796326795),.PIECEWISE_BEZIER_KNOTS.);
#10841 = CARTESIAN_POINT('',(-5.957931655894,-181.4305171583));
#10842 = CARTESIAN_POINT('',(-5.733532180637,-181.4305171583));
#10843 = CARTESIAN_POINT('',(-5.509132705381,-181.5101946843));
#10844 = CARTESIAN_POINT('',(-5.284733230126,-181.6695381776));
#10845 = CARTESIAN_POINT('',(-5.060333754868,-181.8987646527));
#10846 = CARTESIAN_POINT('',(-4.835934279612,-182.1780814277));
#10847 = CARTESIAN_POINT('',(-4.611534804355,-182.4824206002));
#10848 = CARTESIAN_POINT('',(-4.387135329099,-182.7867610085));
#10849 = ( GEOMETRIC_REPRESENTATION_CONTEXT(2) 
PARAMETRIC_REPRESENTATION_CONTEXT() REPRESENTATION_CONTEXT('2D SPACE',''
  ) );
#10850 = ORIENTED_EDGE('',*,*,#10851,.F.);
#10851 = EDGE_CURVE('',#10783,#10818,#10852,.T.);
#10852 = SURFACE_CURVE('',#10853,(#10858,#10868),.PCURVE_S1.);
#10853 = ELLIPSE('',#10854,13.070554593481,13.);
#10854 = AXIS2_PLACEMENT_3D('',#10855,#10856,#10857);
#10855 = CARTESIAN_POINT('',(85.,681.,-365.));
#10856 = DIRECTION('',(0.491866823507,-0.758053575053,0.428277719807));
#10857 = DIRECTION('',(-0.233117095153,0.359274581942,0.903647162734));
#10858 = PCURVE('',#8453,#10859);
#10859 = DEFINITIONAL_REPRESENTATION('',(#10860),#10867);
#10860 = B_SPLINE_CURVE_WITH_KNOTS('',5,(#10861,#10862,#10863,#10864,
    #10865,#10866),.UNSPECIFIED.,.F.,.F.,(6,6),(5.957931655894,
    6.28318530718),.PIECEWISE_BEZIER_KNOTS.);
#10861 = CARTESIAN_POINT('',(-5.03764263167,-1.285135582104));
#10862 = CARTESIAN_POINT('',(-4.972591901413,-1.313327694794));
#10863 = CARTESIAN_POINT('',(-4.907541171156,-1.334722134789));
#10864 = CARTESIAN_POINT('',(-4.842490440899,-1.349070050813));
#10865 = CARTESIAN_POINT('',(-4.777439710642,-1.356243850182));
#10866 = CARTESIAN_POINT('',(-4.712388980385,-1.356243850182));
#10867 = ( GEOMETRIC_REPRESENTATION_CONTEXT(2) 
PARAMETRIC_REPRESENTATION_CONTEXT() REPRESENTATION_CONTEXT('2D SPACE',''
  ) );
#10868 = PCURVE('',#10296,#10869);
#10869 = DEFINITIONAL_REPRESENTATION('',(#10870),#10877);
#10870 = B_SPLINE_CURVE_WITH_KNOTS('',5,(#10871,#10872,#10873,#10874,
    #10875,#10876),.UNSPECIFIED.,.F.,.F.,(6,6),(5.957931655894,
    6.28318530718),.PIECEWISE_BEZIER_KNOTS.);
#10871 = CARTESIAN_POINT('',(-6.28318530718,-181.5016254264));
#10872 = CARTESIAN_POINT('',(-6.218134576922,-181.4734333137));
#10873 = CARTESIAN_POINT('',(-6.153083846665,-181.4520388737));
#10874 = CARTESIAN_POINT('',(-6.088033116408,-181.4376909577));
#10875 = CARTESIAN_POINT('',(-6.022982386151,-181.4305171583));
#10876 = CARTESIAN_POINT('',(-5.957931655894,-181.4305171583));
#10877 = ( GEOMETRIC_REPRESENTATION_CONTEXT(2) 
PARAMETRIC_REPRESENTATION_CONTEXT() REPRESENTATION_CONTEXT('2D SPACE',''
  ) );
#10878 = ADVANCED_FACE('',(#10879),#8518,.F.);
#10879 = FACE_BOUND('',#10880,.T.);
#10880 = EDGE_LOOP('',(#10881,#10906,#11235,#11236,#11269,#11270));
#10881 = ORIENTED_EDGE('',*,*,#10882,.F.);
#10882 = EDGE_CURVE('',#10883,#10885,#10887,.T.);
#10883 = VERTEX_POINT('',#10884);
#10884 = CARTESIAN_POINT('',(-158.7832571053,574.91887503486,
    -272.0123784427));
#10885 = VERTEX_POINT('',#10886);
#10886 = CARTESIAN_POINT('',(-86.20838662301,686.76955777827,
    -353.1254689818));
#10887 = SEAM_CURVE('',#10888,(#10892,#10899),.PCURVE_S1.);
#10888 = LINE('',#10889,#10890);
#10889 = CARTESIAN_POINT('',(-170.,557.63189480903,-259.476018737));
#10890 = VECTOR('',#10891,1.);
#10891 = DIRECTION('',(0.465022737593,0.716682101467,-0.519731294957));
#10892 = PCURVE('',#8518,#10893);
#10893 = DEFINITIONAL_REPRESENTATION('',(#10894),#10898);
#10894 = LINE('',#10895,#10896);
#10895 = CARTESIAN_POINT('',(-6.28318530718,0.));
#10896 = VECTOR('',#10897,1.);
#10897 = DIRECTION('',(-0.,-1.));
#10898 = ( GEOMETRIC_REPRESENTATION_CONTEXT(2) 
PARAMETRIC_REPRESENTATION_CONTEXT() REPRESENTATION_CONTEXT('2D SPACE',''
  ) );
#10899 = PCURVE('',#8518,#10900);
#10900 = DEFINITIONAL_REPRESENTATION('',(#10901),#10905);
#10901 = LINE('',#10902,#10903);
#10902 = CARTESIAN_POINT('',(-0.,0.));
#10903 = VECTOR('',#10904,1.);
#10904 = DIRECTION('',(-0.,-1.));
#10905 = ( GEOMETRIC_REPRESENTATION_CONTEXT(2) 
PARAMETRIC_REPRESENTATION_CONTEXT() REPRESENTATION_CONTEXT('2D SPACE',''
  ) );
#10906 = ORIENTED_EDGE('',*,*,#10907,.F.);
#10907 = EDGE_CURVE('',#10883,#10883,#10908,.T.);
#10908 = SURFACE_CURVE('',#10909,(#11014,#11122),.PCURVE_S1.);
#10909 = B_SPLINE_CURVE_WITH_KNOTS('',7,(#10910,#10911,#10912,#10913,
    #10914,#10915,#10916,#10917,#10918,#10919,#10920,#10921,#10922,
    #10923,#10924,#10925,#10926,#10927,#10928,#10929,#10930,#10931,
    #10932,#10933,#10934,#10935,#10936,#10937,#10938,#10939,#10940,
    #10941,#10942,#10943,#10944,#10945,#10946,#10947,#10948,#10949,
    #10950,#10951,#10952,#10953,#10954,#10955,#10956,#10957,#10958,
    #10959,#10960,#10961,#10962,#10963,#10964,#10965,#10966,#10967,
    #10968,#10969,#10970,#10971,#10972,#10973,#10974,#10975,#10976,
    #10977,#10978,#10979,#10980,#10981,#10982,#10983,#10984,#10985,
    #10986,#10987,#10988,#10989,#10990,#10991,#10992,#10993,#10994,
    #10995,#10996,#10997,#10998,#10999,#11000,#11001,#11002,#11003,
    #11004,#11005,#11006,#11007,#11008,#11009,#11010,#11011,#11012,
    #11013),.UNSPECIFIED.,.T.,.F.,(8,6,6,6,6,6,6,6,6,6,6,6,6,6,6,6,6,8),
  (0.,9.402793074729E-02,0.197380497915,0.246176349764,0.274931612991,
    0.31510044718,0.364535737117,0.458172097856,0.548489030463,
    0.589910894652,0.663393625654,0.71659597194,0.751301083867,
    0.776261013982,0.811115127749,0.87214416776,0.932387246323,1.),
  .UNSPECIFIED.);
#10910 = CARTESIAN_POINT('',(-158.7832571053,574.91887503486,
    -272.0123784427));
#10911 = CARTESIAN_POINT('',(-157.744398646,574.91887503486,
    -272.0123784427));
#10912 = CARTESIAN_POINT('',(-156.7149822388,574.91172187765,
    -272.1009590228));
#10913 = CARTESIAN_POINT('',(-155.6977034426,574.89824819632,
    -272.2677759399));
#10914 = CARTESIAN_POINT('',(-154.6943093807,574.87710606332,
    -272.5049244363));
#10915 = CARTESIAN_POINT('',(-153.7059098089,574.84602319873,
    -272.806772476));
#10916 = CARTESIAN_POINT('',(-152.7335035578,574.80190831178,
    -273.1698326316));
#10917 = CARTESIAN_POINT('',(-150.729549949,574.67304163836,
    -274.0572775907));
#10918 = CARTESIAN_POINT('',(-149.7132693947,574.58543689074,
    -274.5889678198));
#10919 = CARTESIAN_POINT('',(-148.7201472912,574.47216545134,
    -275.1878352004));
#10920 = CARTESIAN_POINT('',(-147.7451711504,574.32532985718,
    -275.8607738853));
#10921 = CARTESIAN_POINT('',(-146.7930180022,574.13368841364,
    -276.6164184762));
#10922 = CARTESIAN_POINT('',(-145.880680279,573.88118978033,
    -277.4617830133));
#10923 = CARTESIAN_POINT('',(-144.6451319067,573.38925262146,
    -278.8410074481));
#10924 = CARTESIAN_POINT('',(-144.2634172715,573.21258533097,
    -279.3056876282));
#10925 = CARTESIAN_POINT('',(-143.8977016023,573.0136251167,
    -279.7957895149));
#10926 = CARTESIAN_POINT('',(-143.5519293878,572.78841882944,
    -280.3137655777));
#10927 = CARTESIAN_POINT('',(-143.2325878324,572.53242378704,
    -280.861147168));
#10928 = CARTESIAN_POINT('',(-142.9488302322,572.24058707421,
    -281.4382780453));
#10929 = CARTESIAN_POINT('',(-142.5734955624,571.71127054025,
    -282.4010765156));
#10930 = CARTESIAN_POINT('',(-142.4500368519,571.49954251465,
    -282.7701220856));
#10931 = CARTESIAN_POINT('',(-142.3465179878,571.27294986588,
    -283.1475695604));
#10932 = CARTESIAN_POINT('',(-142.2662244853,571.03230552261,
    -283.53000954));
#10933 = CARTESIAN_POINT('',(-142.2115252023,570.77869202371,
    -283.9142701854));
#10934 = CARTESIAN_POINT('',(-142.1838884277,570.51349637036,
    -284.2974125417));
#10935 = CARTESIAN_POINT('',(-142.1838884277,569.85417320857,
    -285.2065844806));
#10936 = CARTESIAN_POINT('',(-142.2378174659,569.45975653948,
    -285.7164106486));
#10937 = CARTESIAN_POINT('',(-142.3426357823,569.05946655624,
    -286.2021986501));
#10938 = CARTESIAN_POINT('',(-142.4933815853,568.65835208081,
    -286.6604987888));
#10939 = CARTESIAN_POINT('',(-142.6831617169,568.26207703272,
    -287.0884763484));
#10940 = CARTESIAN_POINT('',(-142.903076179,567.87685922675,
    -287.4837869795));
#10941 = CARTESIAN_POINT('',(-143.4362112935,567.05737463019,
    -288.2878973827));
#10942 = CARTESIAN_POINT('',(-143.7660758245,566.62180727719,
    -288.6890605961));
#10943 = CARTESIAN_POINT('',(-144.122192394,566.204348518,
    -289.0524213498));
#10944 = CARTESIAN_POINT('',(-144.4976666809,565.80530944972,
    -289.3825933522));
#10945 = CARTESIAN_POINT('',(-144.8880275624,565.42393296912,
    -289.6839707351));
#10946 = CARTESIAN_POINT('',(-145.2910992787,565.05863889314,
    -289.9606144447));
#10947 = CARTESIAN_POINT('',(-146.4944936267,564.04191916432,
    -290.7002808286));
#10948 = CARTESIAN_POINT('',(-147.3288407776,563.42578619336,
    -291.1094431633));
#10949 = CARTESIAN_POINT('',(-148.1915800763,562.86080433821,
    -291.4566638168));
#10950 = CARTESIAN_POINT('',(-149.0731164037,562.34584810141,
    -291.7528634838));
#10951 = CARTESIAN_POINT('',(-149.9707121636,561.87848801745,
    -292.0065882276));
#10952 = CARTESIAN_POINT('',(-150.8865578821,561.45709283825,
    -292.2240679719));
#10953 = CARTESIAN_POINT('',(-152.7313194566,560.72217599351,
    -292.5875404903));
#10954 = CARTESIAN_POINT('',(-153.6529285612,560.40762782825,
    -292.7346724865));
#10955 = CARTESIAN_POINT('',(-154.5889272454,560.1417315251,
    -292.8534820194));
#10956 = CARTESIAN_POINT('',(-155.5384634957,559.92808767671,
    -292.9455945063));
#10957 = CARTESIAN_POINT('',(-156.5006219307,559.77173946581,
    -293.0114538399));
#10958 = CARTESIAN_POINT('',(-157.4740004715,559.67924968886,
    -293.0502197296));
#10959 = CARTESIAN_POINT('',(-158.9070504452,559.64904235693,
    -293.062872493));
#10960 = CARTESIAN_POINT('',(-159.3595328069,559.65464308178,
    -293.0605211692));
#10961 = CARTESIAN_POINT('',(-159.813482757,559.67610975588,
    -293.0515495989));
#10962 = CARTESIAN_POINT('',(-160.2684602356,559.71422516557,
    -293.0355896803));
#10963 = CARTESIAN_POINT('',(-160.7240065074,559.76978413507,
    -293.0121780473));
#10964 = CARTESIAN_POINT('',(-161.1796352383,559.84358891034,
    -292.9807309909));
#10965 = CARTESIAN_POINT('',(-162.4423283782,560.10116794294,
    -292.8691633212));
#10966 = CARTESIAN_POINT('',(-163.2502465734,560.32621157642,
    -292.7700497023));
#10967 = CARTESIAN_POINT('',(-164.0519386053,560.61578991493,
    -292.6391604046));
#10968 = CARTESIAN_POINT('',(-164.8409422923,560.97270139214,
    -292.4715995132));
#10969 = CARTESIAN_POINT('',(-165.6107587718,561.39808908131,
    -292.2611850131));
#10970 = CARTESIAN_POINT('',(-166.3544010441,561.89114353261,
    -292.000321344));
#10971 = CARTESIAN_POINT('',(-167.5772475439,562.8524576526,
    -291.4483344634));
#10972 = CARTESIAN_POINT('',(-168.0723555661,563.28966227543,
    -291.185628977));
#10973 = CARTESIAN_POINT('',(-168.5449462322,563.75826093774,
    -290.8892289399));
#10974 = CARTESIAN_POINT('',(-168.9909537309,564.25519024696,
    -290.5563439618));
#10975 = CARTESIAN_POINT('',(-169.4062807711,564.77648568884,
    -290.1843544727));
#10976 = CARTESIAN_POINT('',(-169.7867493064,565.31739562436,
    -289.7710321809));
#10977 = CARTESIAN_POINT('',(-170.350687439,566.23468422283,
    -289.0172220978));
#10978 = CARTESIAN_POINT('',(-170.5566826586,566.60292115752,
    -288.7013411249));
#10979 = CARTESIAN_POINT('',(-170.7445192148,566.97525868493,
    -288.3671559779));
#10980 = CARTESIAN_POINT('',(-170.9128429449,567.3496043493,
    -288.0148615423));
#10981 = CARTESIAN_POINT('',(-171.0604541473,567.72384231853,
    -287.6448918713));
#10982 = CARTESIAN_POINT('',(-171.1863033119,568.09589456666,
    -287.2579354914));
#10983 = CARTESIAN_POINT('',(-171.3637017225,568.72835099668,
    -286.5651101257));
#10984 = CARTESIAN_POINT('',(-171.4261637965,568.9906725851,
    -286.2670901988));
#10985 = CARTESIAN_POINT('',(-171.4765073918,569.24982181958,
    -285.9614414245));
#10986 = CARTESIAN_POINT('',(-171.514455051,569.50493409841,
    -285.6488118876));
#10987 = CARTESIAN_POINT('',(-171.5398200646,569.75520811888,
    -285.3299324686));
#10988 = CARTESIAN_POINT('',(-171.5525059541,569.99991801678,
    -285.0056100608));
#10989 = CARTESIAN_POINT('',(-171.5525059541,570.57147800694,
    -284.2174589165));
#10990 = CARTESIAN_POINT('',(-171.527769425,570.89220848358,
    -283.7496046522));
#10991 = CARTESIAN_POINT('',(-171.4783402554,571.19896036659,
    -283.2754875242));
#10992 = CARTESIAN_POINT('',(-171.4045824723,571.49041400497,
    -282.7976487903));
#10993 = CARTESIAN_POINT('',(-171.3071730854,571.76561720142,
    -282.3187869451));
#10994 = CARTESIAN_POINT('',(-171.1871055365,572.02398833082,
    -281.8416843175));
#10995 = CARTESIAN_POINT('',(-170.7981113141,572.68781128632,
    -280.5416524076));
#10996 = CARTESIAN_POINT('',(-170.4855730099,573.05721086541,
    -279.7296385119));
#10997 = CARTESIAN_POINT('',(-170.1141235447,573.37516054707,
    -278.9428191314));
#10998 = CARTESIAN_POINT('',(-169.6901055963,573.64514949336,
    -278.1902007598));
#10999 = CARTESIAN_POINT('',(-169.220191094,573.87192892141,
    -277.4795787363));
#11000 = CARTESIAN_POINT('',(-168.7114591394,574.06083631854,
    -276.8170999793));
#11001 = CARTESIAN_POINT('',(-167.6385021119,574.37157414622,
    -275.6047228484));
#11002 = CARTESIAN_POINT('',(-167.074188105,574.4944945766,
    -275.0524804509));
#11003 = CARTESIAN_POINT('',(-166.483852455,574.59144988739,
    -274.552556065));
#11004 = CARTESIAN_POINT('',(-165.8723465422,574.66747076427,
    -274.1060564557));
#11005 = CARTESIAN_POINT('',(-165.2442358438,574.72688446502,
    -273.7129967747));
#11006 = CARTESIAN_POINT('',(-164.6039623063,574.77321369419,
    -273.372419806));
#11007 = CARTESIAN_POINT('',(-163.2288041218,574.84965660161,
    -272.7571821889));
#11008 = CARTESIAN_POINT('',(-162.4923877421,574.87706843709,
    -272.4958868397));
#11009 = CARTESIAN_POINT('',(-161.7502816434,574.89557300014,
    -272.2946851188));
#11010 = CARTESIAN_POINT('',(-161.0054973124,574.90779168735,
    -272.149636576));
#11011 = CARTESIAN_POINT('',(-160.2608621682,574.91528463206,
    -272.0568310605));
#11012 = CARTESIAN_POINT('',(-159.5191835525,574.91887503486,
    -272.0123784427));
#11013 = CARTESIAN_POINT('',(-158.7832571053,574.91887503486,
    -272.0123784427));
#11014 = PCURVE('',#8518,#11015);
#11015 = DEFINITIONAL_REPRESENTATION('',(#11016),#11121);
#11016 = B_SPLINE_CURVE_WITH_KNOTS('',7,(#11017,#11018,#11019,#11020,
    #11021,#11022,#11023,#11024,#11025,#11026,#11027,#11028,#11029,
    #11030,#11031,#11032,#11033,#11034,#11035,#11036,#11037,#11038,
    #11039,#11040,#11041,#11042,#11043,#11044,#11045,#11046,#11047,
    #11048,#11049,#11050,#11051,#11052,#11053,#11054,#11055,#11056,
    #11057,#11058,#11059,#11060,#11061,#11062,#11063,#11064,#11065,
    #11066,#11067,#11068,#11069,#11070,#11071,#11072,#11073,#11074,
    #11075,#11076,#11077,#11078,#11079,#11080,#11081,#11082,#11083,
    #11084,#11085,#11086,#11087,#11088,#11089,#11090,#11091,#11092,
    #11093,#11094,#11095,#11096,#11097,#11098,#11099,#11100,#11101,
    #11102,#11103,#11104,#11105,#11106,#11107,#11108,#11109,#11110,
    #11111,#11112,#11113,#11114,#11115,#11116,#11117,#11118,#11119,
    #11120),.UNSPECIFIED.,.F.,.F.,(8,6,6,6,6,6,6,6,6,6,6,6,6,6,6,6,6,8),
  (0.,9.402793074729E-02,0.197380497915,0.246176349764,0.274931612991,
    0.31510044718,0.364535737117,0.458172097856,0.548489030463,
    0.589910894652,0.663393625654,0.71659597194,0.751301083867,
    0.776261013982,0.811115127749,0.87214416776,0.932387246323,1.),
  .UNSPECIFIED.);
#11017 = CARTESIAN_POINT('',(0.,-24.12084826791));
#11018 = CARTESIAN_POINT('',(-7.074616014074E-02,-24.60394107264));
#11019 = CARTESIAN_POINT('',(-0.139196295527,-25.12355466831));
#11020 = CARTESIAN_POINT('',(-0.20593803332,-25.6736560651));
#11021 = CARTESIAN_POINT('',(-0.27146798669,-26.24835842548));
#11022 = CARTESIAN_POINT('',(-0.336266891154,-26.84259004004));
#11023 = CARTESIAN_POINT('',(-0.40081198013,-27.4518584319));
#11024 = CARTESIAN_POINT('',(-0.536859688305,-28.75261890457));
#11025 = CARTESIAN_POINT('',(-0.60763207909,-29.43876376674));
#11026 = CARTESIAN_POINT('',(-0.679388128366,-30.13065863211));
#11027 = CARTESIAN_POINT('',(-0.753415989414,-30.82855755812));
#11028 = CARTESIAN_POINT('',(-0.830839075131,-31.52671657094));
#11029 = CARTESIAN_POINT('',(-0.912659814863,-32.20937551107));
#11030 = CARTESIAN_POINT('',(-1.041134156342,-33.14819714228));
#11031 = CARTESIAN_POINT('',(-1.083733568717,-33.4405976737));
#11032 = CARTESIAN_POINT('',(-1.128097403348,-33.72279383909));
#11033 = CARTESIAN_POINT('',(-1.174543954846,-33.99139283553));
#11034 = CARTESIAN_POINT('',(-1.223353840129,-34.24091819765));
#11035 = CARTESIAN_POINT('',(-1.274791425062,-34.46367076328));
#11036 = CARTESIAN_POINT('',(-1.36116008313,-34.75925472883));
#11037 = CARTESIAN_POINT('',(-1.394381805103,-34.85672868202));
#11038 = CARTESIAN_POINT('',(-1.428552733519,-34.93864367671));
#11039 = CARTESIAN_POINT('',(-1.463460834754,-35.00228251328));
#11040 = CARTESIAN_POINT('',(-1.498918964078,-35.0456709511));
#11041 = CARTESIAN_POINT('',(-1.534754050073,-35.06759277452));
#11042 = CARTESIAN_POINT('',(-1.621144543953,-35.06759277452));
#11043 = CARTESIAN_POINT('',(-1.67070402814,-35.0248157928));
#11044 = CARTESIAN_POINT('',(-1.719240176545,-34.94167145303));
#11045 = CARTESIAN_POINT('',(-1.766489538878,-34.82229258647));
#11046 = CARTESIAN_POINT('',(-1.812145171021,-34.67247060713));
#11047 = CARTESIAN_POINT('',(-1.855827205793,-34.49958198149));
#11048 = CARTESIAN_POINT('',(-1.947757046781,-34.08227342939));
#11049 = CARTESIAN_POINT('',(-1.995909955998,-33.82521267266));
#11050 = CARTESIAN_POINT('',(-2.041757591083,-33.54927510486));
#11051 = CARTESIAN_POINT('',(-2.085559730915,-33.2602875884));
#11052 = CARTESIAN_POINT('',(-2.127599516627,-32.96207046257));
#11053 = CARTESIAN_POINT('',(-2.168199593739,-32.656613617));
#11054 = CARTESIAN_POINT('',(-2.282607033375,-31.7527708186));
#11055 = CARTESIAN_POINT('',(-2.353750043272,-31.13586342001));
#11056 = CARTESIAN_POINT('',(-2.421877845152,-30.51021908612));
#11057 = CARTESIAN_POINT('',(-2.487685332056,-29.88516896842));
#11058 = CARTESIAN_POINT('',(-2.551934512678,-29.26468661345));
#11059 = CARTESIAN_POINT('',(-2.615450853765,-28.64982217677));
#11060 = CARTESIAN_POINT('',(-2.740572851084,-27.45417239317));
#11061 = CARTESIAN_POINT('',(-2.801780275338,-26.87664126719));
#11062 = CARTESIAN_POINT('',(-2.863205005766,-26.31256650776));
#11063 = CARTESIAN_POINT('',(-2.925257281985,-25.76576958108));
#11064 = CARTESIAN_POINT('',(-2.98834828072,-25.24052122398));
#11065 = CARTESIAN_POINT('',(-3.052901417196,-24.74174014861));
#11066 = CARTESIAN_POINT('',(-3.149906822075,-24.06026630972));
#11067 = CARTESIAN_POINT('',(-3.180817166564,-23.85264360587));
#11068 = CARTESIAN_POINT('',(-3.212169059256,-23.65226853259));
#11069 = CARTESIAN_POINT('',(-3.243998172411,-23.45971542267));
#11070 = CARTESIAN_POINT('',(-3.276344028124,-23.2755264089));
#11071 = CARTESIAN_POINT('',(-3.309250897835,-23.10019923123));
#11072 = CARTESIAN_POINT('',(-3.402231430202,-22.63963528356));
#11073 = CARTESIAN_POINT('',(-3.463751058433,-22.37370724732));
#11074 = CARTESIAN_POINT('',(-3.527353286306,-22.14041057196));
#11075 = CARTESIAN_POINT('',(-3.593123059669,-21.94221134587));
#11076 = CARTESIAN_POINT('',(-3.661192687405,-21.77973792153));
#11077 = CARTESIAN_POINT('',(-3.731741679281,-21.65171164402));
#11078 = CARTESIAN_POINT('',(-3.858055347569,-21.4851319845));
#11079 = CARTESIAN_POINT('',(-3.912481732028,-21.43169596178));
#11080 = CARTESIAN_POINT('',(-3.968267717185,-21.39371845544));
#11081 = CARTESIAN_POINT('',(-4.025401712396,-21.36944442832));
#11082 = CARTESIAN_POINT('',(-4.08388060795,-21.35657644494));
#11083 = CARTESIAN_POINT('',(-4.143709422004,-21.35249386441));
#11084 = CARTESIAN_POINT('',(-4.24481756601,-21.35587543995));
#11085 = CARTESIAN_POINT('',(-4.285318405178,-21.35981857209));
#11086 = CARTESIAN_POINT('',(-4.326351081135,-21.3656314649));
#11087 = CARTESIAN_POINT('',(-4.367867697828,-21.37254549731));
#11088 = CARTESIAN_POINT('',(-4.40982422274,-21.3798277699));
#11089 = CARTESIAN_POINT('',(-4.452179530665,-21.3868348935));
#11090 = CARTESIAN_POINT('',(-4.525614442534,-21.3975277778));
#11091 = CARTESIAN_POINT('',(-4.556509246942,-21.40159239789));
#11092 = CARTESIAN_POINT('',(-4.587542913521,-21.40505386606));
#11093 = CARTESIAN_POINT('',(-4.618681150748,-21.40775839172));
#11094 = CARTESIAN_POINT('',(-4.649890452082,-21.40959838123));
#11095 = CARTESIAN_POINT('',(-4.681137568391,-21.41051785309));
#11096 = CARTESIAN_POINT('',(-4.756028536422,-21.41051785309));
#11097 = CARTESIAN_POINT('',(-4.799646707242,-21.40872419094));
#11098 = CARTESIAN_POINT('',(-4.84315935883,-21.40513995392));
#11099 = CARTESIAN_POINT('',(-4.886483794222,-21.39997086221));
#11100 = CARTESIAN_POINT('',(-4.929535927536,-21.39362216028));
#11101 = CARTESIAN_POINT('',(-4.972227765586,-21.38666109805));
#11102 = CARTESIAN_POINT('',(-5.08842231771,-21.367635019));
#11103 = CARTESIAN_POINT('',(-5.160847683282,-21.35568546989));
#11104 = CARTESIAN_POINT('',(-5.231697026598,-21.34735210752));
#11105 = CARTESIAN_POINT('',(-5.300908086199,-21.34686701925));
#11106 = CARTESIAN_POINT('',(-5.368399852145,-21.35858420005));
#11107 = CARTESIAN_POINT('',(-5.434069654066,-21.38623173446));
#11108 = CARTESIAN_POINT('',(-5.560684048897,-21.47777105183));
#11109 = CARTESIAN_POINT('',(-5.621783420822,-21.54126711214));
#11110 = CARTESIAN_POINT('',(-5.681164225946,-21.62544639964));
#11111 = CARTESIAN_POINT('',(-5.738887117772,-21.73223353492));
#11112 = CARTESIAN_POINT('',(-5.794999289946,-21.86261461026));
#11113 = CARTESIAN_POINT('',(-5.849532430755,-22.01655118385));
#11114 = CARTESIAN_POINT('',(-5.961934011639,-22.39105802748));
#11115 = CARTESIAN_POINT('',(-6.019356903692,-22.61735059005));
#11116 = CARTESIAN_POINT('',(-6.075009849495,-22.87113785783));
#11117 = CARTESIAN_POINT('',(-6.129084184541,-23.15085015377));
#11118 = CARTESIAN_POINT('',(-6.181730886096,-23.45425855569));
#11119 = CARTESIAN_POINT('',(-6.233068787635,-23.7786257368));
#11120 = CARTESIAN_POINT('',(-6.28318530718,-24.12084826791));
#11121 = ( GEOMETRIC_REPRESENTATION_CONTEXT(2) 
PARAMETRIC_REPRESENTATION_CONTEXT() REPRESENTATION_CONTEXT('2D SPACE',''
  ) );
#11122 = PCURVE('',#11123,#11128);
#11123 = CYLINDRICAL_SURFACE('',#11124,25.);
#11124 = AXIS2_PLACEMENT_3D('',#11125,#11126,#11127);
#11125 = CARTESIAN_POINT('',(-210.,550.,-270.));
#11126 = DIRECTION('',(-1.,-0.,0.));
#11127 = DIRECTION('',(0.,0.,1.));
#11128 = DEFINITIONAL_REPRESENTATION('',(#11129),#11234);
#11129 = B_SPLINE_CURVE_WITH_KNOTS('',7,(#11130,#11131,#11132,#11133,
    #11134,#11135,#11136,#11137,#11138,#11139,#11140,#11141,#11142,
    #11143,#11144,#11145,#11146,#11147,#11148,#11149,#11150,#11151,
    #11152,#11153,#11154,#11155,#11156,#11157,#11158,#11159,#11160,
    #11161,#11162,#11163,#11164,#11165,#11166,#11167,#11168,#11169,
    #11170,#11171,#11172,#11173,#11174,#11175,#11176,#11177,#11178,
    #11179,#11180,#11181,#11182,#11183,#11184,#11185,#11186,#11187,
    #11188,#11189,#11190,#11191,#11192,#11193,#11194,#11195,#11196,
    #11197,#11198,#11199,#11200,#11201,#11202,#11203,#11204,#11205,
    #11206,#11207,#11208,#11209,#11210,#11211,#11212,#11213,#11214,
    #11215,#11216,#11217,#11218,#11219,#11220,#11221,#11222,#11223,
    #11224,#11225,#11226,#11227,#11228,#11229,#11230,#11231,#11232,
    #11233),.UNSPECIFIED.,.F.,.F.,(8,6,6,6,6,6,6,6,6,6,6,6,6,6,6,6,6,8),
  (0.,9.402793074729E-02,0.197380497915,0.246176349764,0.274931612991,
    0.31510044718,0.364535737117,0.458172097856,0.548489030463,
    0.589910894652,0.663393625654,0.71659597194,0.751301083867,
    0.776261013982,0.811115127749,0.87214416776,0.932387246323,1.),
  .UNSPECIFIED.);
#11130 = CARTESIAN_POINT('',(-4.631806660632,-51.21674289461));
#11131 = CARTESIAN_POINT('',(-4.631806660632,-52.25560135393));
#11132 = CARTESIAN_POINT('',(-4.62825191499,-53.28501776114));
#11133 = CARTESIAN_POINT('',(-4.621557442417,-54.3022965574));
#11134 = CARTESIAN_POINT('',(-4.6120344163,-55.30569061921));
#11135 = CARTESIAN_POINT('',(-4.599899044117,-56.29409019104));
#11136 = CARTESIAN_POINT('',(-4.585273781247,-57.26649644213));
#11137 = CARTESIAN_POINT('',(-4.549403678378,-59.27045005097));
#11138 = CARTESIAN_POINT('',(-4.527853242474,-60.28673060521));
#11139 = CARTESIAN_POINT('',(-4.503485270708,-61.27985270877));
#11140 = CARTESIAN_POINT('',(-4.475956221589,-62.25482884955));
#11141 = CARTESIAN_POINT('',(-4.44480897579,-63.20698199775));
#11142 = CARTESIAN_POINT('',(-4.409566624491,-64.11931972098));
#11143 = CARTESIAN_POINT('',(-4.350993426392,-65.35486809325));
#11144 = CARTESIAN_POINT('',(-4.33111246023,-65.73658272849));
#11145 = CARTESIAN_POINT('',(-4.309963318235,-66.10229839768));
#11146 = CARTESIAN_POINT('',(-4.287383986247,-66.44807061213));
#11147 = CARTESIAN_POINT('',(-4.263229429789,-66.76741216754));
#11148 = CARTESIAN_POINT('',(-4.237375958926,-67.05116976775));
#11149 = CARTESIAN_POINT('',(-4.19342768228,-67.42650443757));
#11150 = CARTESIAN_POINT('',(-4.176411761417,-67.54996314806));
#11151 = CARTESIAN_POINT('',(-4.158807834952,-67.6534820121));
#11152 = CARTESIAN_POINT('',(-4.140741150255,-67.73377551463));
#11153 = CARTESIAN_POINT('',(-4.122331938494,-67.78847479767));
#11154 = CARTESIAN_POINT('',(-4.103697693831,-67.81611157225));
#11155 = CARTESIAN_POINT('',(-4.058774637013,-67.81611157225));
#11156 = CARTESIAN_POINT('',(-4.033003709695,-67.76218253407));
#11157 = CARTESIAN_POINT('',(-4.007843995456,-67.65736421762));
#11158 = CARTESIAN_POINT('',(-3.98350041619,-67.50661841468));
#11159 = CARTESIAN_POINT('',(-3.960182358707,-67.31683828302));
#11160 = CARTESIAN_POINT('',(-3.938109360488,-67.09692382096));
#11161 = CARTESIAN_POINT('',(-3.892185100328,-66.56378870646));
#11162 = CARTESIAN_POINT('',(-3.868510630153,-66.23392417544));
#11163 = CARTESIAN_POINT('',(-3.846385662727,-65.87780760594));
#11164 = CARTESIAN_POINT('',(-3.825678924285,-65.502333319));
#11165 = CARTESIAN_POINT('',(-3.806242462069,-65.11197243758));
#11166 = CARTESIAN_POINT('',(-3.787916786954,-64.70890072129));
#11167 = CARTESIAN_POINT('',(-3.737624435781,-63.50550637324));
#11168 = CARTESIAN_POINT('',(-3.7080667597,-62.67115922238));
#11169 = CARTESIAN_POINT('',(-3.68156295717,-61.80841992365));
#11170 = CARTESIAN_POINT('',(-3.657814890076,-60.92688359623));
#11171 = CARTESIAN_POINT('',(-3.63655106112,-60.02928783633));
#11172 = CARTESIAN_POINT('',(-3.617585607506,-59.11344211786));
#11173 = CARTESIAN_POINT('',(-3.584790119028,-57.26868054339));
#11174 = CARTESIAN_POINT('',(-3.570903072209,-56.34707143873));
#11175 = CARTESIAN_POINT('',(-3.55925587034,-55.41107275453));
#11176 = CARTESIAN_POINT('',(-3.54995025615,-54.46153650429));
#11177 = CARTESIAN_POINT('',(-3.543164098521,-53.49937806923));
#11178 = CARTESIAN_POINT('',(-3.5391526917,-52.52599952846));
#11179 = CARTESIAN_POINT('',(-3.537842683869,-51.09294955479));
#11180 = CARTESIAN_POINT('',(-3.538085655442,-50.64046719308));
#11181 = CARTESIAN_POINT('',(-3.539016293035,-50.18651724297));
#11182 = CARTESIAN_POINT('',(-3.540669175859,-49.73153976435));
#11183 = CARTESIAN_POINT('',(-3.543080768051,-49.2759934925));
#11184 = CARTESIAN_POINT('',(-3.546289715033,-48.82036476161));
#11185 = CARTESIAN_POINT('',(-3.557517844205,-47.55767162175));
#11186 = CARTESIAN_POINT('',(-3.567353792445,-46.74975342658));
#11187 = CARTESIAN_POINT('',(-3.580064147286,-45.94806139468));
#11188 = CARTESIAN_POINT('',(-3.595832430783,-45.15905770762));
#11189 = CARTESIAN_POINT('',(-3.614807133453,-44.38924122818));
#11190 = CARTESIAN_POINT('',(-3.637106223303,-43.64559895582));
#11191 = CARTESIAN_POINT('',(-3.681446982947,-42.42275245609));
#11192 = CARTESIAN_POINT('',(-3.701845383787,-41.92764443386));
#11193 = CARTESIAN_POINT('',(-3.724014557713,-41.45505376779));
#11194 = CARTESIAN_POINT('',(-3.747923153172,-41.00904626908));
#11195 = CARTESIAN_POINT('',(-3.773519049594,-40.59371922884));
#11196 = CARTESIAN_POINT('',(-3.80073191636,-40.21325069354));
#11197 = CARTESIAN_POINT('',(-3.848223355829,-39.64931256097));
#11198 = CARTESIAN_POINT('',(-3.867625381299,-39.44331734137));
#11199 = CARTESIAN_POINT('',(-3.88762974686,-39.25548078515));
#11200 = CARTESIAN_POINT('',(-3.908180984815,-39.08715705507));
#11201 = CARTESIAN_POINT('',(-3.929220037308,-38.93954585267));
#11202 = CARTESIAN_POINT('',(-3.950684988516,-38.81369668804));
#11203 = CARTESIAN_POINT('',(-3.988208487782,-38.6362982774));
#11204 = CARTESIAN_POINT('',(-4.004086871499,-38.57383620346));
#11205 = CARTESIAN_POINT('',(-4.020111381721,-38.52349260813));
#11206 = CARTESIAN_POINT('',(-4.036246550518,-38.48554494894));
#11207 = CARTESIAN_POINT('',(-4.052456478001,-38.46017993531));
#11208 = CARTESIAN_POINT('',(-4.068704975699,-38.44749404589));
#11209 = CARTESIAN_POINT('',(-4.107648279075,-38.44749404589));
#11210 = CARTESIAN_POINT('',(-4.130329732188,-38.47223057495));
#11211 = CARTESIAN_POINT('',(-4.152904795859,-38.52165974453));
#11212 = CARTESIAN_POINT('',(-4.17527925451,-38.59541752766));
#11213 = CARTESIAN_POINT('',(-4.197360160593,-38.69282691459));
#11214 = CARTESIAN_POINT('',(-4.219056613593,-38.81289446348));
#11215 = CARTESIAN_POINT('',(-4.277444884786,-39.20188868589));
#11216 = CARTESIAN_POINT('',(-4.313092045285,-39.51442699007));
#11217 = CARTESIAN_POINT('',(-4.346989571465,-39.88587645522));
#11218 = CARTESIAN_POINT('',(-4.378933235931,-40.30989440364));
#11219 = CARTESIAN_POINT('',(-4.408746412219,-40.77980890592));
#11220 = CARTESIAN_POINT('',(-4.436291902703,-41.28854086059));
#11221 = CARTESIAN_POINT('',(-4.48635452437,-42.36149788809));
#11222 = CARTESIAN_POINT('',(-4.508973284348,-42.92581189495));
#11223 = CARTESIAN_POINT('',(-4.529332193333,-43.51614754499));
#11224 = CARTESIAN_POINT('',(-4.547442729375,-44.12765345775));
#11225 = CARTESIAN_POINT('',(-4.563340832274,-44.75576415615));
#11226 = CARTESIAN_POINT('',(-4.57708843955,-45.39603769362));
#11227 = CARTESIAN_POINT('',(-4.60188717641,-46.77119587811));
#11228 = CARTESIAN_POINT('',(-4.612394466404,-47.50761225789));
#11229 = CARTESIAN_POINT('',(-4.620475946088,-48.24971835658));
#11230 = CARTESIAN_POINT('',(-4.626298540127,-48.9945026875));
#11231 = CARTESIAN_POINT('',(-4.630022734136,-49.73913783174));
#11232 = CARTESIAN_POINT('',(-4.631806660632,-50.48081644749));
#11233 = CARTESIAN_POINT('',(-4.631806660632,-51.21674289461));
#11234 = ( GEOMETRIC_REPRESENTATION_CONTEXT(2) 
PARAMETRIC_REPRESENTATION_CONTEXT() REPRESENTATION_CONTEXT('2D SPACE',''
  ) );
#11235 = ORIENTED_EDGE('',*,*,#10882,.T.);
#11236 = ORIENTED_EDGE('',*,*,#11237,.T.);
#11237 = EDGE_CURVE('',#10885,#5184,#11238,.T.);
#11238 = SURFACE_CURVE('',#11239,(#11244,#11257),.PCURVE_S1.);
#11239 = ELLIPSE('',#11240,13.286098106616,13.);
#11240 = AXIS2_PLACEMENT_3D('',#11241,#11242,#11243);
#11241 = CARTESIAN_POINT('',(-85.,681.,-365.));
#11242 = DIRECTION('',(0.51340073478,0.791241132425,-0.332200475446));
#11243 = DIRECTION('',(0.180821009973,0.278677085959,0.94320880197));
#11244 = PCURVE('',#8518,#11245);
#11245 = DEFINITIONAL_REPRESENTATION('',(#11246),#11256);
#11246 = B_SPLINE_CURVE_WITH_KNOTS('',8,(#11247,#11248,#11249,#11250,
    #11251,#11252,#11253,#11254,#11255),.UNSPECIFIED.,.F.,.F.,(9,9),(
    5.957931655894,7.853981852766),.PIECEWISE_BEZIER_KNOTS.);
#11247 = CARTESIAN_POINT('',(0.,-180.188207163));
#11248 = CARTESIAN_POINT('',(-0.237006274609,-179.9805159789));
#11249 = CARTESIAN_POINT('',(-0.474012549217,-179.9396434592));
#11250 = CARTESIAN_POINT('',(-0.711018823826,-180.0833626762));
#11251 = CARTESIAN_POINT('',(-0.948025098434,-180.4094783574));
#11252 = CARTESIAN_POINT('',(-1.185031373045,-180.8925459308));
#11253 = CARTESIAN_POINT('',(-1.422037647653,-181.486859636));
#11254 = CARTESIAN_POINT('',(-1.659043922263,-182.1368109353));
#11255 = CARTESIAN_POINT('',(-1.896050196872,-182.7867616085));
#11256 = ( GEOMETRIC_REPRESENTATION_CONTEXT(2) 
PARAMETRIC_REPRESENTATION_CONTEXT() REPRESENTATION_CONTEXT('2D SPACE',''
  ) );
#11257 = PCURVE('',#11258,#11263);
#11258 = PLANE('',#11259);
#11259 = AXIS2_PLACEMENT_3D('',#11260,#11261,#11262);
#11260 = CARTESIAN_POINT('',(-85.,681.,-365.));
#11261 = DIRECTION('',(0.51340073478,0.791241132425,-0.332200475446));
#11262 = DIRECTION('',(0.838882261035,-0.544312917466,0.));
#11263 = DEFINITIONAL_REPRESENTATION('',(#11264),#11268);
#11264 = ELLIPSE('',#11265,13.286098106616,13.);
#11265 = AXIS2_PLACEMENT_2D('',#11266,#11267);
#11266 = CARTESIAN_POINT('',(-5.960616967367E-14,-9.438232049623E-14));
#11267 = DIRECTION('',(2.553512956638E-15,-1.));
#11268 = ( GEOMETRIC_REPRESENTATION_CONTEXT(2) 
PARAMETRIC_REPRESENTATION_CONTEXT() REPRESENTATION_CONTEXT('2D SPACE',''
  ) );
#11269 = ORIENTED_EDGE('',*,*,#8503,.T.);
#11270 = ORIENTED_EDGE('',*,*,#11271,.T.);
#11271 = EDGE_CURVE('',#5211,#10885,#11272,.T.);
#11272 = SURFACE_CURVE('',#11273,(#11278,#11290),.PCURVE_S1.);
#11273 = ELLIPSE('',#11274,13.286098106616,13.);
#11274 = AXIS2_PLACEMENT_3D('',#11275,#11276,#11277);
#11275 = CARTESIAN_POINT('',(-85.,681.,-365.));
#11276 = DIRECTION('',(0.51340073478,0.791241132425,-0.332200475446));
#11277 = DIRECTION('',(0.180821009973,0.278677085959,0.94320880197));
#11278 = PCURVE('',#8518,#11279);
#11279 = DEFINITIONAL_REPRESENTATION('',(#11280),#11289);
#11280 = B_SPLINE_CURVE_WITH_KNOTS('',7,(#11281,#11282,#11283,#11284,
    #11285,#11286,#11287,#11288),.UNSPECIFIED.,.F.,.F.,(8,8),(
    4.712388761593,5.957931655894),.PIECEWISE_BEZIER_KNOTS.);
#11281 = CARTESIAN_POINT('',(-5.037642412879,-182.7867616085));
#11282 = CARTESIAN_POINT('',(-5.215577112065,-182.2988050018));
#11283 = CARTESIAN_POINT('',(-5.393511811251,-181.8108486958));
#11284 = CARTESIAN_POINT('',(-5.571446510436,-181.3481236159));
#11285 = CARTESIAN_POINT('',(-5.749381209622,-180.9358728554));
#11286 = CARTESIAN_POINT('',(-5.927315908808,-180.5960439805));
#11287 = CARTESIAN_POINT('',(-6.105250607994,-180.3441332811));
#11288 = CARTESIAN_POINT('',(-6.28318530718,-180.188207163));
#11289 = ( GEOMETRIC_REPRESENTATION_CONTEXT(2) 
PARAMETRIC_REPRESENTATION_CONTEXT() REPRESENTATION_CONTEXT('2D SPACE',''
  ) );
#11290 = PCURVE('',#11258,#11291);
#11291 = DEFINITIONAL_REPRESENTATION('',(#11292),#11296);
#11292 = ELLIPSE('',#11293,13.286098106616,13.);
#11293 = AXIS2_PLACEMENT_2D('',#11294,#11295);
#11294 = CARTESIAN_POINT('',(-5.960616967367E-14,-9.438232049623E-14));
#11295 = DIRECTION('',(2.553512956638E-15,-1.));
#11296 = ( GEOMETRIC_REPRESENTATION_CONTEXT(2) 
PARAMETRIC_REPRESENTATION_CONTEXT() REPRESENTATION_CONTEXT('2D SPACE',''
  ) );
#11297 = ADVANCED_FACE('',(#11298),#8627,.T.);
#11298 = FACE_BOUND('',#11299,.F.);
#11299 = EDGE_LOOP('',(#11300,#11322,#11323,#11324));
#11300 = ORIENTED_EDGE('',*,*,#11301,.F.);
#11301 = EDGE_CURVE('',#9792,#9293,#11302,.T.);
#11302 = SURFACE_CURVE('',#11303,(#11308,#11315),.PCURVE_S1.);
#11303 = CIRCLE('',#11304,20.);
#11304 = AXIS2_PLACEMENT_3D('',#11305,#11306,#11307);
#11305 = CARTESIAN_POINT('',(-59.5,720.3,-367.5));
#11306 = DIRECTION('',(1.,0.,-0.));
#11307 = DIRECTION('',(0.,0.,1.));
#11308 = PCURVE('',#8627,#11309);
#11309 = DEFINITIONAL_REPRESENTATION('',(#11310),#11314);
#11310 = LINE('',#11311,#11312);
#11311 = CARTESIAN_POINT('',(-0.,0.));
#11312 = VECTOR('',#11313,1.);
#11313 = DIRECTION('',(-1.,0.));
#11314 = ( GEOMETRIC_REPRESENTATION_CONTEXT(2) 
PARAMETRIC_REPRESENTATION_CONTEXT() REPRESENTATION_CONTEXT('2D SPACE',''
  ) );
#11315 = PCURVE('',#9475,#11316);
#11316 = DEFINITIONAL_REPRESENTATION('',(#11317),#11321);
#11317 = CIRCLE('',#11318,20.);
#11318 = AXIS2_PLACEMENT_2D('',#11319,#11320);
#11319 = CARTESIAN_POINT('',(0.,0.));
#11320 = DIRECTION('',(1.,0.));
#11321 = ( GEOMETRIC_REPRESENTATION_CONTEXT(2) 
PARAMETRIC_REPRESENTATION_CONTEXT() REPRESENTATION_CONTEXT('2D SPACE',''
  ) );
#11322 = ORIENTED_EDGE('',*,*,#9835,.T.);
#11323 = ORIENTED_EDGE('',*,*,#8557,.F.);
#11324 = ORIENTED_EDGE('',*,*,#9292,.F.);
#11325 = ADVANCED_FACE('',(#11326),#8723,.T.);
#11326 = FACE_BOUND('',#11327,.F.);
#11327 = EDGE_LOOP('',(#11328,#11451,#11452));
#11328 = ORIENTED_EDGE('',*,*,#11329,.T.);
#11329 = EDGE_CURVE('',#8690,#8745,#11330,.T.);
#11330 = SURFACE_CURVE('',#11331,(#11369,#11410),.PCURVE_S1.);
#11331 = B_SPLINE_CURVE_WITH_KNOTS('',6,(#11332,#11333,#11334,#11335,
    #11336,#11337,#11338,#11339,#11340,#11341,#11342,#11343,#11344,
    #11345,#11346,#11347,#11348,#11349,#11350,#11351,#11352,#11353,
    #11354,#11355,#11356,#11357,#11358,#11359,#11360,#11361,#11362,
    #11363,#11364,#11365,#11366,#11367,#11368),.UNSPECIFIED.,.F.,.F.,(7,
    5,5,5,5,5,5,7),(0.,0.235657947497,0.328331158044,0.382083491402,
    0.499830138206,0.671348490855,0.764753573424,1.),.UNSPECIFIED.);
#11332 = CARTESIAN_POINT('',(0.192253498767,787.06865618083,
    -421.8515116447));
#11333 = CARTESIAN_POINT('',(-0.357356576401,787.01610184931,
    -421.1438465797));
#11334 = CARTESIAN_POINT('',(-0.873472529906,786.98376064221,
    -420.3819975051));
#11335 = CARTESIAN_POINT('',(-1.351377762527,786.97861529172,
    -419.5693815886));
#11336 = CARTESIAN_POINT('',(-1.786575358954,787.00787722748,
    -418.7109566049));
#11337 = CARTESIAN_POINT('',(-2.174691190991,787.07820382826,
    -417.8129670231));
#11338 = CARTESIAN_POINT('',(-2.64383929064,787.24108480741,
    -416.5168893383));
#11339 = CARTESIAN_POINT('',(-2.768282186679,787.29425206897,
    -416.1461570826));
#11340 = CARTESIAN_POINT('',(-2.884447485976,787.35492589881,
    -415.7710932521));
#11341 = CARTESIAN_POINT('',(-2.992060217244,787.42337679522,
    -415.3922928413));
#11342 = CARTESIAN_POINT('',(-3.090868930039,787.49982632654,
    -415.0103676187));
#11343 = CARTESIAN_POINT('',(-3.232714141737,787.6335192661,
    -414.402970204));
#11344 = CARTESIAN_POINT('',(-3.281742248466,787.68534090718,
    -414.1791712448));
#11345 = CARTESIAN_POINT('',(-3.327680405451,787.73993581819,
    -413.9546808092));
#11346 = CARTESIAN_POINT('',(-3.370484904262,787.79732505616,
    -413.7296374867));
#11347 = CARTESIAN_POINT('',(-3.41011547597,787.8575208699,
    -413.5041845584));
#11348 = CARTESIAN_POINT('',(-3.526314360205,788.0585435034,
    -412.7840331742));
#11349 = CARTESIAN_POINT('',(-3.590701734935,788.2100689641,
    -412.2882483611));
#11350 = CARTESIAN_POINT('',(-3.639285145294,788.37510577005,
    -411.7927996112));
#11351 = CARTESIAN_POINT('',(-3.671791403646,788.55345100732,
    -411.299324569));
#11352 = CARTESIAN_POINT('',(-3.688082080724,788.74468847292,
    -410.809409744));
#11353 = CARTESIAN_POINT('',(-3.688246925604,789.24460302472,
    -409.6183558507));
#11354 = CARTESIAN_POINT('',(-3.65392096559,789.56686672841,
    -408.923314674));
#11355 = CARTESIAN_POINT('',(-3.585224998662,789.91302720741,
    -408.2439827072));
#11356 = CARTESIAN_POINT('',(-3.482771811481,790.2802657844,
    -407.5844640213));
#11357 = CARTESIAN_POINT('',(-3.34771442514,790.66497376976,
    -406.9482906544));
#11358 = CARTESIAN_POINT('',(-3.091452772504,791.27972629093,
    -406.0061594411));
#11359 = CARTESIAN_POINT('',(-2.99192881605,791.50047059776,
    -405.6816787186));
#11360 = CARTESIAN_POINT('',(-2.88346754541,791.72463728541,
    -405.3652153235));
#11361 = CARTESIAN_POINT('',(-2.766326117402,791.95162099681,
    -405.0570455398));
#11362 = CARTESIAN_POINT('',(-2.640785921103,792.18079343868,
    -404.7573975585));
#11363 = CARTESIAN_POINT('',(-2.170597794897,792.99258224144,
    -403.7336958545));
#11364 = CARTESIAN_POINT('',(-1.782903593693,793.58313111272,
    -403.0565508425));
#11365 = CARTESIAN_POINT('',(-1.348351657141,794.17413548703,
    -402.4361836615));
#11366 = CARTESIAN_POINT('',(-0.871291039832,794.75653233729,
    -401.8722144282));
#11367 = CARTESIAN_POINT('',(-0.356193245333,795.32178746903,
    -401.3629763871));
#11368 = CARTESIAN_POINT('',(0.192253498767,795.86261798139,
    -400.9058935379));
#11369 = PCURVE('',#8723,#11370);
#11370 = DEFINITIONAL_REPRESENTATION('',(#11371),#11409);
#11371 = B_SPLINE_CURVE_WITH_KNOTS('',6,(#11372,#11373,#11374,#11375,
    #11376,#11377,#11378,#11379,#11380,#11381,#11382,#11383,#11384,
    #11385,#11386,#11387,#11388,#11389,#11390,#11391,#11392,#11393,
    #11394,#11395,#11396,#11397,#11398,#11399,#11400,#11401,#11402,
    #11403,#11404,#11405,#11406,#11407,#11408),.UNSPECIFIED.,.F.,.F.,(7,
    5,5,5,5,5,5,7),(0.,0.235657947497,0.328331158044,0.382083491402,
    0.499830138206,0.671348490855,0.764753573424,1.),.UNSPECIFIED.);
#11372 = CARTESIAN_POINT('',(-2.564538481738,-146.3523421982));
#11373 = CARTESIAN_POINT('',(-2.620635244622,-146.3578425948));
#11374 = CARTESIAN_POINT('',(-2.678053581254,-146.3441405865));
#11375 = CARTESIAN_POINT('',(-2.736735130383,-146.3154748773));
#11376 = CARTESIAN_POINT('',(-2.796627897479,-146.2768897025));
#11377 = CARTESIAN_POINT('',(-2.857691456826,-146.2334813891));
#11378 = CARTESIAN_POINT('',(-2.944355964101,-146.1726628755));
#11379 = CARTESIAN_POINT('',(-2.96898820961,-146.1554626424));
#11380 = CARTESIAN_POINT('',(-2.993780603435,-146.1385132394));
#11381 = CARTESIAN_POINT('',(-3.018723487316,-146.1220851829));
#11382 = CARTESIAN_POINT('',(-3.043807748233,-146.1064279219));
#11383 = CARTESIAN_POINT('',(-3.083650632735,-146.0832570007));
#11384 = CARTESIAN_POINT('',(-3.098320369621,-146.0750853601));
#11385 = CARTESIAN_POINT('',(-3.113031171606,-146.0672919534));
#11386 = CARTESIAN_POINT('',(-3.127780329626,-146.0599170415));
#11387 = CARTESIAN_POINT('',(-3.142564906086,-146.0529972399));
#11388 = CARTESIAN_POINT('',(-3.189838593862,-146.0324765764));
#11389 = CARTESIAN_POINT('',(-3.222456237339,-146.0207263284));
#11390 = CARTESIAN_POINT('',(-3.255192669884,-146.0116646859));
#11391 = CARTESIAN_POINT('',(-3.288009454346,-146.0055348667));
#11392 = CARTESIAN_POINT('',(-3.320868904167,-146.0024635234));
#11393 = CARTESIAN_POINT('',(-3.401601002659,-146.0024324413));
#11394 = CARTESIAN_POINT('',(-3.449450732858,-146.0089047567));
#11395 = CARTESIAN_POINT('',(-3.497170367253,-146.0218582038));
#11396 = CARTESIAN_POINT('',(-3.544651811429,-146.0407405088));
#11397 = CARTESIAN_POINT('',(-3.591782275143,-146.0644616344));
#11398 = CARTESIAN_POINT('',(-3.663845840571,-146.1063377577));
#11399 = CARTESIAN_POINT('',(-3.689119218381,-146.1221114103));
#11400 = CARTESIAN_POINT('',(-3.714249099095,-146.1386679278));
#11401 = CARTESIAN_POINT('',(-3.739226167251,-146.1557521327));
#11402 = CARTESIAN_POINT('',(-3.764040545368,-146.1730871643));
#11403 = CARTESIAN_POINT('',(-3.850740913904,-146.2339387336));
#11404 = CARTESIAN_POINT('',(-3.911666054218,-146.2772149086));
#11405 = CARTESIAN_POINT('',(-3.971425202106,-146.315656323));
#11406 = CARTESIAN_POINT('',(-4.029977889531,-146.3441985474));
#11407 = CARTESIAN_POINT('',(-4.087272259988,-146.3578309524));
#11408 = CARTESIAN_POINT('',(-4.143250285771,-146.3523421982));
#11409 = ( GEOMETRIC_REPRESENTATION_CONTEXT(2) 
PARAMETRIC_REPRESENTATION_CONTEXT() REPRESENTATION_CONTEXT('2D SPACE',''
  ) );
#11410 = PCURVE('',#9010,#11411);
#11411 = DEFINITIONAL_REPRESENTATION('',(#11412),#11450);
#11412 = B_SPLINE_CURVE_WITH_KNOTS('',6,(#11413,#11414,#11415,#11416,
    #11417,#11418,#11419,#11420,#11421,#11422,#11423,#11424,#11425,
    #11426,#11427,#11428,#11429,#11430,#11431,#11432,#11433,#11434,
    #11435,#11436,#11437,#11438,#11439,#11440,#11441,#11442,#11443,
    #11444,#11445,#11446,#11447,#11448,#11449),.UNSPECIFIED.,.F.,.F.,(7,
    5,5,5,5,5,5,7),(0.,0.235657947497,0.328331158044,0.382083491402,
    0.499830138206,0.671348490855,0.764753573424,1.),.UNSPECIFIED.);
#11413 = CARTESIAN_POINT('',(-1.644924663261,-50.19225349876));
#11414 = CARTESIAN_POINT('',(-1.61654010966,-49.64264342359));
#11415 = CARTESIAN_POINT('',(-1.586054031111,-49.12652747009));
#11416 = CARTESIAN_POINT('',(-1.553582234097,-48.64862223747));
#11417 = CARTESIAN_POINT('',(-1.519272311156,-48.21342464104));
#11418 = CARTESIAN_POINT('',(-1.483282297817,-47.825308809));
#11419 = CARTESIAN_POINT('',(-1.431031401887,-47.35616070936));
#11420 = CARTESIAN_POINT('',(-1.416052664255,-47.23171781332));
#11421 = CARTESIAN_POINT('',(-1.40085880735,-47.11555251402));
#11422 = CARTESIAN_POINT('',(-1.385465404781,-47.00793978275));
#11423 = CARTESIAN_POINT('',(-1.369888187314,-46.90913106996));
#11424 = CARTESIAN_POINT('',(-1.345010714081,-46.76728585826));
#11425 = CARTESIAN_POINT('',(-1.335822447283,-46.71825775153));
#11426 = CARTESIAN_POINT('',(-1.326581943813,-46.67231959454));
#11427 = CARTESIAN_POINT('',(-1.31729298844,-46.62951509573));
#11428 = CARTESIAN_POINT('',(-1.307959558809,-46.58988452403));
#11429 = CARTESIAN_POINT('',(-1.278052285707,-46.47368563979));
#11430 = CARTESIAN_POINT('',(-1.257321530213,-46.40929826506));
#11431 = CARTESIAN_POINT('',(-1.236442844554,-46.3607148547));
#11432 = CARTESIAN_POINT('',(-1.215464392253,-46.32820859635));
#11433 = CARTESIAN_POINT('',(-1.194434427896,-46.31191791927));
#11434 = CARTESIAN_POINT('',(-1.142765885267,-46.31175307439));
#11435 = CARTESIAN_POINT('',(-1.112141882955,-46.34607903441));
#11436 = CARTESIAN_POINT('',(-1.081675614236,-46.41477500133));
#11437 = CARTESIAN_POINT('',(-1.051510414482,-46.51722818851));
#11438 = CARTESIAN_POINT('',(-1.021789885533,-46.65228557486));
#11439 = CARTESIAN_POINT('',(-0.976791540934,-46.90854722749));
#11440 = CARTESIAN_POINT('',(-0.961096510549,-47.00807118395));
#11441 = CARTESIAN_POINT('',(-0.945588051644,-47.11653245459));
#11442 = CARTESIAN_POINT('',(-0.930282249872,-47.23367388259));
#11443 = CARTESIAN_POINT('',(-0.91519502874,-47.35921407889));
#11444 = CARTESIAN_POINT('',(-0.862934661516,-47.8294022051));
#11445 = CARTESIAN_POINT('',(-0.827034558052,-48.2170964063));
#11446 = CARTESIAN_POINT('',(-0.792808403495,-48.65164834285));
#11447 = CARTESIAN_POINT('',(-0.760413345535,-49.12870896016));
#11448 = CARTESIAN_POINT('',(-0.729996052483,-49.64380675466));
#11449 = CARTESIAN_POINT('',(-0.70167157899,-50.19225349876));
#11450 = ( GEOMETRIC_REPRESENTATION_CONTEXT(2) 
PARAMETRIC_REPRESENTATION_CONTEXT() REPRESENTATION_CONTEXT('2D SPACE',''
  ) );
#11451 = ORIENTED_EDGE('',*,*,#9147,.T.);
#11452 = ORIENTED_EDGE('',*,*,#8689,.T.);
#11453 = ADVANCED_FACE('',(#11454),#9010,.T.);
#11454 = FACE_BOUND('',#11455,.F.);
#11455 = EDGE_LOOP('',(#11456,#11457));
#11456 = ORIENTED_EDGE('',*,*,#11329,.F.);
#11457 = ORIENTED_EDGE('',*,*,#8744,.T.);
#11458 = ADVANCED_FACE('',(#11459),#9475,.F.);
#11459 = FACE_BOUND('',#11460,.F.);
#11460 = EDGE_LOOP('',(#11461,#11462,#11463,#11464));
#11461 = ORIENTED_EDGE('',*,*,#9791,.T.);
#11462 = ORIENTED_EDGE('',*,*,#11301,.T.);
#11463 = ORIENTED_EDGE('',*,*,#9438,.T.);
#11464 = ORIENTED_EDGE('',*,*,#11465,.F.);
#11465 = EDGE_CURVE('',#9709,#9439,#11466,.T.);
#11466 = SURFACE_CURVE('',#11467,(#11472,#11479),.PCURVE_S1.);
#11467 = CIRCLE('',#11468,16.);
#11468 = AXIS2_PLACEMENT_3D('',#11469,#11470,#11471);
#11469 = CARTESIAN_POINT('',(-59.5,720.3,-367.5));
#11470 = DIRECTION('',(1.,0.,-0.));
#11471 = DIRECTION('',(0.,0.,1.));
#11472 = PCURVE('',#9475,#11473);
#11473 = DEFINITIONAL_REPRESENTATION('',(#11474),#11478);
#11474 = CIRCLE('',#11475,16.);
#11475 = AXIS2_PLACEMENT_2D('',#11476,#11477);
#11476 = CARTESIAN_POINT('',(1.136868377216E-13,0.));
#11477 = DIRECTION('',(1.,0.));
#11478 = ( GEOMETRIC_REPRESENTATION_CONTEXT(2) 
PARAMETRIC_REPRESENTATION_CONTEXT() REPRESENTATION_CONTEXT('2D SPACE',''
  ) );
#11479 = PCURVE('',#9613,#11480);
#11480 = DEFINITIONAL_REPRESENTATION('',(#11481),#11485);
#11481 = LINE('',#11482,#11483);
#11482 = CARTESIAN_POINT('',(-0.,0.));
#11483 = VECTOR('',#11484,1.);
#11484 = DIRECTION('',(-1.,0.));
#11485 = ( GEOMETRIC_REPRESENTATION_CONTEXT(2) 
PARAMETRIC_REPRESENTATION_CONTEXT() REPRESENTATION_CONTEXT('2D SPACE',''
  ) );
#11486 = ADVANCED_FACE('',(#11487),#9613,.F.);
#11487 = FACE_BOUND('',#11488,.T.);
#11488 = EDGE_LOOP('',(#11489,#11490,#11491,#11539));
#11489 = ORIENTED_EDGE('',*,*,#11465,.F.);
#11490 = ORIENTED_EDGE('',*,*,#9708,.T.);
#11491 = ORIENTED_EDGE('',*,*,#11492,.F.);
#11492 = EDGE_CURVE('',#9488,#9681,#11493,.T.);
#11493 = SURFACE_CURVE('',#11494,(#11507,#11523),.PCURVE_S1.);
#11494 = B_SPLINE_CURVE_WITH_KNOTS('',6,(#11495,#11496,#11497,#11498,
    #11499,#11500,#11501,#11502,#11503,#11504,#11505,#11506),
  .UNSPECIFIED.,.F.,.F.,(7,5,7),(0.,0.489036053717,1.),.UNSPECIFIED.);
#11495 = CARTESIAN_POINT('',(-45.9358892358,717.32136759725,
    -383.2202973575));
#11496 = CARTESIAN_POINT('',(-46.27814612376,716.79388933463,
    -383.1203524386));
#11497 = CARTESIAN_POINT('',(-46.61889482721,716.27096319401,
    -382.9992688035));
#11498 = CARTESIAN_POINT('',(-46.95712942384,715.75257397079,
    -382.8571257894));
#11499 = CARTESIAN_POINT('',(-47.29211808062,715.23876073418,
    -382.6937915323));
#11500 = CARTESIAN_POINT('',(-47.62337360012,714.72963321889,
    -382.5089320514));
#11501 = CARTESIAN_POINT('',(-48.29264889637,713.69863413786,
    -382.085822917));
#11502 = CARTESIAN_POINT('',(-48.63038308944,713.17709547823,
    -381.8455018819));
#11503 = CARTESIAN_POINT('',(-48.96318086636,712.66178266579,
    -381.5807061339));
#11504 = CARTESIAN_POINT('',(-49.29074307347,712.15370077014,
    -381.2910274169));
#11505 = CARTESIAN_POINT('',(-49.613219862,711.65395216158,
    -380.9759917568));
#11506 = CARTESIAN_POINT('',(-49.9312640839,711.16378989017,
    -380.6350548087));
#11507 = PCURVE('',#9613,#11508);
#11508 = DEFINITIONAL_REPRESENTATION('',(#11509),#11522);
#11509 = B_SPLINE_CURVE_WITH_KNOTS('',6,(#11510,#11511,#11512,#11513,
    #11514,#11515,#11516,#11517,#11518,#11519,#11520,#11521),
  .UNSPECIFIED.,.F.,.F.,(7,5,7),(0.,0.489036053717,1.),.UNSPECIFIED.);
#11510 = CARTESIAN_POINT('',(-2.95433567911,-13.56411076419));
#11511 = CARTESIAN_POINT('',(-2.920781716954,-13.22185387623));
#11512 = CARTESIAN_POINT('',(-2.88726133239,-12.88110517278));
#11513 = CARTESIAN_POINT('',(-2.853706526512,-12.54287057615));
#11514 = CARTESIAN_POINT('',(-2.820050804283,-12.20788191937));
#11515 = CARTESIAN_POINT('',(-2.786226370847,-11.87662639988));
#11516 = CARTESIAN_POINT('',(-2.716573760617,-11.20735110362));
#11517 = CARTESIAN_POINT('',(-2.680715716154,-10.86961691055));
#11518 = CARTESIAN_POINT('',(-2.644555624978,-10.53681913363));
#11519 = CARTESIAN_POINT('',(-2.608054955007,-10.20925692652));
#11520 = CARTESIAN_POINT('',(-2.571170325684,-9.886780138));
#11521 = CARTESIAN_POINT('',(-2.53385321673,-9.568735916092));
#11522 = ( GEOMETRIC_REPRESENTATION_CONTEXT(2) 
PARAMETRIC_REPRESENTATION_CONTEXT() REPRESENTATION_CONTEXT('2D SPACE',''
  ) );
#11523 = PCURVE('',#9696,#11524);
#11524 = DEFINITIONAL_REPRESENTATION('',(#11525),#11538);
#11525 = B_SPLINE_CURVE_WITH_KNOTS('',6,(#11526,#11527,#11528,#11529,
    #11530,#11531,#11532,#11533,#11534,#11535,#11536,#11537),
  .UNSPECIFIED.,.F.,.F.,(7,5,7),(0.,0.489036053717,1.),.UNSPECIFIED.);
#11526 = CARTESIAN_POINT('',(0.,-54.84729464366));
#11527 = CARTESIAN_POINT('',(-8.816493388251E-03,-54.22101545848));
#11528 = CARTESIAN_POINT('',(-1.598071703375E-02,-53.59209011094));
#11529 = CARTESIAN_POINT('',(-2.148599463525E-02,-52.96104936762));
#11530 = CARTESIAN_POINT('',(-2.531066793549E-02,-52.32825606002));
#11531 = CARTESIAN_POINT('',(-2.742063388327E-02,-51.69393619371));
#11532 = CARTESIAN_POINT('',(-2.813280035627E-02,-50.39400382885));
#11533 = CARTESIAN_POINT('',(-2.657363944553E-02,-49.72811324419));
#11534 = CARTESIAN_POINT('',(-2.303542464331E-02,-49.06155265433));
#11535 = CARTESIAN_POINT('',(-1.746423222349E-02,-48.39513527451));
#11536 = CARTESIAN_POINT('',(-9.80528149936E-03,-47.72949880331));
#11537 = CARTESIAN_POINT('',(0.,-47.06511869914));
#11538 = ( GEOMETRIC_REPRESENTATION_CONTEXT(2) 
PARAMETRIC_REPRESENTATION_CONTEXT() REPRESENTATION_CONTEXT('2D SPACE',''
  ) );
#11539 = ORIENTED_EDGE('',*,*,#9487,.F.);
#11540 = ADVANCED_FACE('',(#11541),#9696,.F.);
#11541 = FACE_BOUND('',#11542,.T.);
#11542 = EDGE_LOOP('',(#11543,#11544));
#11543 = ORIENTED_EDGE('',*,*,#11492,.T.);
#11544 = ORIENTED_EDGE('',*,*,#9680,.T.);
#11545 = ADVANCED_FACE('',(#11546),#9924,.T.);
#11546 = FACE_BOUND('',#11547,.T.);
#11547 = EDGE_LOOP('',(#11548,#11549));
#11548 = ORIENTED_EDGE('',*,*,#9896,.T.);
#11549 = ORIENTED_EDGE('',*,*,#11550,.T.);
#11550 = EDGE_CURVE('',#5184,#5211,#11551,.T.);
#11551 = SURFACE_CURVE('',#11552,(#11557,#11568),.PCURVE_S1.);
#11552 = CIRCLE('',#11553,13.);
#11553 = AXIS2_PLACEMENT_3D('',#11554,#11555,#11556);
#11554 = CARTESIAN_POINT('',(-85.,681.,-365.));
#11555 = DIRECTION('',(-0.465022737593,-0.716682101467,0.519731294957));
#11556 = DIRECTION('',(0.838882261035,-0.544312917466,
    -1.754152378908E-14));
#11557 = PCURVE('',#9924,#11558);
#11558 = DEFINITIONAL_REPRESENTATION('',(#11559),#11567);
#11559 = ( BOUNDED_CURVE() B_SPLINE_CURVE(2,(#11560,#11561,#11562,#11563
    ,#11564,#11565,#11566),.UNSPECIFIED.,.T.,.F.) 
B_SPLINE_CURVE_WITH_KNOTS((1,2,2,2,2,1),(-2.094395102393,0.,
    2.094395102393,4.188790204786,6.28318530718,8.377580409573),
.UNSPECIFIED.) CURVE() GEOMETRIC_REPRESENTATION_ITEM() 
RATIONAL_B_SPLINE_CURVE((1.,0.5,1.,0.5,1.,0.5,1.)) REPRESENTATION_ITEM(
  '') );
#11560 = CARTESIAN_POINT('',(-4.1541389293,12.318406137));
#11561 = CARTESIAN_POINT('',(17.181966368253,19.513585824247));
#11562 = CARTESIAN_POINT('',(12.745122113426,-2.561613224877));
#11563 = CARTESIAN_POINT('',(8.308277858599,-24.636812274));
#11564 = CARTESIAN_POINT('',(-8.590983184126,-9.756792912123));
#11565 = CARTESIAN_POINT('',(-25.49024422685,5.123226449753));
#11566 = CARTESIAN_POINT('',(-4.1541389293,12.318406137));
#11567 = ( GEOMETRIC_REPRESENTATION_CONTEXT(2) 
PARAMETRIC_REPRESENTATION_CONTEXT() REPRESENTATION_CONTEXT('2D SPACE',''
  ) );
#11568 = PCURVE('',#11569,#11574);
#11569 = CYLINDRICAL_SURFACE('',#11570,13.);
#11570 = AXIS2_PLACEMENT_3D('',#11571,#11572,#11573);
#11571 = CARTESIAN_POINT('',(-170.,550.,-270.));
#11572 = DIRECTION('',(-0.465022737593,-0.716682101467,0.519731294957));
#11573 = DIRECTION('',(0.,0.587068831465,0.80953702023));
#11574 = DEFINITIONAL_REPRESENTATION('',(#11575),#11579);
#11575 = LINE('',#11576,#11577);
#11576 = CARTESIAN_POINT('',(-8.17923528526,-182.7867610085));
#11577 = VECTOR('',#11578,1.);
#11578 = DIRECTION('',(1.,-0.));
#11579 = ( GEOMETRIC_REPRESENTATION_CONTEXT(2) 
PARAMETRIC_REPRESENTATION_CONTEXT() REPRESENTATION_CONTEXT('2D SPACE',''
  ) );
#11580 = ADVANCED_FACE('',(#11581,#11584),#9956,.F.);
#11581 = FACE_BOUND('',#11582,.F.);
#11582 = EDGE_LOOP('',(#11583));
#11583 = ORIENTED_EDGE('',*,*,#9939,.T.);
#11584 = FACE_BOUND('',#11585,.F.);
#11585 = EDGE_LOOP('',(#11586));
#11586 = ORIENTED_EDGE('',*,*,#11587,.T.);
#11587 = EDGE_CURVE('',#11588,#11588,#11590,.T.);
#11588 = VERTEX_POINT('',#11589);
#11589 = CARTESIAN_POINT('',(-210.,550.,-252.5));
#11590 = SURFACE_CURVE('',#11591,(#11596,#11607),.PCURVE_S1.);
#11591 = CIRCLE('',#11592,17.5);
#11592 = AXIS2_PLACEMENT_3D('',#11593,#11594,#11595);
#11593 = CARTESIAN_POINT('',(-210.,550.,-270.));
#11594 = DIRECTION('',(-1.,-0.,0.));
#11595 = DIRECTION('',(0.,0.,1.));
#11596 = PCURVE('',#9956,#11597);
#11597 = DEFINITIONAL_REPRESENTATION('',(#11598),#11606);
#11598 = ( BOUNDED_CURVE() B_SPLINE_CURVE(2,(#11599,#11600,#11601,#11602
    ,#11603,#11604,#11605),.UNSPECIFIED.,.T.,.F.) 
B_SPLINE_CURVE_WITH_KNOTS((1,2,2,2,2,1),(-2.094395102393,0.,
    2.094395102393,4.188790204786,6.28318530718,8.377580409573),
.UNSPECIFIED.) CURVE() GEOMETRIC_REPRESENTATION_ITEM() 
RATIONAL_B_SPLINE_CURVE((1.,0.5,1.,0.5,1.,0.5,1.)) REPRESENTATION_ITEM(
  '') );
#11599 = CARTESIAN_POINT('',(17.5,1.136868377216E-13));
#11600 = CARTESIAN_POINT('',(17.5,-30.31088913245));
#11601 = CARTESIAN_POINT('',(-8.75,-15.15544456622));
#11602 = CARTESIAN_POINT('',(-35.,1.094005739246E-13));
#11603 = CARTESIAN_POINT('',(-8.75,15.155444566228));
#11604 = CARTESIAN_POINT('',(17.5,30.310889132455));
#11605 = CARTESIAN_POINT('',(17.5,1.136868377216E-13));
#11606 = ( GEOMETRIC_REPRESENTATION_CONTEXT(2) 
PARAMETRIC_REPRESENTATION_CONTEXT() REPRESENTATION_CONTEXT('2D SPACE',''
  ) );
#11607 = PCURVE('',#11608,#11613);
#11608 = CYLINDRICAL_SURFACE('',#11609,17.5);
#11609 = AXIS2_PLACEMENT_3D('',#11610,#11611,#11612);
#11610 = CARTESIAN_POINT('',(-225.,550.,-270.));
#11611 = DIRECTION('',(-1.,-0.,0.));
#11612 = DIRECTION('',(0.,0.,1.));
#11613 = DEFINITIONAL_REPRESENTATION('',(#11614),#11618);
#11614 = LINE('',#11615,#11616);
#11615 = CARTESIAN_POINT('',(-6.28318530718,-15.));
#11616 = VECTOR('',#11617,1.);
#11617 = DIRECTION('',(1.,-0.));
#11618 = ( GEOMETRIC_REPRESENTATION_CONTEXT(2) 
PARAMETRIC_REPRESENTATION_CONTEXT() REPRESENTATION_CONTEXT('2D SPACE',''
  ) );
#11619 = ADVANCED_FACE('',(#11620,#11623),#10006,.T.);
#11620 = FACE_BOUND('',#11621,.T.);
#11621 = EDGE_LOOP('',(#11622));
#11622 = ORIENTED_EDGE('',*,*,#9991,.T.);
#11623 = FACE_BOUND('',#11624,.T.);
#11624 = EDGE_LOOP('',(#11625));
#11625 = ORIENTED_EDGE('',*,*,#11626,.T.);
#11626 = EDGE_CURVE('',#11627,#11627,#11629,.T.);
#11627 = VERTEX_POINT('',#11628);
#11628 = CARTESIAN_POINT('',(-130.,550.,-252.5));
#11629 = SURFACE_CURVE('',#11630,(#11635,#11646),.PCURVE_S1.);
#11630 = CIRCLE('',#11631,17.5);
#11631 = AXIS2_PLACEMENT_3D('',#11632,#11633,#11634);
#11632 = CARTESIAN_POINT('',(-130.,550.,-270.));
#11633 = DIRECTION('',(-1.,-0.,0.));
#11634 = DIRECTION('',(0.,0.,1.));
#11635 = PCURVE('',#10006,#11636);
#11636 = DEFINITIONAL_REPRESENTATION('',(#11637),#11645);
#11637 = ( BOUNDED_CURVE() B_SPLINE_CURVE(2,(#11638,#11639,#11640,#11641
    ,#11642,#11643,#11644),.UNSPECIFIED.,.T.,.F.) 
B_SPLINE_CURVE_WITH_KNOTS((1,2,2,2,2,1),(-2.094395102393,0.,
    2.094395102393,4.188790204786,6.28318530718,8.377580409573),
.UNSPECIFIED.) CURVE() GEOMETRIC_REPRESENTATION_ITEM() 
RATIONAL_B_SPLINE_CURVE((1.,0.5,1.,0.5,1.,0.5,1.)) REPRESENTATION_ITEM(
  '') );
#11638 = CARTESIAN_POINT('',(17.5,1.136868377216E-13));
#11639 = CARTESIAN_POINT('',(17.5,-30.31088913245));
#11640 = CARTESIAN_POINT('',(-8.75,-15.15544456622));
#11641 = CARTESIAN_POINT('',(-35.,1.094005739246E-13));
#11642 = CARTESIAN_POINT('',(-8.75,15.155444566228));
#11643 = CARTESIAN_POINT('',(17.5,30.310889132455));
#11644 = CARTESIAN_POINT('',(17.5,1.136868377216E-13));
#11645 = ( GEOMETRIC_REPRESENTATION_CONTEXT(2) 
PARAMETRIC_REPRESENTATION_CONTEXT() REPRESENTATION_CONTEXT('2D SPACE',''
  ) );
#11646 = PCURVE('',#11608,#11647);
#11647 = DEFINITIONAL_REPRESENTATION('',(#11648),#11652);
#11648 = LINE('',#11649,#11650);
#11649 = CARTESIAN_POINT('',(-6.28318530718,-95.));
#11650 = VECTOR('',#11651,1.);
#11651 = DIRECTION('',(1.,-0.));
#11652 = ( GEOMETRIC_REPRESENTATION_CONTEXT(2) 
PARAMETRIC_REPRESENTATION_CONTEXT() REPRESENTATION_CONTEXT('2D SPACE',''
  ) );
#11653 = ADVANCED_FACE('',(#11654),#10041,.T.);
#11654 = FACE_BOUND('',#11655,.T.);
#11655 = EDGE_LOOP('',(#11656,#11657,#11680,#11708,#11729));
#11656 = ORIENTED_EDGE('',*,*,#10213,.F.);
#11657 = ORIENTED_EDGE('',*,*,#11658,.T.);
#11658 = EDGE_CURVE('',#10190,#11659,#11661,.T.);
#11659 = VERTEX_POINT('',#11660);
#11660 = CARTESIAN_POINT('',(-16.,700.3,-347.5));
#11661 = SURFACE_CURVE('',#11662,(#11666,#11673),.PCURVE_S1.);
#11662 = LINE('',#11663,#11664);
#11663 = CARTESIAN_POINT('',(-24.,700.3,-347.5));
#11664 = VECTOR('',#11665,1.);
#11665 = DIRECTION('',(1.,0.,0.));
#11666 = PCURVE('',#10041,#11667);
#11667 = DEFINITIONAL_REPRESENTATION('',(#11668),#11672);
#11668 = LINE('',#11669,#11670);
#11669 = CARTESIAN_POINT('',(0.,0.));
#11670 = VECTOR('',#11671,1.);
#11671 = DIRECTION('',(1.,0.));
#11672 = ( GEOMETRIC_REPRESENTATION_CONTEXT(2) 
PARAMETRIC_REPRESENTATION_CONTEXT() REPRESENTATION_CONTEXT('2D SPACE',''
  ) );
#11673 = PCURVE('',#10152,#11674);
#11674 = DEFINITIONAL_REPRESENTATION('',(#11675),#11679);
#11675 = LINE('',#11676,#11677);
#11676 = CARTESIAN_POINT('',(40.,0.));
#11677 = VECTOR('',#11678,1.);
#11678 = DIRECTION('',(0.,1.));
#11679 = ( GEOMETRIC_REPRESENTATION_CONTEXT(2) 
PARAMETRIC_REPRESENTATION_CONTEXT() REPRESENTATION_CONTEXT('2D SPACE',''
  ) );
#11680 = ORIENTED_EDGE('',*,*,#11681,.T.);
#11681 = EDGE_CURVE('',#11659,#11682,#11684,.T.);
#11682 = VERTEX_POINT('',#11683);
#11683 = CARTESIAN_POINT('',(-16.,740.3,-347.5));
#11684 = SURFACE_CURVE('',#11685,(#11689,#11696),.PCURVE_S1.);
#11685 = LINE('',#11686,#11687);
#11686 = CARTESIAN_POINT('',(-16.,700.3,-347.5));
#11687 = VECTOR('',#11688,1.);
#11688 = DIRECTION('',(0.,1.,0.));
#11689 = PCURVE('',#10041,#11690);
#11690 = DEFINITIONAL_REPRESENTATION('',(#11691),#11695);
#11691 = LINE('',#11692,#11693);
#11692 = CARTESIAN_POINT('',(8.,0.));
#11693 = VECTOR('',#11694,1.);
#11694 = DIRECTION('',(0.,1.));
#11695 = ( GEOMETRIC_REPRESENTATION_CONTEXT(2) 
PARAMETRIC_REPRESENTATION_CONTEXT() REPRESENTATION_CONTEXT('2D SPACE',''
  ) );
#11696 = PCURVE('',#11697,#11702);
#11697 = PLANE('',#11698);
#11698 = AXIS2_PLACEMENT_3D('',#11699,#11700,#11701);
#11699 = CARTESIAN_POINT('',(-16.,700.3,-387.5));
#11700 = DIRECTION('',(1.,0.,0.));
#11701 = DIRECTION('',(0.,0.,1.));
#11702 = DEFINITIONAL_REPRESENTATION('',(#11703),#11707);
#11703 = LINE('',#11704,#11705);
#11704 = CARTESIAN_POINT('',(40.,0.));
#11705 = VECTOR('',#11706,1.);
#11706 = DIRECTION('',(0.,-1.));
#11707 = ( GEOMETRIC_REPRESENTATION_CONTEXT(2) 
PARAMETRIC_REPRESENTATION_CONTEXT() REPRESENTATION_CONTEXT('2D SPACE',''
  ) );
#11708 = ORIENTED_EDGE('',*,*,#11709,.F.);
#11709 = EDGE_CURVE('',#10026,#11682,#11710,.T.);
#11710 = SURFACE_CURVE('',#11711,(#11715,#11722),.PCURVE_S1.);
#11711 = LINE('',#11712,#11713);
#11712 = CARTESIAN_POINT('',(-24.,740.3,-347.5));
#11713 = VECTOR('',#11714,1.);
#11714 = DIRECTION('',(1.,0.,0.));
#11715 = PCURVE('',#10041,#11716);
#11716 = DEFINITIONAL_REPRESENTATION('',(#11717),#11721);
#11717 = LINE('',#11718,#11719);
#11718 = CARTESIAN_POINT('',(0.,40.));
#11719 = VECTOR('',#11720,1.);
#11720 = DIRECTION('',(1.,0.));
#11721 = ( GEOMETRIC_REPRESENTATION_CONTEXT(2) 
PARAMETRIC_REPRESENTATION_CONTEXT() REPRESENTATION_CONTEXT('2D SPACE',''
  ) );
#11722 = PCURVE('',#10068,#11723);
#11723 = DEFINITIONAL_REPRESENTATION('',(#11724),#11728);
#11724 = LINE('',#11725,#11726);
#11725 = CARTESIAN_POINT('',(40.,0.));
#11726 = VECTOR('',#11727,1.);
#11727 = DIRECTION('',(0.,1.));
#11728 = ( GEOMETRIC_REPRESENTATION_CONTEXT(2) 
PARAMETRIC_REPRESENTATION_CONTEXT() REPRESENTATION_CONTEXT('2D SPACE',''
  ) );
#11729 = ORIENTED_EDGE('',*,*,#10025,.F.);
#11730 = ADVANCED_FACE('',(#11731),#10068,.T.);
#11731 = FACE_BOUND('',#11732,.T.);
#11732 = EDGE_LOOP('',(#11733,#11756,#11757,#11758,#11759));
#11733 = ORIENTED_EDGE('',*,*,#11734,.F.);
#11734 = EDGE_CURVE('',#10085,#11735,#11737,.T.);
#11735 = VERTEX_POINT('',#11736);
#11736 = CARTESIAN_POINT('',(-16.,740.3,-387.5));
#11737 = SURFACE_CURVE('',#11738,(#11742,#11749),.PCURVE_S1.);
#11738 = LINE('',#11739,#11740);
#11739 = CARTESIAN_POINT('',(-24.,740.3,-387.5));
#11740 = VECTOR('',#11741,1.);
#11741 = DIRECTION('',(1.,0.,0.));
#11742 = PCURVE('',#10068,#11743);
#11743 = DEFINITIONAL_REPRESENTATION('',(#11744),#11748);
#11744 = LINE('',#11745,#11746);
#11745 = CARTESIAN_POINT('',(0.,0.));
#11746 = VECTOR('',#11747,1.);
#11747 = DIRECTION('',(0.,1.));
#11748 = ( GEOMETRIC_REPRESENTATION_CONTEXT(2) 
PARAMETRIC_REPRESENTATION_CONTEXT() REPRESENTATION_CONTEXT('2D SPACE',''
  ) );
#11749 = PCURVE('',#10100,#11750);
#11750 = DEFINITIONAL_REPRESENTATION('',(#11751),#11755);
#11751 = LINE('',#11752,#11753);
#11752 = CARTESIAN_POINT('',(0.,40.));
#11753 = VECTOR('',#11754,1.);
#11754 = DIRECTION('',(1.,0.));
#11755 = ( GEOMETRIC_REPRESENTATION_CONTEXT(2) 
PARAMETRIC_REPRESENTATION_CONTEXT() REPRESENTATION_CONTEXT('2D SPACE',''
  ) );
#11756 = ORIENTED_EDGE('',*,*,#10112,.T.);
#11757 = ORIENTED_EDGE('',*,*,#10054,.T.);
#11758 = ORIENTED_EDGE('',*,*,#11709,.T.);
#11759 = ORIENTED_EDGE('',*,*,#11760,.F.);
#11760 = EDGE_CURVE('',#11735,#11682,#11761,.T.);
#11761 = SURFACE_CURVE('',#11762,(#11766,#11773),.PCURVE_S1.);
#11762 = LINE('',#11763,#11764);
#11763 = CARTESIAN_POINT('',(-16.,740.3,-387.5));
#11764 = VECTOR('',#11765,1.);
#11765 = DIRECTION('',(0.,0.,1.));
#11766 = PCURVE('',#10068,#11767);
#11767 = DEFINITIONAL_REPRESENTATION('',(#11768),#11772);
#11768 = LINE('',#11769,#11770);
#11769 = CARTESIAN_POINT('',(0.,8.));
#11770 = VECTOR('',#11771,1.);
#11771 = DIRECTION('',(1.,0.));
#11772 = ( GEOMETRIC_REPRESENTATION_CONTEXT(2) 
PARAMETRIC_REPRESENTATION_CONTEXT() REPRESENTATION_CONTEXT('2D SPACE',''
  ) );
#11773 = PCURVE('',#11697,#11774);
#11774 = DEFINITIONAL_REPRESENTATION('',(#11775),#11779);
#11775 = LINE('',#11776,#11777);
#11776 = CARTESIAN_POINT('',(0.,-40.));
#11777 = VECTOR('',#11778,1.);
#11778 = DIRECTION('',(1.,0.));
#11779 = ( GEOMETRIC_REPRESENTATION_CONTEXT(2) 
PARAMETRIC_REPRESENTATION_CONTEXT() REPRESENTATION_CONTEXT('2D SPACE',''
  ) );
#11780 = ADVANCED_FACE('',(#11781),#10100,.F.);
#11781 = FACE_BOUND('',#11782,.F.);
#11782 = EDGE_LOOP('',(#11783,#11784,#11807,#11828,#11829));
#11783 = ORIENTED_EDGE('',*,*,#10164,.F.);
#11784 = ORIENTED_EDGE('',*,*,#11785,.T.);
#11785 = EDGE_CURVE('',#10137,#11786,#11788,.T.);
#11786 = VERTEX_POINT('',#11787);
#11787 = CARTESIAN_POINT('',(-16.,700.3,-387.5));
#11788 = SURFACE_CURVE('',#11789,(#11793,#11800),.PCURVE_S1.);
#11789 = LINE('',#11790,#11791);
#11790 = CARTESIAN_POINT('',(-24.,700.3,-387.5));
#11791 = VECTOR('',#11792,1.);
#11792 = DIRECTION('',(1.,0.,0.));
#11793 = PCURVE('',#10100,#11794);
#11794 = DEFINITIONAL_REPRESENTATION('',(#11795),#11799);
#11795 = LINE('',#11796,#11797);
#11796 = CARTESIAN_POINT('',(0.,0.));
#11797 = VECTOR('',#11798,1.);
#11798 = DIRECTION('',(1.,0.));
#11799 = ( GEOMETRIC_REPRESENTATION_CONTEXT(2) 
PARAMETRIC_REPRESENTATION_CONTEXT() REPRESENTATION_CONTEXT('2D SPACE',''
  ) );
#11800 = PCURVE('',#10152,#11801);
#11801 = DEFINITIONAL_REPRESENTATION('',(#11802),#11806);
#11802 = LINE('',#11803,#11804);
#11803 = CARTESIAN_POINT('',(0.,0.));
#11804 = VECTOR('',#11805,1.);
#11805 = DIRECTION('',(0.,1.));
#11806 = ( GEOMETRIC_REPRESENTATION_CONTEXT(2) 
PARAMETRIC_REPRESENTATION_CONTEXT() REPRESENTATION_CONTEXT('2D SPACE',''
  ) );
#11807 = ORIENTED_EDGE('',*,*,#11808,.T.);
#11808 = EDGE_CURVE('',#11786,#11735,#11809,.T.);
#11809 = SURFACE_CURVE('',#11810,(#11814,#11821),.PCURVE_S1.);
#11810 = LINE('',#11811,#11812);
#11811 = CARTESIAN_POINT('',(-16.,700.3,-387.5));
#11812 = VECTOR('',#11813,1.);
#11813 = DIRECTION('',(0.,1.,0.));
#11814 = PCURVE('',#10100,#11815);
#11815 = DEFINITIONAL_REPRESENTATION('',(#11816),#11820);
#11816 = LINE('',#11817,#11818);
#11817 = CARTESIAN_POINT('',(8.,0.));
#11818 = VECTOR('',#11819,1.);
#11819 = DIRECTION('',(0.,1.));
#11820 = ( GEOMETRIC_REPRESENTATION_CONTEXT(2) 
PARAMETRIC_REPRESENTATION_CONTEXT() REPRESENTATION_CONTEXT('2D SPACE',''
  ) );
#11821 = PCURVE('',#11697,#11822);
#11822 = DEFINITIONAL_REPRESENTATION('',(#11823),#11827);
#11823 = LINE('',#11824,#11825);
#11824 = CARTESIAN_POINT('',(0.,0.));
#11825 = VECTOR('',#11826,1.);
#11826 = DIRECTION('',(0.,-1.));
#11827 = ( GEOMETRIC_REPRESENTATION_CONTEXT(2) 
PARAMETRIC_REPRESENTATION_CONTEXT() REPRESENTATION_CONTEXT('2D SPACE',''
  ) );
#11828 = ORIENTED_EDGE('',*,*,#11734,.F.);
#11829 = ORIENTED_EDGE('',*,*,#10084,.F.);
#11830 = ADVANCED_FACE('',(#11831),#10152,.F.);
#11831 = FACE_BOUND('',#11832,.F.);
#11832 = EDGE_LOOP('',(#11833,#11834,#11835,#11836,#11837));
#11833 = ORIENTED_EDGE('',*,*,#11785,.F.);
#11834 = ORIENTED_EDGE('',*,*,#10136,.T.);
#11835 = ORIENTED_EDGE('',*,*,#10189,.T.);
#11836 = ORIENTED_EDGE('',*,*,#11658,.T.);
#11837 = ORIENTED_EDGE('',*,*,#11838,.F.);
#11838 = EDGE_CURVE('',#11786,#11659,#11839,.T.);
#11839 = SURFACE_CURVE('',#11840,(#11844,#11851),.PCURVE_S1.);
#11840 = LINE('',#11841,#11842);
#11841 = CARTESIAN_POINT('',(-16.,700.3,-387.5));
#11842 = VECTOR('',#11843,1.);
#11843 = DIRECTION('',(0.,0.,1.));
#11844 = PCURVE('',#10152,#11845);
#11845 = DEFINITIONAL_REPRESENTATION('',(#11846),#11850);
#11846 = LINE('',#11847,#11848);
#11847 = CARTESIAN_POINT('',(0.,8.));
#11848 = VECTOR('',#11849,1.);
#11849 = DIRECTION('',(1.,0.));
#11850 = ( GEOMETRIC_REPRESENTATION_CONTEXT(2) 
PARAMETRIC_REPRESENTATION_CONTEXT() REPRESENTATION_CONTEXT('2D SPACE',''
  ) );
#11851 = PCURVE('',#11697,#11852);
#11852 = DEFINITIONAL_REPRESENTATION('',(#11853),#11857);
#11853 = LINE('',#11854,#11855);
#11854 = CARTESIAN_POINT('',(0.,0.));
#11855 = VECTOR('',#11856,1.);
#11856 = DIRECTION('',(1.,0.));
#11857 = ( GEOMETRIC_REPRESENTATION_CONTEXT(2) 
PARAMETRIC_REPRESENTATION_CONTEXT() REPRESENTATION_CONTEXT('2D SPACE',''
  ) );
#11858 = ADVANCED_FACE('',(#11859),#10261,.F.);
#11859 = FACE_BOUND('',#11860,.T.);
#11860 = EDGE_LOOP('',(#11861,#11862,#11885,#11911));
#11861 = ORIENTED_EDGE('',*,*,#10240,.T.);
#11862 = ORIENTED_EDGE('',*,*,#11863,.T.);
#11863 = EDGE_CURVE('',#10241,#11864,#11866,.T.);
#11864 = VERTEX_POINT('',#11865);
#11865 = CARTESIAN_POINT('',(-16.,720.3,-360.25));
#11866 = SEAM_CURVE('',#11867,(#11871,#11878),.PCURVE_S1.);
#11867 = LINE('',#11868,#11869);
#11868 = CARTESIAN_POINT('',(-30.,720.3,-360.25));
#11869 = VECTOR('',#11870,1.);
#11870 = DIRECTION('',(1.,0.,0.));
#11871 = PCURVE('',#10261,#11872);
#11872 = DEFINITIONAL_REPRESENTATION('',(#11873),#11877);
#11873 = LINE('',#11874,#11875);
#11874 = CARTESIAN_POINT('',(-6.28318530718,0.));
#11875 = VECTOR('',#11876,1.);
#11876 = DIRECTION('',(-0.,-1.));
#11877 = ( GEOMETRIC_REPRESENTATION_CONTEXT(2) 
PARAMETRIC_REPRESENTATION_CONTEXT() REPRESENTATION_CONTEXT('2D SPACE',''
  ) );
#11878 = PCURVE('',#10261,#11879);
#11879 = DEFINITIONAL_REPRESENTATION('',(#11880),#11884);
#11880 = LINE('',#11881,#11882);
#11881 = CARTESIAN_POINT('',(-0.,0.));
#11882 = VECTOR('',#11883,1.);
#11883 = DIRECTION('',(-0.,-1.));
#11884 = ( GEOMETRIC_REPRESENTATION_CONTEXT(2) 
PARAMETRIC_REPRESENTATION_CONTEXT() REPRESENTATION_CONTEXT('2D SPACE',''
  ) );
#11885 = ORIENTED_EDGE('',*,*,#11886,.F.);
#11886 = EDGE_CURVE('',#11864,#11864,#11887,.T.);
#11887 = SURFACE_CURVE('',#11888,(#11893,#11900),.PCURVE_S1.);
#11888 = CIRCLE('',#11889,7.25);
#11889 = AXIS2_PLACEMENT_3D('',#11890,#11891,#11892);
#11890 = CARTESIAN_POINT('',(-16.,720.3,-367.5));
#11891 = DIRECTION('',(-1.,-0.,0.));
#11892 = DIRECTION('',(0.,0.,1.));
#11893 = PCURVE('',#10261,#11894);
#11894 = DEFINITIONAL_REPRESENTATION('',(#11895),#11899);
#11895 = LINE('',#11896,#11897);
#11896 = CARTESIAN_POINT('',(-6.28318530718,-14.));
#11897 = VECTOR('',#11898,1.);
#11898 = DIRECTION('',(1.,-0.));
#11899 = ( GEOMETRIC_REPRESENTATION_CONTEXT(2) 
PARAMETRIC_REPRESENTATION_CONTEXT() REPRESENTATION_CONTEXT('2D SPACE',''
  ) );
#11900 = PCURVE('',#11697,#11901);
#11901 = DEFINITIONAL_REPRESENTATION('',(#11902),#11910);
#11902 = ( BOUNDED_CURVE() B_SPLINE_CURVE(2,(#11903,#11904,#11905,#11906
    ,#11907,#11908,#11909),.UNSPECIFIED.,.T.,.F.) 
B_SPLINE_CURVE_WITH_KNOTS((1,2,2,2,2,1),(-2.094395102393,0.,
    2.094395102393,4.188790204786,6.28318530718,8.377580409573),
.UNSPECIFIED.) CURVE() GEOMETRIC_REPRESENTATION_ITEM() 
RATIONAL_B_SPLINE_CURVE((1.,0.5,1.,0.5,1.,0.5,1.)) REPRESENTATION_ITEM(
  '') );
#11903 = CARTESIAN_POINT('',(27.25,-20.));
#11904 = CARTESIAN_POINT('',(27.25,-32.55736835487));
#11905 = CARTESIAN_POINT('',(16.375,-26.27868417743));
#11906 = CARTESIAN_POINT('',(5.5,-20.));
#11907 = CARTESIAN_POINT('',(16.375,-13.72131582256));
#11908 = CARTESIAN_POINT('',(27.25,-7.442631645126));
#11909 = CARTESIAN_POINT('',(27.25,-20.));
#11910 = ( GEOMETRIC_REPRESENTATION_CONTEXT(2) 
PARAMETRIC_REPRESENTATION_CONTEXT() REPRESENTATION_CONTEXT('2D SPACE',''
  ) );
#11911 = ORIENTED_EDGE('',*,*,#11863,.F.);
#11912 = ADVANCED_FACE('',(#11913),#10296,.F.);
#11913 = FACE_BOUND('',#11914,.T.);
#11914 = EDGE_LOOP('',(#11915,#11916,#11917,#11918));
#11915 = ORIENTED_EDGE('',*,*,#10277,.F.);
#11916 = ORIENTED_EDGE('',*,*,#10782,.T.);
#11917 = ORIENTED_EDGE('',*,*,#10851,.T.);
#11918 = ORIENTED_EDGE('',*,*,#10817,.T.);
#11919 = ADVANCED_FACE('',(#11920,#11926),#10562,.F.);
#11920 = FACE_BOUND('',#11921,.F.);
#11921 = EDGE_LOOP('',(#11922,#11923,#11924,#11925));
#11922 = ORIENTED_EDGE('',*,*,#10546,.F.);
#11923 = ORIENTED_EDGE('',*,*,#10650,.T.);
#11924 = ORIENTED_EDGE('',*,*,#10701,.T.);
#11925 = ORIENTED_EDGE('',*,*,#10600,.F.);
#11926 = FACE_BOUND('',#11927,.F.);
#11927 = EDGE_LOOP('',(#11928));
#11928 = ORIENTED_EDGE('',*,*,#10728,.T.);
#11929 = ADVANCED_FACE('',(#11930),#11258,.F.);
#11930 = FACE_BOUND('',#11931,.F.);
#11931 = EDGE_LOOP('',(#11932,#11933,#11960));
#11932 = ORIENTED_EDGE('',*,*,#11237,.T.);
#11933 = ORIENTED_EDGE('',*,*,#11934,.F.);
#11934 = EDGE_CURVE('',#5211,#5184,#11935,.T.);
#11935 = SURFACE_CURVE('',#11936,(#11941,#11948),.PCURVE_S1.);
#11936 = CIRCLE('',#11937,13.);
#11937 = AXIS2_PLACEMENT_3D('',#11938,#11939,#11940);
#11938 = CARTESIAN_POINT('',(-85.,681.,-365.));
#11939 = DIRECTION('',(0.51340073478,0.791241132425,-0.332200475446));
#11940 = DIRECTION('',(0.838882261035,-0.544312917466,0.));
#11941 = PCURVE('',#11258,#11942);
#11942 = DEFINITIONAL_REPRESENTATION('',(#11943),#11947);
#11943 = CIRCLE('',#11944,13.);
#11944 = AXIS2_PLACEMENT_2D('',#11945,#11946);
#11945 = CARTESIAN_POINT('',(-2.384246786947E-14,5.875445520796E-14));
#11946 = DIRECTION('',(1.,-2.356137290196E-16));
#11947 = ( GEOMETRIC_REPRESENTATION_CONTEXT(2) 
PARAMETRIC_REPRESENTATION_CONTEXT() REPRESENTATION_CONTEXT('2D SPACE',''
  ) );
#11948 = PCURVE('',#11949,#11954);
#11949 = CYLINDRICAL_SURFACE('',#11950,13.);
#11950 = AXIS2_PLACEMENT_3D('',#11951,#11952,#11953);
#11951 = CARTESIAN_POINT('',(-85.,681.,-365.));
#11952 = DIRECTION('',(-0.51340073478,-0.791241132425,0.332200475446));
#11953 = DIRECTION('',(0.838882261035,-0.544312917466,0.));
#11954 = DEFINITIONAL_REPRESENTATION('',(#11955),#11959);
#11955 = LINE('',#11956,#11957);
#11956 = CARTESIAN_POINT('',(-0.,0.));
#11957 = VECTOR('',#11958,1.);
#11958 = DIRECTION('',(-1.,0.));
#11959 = ( GEOMETRIC_REPRESENTATION_CONTEXT(2) 
PARAMETRIC_REPRESENTATION_CONTEXT() REPRESENTATION_CONTEXT('2D SPACE',''
  ) );
#11960 = ORIENTED_EDGE('',*,*,#11271,.T.);
#11961 = ADVANCED_FACE('',(#11962),#11123,.T.);
#11962 = FACE_BOUND('',#11963,.F.);
#11963 = EDGE_LOOP('',(#11964));
#11964 = ORIENTED_EDGE('',*,*,#10907,.F.);
#11965 = ADVANCED_FACE('',(#11966),#11569,.F.);
#11966 = FACE_BOUND('',#11967,.T.);
#11967 = EDGE_LOOP('',(#11968,#11969,#12003,#12033));
#11968 = ORIENTED_EDGE('',*,*,#11550,.F.);
#11969 = ORIENTED_EDGE('',*,*,#11970,.T.);
#11970 = EDGE_CURVE('',#5184,#11971,#11973,.T.);
#11971 = VERTEX_POINT('',#11972);
#11972 = CARTESIAN_POINT('',(-81.95303028112,685.69591803732,
    -353.1888304262));
#11973 = SURFACE_CURVE('',#11974,(#11979,#11991),.PCURVE_S1.);
#11974 = ELLIPSE('',#11975,13.070554593481,13.);
#11975 = AXIS2_PLACEMENT_3D('',#11976,#11977,#11978);
#11976 = CARTESIAN_POINT('',(-85.,681.,-365.));
#11977 = DIRECTION('',(-0.491866823507,-0.758053575053,0.428277719807));
#11978 = DIRECTION('',(0.233117095153,0.359274581942,0.903647162734));
#11979 = PCURVE('',#11569,#11980);
#11980 = DEFINITIONAL_REPRESENTATION('',(#11981),#11990);
#11981 = B_SPLINE_CURVE_WITH_KNOTS('',7,(#11982,#11983,#11984,#11985,
    #11986,#11987,#11988,#11989),.UNSPECIFIED.,.F.,.F.,(8,8),(
    4.712388310318,6.28318530718),.PIECEWISE_BEZIER_KNOTS.);
#11982 = CARTESIAN_POINT('',(-8.179235955327,-182.7867619173));
#11983 = CARTESIAN_POINT('',(-7.954836384347,-182.4824213792));
#11984 = CARTESIAN_POINT('',(-7.730436813366,-182.1780820235));
#11985 = CARTESIAN_POINT('',(-7.506037242386,-181.8987650437));
#11986 = CARTESIAN_POINT('',(-7.281637671406,-181.6695383816));
#11987 = CARTESIAN_POINT('',(-7.057238100426,-181.5101947522));
#11988 = CARTESIAN_POINT('',(-6.832838529446,-181.4305171583));
#11989 = CARTESIAN_POINT('',(-6.608438958465,-181.4305171583));
#11990 = ( GEOMETRIC_REPRESENTATION_CONTEXT(2) 
PARAMETRIC_REPRESENTATION_CONTEXT() REPRESENTATION_CONTEXT('2D SPACE',''
  ) );
#11991 = PCURVE('',#11949,#11992);
#11992 = DEFINITIONAL_REPRESENTATION('',(#11993),#12002);
#11993 = B_SPLINE_CURVE_WITH_KNOTS('',7,(#11994,#11995,#11996,#11997,
    #11998,#11999,#12000,#12001),.UNSPECIFIED.,.F.,.F.,(8,8),(
    4.712388310318,6.28318530718),.PIECEWISE_BEZIER_KNOTS.);
#11994 = CARTESIAN_POINT('',(-6.283185977246,9.087731314139E-07));
#11995 = CARTESIAN_POINT('',(-6.058786406266,-0.304339629352));
#11996 = CARTESIAN_POINT('',(-5.834386835286,-0.60867898506));
#11997 = CARTESIAN_POINT('',(-5.609987264305,-0.887995964737));
#11998 = CARTESIAN_POINT('',(-5.385587693326,-1.117222627001));
#11999 = CARTESIAN_POINT('',(-5.161188122345,-1.276566256269));
#12000 = CARTESIAN_POINT('',(-4.936788551365,-1.356243850182));
#12001 = CARTESIAN_POINT('',(-4.712388980385,-1.356243850182));
#12002 = ( GEOMETRIC_REPRESENTATION_CONTEXT(2) 
PARAMETRIC_REPRESENTATION_CONTEXT() REPRESENTATION_CONTEXT('2D SPACE',''
  ) );
#12003 = ORIENTED_EDGE('',*,*,#12004,.T.);
#12004 = EDGE_CURVE('',#11971,#12005,#12007,.T.);
#12005 = VERTEX_POINT('',#12006);
#12006 = CARTESIAN_POINT('',(-85.59761726656,687.71086113938,
    -353.8080935567));
#12007 = SURFACE_CURVE('',#12008,(#12013,#12023),.PCURVE_S1.);
#12008 = ELLIPSE('',#12009,13.070554593481,13.);
#12009 = AXIS2_PLACEMENT_3D('',#12010,#12011,#12012);
#12010 = CARTESIAN_POINT('',(-85.,681.,-365.));
#12011 = DIRECTION('',(-0.491866823507,-0.758053575053,0.428277719807));
#12012 = DIRECTION('',(0.233117095153,0.359274581942,0.903647162734));
#12013 = PCURVE('',#11569,#12014);
#12014 = DEFINITIONAL_REPRESENTATION('',(#12015),#12022);
#12015 = B_SPLINE_CURVE_WITH_KNOTS('',5,(#12016,#12017,#12018,#12019,
    #12020,#12021),.UNSPECIFIED.,.F.,.F.,(6,6),(0.,0.325253651286),
  .PIECEWISE_BEZIER_KNOTS.);
#12016 = CARTESIAN_POINT('',(-6.608438958465,-181.4305171583));
#12017 = CARTESIAN_POINT('',(-6.543388228208,-181.4305171583));
#12018 = CARTESIAN_POINT('',(-6.478337497951,-181.4376909577));
#12019 = CARTESIAN_POINT('',(-6.413286767694,-181.4520388737));
#12020 = CARTESIAN_POINT('',(-6.348236037437,-181.4734333137));
#12021 = CARTESIAN_POINT('',(-6.28318530718,-181.5016254264));
#12022 = ( GEOMETRIC_REPRESENTATION_CONTEXT(2) 
PARAMETRIC_REPRESENTATION_CONTEXT() REPRESENTATION_CONTEXT('2D SPACE',''
  ) );
#12023 = PCURVE('',#11949,#12024);
#12024 = DEFINITIONAL_REPRESENTATION('',(#12025),#12032);
#12025 = B_SPLINE_CURVE_WITH_KNOTS('',5,(#12026,#12027,#12028,#12029,
    #12030,#12031),.UNSPECIFIED.,.F.,.F.,(6,6),(0.,0.325253651286),
  .PIECEWISE_BEZIER_KNOTS.);
#12026 = CARTESIAN_POINT('',(-4.712388980385,-1.356243850182));
#12027 = CARTESIAN_POINT('',(-4.647338250128,-1.356243850182));
#12028 = CARTESIAN_POINT('',(-4.58228751987,-1.349070050814));
#12029 = CARTESIAN_POINT('',(-4.517236789613,-1.33472213479));
#12030 = CARTESIAN_POINT('',(-4.452186059356,-1.313327694795));
#12031 = CARTESIAN_POINT('',(-4.387135329099,-1.285135582104));
#12032 = ( GEOMETRIC_REPRESENTATION_CONTEXT(2) 
PARAMETRIC_REPRESENTATION_CONTEXT() REPRESENTATION_CONTEXT('2D SPACE',''
  ) );
#12033 = ORIENTED_EDGE('',*,*,#12034,.T.);
#12034 = EDGE_CURVE('',#12005,#5211,#12035,.T.);
#12035 = SURFACE_CURVE('',#12036,(#12041,#12053),.PCURVE_S1.);
#12036 = ELLIPSE('',#12037,13.070554593481,13.);
#12037 = AXIS2_PLACEMENT_3D('',#12038,#12039,#12040);
#12038 = CARTESIAN_POINT('',(-85.,681.,-365.));
#12039 = DIRECTION('',(-0.491866823507,-0.758053575053,0.428277719807));
#12040 = DIRECTION('',(0.233117095153,0.359274581942,0.903647162734));
#12041 = PCURVE('',#11569,#12042);
#12042 = DEFINITIONAL_REPRESENTATION('',(#12043),#12052);
#12043 = B_SPLINE_CURVE_WITH_KNOTS('',7,(#12044,#12045,#12046,#12047,
    #12048,#12049,#12050,#12051),.UNSPECIFIED.,.F.,.F.,(8,8),(
    0.325253651286,1.570796331558),.PIECEWISE_BEZIER_KNOTS.);
#12044 = CARTESIAN_POINT('',(-6.28318530718,-181.5016254264));
#12045 = CARTESIAN_POINT('',(-6.105250638569,-181.5787399216));
#12046 = CARTESIAN_POINT('',(-5.92731596996,-181.7033243427));
#12047 = CARTESIAN_POINT('',(-5.749381301347,-181.8713893863));
#12048 = CARTESIAN_POINT('',(-5.571446632741,-182.0752712425));
#12049 = CARTESIAN_POINT('',(-5.393511964127,-182.3041155743));
#12050 = CARTESIAN_POINT('',(-5.215577295518,-182.5454382149));
#12051 = CARTESIAN_POINT('',(-5.037642626907,-182.786761015));
#12052 = ( GEOMETRIC_REPRESENTATION_CONTEXT(2) 
PARAMETRIC_REPRESENTATION_CONTEXT() REPRESENTATION_CONTEXT('2D SPACE',''
  ) );
#12053 = PCURVE('',#11949,#12054);
#12054 = DEFINITIONAL_REPRESENTATION('',(#12055),#12064);
#12055 = B_SPLINE_CURVE_WITH_KNOTS('',7,(#12056,#12057,#12058,#12059,
    #12060,#12061,#12062,#12063),.UNSPECIFIED.,.F.,.F.,(8,8),(
    0.325253651286,1.570796331558),.PIECEWISE_BEZIER_KNOTS.);
#12056 = CARTESIAN_POINT('',(-4.387135329099,-1.285135582104));
#12057 = CARTESIAN_POINT('',(-4.209200660489,-1.208021086861));
#12058 = CARTESIAN_POINT('',(-4.031265991879,-1.083436665801));
#12059 = CARTESIAN_POINT('',(-3.85333132327,-0.915371622301));
#12060 = CARTESIAN_POINT('',(-3.675396654658,-0.711489765921));
#12061 = CARTESIAN_POINT('',(-3.497461986047,-0.482645434191));
#12062 = CARTESIAN_POINT('',(-3.319527317437,-0.241322793577));
#12063 = CARTESIAN_POINT('',(-3.141592648827,6.45979980618E-09));
#12064 = ( GEOMETRIC_REPRESENTATION_CONTEXT(2) 
PARAMETRIC_REPRESENTATION_CONTEXT() REPRESENTATION_CONTEXT('2D SPACE',''
  ) );
#12065 = ADVANCED_FACE('',(#12066),#11608,.F.);
#12066 = FACE_BOUND('',#12067,.T.);
#12067 = EDGE_LOOP('',(#12068,#12069,#12090,#12091));
#12068 = ORIENTED_EDGE('',*,*,#11587,.T.);
#12069 = ORIENTED_EDGE('',*,*,#12070,.T.);
#12070 = EDGE_CURVE('',#11588,#11627,#12071,.T.);
#12071 = SEAM_CURVE('',#12072,(#12076,#12083),.PCURVE_S1.);
#12072 = LINE('',#12073,#12074);
#12073 = CARTESIAN_POINT('',(-225.,550.,-252.5));
#12074 = VECTOR('',#12075,1.);
#12075 = DIRECTION('',(1.,0.,0.));
#12076 = PCURVE('',#11608,#12077);
#12077 = DEFINITIONAL_REPRESENTATION('',(#12078),#12082);
#12078 = LINE('',#12079,#12080);
#12079 = CARTESIAN_POINT('',(-6.28318530718,0.));
#12080 = VECTOR('',#12081,1.);
#12081 = DIRECTION('',(-0.,-1.));
#12082 = ( GEOMETRIC_REPRESENTATION_CONTEXT(2) 
PARAMETRIC_REPRESENTATION_CONTEXT() REPRESENTATION_CONTEXT('2D SPACE',''
  ) );
#12083 = PCURVE('',#11608,#12084);
#12084 = DEFINITIONAL_REPRESENTATION('',(#12085),#12089);
#12085 = LINE('',#12086,#12087);
#12086 = CARTESIAN_POINT('',(-0.,0.));
#12087 = VECTOR('',#12088,1.);
#12088 = DIRECTION('',(-0.,-1.));
#12089 = ( GEOMETRIC_REPRESENTATION_CONTEXT(2) 
PARAMETRIC_REPRESENTATION_CONTEXT() REPRESENTATION_CONTEXT('2D SPACE',''
  ) );
#12090 = ORIENTED_EDGE('',*,*,#11626,.F.);
#12091 = ORIENTED_EDGE('',*,*,#12070,.F.);
#12092 = ADVANCED_FACE('',(#12093,#12099),#11697,.T.);
#12093 = FACE_BOUND('',#12094,.T.);
#12094 = EDGE_LOOP('',(#12095,#12096,#12097,#12098));
#12095 = ORIENTED_EDGE('',*,*,#11838,.F.);
#12096 = ORIENTED_EDGE('',*,*,#11808,.T.);
#12097 = ORIENTED_EDGE('',*,*,#11760,.T.);
#12098 = ORIENTED_EDGE('',*,*,#11681,.F.);
#12099 = FACE_BOUND('',#12100,.T.);
#12100 = EDGE_LOOP('',(#12101));
#12101 = ORIENTED_EDGE('',*,*,#11886,.T.);
#12102 = ADVANCED_FACE('',(#12103),#11949,.F.);
#12103 = FACE_BOUND('',#12104,.T.);
#12104 = EDGE_LOOP('',(#12105,#12106,#12107,#12108));
#12105 = ORIENTED_EDGE('',*,*,#11970,.F.);
#12106 = ORIENTED_EDGE('',*,*,#11934,.F.);
#12107 = ORIENTED_EDGE('',*,*,#12034,.F.);
#12108 = ORIENTED_EDGE('',*,*,#12004,.F.);
#12109 = ORIENTED_CLOSED_SHELL('',*,#12110,.F.);
#12110 = CLOSED_SHELL('',(#12111,#12587,#12654));
#12111 = ADVANCED_FACE('',(#12112),#12251,.T.);
#12112 = FACE_BOUND('',#12113,.F.);
#12113 = EDGE_LOOP('',(#12114,#12524,#12559));
#12114 = ORIENTED_EDGE('',*,*,#12115,.T.);
#12115 = EDGE_CURVE('',#12116,#12118,#12120,.T.);
#12116 = VERTEX_POINT('',#12117);
#12117 = CARTESIAN_POINT('',(1.578684249298E-10,789.98748744839,
    -408.1488696249));
#12118 = VERTEX_POINT('',#12119);
#12119 = CARTESIAN_POINT('',(6.885992470673E-09,788.12485553234,
    -412.5853200446));
#12120 = SURFACE_CURVE('',#12121,(#12250,#12387),.PCURVE_S1.);
#12121 = B_SPLINE_CURVE_WITH_KNOTS('',8,(#12122,#12123,#12124,#12125,
    #12126,#12127,#12128,#12129,#12130,#12131,#12132,#12133,#12134,
    #12135,#12136,#12137,#12138,#12139,#12140,#12141,#12142,#12143,
    #12144,#12145,#12146,#12147,#12148,#12149,#12150,#12151,#12152,
    #12153,#12154,#12155,#12156,#12157,#12158,#12159,#12160,#12161,
    #12162,#12163,#12164,#12165,#12166,#12167,#12168,#12169,#12170,
    #12171,#12172,#12173,#12174,#12175,#12176,#12177,#12178,#12179,
    #12180,#12181,#12182,#12183,#12184,#12185,#12186,#12187,#12188,
    #12189,#12190,#12191,#12192,#12193,#12194,#12195,#12196,#12197,
    #12198,#12199,#12200,#12201,#12202,#12203,#12204,#12205,#12206,
    #12207,#12208,#12209,#12210,#12211,#12212,#12213,#12214,#12215,
    #12216,#12217,#12218,#12219,#12220,#12221,#12222,#12223,#12224,
    #12225,#12226,#12227,#12228,#12229,#12230,#12231,#12232,#12233,
    #12234,#12235,#12236,#12237,#12238,#12239,#12240,#12241,#12242,
    #12243,#12244,#12245,#12246,#12247,#12248,#12249),.UNSPECIFIED.,.T.,
  .F.,(9,7,7,7,7,7,7,7,7,7,7,7,7,7,7,7,7,7,9),(0.,4.510909412749E-02,
    9.71657331243E-02,0.159691412351,0.292084416408,0.371439761378,
    0.419270947753,0.464654918085,0.497553387163,0.5373472273,
    0.583114218101,0.660917918042,0.797684223067,0.862623075425,
    0.914915593311,0.937069190238,0.94947646626,0.976392290677,1.),
  .UNSPECIFIED.);
#12122 = CARTESIAN_POINT('',(-5.781042129316E-02,788.02758318197,
    -412.906113061));
#12123 = CARTESIAN_POINT('',(-0.175742411982,787.84582917279,
    -413.5203155291));
#12124 = CARTESIAN_POINT('',(-0.324213970689,787.68551936795,
    -414.1281491443));
#12125 = CARTESIAN_POINT('',(-0.501901350743,787.54631269968,
    -414.7263636108));
#12126 = CARTESIAN_POINT('',(-0.707276629237,787.42743210691,
    -415.3118308105));
#12127 = CARTESIAN_POINT('',(-0.938607172464,787.32772705768,
    -415.8816047846));
#12128 = CARTESIAN_POINT('',(-1.19395234721,787.24574810629,
    -416.4329843666));
#12129 = CARTESIAN_POINT('',(-1.471157477884,787.17983348515,
    -416.9635784688));
#12130 = CARTESIAN_POINT('',(-2.110227402954,787.06863075977,
    -418.057378464));
#12131 = CARTESIAN_POINT('',(-2.478837694642,787.0280339408,
    -418.6135024088));
#12132 = CARTESIAN_POINT('',(-2.870933015667,787.0035979823,
    -419.1379908399));
#12133 = CARTESIAN_POINT('',(-3.283862321171,786.9925146799,
    -419.6295727094));
#12134 = CARTESIAN_POINT('',(-3.71503970358,786.99210242212,
    -420.0874364025));
#12135 = CARTESIAN_POINT('',(-4.161916890232,786.99989370508,
    -420.5112028428));
#12136 = CARTESIAN_POINT('',(-4.62195496537,787.01369465663,
    -420.9008962356));
#12137 = CARTESIAN_POINT('',(-5.657885511809,787.05314273564,
    -421.6845266013));
#12138 = CARTESIAN_POINT('',(-6.238135439123,787.08060109812,
    -422.0633020002));
#12139 = CARTESIAN_POINT('',(-6.830329636077,787.11076161262,
    -422.3951209549));
#12140 = CARTESIAN_POINT('',(-7.431772734912,787.14113244093,
    -422.6820305609));
#12141 = CARTESIAN_POINT('',(-8.039949302227,787.1698715455,
    -422.9261994598));
#12142 = CARTESIAN_POINT('',(-8.652420149169,787.19569849097,
    -423.1298925464));
#12143 = CARTESIAN_POINT('',(-9.26675511206,787.21780645344,
    -423.2954636242));
#12144 = CARTESIAN_POINT('',(-11.18006170703,787.27382017156,
    -423.7004236627));
#12145 = CARTESIAN_POINT('',(-12.47869482454,787.29335392214,
    -423.8159246106));
#12146 = CARTESIAN_POINT('',(-13.76755809146,787.29071860402,
    -423.7974659642));
#12147 = CARTESIAN_POINT('',(-15.04134353731,787.26891479042,
    -423.663898493));
#12148 = CARTESIAN_POINT('',(-16.29653988739,787.23277861268,
    -423.4290750933));
#12149 = CARTESIAN_POINT('',(-17.53120994996,787.18783608729,
    -423.1022686434));
#12150 = CARTESIAN_POINT('',(-18.74439387721,787.13989462599,
    -422.6884004239));
#12151 = CARTESIAN_POINT('',(-20.6470383716,787.06957906764,
    -421.8880596354));
#12152 = CARTESIAN_POINT('',(-21.34965931909,787.04472825586,
    -421.5578519955));
#12153 = CARTESIAN_POINT('',(-22.04312046143,787.02280633663,
    -421.1971004571));
#12154 = CARTESIAN_POINT('',(-22.72810193281,787.00538605572,
    -420.804707421));
#12155 = CARTESIAN_POINT('',(-23.40437074907,786.99431851054,
    -420.3789941792));
#12156 = CARTESIAN_POINT('',(-24.07045970718,786.99188452208,
    -419.9179387922));
#12157 = CARTESIAN_POINT('',(-24.72335225209,787.00094083692,
    -419.419409059));
#12158 = CARTESIAN_POINT('',(-25.7407983562,787.03956295754,
    -418.5571011622));
#12159 = CARTESIAN_POINT('',(-26.1164650838,787.05953688462,
    -418.2188025237));
#12160 = CARTESIAN_POINT('',(-26.48570056372,787.08577854227,
    -417.86476532));
#12161 = CARTESIAN_POINT('',(-26.84828677762,787.11930195857,
    -417.4932592581));
#12162 = CARTESIAN_POINT('',(-27.20321252217,787.16135030437,
    -417.1026296784));
#12163 = CARTESIAN_POINT('',(-27.54862928168,787.21342042473,
    -416.6913711518));
#12164 = CARTESIAN_POINT('',(-27.88180397906,787.2772783178,
    -416.2581978012));
#12165 = CARTESIAN_POINT('',(-28.50010082766,787.4286780448,
    -415.3693579797));
#12166 = CARTESIAN_POINT('',(-28.789732803,787.51555615626,
    -414.9117734524));
#12167 = CARTESIAN_POINT('',(-29.06364643394,787.61759753655,
    -414.4288073719));
#12168 = CARTESIAN_POINT('',(-29.31676369289,787.73701972049,
    -413.9202235825));
#12169 = CARTESIAN_POINT('',(-29.54324052038,787.87626191267,
    -413.3861390377));
#12170 = CARTESIAN_POINT('',(-29.73644005547,788.03795383384,
    -412.8270759931));
#12171 = CARTESIAN_POINT('',(-29.8888851976,788.22485163782,
    -412.2440265244));
#12172 = CARTESIAN_POINT('',(-30.06707566896,788.59551236717,
    -411.1996094344));
#12173 = CARTESIAN_POINT('',(-30.11536486176,788.76438024895,
    -410.7534351081));
#12174 = CARTESIAN_POINT('',(-30.13406018314,788.94534342346,
    -410.3053301768));
#12175 = CARTESIAN_POINT('',(-30.12177932079,789.13687033801,
    -409.8603429495));
#12176 = CARTESIAN_POINT('',(-30.07874416765,789.33686335553,
    -409.4232502535));
#12177 = CARTESIAN_POINT('',(-30.00678273646,789.54263664653,
    -408.9985991074));
#12178 = CARTESIAN_POINT('',(-29.90934436627,789.75090762537,
    -408.5907860729));
#12179 = CARTESIAN_POINT('',(-29.64901834203,790.20806035161,
    -407.7365304079));
#12180 = CARTESIAN_POINT('',(-29.4758198407,790.45783785303,
    -407.2970415972));
#12181 = CARTESIAN_POINT('',(-29.27733707315,790.70545287934,
    -406.8843432624));
#12182 = CARTESIAN_POINT('',(-29.05820605994,790.94957630295,
    -406.4969097745));
#12183 = CARTESIAN_POINT('',(-28.8223239301,791.18922861842,
    -406.1331029335));
#12184 = CARTESIAN_POINT('',(-28.57287217167,791.42376545853,
    -405.7912136696));
#12185 = CARTESIAN_POINT('',(-28.31233368876,791.65285143242,
    -405.469496977));
#12186 = CARTESIAN_POINT('',(-27.73217150941,792.13355165948,
    -404.8173775989));
#12187 = CARTESIAN_POINT('',(-27.40828031347,792.38443784224,
    -404.4914931574));
#12188 = CARTESIAN_POINT('',(-27.07380703094,792.62853208102,
    -404.1866998515));
#12189 = CARTESIAN_POINT('',(-26.73097634587,792.86560045848,
    -403.9011564784));
#12190 = CARTESIAN_POINT('',(-26.38130066035,793.09568169488,
    -403.6330598083));
#12191 = CARTESIAN_POINT('',(-26.02561783314,793.3190387201,
    -403.380673779));
#12192 = CARTESIAN_POINT('',(-25.66412666912,793.53610401583,
    -403.1423556175));
#12193 = CARTESIAN_POINT('',(-24.67132057606,794.10665288671,
    -402.5327593565));
#12194 = CARTESIAN_POINT('',(-24.02907863442,794.44879715693,
    -402.1856886322));
#12195 = CARTESIAN_POINT('',(-23.37420780062,794.77288681758,
    -401.8716538991));
#12196 = CARTESIAN_POINT('',(-22.70950735413,795.07847788241,
    -401.5873375484));
#12197 = CARTESIAN_POINT('',(-22.03634936086,795.36541266834,
    -401.3298747543));
#12198 = CARTESIAN_POINT('',(-21.35496992359,795.63358005437,
    -401.0969107295));
#12199 = CARTESIAN_POINT('',(-20.66476471029,795.88267043098,
    -400.8866576585));
#12200 = CARTESIAN_POINT('',(-18.73379282579,796.51491834461,
    -400.3662361106));
#12201 = CARTESIAN_POINT('',(-17.47752500687,796.85487318533,
    -400.102541058));
#12202 = CARTESIAN_POINT('',(-16.1981538908,797.1259538262,
    -399.9017238663));
#12203 = CARTESIAN_POINT('',(-14.89678589285,797.31965484067,
    -399.7631461456));
#12204 = CARTESIAN_POINT('',(-13.57573475825,797.424138629,
    -399.6898262295));
#12205 = CARTESIAN_POINT('',(-12.23913711184,797.42442151998,
    -399.6890474198));
#12206 = CARTESIAN_POINT('',(-10.89316677774,797.30298192673,
    -399.773697099));
#12207 = CARTESIAN_POINT('',(-8.909803917675,796.91883924097,
    -400.0605312672));
#12208 = CARTESIAN_POINT('',(-8.271227297492,796.76376373302,
    -400.1776831096));
#12209 = CARTESIAN_POINT('',(-7.635585436113,796.57574002089,
    -400.3220294436));
#12210 = CARTESIAN_POINT('',(-7.005814114174,796.35368076107,
    -400.4961931253));
#12211 = CARTESIAN_POINT('',(-6.384859897896,796.09703168953,
    -400.7031137809));
#12212 = CARTESIAN_POINT('',(-5.775768973176,795.80585754341,
    -400.9461043526));
#12213 = CARTESIAN_POINT('',(-5.181820892572,795.48094068111,
    -401.2288815425));
#12214 = CARTESIAN_POINT('',(-4.143592472215,794.83637648524,
    -401.8186387112));
#12215 = CARTESIAN_POINT('',(-3.692964101856,794.52819521363,
    -402.110025847));
#12216 = CARTESIAN_POINT('',(-3.257584399794,794.20076514262,
    -402.4313388226));
#12217 = CARTESIAN_POINT('',(-2.840183134577,793.85602287284,
    -402.7840898));
#12218 = CARTESIAN_POINT('',(-2.44348265722,793.4964050197,
    -403.1696396803));
#12219 = CARTESIAN_POINT('',(-2.070222661964,793.12480562321,
    -403.5891246688));
#12220 = CARTESIAN_POINT('',(-1.723184618151,792.74451099695,
    -404.0433655695));
#12221 = CARTESIAN_POINT('',(-1.270509194444,792.19583868294,
    -404.7400904748));
#12222 = CARTESIAN_POINT('',(-1.141056483622,792.03169369387,
    -404.9536739418));
#12223 = CARTESIAN_POINT('',(-1.017110254476,791.86700100255,
    -405.1734708898));
#12224 = CARTESIAN_POINT('',(-0.898912244698,791.70209084466,
    -405.3994232237));
#12225 = CARTESIAN_POINT('',(-0.786693836275,791.53729737873,
    -405.631452899));
#12226 = CARTESIAN_POINT('',(-0.68067647579,791.37295632727,
    -405.8694607492));
#12227 = CARTESIAN_POINT('',(-0.581072094726,791.20940261776,
    -406.1133253137));
#12228 = CARTESIAN_POINT('',(-0.43600463729,790.95599539979,
    -406.5026786358));
#12229 = CARTESIAN_POINT('',(-0.386003860824,790.86537902246,
    -406.6442391636));
#12230 = CARTESIAN_POINT('',(-0.338120159135,790.77518373811,
    -406.7875472336));
#12231 = CARTESIAN_POINT('',(-0.292390480423,790.68547348122,
    -406.9325644558));
#12232 = CARTESIAN_POINT('',(-0.248849796318,790.59631114125,
    -407.0792500073));
#12233 = CARTESIAN_POINT('',(-0.207531135864,790.50775842959,
    -407.2275605739));
#12234 = CARTESIAN_POINT('',(-0.168465619517,790.41987574644,
    -407.3774502929));
#12235 = CARTESIAN_POINT('',(-5.188672090926E-02,790.14365446766,
    -407.8573557672));
#12236 = CARTESIAN_POINT('',(1.718268919043E-02,789.95798252479,
    -408.1931053003));
#12237 = CARTESIAN_POINT('',(7.519155647727E-02,789.77637851163,
    -408.5355107238));
#12238 = CARTESIAN_POINT('',(0.121872479023,789.59946908714,
    -408.8839037754));
#12239 = CARTESIAN_POINT('',(0.157023536332,789.42782486025,
    -409.2375610539));
#12240 = CARTESIAN_POINT('',(0.180507692342,789.26195215778,
    -409.5957095257));
#12241 = CARTESIAN_POINT('',(0.192252898767,789.10228697682,
    -409.9575329866));
#12242 = CARTESIAN_POINT('',(0.192252898767,788.81491165841,
    -410.6420087451));
#12243 = CARTESIAN_POINT('',(0.18321731052,788.68571585289,
    -410.9639378434));
#12244 = CARTESIAN_POINT('',(0.165149289644,788.56184658146,
    -411.2873858165));
#12245 = CARTESIAN_POINT('',(0.138091272215,788.44349926324,
    -411.6117540914));
#12246 = CARTESIAN_POINT('',(0.102125096272,788.33082197216,
    -411.9364313162));
#12247 = CARTESIAN_POINT('',(5.737212331622E-02,788.22391554933,
    -412.2607981967));
#12248 = CARTESIAN_POINT('',(3.993359814868E-03,788.1228337152,
    -412.584232334));
#12249 = CARTESIAN_POINT('',(-5.781042129316E-02,788.02758318197,
    -412.906113061));
#12250 = PCURVE('',#12251,#12256);
#12251 = CYLINDRICAL_SURFACE('',#12252,13.);
#12252 = AXIS2_PLACEMENT_3D('',#12253,#12254,#12255);
#12253 = CARTESIAN_POINT('',(-85.,681.,-365.));
#12254 = DIRECTION('',(-0.51340073478,-0.791241132425,0.332200475446));
#12255 = DIRECTION('',(0.838882261035,-0.544312917466,0.));
#12256 = DEFINITIONAL_REPRESENTATION('',(#12257),#12386);
#12257 = B_SPLINE_CURVE_WITH_KNOTS('',8,(#12258,#12259,#12260,#12261,
    #12262,#12263,#12264,#12265,#12266,#12267,#12268,#12269,#12270,
    #12271,#12272,#12273,#12274,#12275,#12276,#12277,#12278,#12279,
    #12280,#12281,#12282,#12283,#12284,#12285,#12286,#12287,#12288,
    #12289,#12290,#12291,#12292,#12293,#12294,#12295,#12296,#12297,
    #12298,#12299,#12300,#12301,#12302,#12303,#12304,#12305,#12306,
    #12307,#12308,#12309,#12310,#12311,#12312,#12313,#12314,#12315,
    #12316,#12317,#12318,#12319,#12320,#12321,#12322,#12323,#12324,
    #12325,#12326,#12327,#12328,#12329,#12330,#12331,#12332,#12333,
    #12334,#12335,#12336,#12337,#12338,#12339,#12340,#12341,#12342,
    #12343,#12344,#12345,#12346,#12347,#12348,#12349,#12350,#12351,
    #12352,#12353,#12354,#12355,#12356,#12357,#12358,#12359,#12360,
    #12361,#12362,#12363,#12364,#12365,#12366,#12367,#12368,#12369,
    #12370,#12371,#12372,#12373,#12374,#12375,#12376,#12377,#12378,
    #12379,#12380,#12381,#12382,#12383,#12384,#12385),.UNSPECIFIED.,.F.,
  .F.,(9,7,7,7,7,7,7,7,7,7,7,7,7,7,7,7,7,7,9),(0.,4.510909412749E-02,
    9.71657331243E-02,0.159691412351,0.292084416408,0.371439761378,
    0.419270947753,0.464654918085,0.497553387163,0.5373472273,
    0.583114218101,0.660917918042,0.797684223067,0.862623075425,
    0.914915593311,0.937069190238,0.94947646626,0.976392290677,1.),
  .UNSPECIFIED.);
#12258 = CARTESIAN_POINT('',(0.,-144.2084421967));
#12259 = CARTESIAN_POINT('',(-5.009972564736E-02,-144.2081229299));
#12260 = CARTESIAN_POINT('',(-9.97024569712E-02,-144.206976427));
#12261 = CARTESIAN_POINT('',(-0.148752875432,-144.2043326839));
#12262 = CARTESIAN_POINT('',(-0.197195082336,-144.1993221323));
#12263 = CARTESIAN_POINT('',(-0.244970336494,-144.1909453104));
#12264 = CARTESIAN_POINT('',(-0.292015505134,-144.178154351));
#12265 = CARTESIAN_POINT('',(-0.338262228082,-144.1599462868));
#12266 = CARTESIAN_POINT('',(-0.435999794404,-144.1072200258));
#12267 = CARTESIAN_POINT('',(-0.487244344476,-144.070597997));
#12268 = CARTESIAN_POINT('',(-0.537381426806,-144.0241965418));
#12269 = CARTESIAN_POINT('',(-0.586418551913,-143.966732499));
#12270 = CARTESIAN_POINT('',(-0.634359617115,-143.8971420553));
#12271 = CARTESIAN_POINT('',(-0.68120448052,-143.8146551758));
#12272 = CARTESIAN_POINT('',(-0.726948251348,-143.7188475009));
#12273 = CARTESIAN_POINT('',(-0.825188232056,-143.4785353199));
#12274 = CARTESIAN_POINT('',(-0.877160532511,-143.3281901343));
#12275 = CARTESIAN_POINT('',(-0.927619102967,-143.1582518526));
#12276 = CARTESIAN_POINT('',(-0.976663022441,-142.9688126799));
#12277 = CARTESIAN_POINT('',(-1.024372349397,-142.7604269693));
#12278 = CARTESIAN_POINT('',(-1.070810296194,-142.5340862682));
#12279 = CARTESIAN_POINT('',(-1.116023772538,-142.2911817669));
#12280 = CARTESIAN_POINT('',(-1.253247919734,-141.4877370303));
#12281 = CARTESIAN_POINT('',(-1.341219020065,-140.8748432103));
#12282 = CARTESIAN_POINT('',(-1.425248528361,-140.2049227188));
#12283 = CARTESIAN_POINT('',(-1.506285136634,-139.4893370833));
#12284 = CARTESIAN_POINT('',(-1.585169429703,-138.7383174797));
#12285 = CARTESIAN_POINT('',(-1.662676485959,-137.9603113296));
#12286 = CARTESIAN_POINT('',(-1.739611430552,-137.1620413346));
#12287 = CARTESIAN_POINT('',(-1.863165479955,-135.8637121006));
#12288 = CARTESIAN_POINT('',(-1.909455892046,-135.3736278705));
#12289 = CARTESIAN_POINT('',(-1.956029409937,-134.8804170537));
#12290 = CARTESIAN_POINT('',(-2.003168657172,-134.384610267));
#12291 = CARTESIAN_POINT('',(-2.051144202224,-133.8872341215));
#12292 = CARTESIAN_POINT('',(-2.100215233735,-133.3901748705));
#12293 = CARTESIAN_POINT('',(-2.150632708169,-132.8965332726));
#12294 = CARTESIAN_POINT('',(-2.23400038984,-132.1182760123));
#12295 = CARTESIAN_POINT('',(-2.265900593128,-131.8288296624));
#12296 = CARTESIAN_POINT('',(-2.298531179226,-131.5424160473));
#12297 = CARTESIAN_POINT('',(-2.332057928842,-131.2593746341));
#12298 = CARTESIAN_POINT('',(-2.366631876134,-130.9806585447));
#12299 = CARTESIAN_POINT('',(-2.402391919099,-130.7079010695));
#12300 = CARTESIAN_POINT('',(-2.439468207305,-130.4434755337));
#12301 = CARTESIAN_POINT('',(-2.514533681765,-129.9505621575));
#12302 = CARTESIAN_POINT('',(-2.55273414033,-129.7185966263));
#12303 = CARTESIAN_POINT('',(-2.592653986551,-129.4982669426));
#12304 = CARTESIAN_POINT('',(-2.634358460713,-129.2938563233));
#12305 = CARTESIAN_POINT('',(-2.677915549569,-129.1103339638));
#12306 = CARTESIAN_POINT('',(-2.723401221583,-128.9533614701));
#12307 = CARTESIAN_POINT('',(-2.770906087384,-128.8292879414));
#12308 = CARTESIAN_POINT('',(-2.856525229462,-128.6841309839));
#12309 = CARTESIAN_POINT('',(-2.893255353404,-128.6447351675));
#12310 = CARTESIAN_POINT('',(-2.930383055452,-128.6294618117));
#12311 = CARTESIAN_POINT('',(-2.96758318994,-128.6394858197));
#12312 = CARTESIAN_POINT('',(-3.004539970766,-128.6746203992));
#12313 = CARTESIAN_POINT('',(-3.04092875189,-128.73331243));
#12314 = CARTESIAN_POINT('',(-3.076395884868,-128.812654242));
#12315 = CARTESIAN_POINT('',(-3.151833173453,-129.0242397169));
#12316 = CARTESIAN_POINT('',(-3.191442171804,-129.164795796));
#12317 = CARTESIAN_POINT('',(-3.229467212466,-129.3255216054));
#12318 = CARTESIAN_POINT('',(-3.266004406921,-129.5024785339));
#12319 = CARTESIAN_POINT('',(-3.301148912582,-129.6923465566));
#12320 = CARTESIAN_POINT('',(-3.334999956233,-129.8924146916));
#12321 = CARTESIAN_POINT('',(-3.367664382454,-130.1005631473));
#12322 = CARTESIAN_POINT('',(-3.435595458421,-130.5621342611));
#12323 = CARTESIAN_POINT('',(-3.470665423993,-130.81867274));
#12324 = CARTESIAN_POINT('',(-3.504576690059,-131.0822764898));
#12325 = CARTESIAN_POINT('',(-3.537441459967,-131.3510066226));
#12326 = CARTESIAN_POINT('',(-3.569379129351,-131.6235182732));
#12327 = CARTESIAN_POINT('',(-3.60051879896,-131.8990126047));
#12328 = CARTESIAN_POINT('',(-3.631001245069,-132.1771840178));
#12329 = CARTESIAN_POINT('',(-3.71194470079,-132.9358249624));
#12330 = CARTESIAN_POINT('',(-3.761387674199,-133.4209740074));
#12331 = CARTESIAN_POINT('',(-3.809547338498,-133.9092957571));
#12332 = CARTESIAN_POINT('',(-3.856662222573,-134.397899648));
#12333 = CARTESIAN_POINT('',(-3.902977270569,-134.8850047988));
#12334 = CARTESIAN_POINT('',(-3.948747606826,-135.3696198089));
#12335 = CARTESIAN_POINT('',(-3.994240108632,-135.8512160541));
#12336 = CARTESIAN_POINT('',(-4.119701547893,-137.1699547079));
#12337 = CARTESIAN_POINT('',(-4.199324495984,-137.9963101605));
#12338 = CARTESIAN_POINT('',(-4.279584781268,-138.8009188183));
#12339 = CARTESIAN_POINT('',(-4.361367899253,-139.57627073));
#12340 = CARTESIAN_POINT('',(-4.445523977,-140.3128143132));
#12341 = CARTESIAN_POINT('',(-4.532988192163,-140.998989641));
#12342 = CARTESIAN_POINT('',(-4.624822024195,-141.6220444619));
#12343 = CARTESIAN_POINT('',(-4.768898773391,-142.4316413649));
#12344 = CARTESIAN_POINT('',(-4.816626200038,-142.6757028482));
#12345 = CARTESIAN_POINT('',(-4.865723112458,-142.9012216727));
#12346 = CARTESIAN_POINT('',(-4.916237716265,-143.1067015698));
#12347 = CARTESIAN_POINT('',(-4.96823713546,-143.2911677589));
#12348 = CARTESIAN_POINT('',(-5.021807618639,-143.4542081095));
#12349 = CARTESIAN_POINT('',(-5.077056757998,-143.5959926214));
#12350 = CARTESIAN_POINT('',(-5.18006650723,-143.8149317629));
#12351 = CARTESIAN_POINT('',(-5.227163060062,-143.899237946));
#12352 = CARTESIAN_POINT('',(-5.275389551931,-143.970426388));
#12353 = CARTESIAN_POINT('',(-5.32473349551,-144.0291302828));
#12354 = CARTESIAN_POINT('',(-5.375187147286,-144.0763320155));
#12355 = CARTESIAN_POINT('',(-5.426746924044,-144.1132923567));
#12356 = CARTESIAN_POINT('',(-5.479412832387,-144.1414562358));
#12357 = CARTESIAN_POINT('',(-5.555969591576,-144.1711803727));
#12358 = CARTESIAN_POINT('',(-5.578944141064,-144.1787157518));
#12359 = CARTESIAN_POINT('',(-5.602104618033,-144.185054856));
#12360 = CARTESIAN_POINT('',(-5.625444464521,-144.1903155737));
#12361 = CARTESIAN_POINT('',(-5.648957423252,-144.1946175869));
#12362 = CARTESIAN_POINT('',(-5.672637454552,-144.198079899));
#12363 = CARTESIAN_POINT('',(-5.696478653261,-144.2008183634));
#12364 = CARTESIAN_POINT('',(-5.733914579296,-144.2041332472));
#12365 = CARTESIAN_POINT('',(-5.74740193759,-144.2051307522));
#12366 = CARTESIAN_POINT('',(-5.760935221973,-144.2059550699));
#12367 = CARTESIAN_POINT('',(-5.77451246188,-144.2066250655));
#12368 = CARTESIAN_POINT('',(-5.788131723283,-144.2071589838));
#12369 = CARTESIAN_POINT('',(-5.801791097235,-144.2075743073));
#12370 = CARTESIAN_POINT('',(-5.815488688414,-144.2078876143));
#12371 = CARTESIAN_POINT('',(-5.859016383596,-144.2086064958));
#12372 = CARTESIAN_POINT('',(-5.888986632011,-144.2086916579));
#12373 = CARTESIAN_POINT('',(-5.919103390142,-144.2085281324));
#12374 = CARTESIAN_POINT('',(-5.949337587169,-144.2082524764));
#12375 = CARTESIAN_POINT('',(-5.979660787844,-144.2079721987));
#12376 = CARTESIAN_POINT('',(-6.010044914551,-144.2077607693));
#12377 = CARTESIAN_POINT('',(-6.04046194378,-144.207655034));
#12378 = CARTESIAN_POINT('',(-6.097566210374,-144.207655034));
#12379 = CARTESIAN_POINT('',(-6.124246392307,-144.2077361205));
#12380 = CARTESIAN_POINT('',(-6.150904641461,-144.2078990931));
#12381 = CARTESIAN_POINT('',(-6.177521604402,-144.2081215162));
#12382 = CARTESIAN_POINT('',(-6.204077900342,-144.208359476));
#12383 = CARTESIAN_POINT('',(-6.230553965862,-144.2085493397));
#12384 = CARTESIAN_POINT('',(-6.25692989964,-144.2086095126));
#12385 = CARTESIAN_POINT('',(-6.28318530718,-144.2084421967));
#12386 = ( GEOMETRIC_REPRESENTATION_CONTEXT(2) 
PARAMETRIC_REPRESENTATION_CONTEXT() REPRESENTATION_CONTEXT('2D SPACE',''
  ) );
#12387 = PCURVE('',#12388,#12393);
#12388 = CYLINDRICAL_SURFACE('',#12389,25.);
#12389 = AXIS2_PLACEMENT_3D('',#12390,#12391,#12392);
#12390 = CARTESIAN_POINT('',(-50.,812.,-420.));
#12391 = DIRECTION('',(-1.,-0.,0.));
#12392 = DIRECTION('',(0.,0.,1.));
#12393 = DEFINITIONAL_REPRESENTATION('',(#12394),#12523);
#12394 = B_SPLINE_CURVE_WITH_KNOTS('',8,(#12395,#12396,#12397,#12398,
    #12399,#12400,#12401,#12402,#12403,#12404,#12405,#12406,#12407,
    #12408,#12409,#12410,#12411,#12412,#12413,#12414,#12415,#12416,
    #12417,#12418,#12419,#12420,#12421,#12422,#12423,#12424,#12425,
    #12426,#12427,#12428,#12429,#12430,#12431,#12432,#12433,#12434,
    #12435,#12436,#12437,#12438,#12439,#12440,#12441,#12442,#12443,
    #12444,#12445,#12446,#12447,#12448,#12449,#12450,#12451,#12452,
    #12453,#12454,#12455,#12456,#12457,#12458,#12459,#12460,#12461,
    #12462,#12463,#12464,#12465,#12466,#12467,#12468,#12469,#12470,
    #12471,#12472,#12473,#12474,#12475,#12476,#12477,#12478,#12479,
    #12480,#12481,#12482,#12483,#12484,#12485,#12486,#12487,#12488,
    #12489,#12490,#12491,#12492,#12493,#12494,#12495,#12496,#12497,
    #12498,#12499,#12500,#12501,#12502,#12503,#12504,#12505,#12506,
    #12507,#12508,#12509,#12510,#12511,#12512,#12513,#12514,#12515,
    #12516,#12517,#12518,#12519,#12520,#12521,#12522),.UNSPECIFIED.,.T.,
  .F.,(9,7,7,7,7,7,7,7,7,7,7,7,7,7,7,7,7,7,9),(0.,4.510909412749E-02,
    9.71657331243E-02,0.159691412351,0.292084416408,0.371439761378,
    0.419270947753,0.464654918085,0.497553387163,0.5373472273,
    0.583114218101,0.660917918042,0.797684223067,0.862623075425,
    0.914915593311,0.937069190238,0.94947646626,0.976392290677,1.),
  .UNSPECIFIED.);
#12395 = CARTESIAN_POINT('',(-1.283088017498,-49.9421895787));
#12396 = CARTESIAN_POINT('',(-1.308709233446,-49.82425758801));
#12397 = CARTESIAN_POINT('',(-1.333842771188,-49.67578602931));
#12398 = CARTESIAN_POINT('',(-1.358393456978,-49.49809864925));
#12399 = CARTESIAN_POINT('',(-1.382271673749,-49.29272337076));
#12400 = CARTESIAN_POINT('',(-1.405393190806,-49.06139282753));
#12401 = CARTESIAN_POINT('',(-1.427679906921,-48.80604765279));
#12402 = CARTESIAN_POINT('',(-1.449061506827,-48.52884252211));
#12403 = CARTESIAN_POINT('',(-1.493039037009,-47.88977259704));
#12404 = CARTESIAN_POINT('',(-1.51533414547,-47.52116230535));
#12405 = CARTESIAN_POINT('',(-1.536324931671,-47.12906698433));
#12406 = CARTESIAN_POINT('',(-1.555982973218,-46.71613767882));
#12407 = CARTESIAN_POINT('',(-1.574290240351,-46.28496029642));
#12408 = CARTESIAN_POINT('',(-1.59123958787,-45.83808310976));
#12409 = CARTESIAN_POINT('',(-1.606835348795,-45.37804503463));
#12410 = CARTESIAN_POINT('',(-1.638220254749,-44.34211448819));
#12411 = CARTESIAN_POINT('',(-1.653407347033,-43.76186456087));
#12412 = CARTESIAN_POINT('',(-1.66673158207,-43.16967036392));
#12413 = CARTESIAN_POINT('',(-1.67827024692,-42.56822726508));
#12414 = CARTESIAN_POINT('',(-1.688103590417,-41.96005069777));
#12415 = CARTESIAN_POINT('',(-1.696316193511,-41.34757985083));
#12416 = CARTESIAN_POINT('',(-1.702997759744,-40.73324488794));
#12417 = CARTESIAN_POINT('',(-1.719350382502,-38.81993829297));
#12418 = CARTESIAN_POINT('',(-1.724033928938,-37.52130517545));
#12419 = CARTESIAN_POINT('',(-1.723290035385,-36.23244190854));
#12420 = CARTESIAN_POINT('',(-1.71787490224,-34.95865646266));
#12421 = CARTESIAN_POINT('',(-1.708372491291,-33.70346011262));
#12422 = CARTESIAN_POINT('',(-1.695180578948,-32.46879005002));
#12423 = CARTESIAN_POINT('',(-1.678521562747,-31.25560612278));
#12424 = CARTESIAN_POINT('',(-1.646384614402,-29.35296162839));
#12425 = CARTESIAN_POINT('',(-1.633139994653,-28.6503406809));
#12426 = CARTESIAN_POINT('',(-1.618685897636,-27.95687953856));
#12427 = CARTESIAN_POINT('',(-1.602979204858,-27.27189806718));
#12428 = CARTESIAN_POINT('',(-1.585951369588,-26.59562925092));
#12429 = CARTESIAN_POINT('',(-1.567516747258,-25.92954029281));
#12430 = CARTESIAN_POINT('',(-1.547579320851,-25.2766477479));
#12431 = CARTESIAN_POINT('',(-1.513052425199,-24.25920164379));
#12432 = CARTESIAN_POINT('',(-1.499498281357,-23.88353491619));
#12433 = CARTESIAN_POINT('',(-1.485300679619,-23.51429943627));
#12434 = CARTESIAN_POINT('',(-1.470384079518,-23.15171322237));
#12435 = CARTESIAN_POINT('',(-1.454673721056,-22.79678747782));
#12436 = CARTESIAN_POINT('',(-1.438097565196,-22.45137071831));
#12437 = CARTESIAN_POINT('',(-1.420587737696,-22.11819602093));
#12438 = CARTESIAN_POINT('',(-1.384522061925,-21.49989917233));
#12439 = CARTESIAN_POINT('',(-1.365895047521,-21.21026719699));
#12440 = CARTESIAN_POINT('',(-1.346157051432,-20.93635356605));
#12441 = CARTESIAN_POINT('',(-1.325271479968,-20.6832363071));
#12442 = CARTESIAN_POINT('',(-1.30320832412,-20.45675947962));
#12443 = CARTESIAN_POINT('',(-1.279944586258,-20.26355994452));
#12444 = CARTESIAN_POINT('',(-1.255465336778,-20.11111480239));
#12445 = CARTESIAN_POINT('',(-1.211135727096,-19.93292433103));
#12446 = CARTESIAN_POINT('',(-1.192057357465,-19.88463513823));
#12447 = CARTESIAN_POINT('',(-1.172734626845,-19.86593981685));
#12448 = CARTESIAN_POINT('',(-1.153366300123,-19.8782206792));
#12449 = CARTESIAN_POINT('',(-1.134148843684,-19.92125583234));
#12450 = CARTESIAN_POINT('',(-1.115280665497,-19.99321726353));
#12451 = CARTESIAN_POINT('',(-1.096967323638,-20.09065563372));
#12452 = CARTESIAN_POINT('',(-1.058211857313,-20.35098165796));
#12453 = CARTESIAN_POINT('',(-1.037998049476,-20.52418015929));
#12454 = CARTESIAN_POINT('',(-1.018755327946,-20.72266292684));
#12455 = CARTESIAN_POINT('',(-1.000446215429,-20.94179394005));
#12456 = CARTESIAN_POINT('',(-0.98302678148,-21.17767606989));
#12457 = CARTESIAN_POINT('',(-0.966446986711,-21.42712782832));
#12458 = CARTESIAN_POINT('',(-0.950651298835,-21.68766631124));
#12459 = CARTESIAN_POINT('',(-0.91824556128,-22.26782849058));
#12460 = CARTESIAN_POINT('',(-0.901798269299,-22.59171968652));
#12461 = CARTESIAN_POINT('',(-0.886183334369,-22.92619296905));
#12462 = CARTESIAN_POINT('',(-0.871342486621,-23.26902365412));
#12463 = CARTESIAN_POINT('',(-0.857214356975,-23.61869933964));
#12464 = CARTESIAN_POINT('',(-0.843735639347,-23.97438216685));
#12465 = CARTESIAN_POINT('',(-0.830842614639,-24.33587333087));
#12466 = CARTESIAN_POINT('',(-0.797444803561,-25.32867942393));
#12467 = CARTESIAN_POINT('',(-0.777956892665,-25.97092136557));
#12468 = CARTESIAN_POINT('',(-0.759913170485,-26.62579219937));
#12469 = CARTESIAN_POINT('',(-0.743223271108,-27.29049264586));
#12470 = CARTESIAN_POINT('',(-0.727807061466,-27.96365063914));
#12471 = CARTESIAN_POINT('',(-0.713600506618,-28.6450300764));
#12472 = CARTESIAN_POINT('',(-0.700562934904,-29.3352352897));
#12473 = CARTESIAN_POINT('',(-0.667807452633,-31.2662071742));
#12474 = CARTESIAN_POINT('',(-0.650605192494,-32.52247499311));
#12475 = CARTESIAN_POINT('',(-0.63711433951,-33.80184610921));
#12476 = CARTESIAN_POINT('',(-0.627588812517,-35.10321410712));
#12477 = CARTESIAN_POINT('',(-0.622480852897,-36.42426524176));
#12478 = CARTESIAN_POINT('',(-0.622456268876,-37.76086288814));
#12479 = CARTESIAN_POINT('',(-0.628374386587,-39.10683322225));
#12480 = CARTESIAN_POINT('',(-0.647551015827,-41.09019608232));
#12481 = CARTESIAN_POINT('',(-0.655325020489,-41.7287727025));
#12482 = CARTESIAN_POINT('',(-0.664806151716,-42.36441456388));
#12483 = CARTESIAN_POINT('',(-0.67609332114,-42.99418588582));
#12484 = CARTESIAN_POINT('',(-0.689277497741,-43.6151401021));
#12485 = CARTESIAN_POINT('',(-0.704442541149,-44.22423102682));
#12486 = CARTESIAN_POINT('',(-0.721666696543,-44.81817910742));
#12487 = CARTESIAN_POINT('',(-0.756612975788,-45.85640752778));
#12488 = CARTESIAN_POINT('',(-0.773575689791,-46.30703589814));
#12489 = CARTESIAN_POINT('',(-0.791920348604,-46.7424156002));
#12490 = CARTESIAN_POINT('',(-0.811640532943,-47.15981686542));
#12491 = CARTESIAN_POINT('',(-0.832717175579,-47.55651734278));
#12492 = CARTESIAN_POINT('',(-0.855119482259,-47.92977733803));
#12493 = CARTESIAN_POINT('',(-0.878805546815,-48.27681538184));
#12494 = CARTESIAN_POINT('',(-0.914278734479,-48.72949080555));
#12495 = CARTESIAN_POINT('',(-0.925052879475,-48.85894351637));
#12496 = CARTESIAN_POINT('',(-0.936037626528,-48.98288974552));
#12497 = CARTESIAN_POINT('',(-0.947225087405,-49.1010877553));
#12498 = CARTESIAN_POINT('',(-0.958606959717,-49.21330616372));
#12499 = CARTESIAN_POINT('',(-0.9701745321,-49.31932352421));
#12500 = CARTESIAN_POINT('',(-0.981918689404,-49.41892790527));
#12501 = CARTESIAN_POINT('',(-1.000500884218,-49.56399536271));
#12502 = CARTESIAN_POINT('',(-1.00722387106,-49.61399613917));
#12503 = CARTESIAN_POINT('',(-1.013996708168,-49.66187984086));
#12504 = CARTESIAN_POINT('',(-1.020817195771,-49.70760951957));
#12505 = CARTESIAN_POINT('',(-1.027683102724,-49.75115020368));
#12506 = CARTESIAN_POINT('',(-1.034592164666,-49.79246886413));
#12507 = CARTESIAN_POINT('',(-1.041542082181,-49.83153438048));
#12508 = CARTESIAN_POINT('',(-1.063690940719,-49.94811327909));
#12509 = CARTESIAN_POINT('',(-1.079035449123,-50.01718268919));
#12510 = CARTESIAN_POINT('',(-1.094534837726,-50.07519155647));
#12511 = CARTESIAN_POINT('',(-1.110159292411,-50.12187247902));
#12512 = CARTESIAN_POINT('',(-1.125878548551,-50.15702353633));
#12513 = CARTESIAN_POINT('',(-1.14166201599,-50.18050769234));
#12514 = CARTESIAN_POINT('',(-1.157478871844,-50.19225289876));
#12515 = CARTESIAN_POINT('',(-1.187173090472,-50.19225289876));
#12516 = CARTESIAN_POINT('',(-1.201046783584,-50.18321731052));
#12517 = CARTESIAN_POINT('',(-1.214898091946,-50.16514928964));
#12518 = CARTESIAN_POINT('',(-1.228705975476,-50.13809127221));
#12519 = CARTESIAN_POINT('',(-1.242449518999,-50.10212509627));
#12520 = CARTESIAN_POINT('',(-1.25610798873,-50.05737212331));
#12521 = CARTESIAN_POINT('',(-1.269660888752,-50.00399335981));
#12522 = CARTESIAN_POINT('',(-1.283088017498,-49.9421895787));
#12523 = ( GEOMETRIC_REPRESENTATION_CONTEXT(2) 
PARAMETRIC_REPRESENTATION_CONTEXT() REPRESENTATION_CONTEXT('2D SPACE',''
  ) );
#12524 = ORIENTED_EDGE('',*,*,#12525,.T.);
#12525 = EDGE_CURVE('',#12118,#12526,#12528,.T.);
#12526 = VERTEX_POINT('',#12527);
#12527 = CARTESIAN_POINT('',(9.947598300641E-14,788.65289547751,
    -410.1977805439));
#12528 = SURFACE_CURVE('',#12529,(#12534,#12544),.PCURVE_S1.);
#12529 = ELLIPSE('',#12530,25.321350592884,13.);
#12530 = AXIS2_PLACEMENT_3D('',#12531,#12532,#12533);
#12531 = CARTESIAN_POINT('',(9.947598300641E-14,812.,-420.));
#12532 = DIRECTION('',(-1.,0.,0.));
#12533 = DIRECTION('',(0.,-0.92203235514,0.38711282086));
#12534 = PCURVE('',#12251,#12535);
#12535 = DEFINITIONAL_REPRESENTATION('',(#12536),#12543);
#12536 = B_SPLINE_CURVE_WITH_KNOTS('',5,(#12537,#12538,#12539,#12540,
    #12541,#12542),.UNSPECIFIED.,.F.,.F.,(6,6),(6.097008119194,
    6.28318530718),.PIECEWISE_BEZIER_KNOTS.);
#12537 = CARTESIAN_POINT('',(-6.257060765,-144.2086922579));
#12538 = CARTESIAN_POINT('',(-6.219825327403,-144.0589236927));
#12539 = CARTESIAN_POINT('',(-6.182589889806,-143.9461636327));
#12540 = CARTESIAN_POINT('',(-6.145354452209,-143.8708448632));
#12541 = CARTESIAN_POINT('',(-6.108119014612,-143.8331855685));
#12542 = CARTESIAN_POINT('',(-6.070883577015,-143.8331855685));
#12543 = ( GEOMETRIC_REPRESENTATION_CONTEXT(2) 
PARAMETRIC_REPRESENTATION_CONTEXT() REPRESENTATION_CONTEXT('2D SPACE',''
  ) );
#12544 = PCURVE('',#12545,#12550);
#12545 = CYLINDRICAL_SURFACE('',#12546,13.);
#12546 = AXIS2_PLACEMENT_3D('',#12547,#12548,#12549);
#12547 = CARTESIAN_POINT('',(85.,681.,-365.));
#12548 = DIRECTION('',(0.51340073478,-0.791241132425,0.332200475446));
#12549 = DIRECTION('',(0.838882261035,0.544312917466,0.));
#12550 = DEFINITIONAL_REPRESENTATION('',(#12551),#12558);
#12551 = B_SPLINE_CURVE_WITH_KNOTS('',5,(#12552,#12553,#12554,#12555,
    #12556,#12557),.UNSPECIFIED.,.F.,.F.,(6,6),(6.097008119194,
    6.28318530718),.PIECEWISE_BEZIER_KNOTS.);
#12552 = CARTESIAN_POINT('',(-3.167717195769,-144.2086922579));
#12553 = CARTESIAN_POINT('',(-3.204952633366,-144.0589236927));
#12554 = CARTESIAN_POINT('',(-3.242188070963,-143.9461636327));
#12555 = CARTESIAN_POINT('',(-3.279423508561,-143.8708448632));
#12556 = CARTESIAN_POINT('',(-3.316658946158,-143.8331855685));
#12557 = CARTESIAN_POINT('',(-3.353894383755,-143.8331855685));
#12558 = ( GEOMETRIC_REPRESENTATION_CONTEXT(2) 
PARAMETRIC_REPRESENTATION_CONTEXT() REPRESENTATION_CONTEXT('2D SPACE',''
  ) );
#12559 = ORIENTED_EDGE('',*,*,#12560,.T.);
#12560 = EDGE_CURVE('',#12526,#12116,#12561,.T.);
#12561 = SURFACE_CURVE('',#12562,(#12567,#12577),.PCURVE_S1.);
#12562 = ELLIPSE('',#12563,25.321350592884,13.);
#12563 = AXIS2_PLACEMENT_3D('',#12564,#12565,#12566);
#12564 = CARTESIAN_POINT('',(9.947598300641E-14,812.,-420.));
#12565 = DIRECTION('',(-1.,0.,0.));
#12566 = DIRECTION('',(0.,-0.92203235514,0.38711282086));
#12567 = PCURVE('',#12251,#12568);
#12568 = DEFINITIONAL_REPRESENTATION('',(#12569),#12576);
#12569 = B_SPLINE_CURVE_WITH_KNOTS('',5,(#12570,#12571,#12572,#12573,
    #12574,#12575),.UNSPECIFIED.,.F.,.F.,(6,6),(0.,0.186177187985),
  .PIECEWISE_BEZIER_KNOTS.);
#12570 = CARTESIAN_POINT('',(-6.070883577015,-143.8331855685));
#12571 = CARTESIAN_POINT('',(-6.033648139418,-143.8331855685));
#12572 = CARTESIAN_POINT('',(-5.996412701821,-143.8708448632));
#12573 = CARTESIAN_POINT('',(-5.959177264223,-143.9461636327));
#12574 = CARTESIAN_POINT('',(-5.921941826626,-144.0589236927));
#12575 = CARTESIAN_POINT('',(-5.884706389029,-144.2086922579));
#12576 = ( GEOMETRIC_REPRESENTATION_CONTEXT(2) 
PARAMETRIC_REPRESENTATION_CONTEXT() REPRESENTATION_CONTEXT('2D SPACE',''
  ) );
#12577 = PCURVE('',#12545,#12578);
#12578 = DEFINITIONAL_REPRESENTATION('',(#12579),#12586);
#12579 = B_SPLINE_CURVE_WITH_KNOTS('',5,(#12580,#12581,#12582,#12583,
    #12584,#12585),.UNSPECIFIED.,.F.,.F.,(6,6),(0.,0.186177187985),
  .PIECEWISE_BEZIER_KNOTS.);
#12580 = CARTESIAN_POINT('',(-3.353894383755,-143.8331855685));
#12581 = CARTESIAN_POINT('',(-3.391129821352,-143.8331855685));
#12582 = CARTESIAN_POINT('',(-3.428365258949,-143.8708448632));
#12583 = CARTESIAN_POINT('',(-3.465600696546,-143.9461636327));
#12584 = CARTESIAN_POINT('',(-3.502836134143,-144.0589236927));
#12585 = CARTESIAN_POINT('',(-3.54007157174,-144.2086922579));
#12586 = ( GEOMETRIC_REPRESENTATION_CONTEXT(2) 
PARAMETRIC_REPRESENTATION_CONTEXT() REPRESENTATION_CONTEXT('2D SPACE',''
  ) );
#12587 = ADVANCED_FACE('',(#12588),#12388,.F.);
#12588 = FACE_BOUND('',#12589,.T.);
#12589 = EDGE_LOOP('',(#12590,#12591));
#12590 = ORIENTED_EDGE('',*,*,#12115,.T.);
#12591 = ORIENTED_EDGE('',*,*,#12592,.T.);
#12592 = EDGE_CURVE('',#12118,#12116,#12593,.T.);
#12593 = SURFACE_CURVE('',#12594,(#12612,#12633),.PCURVE_S1.);
#12594 = B_SPLINE_CURVE_WITH_KNOTS('',6,(#12595,#12596,#12597,#12598,
    #12599,#12600,#12601,#12602,#12603,#12604,#12605,#12606,#12607,
    #12608,#12609,#12610,#12611),.UNSPECIFIED.,.F.,.F.,(7,5,5,7),(0.,
    0.500025431324,0.842690543933,1.),.UNSPECIFIED.);
#12595 = CARTESIAN_POINT('',(0.192253498767,787.85144756114,
    -413.531042193));
#12596 = CARTESIAN_POINT('',(6.630615534462E-02,787.99297858901,
    -413.002708333));
#12597 = CARTESIAN_POINT('',(-3.621064143378E-02,788.15123812758,
    -412.4674230945));
#12598 = CARTESIAN_POINT('',(-0.113988629023,788.32648125844,
    -411.9284361428));
#12599 = CARTESIAN_POINT('',(-0.166155069831,788.51848482646,
    -411.3890837907));
#12600 = CARTESIAN_POINT('',(-0.192252898767,788.72648069173,
    -410.8526352293));
#12601 = CARTESIAN_POINT('',(-0.192252898767,789.1018135477,
    -409.9586606087));
#12602 = CARTESIAN_POINT('',(-0.179996281068,789.26130697032,
    -409.5980499022));
#12603 = CARTESIAN_POINT('',(-0.155487071855,789.42723937267,
    -409.2413727741));
#12604 = CARTESIAN_POINT('',(-0.118827000895,789.59907303088,
    -408.8895857923));
#12605 = CARTESIAN_POINT('',(-7.021733764315E-02,789.77617072182,
    -408.5435783412));
#12606 = CARTESIAN_POINT('',(1.770165857597E-02,790.04118452697,
    -408.048361904));
#12607 = CARTESIAN_POINT('',(4.782036906819E-02,790.12552780113,
    -407.8939316576));
#12608 = CARTESIAN_POINT('',(8.03674066218E-02,790.21076437439,
    -407.7409571715));
#12609 = CARTESIAN_POINT('',(0.11531177321,790.29682535841,
    -407.5895062465));
#12610 = CARTESIAN_POINT('',(0.152619470284,790.38364035536,
    -407.4396408602));
#12611 = CARTESIAN_POINT('',(0.192253498767,790.47113745796,
    -407.2914171661));
#12612 = PCURVE('',#12388,#12613);
#12613 = DEFINITIONAL_REPRESENTATION('',(#12614),#12632);
#12614 = B_SPLINE_CURVE_WITH_KNOTS('',6,(#12615,#12616,#12617,#12618,
    #12619,#12620,#12621,#12622,#12623,#12624,#12625,#12626,#12627,
    #12628,#12629,#12630,#12631),.UNSPECIFIED.,.F.,.F.,(7,5,5,7),(0.,
    0.500025431324,0.842690543933,1.),.UNSPECIFIED.);
#12615 = CARTESIAN_POINT('',(-1.309059813713,-50.19225349876));
#12616 = CARTESIAN_POINT('',(-1.28718132384,-50.06630615534));
#12617 = CARTESIAN_POINT('',(-1.264861100576,-49.96378935856));
#12618 = CARTESIAN_POINT('',(-1.2422032304,-49.88601137097));
#12619 = CARTESIAN_POINT('',(-1.219316212758,-49.83384493016));
#12620 = CARTESIAN_POINT('',(-1.196310578245,-49.80774710123));
#12621 = CARTESIAN_POINT('',(-1.157527790826,-49.80774710123));
#12622 = CARTESIAN_POINT('',(-1.141758324887,-49.82000371893));
#12623 = CARTESIAN_POINT('',(-1.12602716431,-49.84451292814));
#12624 = CARTESIAN_POINT('',(-1.110370872484,-49.8811729991));
#12625 = CARTESIAN_POINT('',(-1.094825625628,-49.92978266235));
#12626 = CARTESIAN_POINT('',(-1.072358880902,-50.01770165857));
#12627 = CARTESIAN_POINT('',(-1.06532067343,-50.04782036906));
#12628 = CARTESIAN_POINT('',(-1.058316308508,-50.08036740662));
#12629 = CARTESIAN_POINT('',(-1.051348872668,-50.11531177321));
#12630 = CARTESIAN_POINT('',(-1.044421311277,-50.15261947028));
#12631 = CARTESIAN_POINT('',(-1.037536428537,-50.19225349876));
#12632 = ( GEOMETRIC_REPRESENTATION_CONTEXT(2) 
PARAMETRIC_REPRESENTATION_CONTEXT() REPRESENTATION_CONTEXT('2D SPACE',''
  ) );
#12633 = PCURVE('',#12545,#12634);
#12634 = DEFINITIONAL_REPRESENTATION('',(#12635),#12653);
#12635 = B_SPLINE_CURVE_WITH_KNOTS('',6,(#12636,#12637,#12638,#12639,
    #12640,#12641,#12642,#12643,#12644,#12645,#12646,#12647,#12648,
    #12649,#12650,#12651,#12652),.UNSPECIFIED.,.F.,.F.,(7,5,5,7),(0.,
    0.500025431324,0.842690543933,1.),.UNSPECIFIED.);
#12636 = CARTESIAN_POINT('',(-3.090583324099,-144.2076550286));
#12637 = CARTESIAN_POINT('',(-3.133758291309,-144.2087888986));
#12638 = CARTESIAN_POINT('',(-3.177356812593,-144.2088205432));
#12639 = CARTESIAN_POINT('',(-3.221270716861,-144.2083596708));
#12640 = CARTESIAN_POINT('',(-3.265398057853,-144.2078899727));
#12641 = CARTESIAN_POINT('',(-3.309639658525,-144.207655034));
#12642 = CARTESIAN_POINT('',(-3.384221942024,-144.207655034));
#12643 = CARTESIAN_POINT('',(-3.414547840721,-144.2077651857));
#12644 = CARTESIAN_POINT('',(-3.444836699992,-144.2079863701));
#12645 = CARTESIAN_POINT('',(-3.475054828717,-144.2082631184));
#12646 = CARTESIAN_POINT('',(-3.505168147851,-144.2084900193));
#12647 = CARTESIAN_POINT('',(-3.548899535089,-144.2085310295));
#12648 = CARTESIAN_POINT('',(-3.562630007134,-144.2085021279));
#12649 = CARTESIAN_POINT('',(-3.576328556498,-144.2084169406));
#12650 = CARTESIAN_POINT('',(-3.589992377039,-144.2082593983));
#12651 = CARTESIAN_POINT('',(-3.603618829881,-144.2080118431));
#12652 = CARTESIAN_POINT('',(-3.61720544341,-144.2076550286));
#12653 = ( GEOMETRIC_REPRESENTATION_CONTEXT(2) 
PARAMETRIC_REPRESENTATION_CONTEXT() REPRESENTATION_CONTEXT('2D SPACE',''
  ) );
#12654 = ADVANCED_FACE('',(#12655),#12545,.T.);
#12655 = FACE_BOUND('',#12656,.F.);
#12656 = EDGE_LOOP('',(#12657,#12658,#12659));
#12657 = ORIENTED_EDGE('',*,*,#12560,.F.);
#12658 = ORIENTED_EDGE('',*,*,#12525,.F.);
#12659 = ORIENTED_EDGE('',*,*,#12592,.T.);
#12660 = ( GEOMETRIC_REPRESENTATION_CONTEXT(3) 
GLOBAL_UNCERTAINTY_ASSIGNED_CONTEXT((#12664)) 
GLOBAL_UNIT_ASSIGNED_CONTEXT((#12661,#12662,#12663)) 
REPRESENTATION_CONTEXT('Context #1',
  '3D Context with UNIT and UNCERTAINTY') );
#12661 = ( LENGTH_UNIT() NAMED_UNIT(*) SI_UNIT(.MILLI.,.METRE.) );
#12662 = ( NAMED_UNIT(*) PLANE_ANGLE_UNIT() SI_UNIT($,.RADIAN.) );
#12663 = ( NAMED_UNIT(*) SI_UNIT($,.STERADIAN.) SOLID_ANGLE_UNIT() );
#12664 = UNCERTAINTY_MEASURE_WITH_UNIT(LENGTH_MEASURE(1.E-06),#12661,
  'distance_accuracy_value','confusion accuracy');
#12665 = PRODUCT_RELATED_PRODUCT_CATEGORY('part',$,(#7));
ENDSEC;
END-ISO-10303-21;
