ISO-10303-21;
HEADER;
FILE_DESCRIPTION(('Open CASCADE Model'),'2;1');
FILE_NAME('Open CASCADE Shape Model','2026-10-09T04:12:47',('Author'),(
    'Open CASCADE'),'Open CASCADE STEP processor 7.8','Open CASCADE 7.8'
  ,'Unknown');
FILE_SCHEMA(('AUTOMOTIVE_DESIGN { 1 0 10303 214 1 1 1 1 }'));
ENDSEC;
DATA;
#1 = APPLICATION_PROTOCOL_DEFINITION('international standard',
  'automotive_design',2000,#2);
#2 = APPLICATION_CONTEXT(
  'core data for automotive mechanical design processes');
#3 = SHAPE_DEFINITION_REPRESENTATION(#4,#10);
#4 = PRODUCT_DEFINITION_SHAPE('','',#5);
#5 = PRODUCT_DEFINITION('design','',#6,#9);
#6 = PRODUCT_DEFINITION_FORMATION('','',#7);
#7 = PRODUCT('stationary_hardware_C02_R01','stationary_hardware_C02_R01'
  ,'',(#8));
#8 = PRODUCT_CONTEXT('',#2,'mechanical');
#9 = PRODUCT_DEFINITION_CONTEXT('part definition',#2,'design');
#10 = SHAPE_REPRESENTATION('',(#11,#15,#19,#23,#27,#31,#35,#39,#43,#47,
    #51,#55,#59,#63,#67,#71,#75),#79);
#11 = AXIS2_PLACEMENT_3D('',#12,#13,#14);
#12 = CARTESIAN_POINT('',(0.,0.,0.));
#13 = DIRECTION('',(0.,0.,1.));
#14 = DIRECTION('',(1.,0.,-0.));
#15 = AXIS2_PLACEMENT_3D('',#16,#17,#18);
#16 = CARTESIAN_POINT('',(0.,0.,0.));
#17 = DIRECTION('',(0.,0.,1.));
#18 = DIRECTION('',(1.,0.,-0.));
#19 = AXIS2_PLACEMENT_3D('',#20,#21,#22);
#20 = CARTESIAN_POINT('',(0.,0.,0.));
#21 = DIRECTION('',(0.,0.,1.));
#22 = DIRECTION('',(1.,0.,-0.));
#23 = AXIS2_PLACEMENT_3D('',#24,#25,#26);
#24 = CARTESIAN_POINT('',(0.,0.,0.));
#25 = DIRECTION('',(0.,0.,1.));
#26 = DIRECTION('',(1.,0.,-0.));
#27 = AXIS2_PLACEMENT_3D('',#28,#29,#30);
#28 = CARTESIAN_POINT('',(0.,0.,0.));
#29 = DIRECTION('',(0.,0.,1.));
#30 = DIRECTION('',(1.,0.,-0.));
#31 = AXIS2_PLACEMENT_3D('',#32,#33,#34);
#32 = CARTESIAN_POINT('',(0.,0.,0.));
#33 = DIRECTION('',(0.,0.,1.));
#34 = DIRECTION('',(1.,0.,-0.));
#35 = AXIS2_PLACEMENT_3D('',#36,#37,#38);
#36 = CARTESIAN_POINT('',(0.,0.,0.));
#37 = DIRECTION('',(0.,0.,1.));
#38 = DIRECTION('',(1.,0.,-0.));
#39 = AXIS2_PLACEMENT_3D('',#40,#41,#42);
#40 = CARTESIAN_POINT('',(0.,0.,0.));
#41 = DIRECTION('',(0.,0.,1.));
#42 = DIRECTION('',(1.,0.,-0.));
#43 = AXIS2_PLACEMENT_3D('',#44,#45,#46);
#44 = CARTESIAN_POINT('',(0.,0.,0.));
#45 = DIRECTION('',(0.,0.,1.));
#46 = DIRECTION('',(1.,0.,-0.));
#47 = AXIS2_PLACEMENT_3D('',#48,#49,#50);
#48 = CARTESIAN_POINT('',(0.,0.,0.));
#49 = DIRECTION('',(0.,0.,1.));
#50 = DIRECTION('',(1.,0.,-0.));
#51 = AXIS2_PLACEMENT_3D('',#52,#53,#54);
#52 = CARTESIAN_POINT('',(0.,0.,0.));
#53 = DIRECTION('',(0.,0.,1.));
#54 = DIRECTION('',(1.,0.,-0.));
#55 = AXIS2_PLACEMENT_3D('',#56,#57,#58);
#56 = CARTESIAN_POINT('',(0.,0.,0.));
#57 = DIRECTION('',(0.,0.,1.));
#58 = DIRECTION('',(1.,0.,-0.));
#59 = AXIS2_PLACEMENT_3D('',#60,#61,#62);
#60 = CARTESIAN_POINT('',(0.,0.,0.));
#61 = DIRECTION('',(0.,0.,1.));
#62 = DIRECTION('',(1.,0.,-0.));
#63 = AXIS2_PLACEMENT_3D('',#64,#65,#66);
#64 = CARTESIAN_POINT('',(0.,0.,0.));
#65 = DIRECTION('',(0.,0.,1.));
#66 = DIRECTION('',(1.,0.,-0.));
#67 = AXIS2_PLACEMENT_3D('',#68,#69,#70);
#68 = CARTESIAN_POINT('',(0.,0.,0.));
#69 = DIRECTION('',(0.,0.,1.));
#70 = DIRECTION('',(1.,0.,-0.));
#71 = AXIS2_PLACEMENT_3D('',#72,#73,#74);
#72 = CARTESIAN_POINT('',(0.,0.,0.));
#73 = DIRECTION('',(0.,0.,1.));
#74 = DIRECTION('',(1.,0.,-0.));
#75 = AXIS2_PLACEMENT_3D('',#76,#77,#78);
#76 = CARTESIAN_POINT('',(0.,0.,0.));
#77 = DIRECTION('',(0.,0.,1.));
#78 = DIRECTION('',(1.,0.,-0.));
#79 = ( GEOMETRIC_REPRESENTATION_CONTEXT(3) 
GLOBAL_UNCERTAINTY_ASSIGNED_CONTEXT((#83)) GLOBAL_UNIT_ASSIGNED_CONTEXT(
(#80,#81,#82)) REPRESENTATION_CONTEXT('Context #1',
  '3D Context with UNIT and UNCERTAINTY') );
#80 = ( LENGTH_UNIT() NAMED_UNIT(*) SI_UNIT(.MILLI.,.METRE.) );
#81 = ( NAMED_UNIT(*) PLANE_ANGLE_UNIT() SI_UNIT($,.RADIAN.) );
#82 = ( NAMED_UNIT(*) SI_UNIT($,.STERADIAN.) SOLID_ANGLE_UNIT() );
#83 = UNCERTAINTY_MEASURE_WITH_UNIT(LENGTH_MEASURE(1.E-07),#80,
  'distance_accuracy_value','confusion accuracy');
#84 = PRODUCT_RELATED_PRODUCT_CATEGORY('part',$,(#7));
#85 = SHAPE_DEFINITION_REPRESENTATION(#86,#92);
#86 = PRODUCT_DEFINITION_SHAPE('','',#87);
#87 = PRODUCT_DEFINITION('design','',#88,#91);
#88 = PRODUCT_DEFINITION_FORMATION('','',#89);
#89 = PRODUCT('original_hinge_pin_-170_70','original_hinge_pin_-170_70',
  '',(#90));
#90 = PRODUCT_CONTEXT('',#2,'mechanical');
#91 = PRODUCT_DEFINITION_CONTEXT('part definition',#2,'design');
#92 = ADVANCED_BREP_SHAPE_REPRESENTATION('',(#11,#93),#651);
#93 = MANIFOLD_SOLID_BREP('',#94);
#94 = CLOSED_SHELL('',(#95,#183,#187,#222,#620,#624));
#95 = ADVANCED_FACE('',(#96),#110,.T.);
#96 = FACE_BOUND('',#97,.F.);
#97 = EDGE_LOOP('',(#98,#128,#155,#156));
#98 = ORIENTED_EDGE('',*,*,#99,.T.);
#99 = EDGE_CURVE('',#100,#102,#104,.T.);
#100 = VERTEX_POINT('',#101);
#101 = CARTESIAN_POINT('',(-241.,550.,86.));
#102 = VERTEX_POINT('',#103);
#103 = CARTESIAN_POINT('',(-235.,550.,86.));
#104 = SEAM_CURVE('',#105,(#109,#121),.PCURVE_S1.);
#105 = LINE('',#106,#107);
#106 = CARTESIAN_POINT('',(-241.,550.,86.));
#107 = VECTOR('',#108,1.);
#108 = DIRECTION('',(1.,0.,0.));
#109 = PCURVE('',#110,#115);
#110 = CYLINDRICAL_SURFACE('',#111,16.);
#111 = AXIS2_PLACEMENT_3D('',#112,#113,#114);
#112 = CARTESIAN_POINT('',(-241.,550.,70.));
#113 = DIRECTION('',(-1.,-0.,0.));
#114 = DIRECTION('',(0.,0.,1.));
#115 = DEFINITIONAL_REPRESENTATION('',(#116),#120);
#116 = LINE('',#117,#118);
#117 = CARTESIAN_POINT('',(-0.,0.));
#118 = VECTOR('',#119,1.);
#119 = DIRECTION('',(-0.,-1.));
#120 = ( GEOMETRIC_REPRESENTATION_CONTEXT(2) 
PARAMETRIC_REPRESENTATION_CONTEXT() REPRESENTATION_CONTEXT('2D SPACE',''
  ) );
#121 = PCURVE('',#110,#122);
#122 = DEFINITIONAL_REPRESENTATION('',(#123),#127);
#123 = LINE('',#124,#125);
#124 = CARTESIAN_POINT('',(-6.28318530718,0.));
#125 = VECTOR('',#126,1.);
#126 = DIRECTION('',(-0.,-1.));
#127 = ( GEOMETRIC_REPRESENTATION_CONTEXT(2) 
PARAMETRIC_REPRESENTATION_CONTEXT() REPRESENTATION_CONTEXT('2D SPACE',''
  ) );
#128 = ORIENTED_EDGE('',*,*,#129,.T.);
#129 = EDGE_CURVE('',#102,#102,#130,.T.);
#130 = SURFACE_CURVE('',#131,(#136,#143),.PCURVE_S1.);
#131 = CIRCLE('',#132,16.);
#132 = AXIS2_PLACEMENT_3D('',#133,#134,#135);
#133 = CARTESIAN_POINT('',(-235.,550.,70.));
#134 = DIRECTION('',(1.,0.,-0.));
#135 = DIRECTION('',(0.,0.,1.));
#136 = PCURVE('',#110,#137);
#137 = DEFINITIONAL_REPRESENTATION('',(#138),#142);
#138 = LINE('',#139,#140);
#139 = CARTESIAN_POINT('',(-0.,-6.));
#140 = VECTOR('',#141,1.);
#141 = DIRECTION('',(-1.,0.));
#142 = ( GEOMETRIC_REPRESENTATION_CONTEXT(2) 
PARAMETRIC_REPRESENTATION_CONTEXT() REPRESENTATION_CONTEXT('2D SPACE',''
  ) );
#143 = PCURVE('',#144,#149);
#144 = PLANE('',#145);
#145 = AXIS2_PLACEMENT_3D('',#146,#147,#148);
#146 = CARTESIAN_POINT('',(-235.,550.,70.));
#147 = DIRECTION('',(1.,0.,0.));
#148 = DIRECTION('',(-0.,0.,1.));
#149 = DEFINITIONAL_REPRESENTATION('',(#150),#154);
#150 = CIRCLE('',#151,16.);
#151 = AXIS2_PLACEMENT_2D('',#152,#153);
#152 = CARTESIAN_POINT('',(1.42108547152E-14,0.));
#153 = DIRECTION('',(1.,0.));
#154 = ( GEOMETRIC_REPRESENTATION_CONTEXT(2) 
PARAMETRIC_REPRESENTATION_CONTEXT() REPRESENTATION_CONTEXT('2D SPACE',''
  ) );
#155 = ORIENTED_EDGE('',*,*,#99,.F.);
#156 = ORIENTED_EDGE('',*,*,#157,.F.);
#157 = EDGE_CURVE('',#100,#100,#158,.T.);
#158 = SURFACE_CURVE('',#159,(#164,#171),.PCURVE_S1.);
#159 = CIRCLE('',#160,16.);
#160 = AXIS2_PLACEMENT_3D('',#161,#162,#163);
#161 = CARTESIAN_POINT('',(-241.,550.,70.));
#162 = DIRECTION('',(1.,0.,-0.));
#163 = DIRECTION('',(0.,0.,1.));
#164 = PCURVE('',#110,#165);
#165 = DEFINITIONAL_REPRESENTATION('',(#166),#170);
#166 = LINE('',#167,#168);
#167 = CARTESIAN_POINT('',(-0.,0.));
#168 = VECTOR('',#169,1.);
#169 = DIRECTION('',(-1.,0.));
#170 = ( GEOMETRIC_REPRESENTATION_CONTEXT(2) 
PARAMETRIC_REPRESENTATION_CONTEXT() REPRESENTATION_CONTEXT('2D SPACE',''
  ) );
#171 = PCURVE('',#172,#177);
#172 = PLANE('',#173);
#173 = AXIS2_PLACEMENT_3D('',#174,#175,#176);
#174 = CARTESIAN_POINT('',(-241.,550.,70.));
#175 = DIRECTION('',(1.,0.,0.));
#176 = DIRECTION('',(-0.,0.,1.));
#177 = DEFINITIONAL_REPRESENTATION('',(#178),#182);
#178 = CIRCLE('',#179,16.);
#179 = AXIS2_PLACEMENT_2D('',#180,#181);
#180 = CARTESIAN_POINT('',(1.42108547152E-14,0.));
#181 = DIRECTION('',(1.,0.));
#182 = ( GEOMETRIC_REPRESENTATION_CONTEXT(2) 
PARAMETRIC_REPRESENTATION_CONTEXT() REPRESENTATION_CONTEXT('2D SPACE',''
  ) );
#183 = ADVANCED_FACE('',(#184),#172,.F.);
#184 = FACE_BOUND('',#185,.F.);
#185 = EDGE_LOOP('',(#186));
#186 = ORIENTED_EDGE('',*,*,#157,.T.);
#187 = ADVANCED_FACE('',(#188,#191),#144,.T.);
#188 = FACE_BOUND('',#189,.T.);
#189 = EDGE_LOOP('',(#190));
#190 = ORIENTED_EDGE('',*,*,#129,.T.);
#191 = FACE_BOUND('',#192,.T.);
#192 = EDGE_LOOP('',(#193));
#193 = ORIENTED_EDGE('',*,*,#194,.F.);
#194 = EDGE_CURVE('',#195,#195,#197,.T.);
#195 = VERTEX_POINT('',#196);
#196 = CARTESIAN_POINT('',(-235.,550.,80.));
#197 = SURFACE_CURVE('',#198,(#203,#210),.PCURVE_S1.);
#198 = CIRCLE('',#199,10.);
#199 = AXIS2_PLACEMENT_3D('',#200,#201,#202);
#200 = CARTESIAN_POINT('',(-235.,550.,70.));
#201 = DIRECTION('',(1.,0.,-0.));
#202 = DIRECTION('',(0.,0.,1.));
#203 = PCURVE('',#144,#204);
#204 = DEFINITIONAL_REPRESENTATION('',(#205),#209);
#205 = CIRCLE('',#206,10.);
#206 = AXIS2_PLACEMENT_2D('',#207,#208);
#207 = CARTESIAN_POINT('',(1.42108547152E-14,0.));
#208 = DIRECTION('',(1.,0.));
#209 = ( GEOMETRIC_REPRESENTATION_CONTEXT(2) 
PARAMETRIC_REPRESENTATION_CONTEXT() REPRESENTATION_CONTEXT('2D SPACE',''
  ) );
#210 = PCURVE('',#211,#216);
#211 = CYLINDRICAL_SURFACE('',#212,10.);
#212 = AXIS2_PLACEMENT_3D('',#213,#214,#215);
#213 = CARTESIAN_POINT('',(-235.,550.,70.));
#214 = DIRECTION('',(-1.,-0.,0.));
#215 = DIRECTION('',(0.,0.,1.));
#216 = DEFINITIONAL_REPRESENTATION('',(#217),#221);
#217 = LINE('',#218,#219);
#218 = CARTESIAN_POINT('',(-0.,0.));
#219 = VECTOR('',#220,1.);
#220 = DIRECTION('',(-1.,0.));
#221 = ( GEOMETRIC_REPRESENTATION_CONTEXT(2) 
PARAMETRIC_REPRESENTATION_CONTEXT() REPRESENTATION_CONTEXT('2D SPACE',''
  ) );
#222 = ADVANCED_FACE('',(#223,#277,#451),#211,.T.);
#223 = FACE_BOUND('',#224,.F.);
#224 = EDGE_LOOP('',(#225,#226,#249,#276));
#225 = ORIENTED_EDGE('',*,*,#194,.F.);
#226 = ORIENTED_EDGE('',*,*,#227,.T.);
#227 = EDGE_CURVE('',#195,#228,#230,.T.);
#228 = VERTEX_POINT('',#229);
#229 = CARTESIAN_POINT('',(-105.,550.,80.));
#230 = SEAM_CURVE('',#231,(#235,#242),.PCURVE_S1.);
#231 = LINE('',#232,#233);
#232 = CARTESIAN_POINT('',(-235.,550.,80.));
#233 = VECTOR('',#234,1.);
#234 = DIRECTION('',(1.,0.,0.));
#235 = PCURVE('',#211,#236);
#236 = DEFINITIONAL_REPRESENTATION('',(#237),#241);
#237 = LINE('',#238,#239);
#238 = CARTESIAN_POINT('',(-6.28318530718,0.));
#239 = VECTOR('',#240,1.);
#240 = DIRECTION('',(-0.,-1.));
#241 = ( GEOMETRIC_REPRESENTATION_CONTEXT(2) 
PARAMETRIC_REPRESENTATION_CONTEXT() REPRESENTATION_CONTEXT('2D SPACE',''
  ) );
#242 = PCURVE('',#211,#243);
#243 = DEFINITIONAL_REPRESENTATION('',(#244),#248);
#244 = LINE('',#245,#246);
#245 = CARTESIAN_POINT('',(-0.,0.));
#246 = VECTOR('',#247,1.);
#247 = DIRECTION('',(-0.,-1.));
#248 = ( GEOMETRIC_REPRESENTATION_CONTEXT(2) 
PARAMETRIC_REPRESENTATION_CONTEXT() REPRESENTATION_CONTEXT('2D SPACE',''
  ) );
#249 = ORIENTED_EDGE('',*,*,#250,.T.);
#250 = EDGE_CURVE('',#228,#228,#251,.T.);
#251 = SURFACE_CURVE('',#252,(#257,#264),.PCURVE_S1.);
#252 = CIRCLE('',#253,10.);
#253 = AXIS2_PLACEMENT_3D('',#254,#255,#256);
#254 = CARTESIAN_POINT('',(-105.,550.,70.));
#255 = DIRECTION('',(1.,0.,-0.));
#256 = DIRECTION('',(0.,0.,1.));
#257 = PCURVE('',#211,#258);
#258 = DEFINITIONAL_REPRESENTATION('',(#259),#263);
#259 = LINE('',#260,#261);
#260 = CARTESIAN_POINT('',(-0.,-130.));
#261 = VECTOR('',#262,1.);
#262 = DIRECTION('',(-1.,0.));
#263 = ( GEOMETRIC_REPRESENTATION_CONTEXT(2) 
PARAMETRIC_REPRESENTATION_CONTEXT() REPRESENTATION_CONTEXT('2D SPACE',''
  ) );
#264 = PCURVE('',#265,#270);
#265 = PLANE('',#266);
#266 = AXIS2_PLACEMENT_3D('',#267,#268,#269);
#267 = CARTESIAN_POINT('',(-105.,550.,70.));
#268 = DIRECTION('',(1.,0.,0.));
#269 = DIRECTION('',(-0.,0.,1.));
#270 = DEFINITIONAL_REPRESENTATION('',(#271),#275);
#271 = CIRCLE('',#272,10.);
#272 = AXIS2_PLACEMENT_2D('',#273,#274);
#273 = CARTESIAN_POINT('',(0.,0.));
#274 = DIRECTION('',(1.,0.));
#275 = ( GEOMETRIC_REPRESENTATION_CONTEXT(2) 
PARAMETRIC_REPRESENTATION_CONTEXT() REPRESENTATION_CONTEXT('2D SPACE',''
  ) );
#276 = ORIENTED_EDGE('',*,*,#227,.F.);
#277 = FACE_BOUND('',#278,.F.);
#278 = EDGE_LOOP('',(#279));
#279 = ORIENTED_EDGE('',*,*,#280,.F.);
#280 = EDGE_CURVE('',#281,#281,#283,.T.);
#281 = VERTEX_POINT('',#282);
#282 = CARTESIAN_POINT('',(-112.,540.20204102886,72.));
#283 = SURFACE_CURVE('',#284,(#336,#391),.PCURVE_S1.);
#284 = B_SPLINE_CURVE_WITH_KNOTS('',8,(#285,#286,#287,#288,#289,#290,
    #291,#292,#293,#294,#295,#296,#297,#298,#299,#300,#301,#302,#303,
    #304,#305,#306,#307,#308,#309,#310,#311,#312,#313,#314,#315,#316,
    #317,#318,#319,#320,#321,#322,#323,#324,#325,#326,#327,#328,#329,
    #330,#331,#332,#333,#334,#335),.UNSPECIFIED.,.T.,.F.,(9,7,7,7,7,7,7,
    9),(0.,0.154164471481,0.286814553994,0.423216065673,0.578259302153,
    0.706185388497,0.827889919609,1.),.UNSPECIFIED.);
#285 = CARTESIAN_POINT('',(-112.,540.20204102886,72.));
#286 = CARTESIAN_POINT('',(-111.7905201085,540.20204102886,72.));
#287 = CARTESIAN_POINT('',(-111.5813467454,540.19692273597,
    71.974924429571));
#288 = CARTESIAN_POINT('',(-111.3742387369,540.1867113173,
    71.924903298656));
#289 = CARTESIAN_POINT('',(-111.1711062923,540.17169090185,
    71.849478510659));
#290 = CARTESIAN_POINT('',(-110.9743436089,540.1524273851,
    71.747818828744));
#291 = CARTESIAN_POINT('',(-110.7870484143,540.12988884933,
    71.618848384442));
#292 = CARTESIAN_POINT('',(-110.6133382764,540.10557846691,
    71.461442922952));
#293 = CARTESIAN_POINT('',(-110.3261510929,540.06095808237,
    71.114293252407));
#294 = CARTESIAN_POINT('',(-110.2025971628,540.03977792771,
    70.926019250884));
#295 = CARTESIAN_POINT('',(-110.0990364265,540.02022007113,
    70.712878222779));
#296 = CARTESIAN_POINT('',(-110.0233930459,540.00486476443,
    70.480090433453));
#297 = CARTESIAN_POINT('',(-109.9808645016,539.99602027015,
    70.234707106202));
#298 = CARTESIAN_POINT('',(-109.9739489439,539.99473431848,
    69.984676606495));
#299 = CARTESIAN_POINT('',(-110.0023593542,540.00064759173,
    69.738152165184));
#300 = CARTESIAN_POINT('',(-110.1250182538,540.02443810617,
    69.260427292277));
#301 = CARTESIAN_POINT('',(-110.218988469,540.04223901273,
    69.038098309829));
#302 = CARTESIAN_POINT('',(-110.3382687654,540.06375599741,
    68.838092974357));
#303 = CARTESIAN_POINT('',(-110.4774433326,540.08688076927,
    68.661570990649));
#304 = CARTESIAN_POINT('',(-110.6318540001,540.10978959788,
    68.50889474805));
#305 = CARTESIAN_POINT('',(-110.7974387495,540.13106870824,
    68.379895885578));
#306 = CARTESIAN_POINT('',(-110.9706561995,540.14971177887,
    68.274005268069));
#307 = CARTESIAN_POINT('',(-111.3505241881,540.18260281217,
    68.095252961036));
#308 = CARTESIAN_POINT('',(-111.5620100673,540.19620454266,
    68.027235692715));
#309 = CARTESIAN_POINT('',(-111.7795288618,540.2048179191,
    67.986392410009));
#310 = CARTESIAN_POINT('',(-112.,540.20776552526,67.972772953077));
#311 = CARTESIAN_POINT('',(-112.2204711381,540.2048179191,67.98639241001
    ));
#312 = CARTESIAN_POINT('',(-112.4379899326,540.19620454266,
    68.027235692716));
#313 = CARTESIAN_POINT('',(-112.6494758118,540.18260281217,
    68.095252961034));
#314 = CARTESIAN_POINT('',(-113.0182969629,540.15066827405,
    68.268807020921));
#315 = CARTESIAN_POINT('',(-113.1806586507,540.13340393903,
    68.366653726956));
#316 = CARTESIAN_POINT('',(-113.3363438445,540.11382327326,
    68.484555061221));
#317 = CARTESIAN_POINT('',(-113.4826484064,540.0927163772,
    68.623034226833));
#318 = CARTESIAN_POINT('',(-113.6164149546,540.07117304972,
    68.782382025252));
#319 = CARTESIAN_POINT('',(-113.7339594027,540.05060390443,
    68.962542640367));
#320 = CARTESIAN_POINT('',(-113.830937138,540.03268096285,
    69.162909132478));
#321 = CARTESIAN_POINT('',(-113.9698273597,540.00621187294,
    69.59036928129));
#322 = CARTESIAN_POINT('',(-114.0132355039,539.99743332196,
    69.812758563129));
#323 = CARTESIAN_POINT('',(-114.0276776624,539.99430762726,
    70.043002988209));
#324 = CARTESIAN_POINT('',(-114.0112373407,539.99770490011,
    70.274044356268));
#325 = CARTESIAN_POINT('',(-113.964601888,540.00739161554,
    70.498614326667));
#326 = CARTESIAN_POINT('',(-113.8909869218,540.02193256909,
    70.709882965279));
#327 = CARTESIAN_POINT('',(-113.7961860735,540.03932456049,
    70.902213071963));
#328 = CARTESIAN_POINT('',(-113.5365905575,540.08341521798,
    71.311270150717));
#329 = CARTESIAN_POINT('',(-113.3537830225,540.11188289148,
    71.513438561679));
#330 = CARTESIAN_POINT('',(-113.1500811058,540.13946223553,
    71.678675398274));
#331 = CARTESIAN_POINT('',(-112.9321140809,540.16356271885,
    71.808560553112));
#332 = CARTESIAN_POINT('',(-112.7047502042,540.18257932662,
    71.904653015228));
#333 = CARTESIAN_POINT('',(-112.471678123,540.19555274458,
    71.968214952935));
#334 = CARTESIAN_POINT('',(-112.2358463327,540.20204102886,72.));
#335 = CARTESIAN_POINT('',(-112.,540.20204102886,72.));
#336 = PCURVE('',#211,#337);
#337 = DEFINITIONAL_REPRESENTATION('',(#338),#390);
#338 = B_SPLINE_CURVE_WITH_KNOTS('',8,(#339,#340,#341,#342,#343,#344,
    #345,#346,#347,#348,#349,#350,#351,#352,#353,#354,#355,#356,#357,
    #358,#359,#360,#361,#362,#363,#364,#365,#366,#367,#368,#369,#370,
    #371,#372,#373,#374,#375,#376,#377,#378,#379,#380,#381,#382,#383,
    #384,#385,#386,#387,#388,#389),.UNSPECIFIED.,.T.,.F.,(9,7,7,7,7,7,7,
    9),(0.,0.154164471481,0.286814553994,0.423216065673,0.578259302153,
    0.706185388497,0.827889919609,1.),.UNSPECIFIED.);
#339 = CARTESIAN_POINT('',(-1.369438406005,-123.));
#340 = CARTESIAN_POINT('',(-1.369438406005,-123.2094798914));
#341 = CARTESIAN_POINT('',(-1.371997668267,-123.4186532545));
#342 = CARTESIAN_POINT('',(-1.377102940088,-123.625761263));
#343 = CARTESIAN_POINT('',(-1.384793437175,-123.8288937076));
#344 = CARTESIAN_POINT('',(-1.395139319116,-124.025656391));
#345 = CARTESIAN_POINT('',(-1.408228630473,-124.2129515856));
#346 = CARTESIAN_POINT('',(-1.424150658298,-124.3866617235));
#347 = CARTESIAN_POINT('',(-1.459151211505,-124.673848907));
#348 = CARTESIAN_POINT('',(-1.478094993743,-124.7974028371));
#349 = CARTESIAN_POINT('',(-1.499491042766,-124.9009635734));
#350 = CARTESIAN_POINT('',(-1.522804104305,-124.976606954));
#351 = CARTESIAN_POINT('',(-1.547335340151,-125.0191354983));
#352 = CARTESIAN_POINT('',(-1.572321124429,-125.026051056));
#353 = CARTESIAN_POINT('',(-1.596972452765,-124.9976406457));
#354 = CARTESIAN_POINT('',(-1.644804141295,-124.8749817461));
#355 = CARTESIAN_POINT('',(-1.667098035864,-124.7810115309));
#356 = CARTESIAN_POINT('',(-1.687202670666,-124.6617312345));
#357 = CARTESIAN_POINT('',(-1.70499829364,-124.5225566673));
#358 = CARTESIAN_POINT('',(-1.72043347901,-124.3681459998));
#359 = CARTESIAN_POINT('',(-1.733506293222,-124.2025612504));
#360 = CARTESIAN_POINT('',(-1.744257924837,-124.0293438004));
#361 = CARTESIAN_POINT('',(-1.762433239784,-123.6494758118));
#362 = CARTESIAN_POINT('',(-1.769368807253,-123.4379899326));
#363 = CARTESIAN_POINT('',(-1.77354296522,-123.2204711381));
#364 = CARTESIAN_POINT('',(-1.774936601727,-122.9999999999));
#365 = CARTESIAN_POINT('',(-1.77354296522,-122.7795288618));
#366 = CARTESIAN_POINT('',(-1.769368807253,-122.5620100673));
#367 = CARTESIAN_POINT('',(-1.762433239784,-122.3505241881));
#368 = CARTESIAN_POINT('',(-1.74478647622,-121.981703037));
#369 = CARTESIAN_POINT('',(-1.73485091575,-121.8193413492));
#370 = CARTESIAN_POINT('',(-1.722900389188,-121.6636561554));
#371 = CARTESIAN_POINT('',(-1.708895129441,-121.5173515935));
#372 = CARTESIAN_POINT('',(-1.692820803948,-121.3835850453));
#373 = CARTESIAN_POINT('',(-1.674695883472,-121.2660405972));
#374 = CARTESIAN_POINT('',(-1.654586782365,-121.1690628619));
#375 = CARTESIAN_POINT('',(-1.611758895242,-121.0301726402));
#376 = CARTESIAN_POINT('',(-1.589508239509,-120.986764496));
#377 = CARTESIAN_POINT('',(-1.566494539133,-120.9723223375));
#378 = CARTESIAN_POINT('',(-1.543406562747,-120.9887626592));
#379 = CARTESIAN_POINT('',(-1.520944234006,-121.0353981119));
#380 = CARTESIAN_POINT('',(-1.499775594445,-121.1090130781));
#381 = CARTESIAN_POINT('',(-1.480466972732,-121.2038139264));
#382 = CARTESIAN_POINT('',(-1.43932433308,-121.4634094424));
#383 = CARTESIAN_POINT('',(-1.418918849244,-121.6462169774));
#384 = CARTESIAN_POINT('',(-1.40217338729,-121.8499188941));
#385 = CARTESIAN_POINT('',(-1.388965045264,-122.067885919));
#386 = CARTESIAN_POINT('',(-1.379169733234,-122.2952497957));
#387 = CARTESIAN_POINT('',(-1.37268245019,-122.5283218769));
#388 = CARTESIAN_POINT('',(-1.369438406005,-122.7641536672));
#389 = CARTESIAN_POINT('',(-1.369438406005,-123.));
#390 = ( GEOMETRIC_REPRESENTATION_CONTEXT(2) 
PARAMETRIC_REPRESENTATION_CONTEXT() REPRESENTATION_CONTEXT('2D SPACE',''
  ) );
#391 = PCURVE('',#392,#397);
#392 = CYLINDRICAL_SURFACE('',#393,2.);
#393 = AXIS2_PLACEMENT_3D('',#394,#395,#396);
#394 = CARTESIAN_POINT('',(-112.,530.,70.));
#395 = DIRECTION('',(-0.,-1.,-0.));
#396 = DIRECTION('',(0.,0.,1.));
#397 = DEFINITIONAL_REPRESENTATION('',(#398),#450);
#398 = B_SPLINE_CURVE_WITH_KNOTS('',8,(#399,#400,#401,#402,#403,#404,
    #405,#406,#407,#408,#409,#410,#411,#412,#413,#414,#415,#416,#417,
    #418,#419,#420,#421,#422,#423,#424,#425,#426,#427,#428,#429,#430,
    #431,#432,#433,#434,#435,#436,#437,#438,#439,#440,#441,#442,#443,
    #444,#445,#446,#447,#448,#449),.UNSPECIFIED.,.F.,.F.,(9,7,7,7,7,7,7,
    9),(0.,0.154164471481,0.286814553994,0.423216065673,0.578259302153,
    0.706185388497,0.827889919609,1.),.UNSPECIFIED.);
#399 = CARTESIAN_POINT('',(0.,-10.20204102886));
#400 = CARTESIAN_POINT('',(-0.104739945731,-10.20204102886));
#401 = CARTESIAN_POINT('',(-0.209326289277,-10.19692273597));
#402 = CARTESIAN_POINT('',(-0.31463243627,-10.1867113173));
#403 = CARTESIAN_POINT('',(-0.421428453769,-10.17169090185));
#404 = CARTESIAN_POINT('',(-0.530473257238,-10.1524273851));
#405 = CARTESIAN_POINT('',(-0.642555479645,-10.12988884933));
#406 = CARTESIAN_POINT('',(-0.758561104293,-10.10557846691));
#407 = CARTESIAN_POINT('',(-0.983832813637,-10.06095808237));
#408 = CARTESIAN_POINT('',(-1.095744963336,-10.03977792771));
#409 = CARTESIAN_POINT('',(-1.212586816456,-10.02022007113));
#410 = CARTESIAN_POINT('',(-1.332627460543,-10.00486476444));
#411 = CARTESIAN_POINT('',(-1.454650140221,-9.996020270154));
#412 = CARTESIAN_POINT('',(-1.577615237422,-9.994734318489));
#413 = CARTESIAN_POINT('',(-1.700537927473,-10.00064759173));
#414 = CARTESIAN_POINT('',(-1.947148075202,-10.02443810617));
#415 = CARTESIAN_POINT('',(-2.066505600324,-10.04223901273));
#416 = CARTESIAN_POINT('',(-2.181172721869,-10.06375599741));
#417 = CARTESIAN_POINT('',(-2.291775168155,-10.08688076927));
#418 = CARTESIAN_POINT('',(-2.398795832926,-10.10978959788));
#419 = CARTESIAN_POINT('',(-2.502618854101,-10.13106870824));
#420 = CARTESIAN_POINT('',(-2.60352703072,-10.14971177887));
#421 = CARTESIAN_POINT('',(-2.813438962294,-10.18260281217));
#422 = CARTESIAN_POINT('',(-2.923598181069,-10.19620454266));
#423 = CARTESIAN_POINT('',(-3.032823638481,-10.2048179191));
#424 = CARTESIAN_POINT('',(-3.141592653591,-10.20776552526));
#425 = CARTESIAN_POINT('',(-3.2503616687,-10.2048179191));
#426 = CARTESIAN_POINT('',(-3.35958712611,-10.19620454266));
#427 = CARTESIAN_POINT('',(-3.469746344883,-10.18260281217));
#428 = CARTESIAN_POINT('',(-3.673553884758,-10.15066827405));
#429 = CARTESIAN_POINT('',(-3.767838606964,-10.13340393903));
#430 = CARTESIAN_POINT('',(-3.864566301668,-10.11382327326));
#431 = CARTESIAN_POINT('',(-3.964043901878,-10.0927163772));
#432 = CARTESIAN_POINT('',(-4.066641969555,-10.07117304972));
#433 = CARTESIAN_POINT('',(-4.172800442439,-10.05060390443));
#434 = CARTESIAN_POINT('',(-4.283064698532,-10.03268096285));
#435 = CARTESIAN_POINT('',(-4.507793797953,-10.00621187294));
#436 = CARTESIAN_POINT('',(-4.620253335608,-9.997433321965));
#437 = CARTESIAN_POINT('',(-4.733975400096,-9.99430762726));
#438 = CARTESIAN_POINT('',(-4.847763023024,-9.997704900112));
#439 = CARTESIAN_POINT('',(-4.960491109401,-10.00739161554));
#440 = CARTESIAN_POINT('',(-5.07094174033,-10.02193256909));
#441 = CARTESIAN_POINT('',(-5.177535190259,-10.03932456049));
#442 = CARTESIAN_POINT('',(-5.419773464275,-10.08341521798));
#443 = CARTESIAN_POINT('',(-5.554098691298,-10.11188289148));
#444 = CARTESIAN_POINT('',(-5.682781087498,-10.13946223553));
#445 = CARTESIAN_POINT('',(-5.807129954919,-10.16356271885));
#446 = CARTESIAN_POINT('',(-5.928313334642,-10.18257932662));
#447 = CARTESIAN_POINT('',(-6.047345827812,-10.19555274458));
#448 = CARTESIAN_POINT('',(-6.165262140801,-10.20204102886));
#449 = CARTESIAN_POINT('',(-6.28318530718,-10.20204102886));
#450 = ( GEOMETRIC_REPRESENTATION_CONTEXT(2) 
PARAMETRIC_REPRESENTATION_CONTEXT() REPRESENTATION_CONTEXT('2D SPACE',''
  ) );
#451 = FACE_BOUND('',#452,.F.);
#452 = EDGE_LOOP('',(#453));
#453 = ORIENTED_EDGE('',*,*,#454,.T.);
#454 = EDGE_CURVE('',#455,#455,#457,.T.);
#455 = VERTEX_POINT('',#456);
#456 = CARTESIAN_POINT('',(-112.,559.79795897113,72.));
#457 = SURFACE_CURVE('',#458,(#510,#565),.PCURVE_S1.);
#458 = B_SPLINE_CURVE_WITH_KNOTS('',8,(#459,#460,#461,#462,#463,#464,
    #465,#466,#467,#468,#469,#470,#471,#472,#473,#474,#475,#476,#477,
    #478,#479,#480,#481,#482,#483,#484,#485,#486,#487,#488,#489,#490,
    #491,#492,#493,#494,#495,#496,#497,#498,#499,#500,#501,#502,#503,
    #504,#505,#506,#507,#508,#509),.UNSPECIFIED.,.T.,.F.,(9,7,7,7,7,7,7,
    9),(0.,0.15416447148,0.286814553992,0.423216065671,0.57825930215,
    0.706185388495,0.827889919607,1.),.UNSPECIFIED.);
#459 = CARTESIAN_POINT('',(-112.,559.79795897113,72.));
#460 = CARTESIAN_POINT('',(-111.7905201085,559.79795897113,72.));
#461 = CARTESIAN_POINT('',(-111.5813467454,559.80307726402,
    71.974924429571));
#462 = CARTESIAN_POINT('',(-111.3742387369,559.81328868269,
    71.924903298656));
#463 = CARTESIAN_POINT('',(-111.1711062923,559.82830909814,
    71.849478510659));
#464 = CARTESIAN_POINT('',(-110.9743436089,559.84757261489,
    71.747818828744));
#465 = CARTESIAN_POINT('',(-110.7870484143,559.87011115066,
    71.618848384442));
#466 = CARTESIAN_POINT('',(-110.6133382764,559.89442153308,
    71.461442922952));
#467 = CARTESIAN_POINT('',(-110.3261510929,559.93904191762,
    71.114293252407));
#468 = CARTESIAN_POINT('',(-110.2025971628,559.96022207228,
    70.926019250884));
#469 = CARTESIAN_POINT('',(-110.0990364265,559.97977992886,
    70.71287822278));
#470 = CARTESIAN_POINT('',(-110.0233930459,559.99513523556,
    70.480090433452));
#471 = CARTESIAN_POINT('',(-109.9808645016,560.00397972984,
    70.234707106203));
#472 = CARTESIAN_POINT('',(-109.9739489439,560.00526568151,
    69.984676606495));
#473 = CARTESIAN_POINT('',(-110.0023593542,559.99935240826,
    69.738152165184));
#474 = CARTESIAN_POINT('',(-110.1250182538,559.97556189382,
    69.260427292277));
#475 = CARTESIAN_POINT('',(-110.218988469,559.95776098726,
    69.038098309829));
#476 = CARTESIAN_POINT('',(-110.3382687654,559.93624400259,
    68.838092974357));
#477 = CARTESIAN_POINT('',(-110.4774433326,559.91311923072,
    68.661570990649));
#478 = CARTESIAN_POINT('',(-110.6318540001,559.89021040211,
    68.50889474805));
#479 = CARTESIAN_POINT('',(-110.7974387495,559.86893129175,
    68.379895885578));
#480 = CARTESIAN_POINT('',(-110.9706561995,559.85028822112,
    68.274005268069));
#481 = CARTESIAN_POINT('',(-111.3505241881,559.81739718782,
    68.095252961036));
#482 = CARTESIAN_POINT('',(-111.5620100673,559.80379545733,
    68.027235692716));
#483 = CARTESIAN_POINT('',(-111.7795288618,559.79518208089,
    67.986392410009));
#484 = CARTESIAN_POINT('',(-112.,559.79223447473,67.972772953077));
#485 = CARTESIAN_POINT('',(-112.2204711381,559.79518208089,
    67.98639241001));
#486 = CARTESIAN_POINT('',(-112.4379899326,559.80379545733,
    68.027235692716));
#487 = CARTESIAN_POINT('',(-112.6494758118,559.81739718782,
    68.095252961034));
#488 = CARTESIAN_POINT('',(-113.0182969629,559.84933172594,
    68.268807020921));
#489 = CARTESIAN_POINT('',(-113.1806586507,559.86659606096,
    68.366653726956));
#490 = CARTESIAN_POINT('',(-113.3363438445,559.88617672673,
    68.484555061221));
#491 = CARTESIAN_POINT('',(-113.4826484064,559.90728362279,
    68.623034226833));
#492 = CARTESIAN_POINT('',(-113.6164149546,559.92882695027,
    68.782382025252));
#493 = CARTESIAN_POINT('',(-113.7339594027,559.94939609556,
    68.962542640366));
#494 = CARTESIAN_POINT('',(-113.830937138,559.96731903715,
    69.162909132479));
#495 = CARTESIAN_POINT('',(-113.9698273597,559.99378812705,
    69.59036928129));
#496 = CARTESIAN_POINT('',(-114.0132355039,560.00256667803,
    69.812758563128));
#497 = CARTESIAN_POINT('',(-114.0276776624,560.00569237274,
    70.043002988211));
#498 = CARTESIAN_POINT('',(-114.0112373407,560.00229509988,
    70.274044356266));
#499 = CARTESIAN_POINT('',(-113.964601888,559.99260838445,
    70.498614326668));
#500 = CARTESIAN_POINT('',(-113.8909869218,559.9780674309,
    70.709882965279));
#501 = CARTESIAN_POINT('',(-113.7961860735,559.9606754395,
    70.902213071963));
#502 = CARTESIAN_POINT('',(-113.5365905575,559.91658478201,
    71.311270150718));
#503 = CARTESIAN_POINT('',(-113.3537830225,559.88811710851,
    71.513438561677));
#504 = CARTESIAN_POINT('',(-113.1500811058,559.86053776446,
    71.678675398277));
#505 = CARTESIAN_POINT('',(-112.9321140809,559.83643728114,
    71.80856055311));
#506 = CARTESIAN_POINT('',(-112.7047502042,559.81742067337,
    71.904653015229));
#507 = CARTESIAN_POINT('',(-112.471678123,559.80444725542,
    71.968214952934));
#508 = CARTESIAN_POINT('',(-112.2358463327,559.79795897113,72.));
#509 = CARTESIAN_POINT('',(-112.,559.79795897113,72.));
#510 = PCURVE('',#211,#511);
#511 = DEFINITIONAL_REPRESENTATION('',(#512),#564);
#512 = B_SPLINE_CURVE_WITH_KNOTS('',8,(#513,#514,#515,#516,#517,#518,
    #519,#520,#521,#522,#523,#524,#525,#526,#527,#528,#529,#530,#531,
    #532,#533,#534,#535,#536,#537,#538,#539,#540,#541,#542,#543,#544,
    #545,#546,#547,#548,#549,#550,#551,#552,#553,#554,#555,#556,#557,
    #558,#559,#560,#561,#562,#563),.UNSPECIFIED.,.T.,.F.,(9,7,7,7,7,7,7,
    9),(0.,0.15416447148,0.286814553992,0.423216065671,0.57825930215,
    0.706185388495,0.827889919607,1.),.UNSPECIFIED.);
#513 = CARTESIAN_POINT('',(-4.913746901175,-123.));
#514 = CARTESIAN_POINT('',(-4.913746901175,-123.2094798914));
#515 = CARTESIAN_POINT('',(-4.911187638913,-123.4186532545));
#516 = CARTESIAN_POINT('',(-4.906082367092,-123.625761263));
#517 = CARTESIAN_POINT('',(-4.898391870005,-123.8288937076));
#518 = CARTESIAN_POINT('',(-4.888045988064,-124.025656391));
#519 = CARTESIAN_POINT('',(-4.874956676706,-124.2129515856));
#520 = CARTESIAN_POINT('',(-4.859034648881,-124.3866617235));
#521 = CARTESIAN_POINT('',(-4.824034095675,-124.673848907));
#522 = CARTESIAN_POINT('',(-4.805090313436,-124.7974028371));
#523 = CARTESIAN_POINT('',(-4.783694264413,-124.9009635734));
#524 = CARTESIAN_POINT('',(-4.760381202875,-124.976606954));
#525 = CARTESIAN_POINT('',(-4.735849967028,-125.0191354983));
#526 = CARTESIAN_POINT('',(-4.710864182751,-125.026051056));
#527 = CARTESIAN_POINT('',(-4.686212854415,-124.9976406457));
#528 = CARTESIAN_POINT('',(-4.638381165884,-124.8749817461));
#529 = CARTESIAN_POINT('',(-4.616087271316,-124.7810115309));
#530 = CARTESIAN_POINT('',(-4.595982636513,-124.6617312345));
#531 = CARTESIAN_POINT('',(-4.578187013539,-124.5225566673));
#532 = CARTESIAN_POINT('',(-4.562751828169,-124.3681459998));
#533 = CARTESIAN_POINT('',(-4.549679013957,-124.2025612504));
#534 = CARTESIAN_POINT('',(-4.538927382342,-124.0293438004));
#535 = CARTESIAN_POINT('',(-4.520752067395,-123.6494758118));
#536 = CARTESIAN_POINT('',(-4.513816499927,-123.4379899326));
#537 = CARTESIAN_POINT('',(-4.509642341959,-123.2204711381));
#538 = CARTESIAN_POINT('',(-4.508248705453,-122.9999999999));
#539 = CARTESIAN_POINT('',(-4.509642341959,-122.7795288618));
#540 = CARTESIAN_POINT('',(-4.513816499927,-122.5620100673));
#541 = CARTESIAN_POINT('',(-4.520752067395,-122.3505241881));
#542 = CARTESIAN_POINT('',(-4.538398830959,-121.981703037));
#543 = CARTESIAN_POINT('',(-4.548334391429,-121.8193413492));
#544 = CARTESIAN_POINT('',(-4.560284917991,-121.6636561554));
#545 = CARTESIAN_POINT('',(-4.574290177738,-121.5173515935));
#546 = CARTESIAN_POINT('',(-4.590364503232,-121.3835850453));
#547 = CARTESIAN_POINT('',(-4.608489423708,-121.2660405972));
#548 = CARTESIAN_POINT('',(-4.628598524814,-121.1690628619));
#549 = CARTESIAN_POINT('',(-4.671426411937,-121.0301726402));
#550 = CARTESIAN_POINT('',(-4.693677067671,-120.986764496));
#551 = CARTESIAN_POINT('',(-4.716690768046,-120.9723223375));
#552 = CARTESIAN_POINT('',(-4.739778744433,-120.9887626592));
#553 = CARTESIAN_POINT('',(-4.762241073173,-121.0353981119));
#554 = CARTESIAN_POINT('',(-4.783409712734,-121.1090130781));
#555 = CARTESIAN_POINT('',(-4.802718334447,-121.2038139264));
#556 = CARTESIAN_POINT('',(-4.8438609741,-121.4634094424));
#557 = CARTESIAN_POINT('',(-4.864266457935,-121.6462169774));
#558 = CARTESIAN_POINT('',(-4.88101191989,-121.8499188941));
#559 = CARTESIAN_POINT('',(-4.894220261915,-122.067885919));
#560 = CARTESIAN_POINT('',(-4.904015573945,-122.2952497957));
#561 = CARTESIAN_POINT('',(-4.91050285699,-122.5283218769));
#562 = CARTESIAN_POINT('',(-4.913746901175,-122.7641536672));
#563 = CARTESIAN_POINT('',(-4.913746901175,-123.));
#564 = ( GEOMETRIC_REPRESENTATION_CONTEXT(2) 
PARAMETRIC_REPRESENTATION_CONTEXT() REPRESENTATION_CONTEXT('2D SPACE',''
  ) );
#565 = PCURVE('',#392,#566);
#566 = DEFINITIONAL_REPRESENTATION('',(#567),#619);
#567 = B_SPLINE_CURVE_WITH_KNOTS('',8,(#568,#569,#570,#571,#572,#573,
    #574,#575,#576,#577,#578,#579,#580,#581,#582,#583,#584,#585,#586,
    #587,#588,#589,#590,#591,#592,#593,#594,#595,#596,#597,#598,#599,
    #600,#601,#602,#603,#604,#605,#606,#607,#608,#609,#610,#611,#612,
    #613,#614,#615,#616,#617,#618),.UNSPECIFIED.,.F.,.F.,(9,7,7,7,7,7,7,
    9),(0.,0.15416447148,0.286814553992,0.423216065671,0.57825930215,
    0.706185388495,0.827889919607,1.),.UNSPECIFIED.);
#568 = CARTESIAN_POINT('',(0.,-29.79795897113));
#569 = CARTESIAN_POINT('',(-0.104739945731,-29.79795897113));
#570 = CARTESIAN_POINT('',(-0.209326289277,-29.80307726402));
#571 = CARTESIAN_POINT('',(-0.31463243627,-29.81328868269));
#572 = CARTESIAN_POINT('',(-0.421428453769,-29.82830909814));
#573 = CARTESIAN_POINT('',(-0.530473257238,-29.84757261489));
#574 = CARTESIAN_POINT('',(-0.642555479645,-29.87011115066));
#575 = CARTESIAN_POINT('',(-0.758561104293,-29.89442153308));
#576 = CARTESIAN_POINT('',(-0.983832813637,-29.93904191762));
#577 = CARTESIAN_POINT('',(-1.095744963336,-29.96022207228));
#578 = CARTESIAN_POINT('',(-1.212586816456,-29.97977992886));
#579 = CARTESIAN_POINT('',(-1.332627460543,-29.99513523555));
#580 = CARTESIAN_POINT('',(-1.454650140221,-30.00397972984));
#581 = CARTESIAN_POINT('',(-1.577615237422,-30.00526568151));
#582 = CARTESIAN_POINT('',(-1.700537927473,-29.99935240826));
#583 = CARTESIAN_POINT('',(-1.947148075202,-29.97556189382));
#584 = CARTESIAN_POINT('',(-2.066505600324,-29.95776098726));
#585 = CARTESIAN_POINT('',(-2.181172721869,-29.93624400259));
#586 = CARTESIAN_POINT('',(-2.291775168155,-29.91311923072));
#587 = CARTESIAN_POINT('',(-2.398795832926,-29.89021040211));
#588 = CARTESIAN_POINT('',(-2.502618854101,-29.86893129175));
#589 = CARTESIAN_POINT('',(-2.60352703072,-29.85028822112));
#590 = CARTESIAN_POINT('',(-2.813438962294,-29.81739718782));
#591 = CARTESIAN_POINT('',(-2.923598181068,-29.80379545733));
#592 = CARTESIAN_POINT('',(-3.032823638481,-29.79518208089));
#593 = CARTESIAN_POINT('',(-3.141592653591,-29.79223447473));
#594 = CARTESIAN_POINT('',(-3.250361668699,-29.79518208089));
#595 = CARTESIAN_POINT('',(-3.359587126111,-29.80379545733));
#596 = CARTESIAN_POINT('',(-3.469746344884,-29.81739718782));
#597 = CARTESIAN_POINT('',(-3.673553884758,-29.84933172594));
#598 = CARTESIAN_POINT('',(-3.767838606964,-29.86659606096));
#599 = CARTESIAN_POINT('',(-3.864566301668,-29.88617672673));
#600 = CARTESIAN_POINT('',(-3.964043901878,-29.90728362279));
#601 = CARTESIAN_POINT('',(-4.066641969556,-29.92882695027));
#602 = CARTESIAN_POINT('',(-4.172800442438,-29.94939609556));
#603 = CARTESIAN_POINT('',(-4.283064698532,-29.96731903715));
#604 = CARTESIAN_POINT('',(-4.507793797953,-29.99378812705));
#605 = CARTESIAN_POINT('',(-4.620253335608,-30.00256667803));
#606 = CARTESIAN_POINT('',(-4.733975400095,-30.00569237274));
#607 = CARTESIAN_POINT('',(-4.847763023026,-30.00229509988));
#608 = CARTESIAN_POINT('',(-4.960491109399,-29.99260838445));
#609 = CARTESIAN_POINT('',(-5.070941740331,-29.9780674309));
#610 = CARTESIAN_POINT('',(-5.177535190259,-29.9606754395));
#611 = CARTESIAN_POINT('',(-5.419773464276,-29.91658478201));
#612 = CARTESIAN_POINT('',(-5.554098691296,-29.88811710851));
#613 = CARTESIAN_POINT('',(-5.682781087502,-29.86053776446));
#614 = CARTESIAN_POINT('',(-5.807129954914,-29.83643728114));
#615 = CARTESIAN_POINT('',(-5.928313334646,-29.81742067337));
#616 = CARTESIAN_POINT('',(-6.04734582781,-29.80444725542));
#617 = CARTESIAN_POINT('',(-6.165262140801,-29.79795897113));
#618 = CARTESIAN_POINT('',(-6.28318530718,-29.79795897113));
#619 = ( GEOMETRIC_REPRESENTATION_CONTEXT(2) 
PARAMETRIC_REPRESENTATION_CONTEXT() REPRESENTATION_CONTEXT('2D SPACE',''
  ) );
#620 = ADVANCED_FACE('',(#621),#265,.T.);
#621 = FACE_BOUND('',#622,.T.);
#622 = EDGE_LOOP('',(#623));
#623 = ORIENTED_EDGE('',*,*,#250,.T.);
#624 = ADVANCED_FACE('',(#625),#392,.F.);
#625 = FACE_BOUND('',#626,.T.);
#626 = EDGE_LOOP('',(#627,#628,#649,#650));
#627 = ORIENTED_EDGE('',*,*,#280,.F.);
#628 = ORIENTED_EDGE('',*,*,#629,.T.);
#629 = EDGE_CURVE('',#281,#455,#630,.T.);
#630 = SEAM_CURVE('',#631,(#635,#642),.PCURVE_S1.);
#631 = LINE('',#632,#633);
#632 = CARTESIAN_POINT('',(-112.,530.,72.));
#633 = VECTOR('',#634,1.);
#634 = DIRECTION('',(0.,1.,0.));
#635 = PCURVE('',#392,#636);
#636 = DEFINITIONAL_REPRESENTATION('',(#637),#641);
#637 = LINE('',#638,#639);
#638 = CARTESIAN_POINT('',(-6.28318530718,0.));
#639 = VECTOR('',#640,1.);
#640 = DIRECTION('',(-0.,-1.));
#641 = ( GEOMETRIC_REPRESENTATION_CONTEXT(2) 
PARAMETRIC_REPRESENTATION_CONTEXT() REPRESENTATION_CONTEXT('2D SPACE',''
  ) );
#642 = PCURVE('',#392,#643);
#643 = DEFINITIONAL_REPRESENTATION('',(#644),#648);
#644 = LINE('',#645,#646);
#645 = CARTESIAN_POINT('',(-0.,0.));
#646 = VECTOR('',#647,1.);
#647 = DIRECTION('',(-0.,-1.));
#648 = ( GEOMETRIC_REPRESENTATION_CONTEXT(2) 
PARAMETRIC_REPRESENTATION_CONTEXT() REPRESENTATION_CONTEXT('2D SPACE',''
  ) );
#649 = ORIENTED_EDGE('',*,*,#454,.T.);
#650 = ORIENTED_EDGE('',*,*,#629,.F.);
#651 = ( GEOMETRIC_REPRESENTATION_CONTEXT(3) 
GLOBAL_UNCERTAINTY_ASSIGNED_CONTEXT((#655)) GLOBAL_UNIT_ASSIGNED_CONTEXT
((#652,#653,#654)) REPRESENTATION_CONTEXT('Context #1',
  '3D Context with UNIT and UNCERTAINTY') );
#652 = ( LENGTH_UNIT() NAMED_UNIT(*) SI_UNIT(.MILLI.,.METRE.) );
#653 = ( NAMED_UNIT(*) PLANE_ANGLE_UNIT() SI_UNIT($,.RADIAN.) );
#654 = ( NAMED_UNIT(*) SI_UNIT($,.STERADIAN.) SOLID_ANGLE_UNIT() );
#655 = UNCERTAINTY_MEASURE_WITH_UNIT(LENGTH_MEASURE(1.E-07),#652,
  'distance_accuracy_value','confusion accuracy');
#656 = CONTEXT_DEPENDENT_SHAPE_REPRESENTATION(#657,#659);
#657 = ( REPRESENTATION_RELATIONSHIP('','',#92,#10) 
REPRESENTATION_RELATIONSHIP_WITH_TRANSFORMATION(#658) 
SHAPE_REPRESENTATION_RELATIONSHIP() );
#658 = ITEM_DEFINED_TRANSFORMATION('','',#11,#15);
#659 = PRODUCT_DEFINITION_SHAPE('Placement','Placement of an item',#660
  );
#660 = NEXT_ASSEMBLY_USAGE_OCCURRENCE('1','original_hinge_pin_-170_70',
  '',#5,#87,$);
#661 = PRODUCT_RELATED_PRODUCT_CATEGORY('part',$,(#89));
#662 = SHAPE_DEFINITION_REPRESENTATION(#663,#669);
#663 = PRODUCT_DEFINITION_SHAPE('','',#664);
#664 = PRODUCT_DEFINITION('design','',#665,#668);
#665 = PRODUCT_DEFINITION_FORMATION('','',#666);
#666 = PRODUCT('original_hinge_pin_170_70','original_hinge_pin_170_70',
  '',(#667));
#667 = PRODUCT_CONTEXT('',#2,'mechanical');
#668 = PRODUCT_DEFINITION_CONTEXT('part definition',#2,'design');
#669 = ADVANCED_BREP_SHAPE_REPRESENTATION('',(#11,#670),#1228);
#670 = MANIFOLD_SOLID_BREP('',#671);
#671 = CLOSED_SHELL('',(#672,#760,#764,#799,#1197,#1201));
#672 = ADVANCED_FACE('',(#673),#687,.T.);
#673 = FACE_BOUND('',#674,.F.);
#674 = EDGE_LOOP('',(#675,#705,#732,#733));
#675 = ORIENTED_EDGE('',*,*,#676,.T.);
#676 = EDGE_CURVE('',#677,#679,#681,.T.);
#677 = VERTEX_POINT('',#678);
#678 = CARTESIAN_POINT('',(99.,550.,86.));
#679 = VERTEX_POINT('',#680);
#680 = CARTESIAN_POINT('',(105.,550.,86.));
#681 = SEAM_CURVE('',#682,(#686,#698),.PCURVE_S1.);
#682 = LINE('',#683,#684);
#683 = CARTESIAN_POINT('',(99.,550.,86.));
#684 = VECTOR('',#685,1.);
#685 = DIRECTION('',(1.,0.,0.));
#686 = PCURVE('',#687,#692);
#687 = CYLINDRICAL_SURFACE('',#688,16.);
#688 = AXIS2_PLACEMENT_3D('',#689,#690,#691);
#689 = CARTESIAN_POINT('',(99.,550.,70.));
#690 = DIRECTION('',(-1.,-0.,0.));
#691 = DIRECTION('',(0.,0.,1.));
#692 = DEFINITIONAL_REPRESENTATION('',(#693),#697);
#693 = LINE('',#694,#695);
#694 = CARTESIAN_POINT('',(-0.,0.));
#695 = VECTOR('',#696,1.);
#696 = DIRECTION('',(-0.,-1.));
#697 = ( GEOMETRIC_REPRESENTATION_CONTEXT(2) 
PARAMETRIC_REPRESENTATION_CONTEXT() REPRESENTATION_CONTEXT('2D SPACE',''
  ) );
#698 = PCURVE('',#687,#699);
#699 = DEFINITIONAL_REPRESENTATION('',(#700),#704);
#700 = LINE('',#701,#702);
#701 = CARTESIAN_POINT('',(-6.28318530718,0.));
#702 = VECTOR('',#703,1.);
#703 = DIRECTION('',(-0.,-1.));
#704 = ( GEOMETRIC_REPRESENTATION_CONTEXT(2) 
PARAMETRIC_REPRESENTATION_CONTEXT() REPRESENTATION_CONTEXT('2D SPACE',''
  ) );
#705 = ORIENTED_EDGE('',*,*,#706,.T.);
#706 = EDGE_CURVE('',#679,#679,#707,.T.);
#707 = SURFACE_CURVE('',#708,(#713,#720),.PCURVE_S1.);
#708 = CIRCLE('',#709,16.);
#709 = AXIS2_PLACEMENT_3D('',#710,#711,#712);
#710 = CARTESIAN_POINT('',(105.,550.,70.));
#711 = DIRECTION('',(1.,0.,-0.));
#712 = DIRECTION('',(0.,0.,1.));
#713 = PCURVE('',#687,#714);
#714 = DEFINITIONAL_REPRESENTATION('',(#715),#719);
#715 = LINE('',#716,#717);
#716 = CARTESIAN_POINT('',(-0.,-6.));
#717 = VECTOR('',#718,1.);
#718 = DIRECTION('',(-1.,0.));
#719 = ( GEOMETRIC_REPRESENTATION_CONTEXT(2) 
PARAMETRIC_REPRESENTATION_CONTEXT() REPRESENTATION_CONTEXT('2D SPACE',''
  ) );
#720 = PCURVE('',#721,#726);
#721 = PLANE('',#722);
#722 = AXIS2_PLACEMENT_3D('',#723,#724,#725);
#723 = CARTESIAN_POINT('',(105.,550.,70.));
#724 = DIRECTION('',(1.,0.,0.));
#725 = DIRECTION('',(-0.,0.,1.));
#726 = DEFINITIONAL_REPRESENTATION('',(#727),#731);
#727 = CIRCLE('',#728,16.);
#728 = AXIS2_PLACEMENT_2D('',#729,#730);
#729 = CARTESIAN_POINT('',(1.42108547152E-14,0.));
#730 = DIRECTION('',(1.,0.));
#731 = ( GEOMETRIC_REPRESENTATION_CONTEXT(2) 
PARAMETRIC_REPRESENTATION_CONTEXT() REPRESENTATION_CONTEXT('2D SPACE',''
  ) );
#732 = ORIENTED_EDGE('',*,*,#676,.F.);
#733 = ORIENTED_EDGE('',*,*,#734,.F.);
#734 = EDGE_CURVE('',#677,#677,#735,.T.);
#735 = SURFACE_CURVE('',#736,(#741,#748),.PCURVE_S1.);
#736 = CIRCLE('',#737,16.);
#737 = AXIS2_PLACEMENT_3D('',#738,#739,#740);
#738 = CARTESIAN_POINT('',(99.,550.,70.));
#739 = DIRECTION('',(1.,0.,-0.));
#740 = DIRECTION('',(0.,0.,1.));
#741 = PCURVE('',#687,#742);
#742 = DEFINITIONAL_REPRESENTATION('',(#743),#747);
#743 = LINE('',#744,#745);
#744 = CARTESIAN_POINT('',(-0.,0.));
#745 = VECTOR('',#746,1.);
#746 = DIRECTION('',(-1.,0.));
#747 = ( GEOMETRIC_REPRESENTATION_CONTEXT(2) 
PARAMETRIC_REPRESENTATION_CONTEXT() REPRESENTATION_CONTEXT('2D SPACE',''
  ) );
#748 = PCURVE('',#749,#754);
#749 = PLANE('',#750);
#750 = AXIS2_PLACEMENT_3D('',#751,#752,#753);
#751 = CARTESIAN_POINT('',(99.,550.,70.));
#752 = DIRECTION('',(1.,0.,0.));
#753 = DIRECTION('',(-0.,0.,1.));
#754 = DEFINITIONAL_REPRESENTATION('',(#755),#759);
#755 = CIRCLE('',#756,16.);
#756 = AXIS2_PLACEMENT_2D('',#757,#758);
#757 = CARTESIAN_POINT('',(1.42108547152E-14,0.));
#758 = DIRECTION('',(1.,0.));
#759 = ( GEOMETRIC_REPRESENTATION_CONTEXT(2) 
PARAMETRIC_REPRESENTATION_CONTEXT() REPRESENTATION_CONTEXT('2D SPACE',''
  ) );
#760 = ADVANCED_FACE('',(#761),#749,.F.);
#761 = FACE_BOUND('',#762,.F.);
#762 = EDGE_LOOP('',(#763));
#763 = ORIENTED_EDGE('',*,*,#734,.T.);
#764 = ADVANCED_FACE('',(#765,#768),#721,.T.);
#765 = FACE_BOUND('',#766,.T.);
#766 = EDGE_LOOP('',(#767));
#767 = ORIENTED_EDGE('',*,*,#706,.T.);
#768 = FACE_BOUND('',#769,.T.);
#769 = EDGE_LOOP('',(#770));
#770 = ORIENTED_EDGE('',*,*,#771,.F.);
#771 = EDGE_CURVE('',#772,#772,#774,.T.);
#772 = VERTEX_POINT('',#773);
#773 = CARTESIAN_POINT('',(105.,550.,80.));
#774 = SURFACE_CURVE('',#775,(#780,#787),.PCURVE_S1.);
#775 = CIRCLE('',#776,10.);
#776 = AXIS2_PLACEMENT_3D('',#777,#778,#779);
#777 = CARTESIAN_POINT('',(105.,550.,70.));
#778 = DIRECTION('',(1.,0.,-0.));
#779 = DIRECTION('',(0.,0.,1.));
#780 = PCURVE('',#721,#781);
#781 = DEFINITIONAL_REPRESENTATION('',(#782),#786);
#782 = CIRCLE('',#783,10.);
#783 = AXIS2_PLACEMENT_2D('',#784,#785);
#784 = CARTESIAN_POINT('',(1.42108547152E-14,0.));
#785 = DIRECTION('',(1.,0.));
#786 = ( GEOMETRIC_REPRESENTATION_CONTEXT(2) 
PARAMETRIC_REPRESENTATION_CONTEXT() REPRESENTATION_CONTEXT('2D SPACE',''
  ) );
#787 = PCURVE('',#788,#793);
#788 = CYLINDRICAL_SURFACE('',#789,10.);
#789 = AXIS2_PLACEMENT_3D('',#790,#791,#792);
#790 = CARTESIAN_POINT('',(105.,550.,70.));
#791 = DIRECTION('',(-1.,-0.,0.));
#792 = DIRECTION('',(0.,0.,1.));
#793 = DEFINITIONAL_REPRESENTATION('',(#794),#798);
#794 = LINE('',#795,#796);
#795 = CARTESIAN_POINT('',(-0.,0.));
#796 = VECTOR('',#797,1.);
#797 = DIRECTION('',(-1.,0.));
#798 = ( GEOMETRIC_REPRESENTATION_CONTEXT(2) 
PARAMETRIC_REPRESENTATION_CONTEXT() REPRESENTATION_CONTEXT('2D SPACE',''
  ) );
#799 = ADVANCED_FACE('',(#800,#854,#1028),#788,.T.);
#800 = FACE_BOUND('',#801,.F.);
#801 = EDGE_LOOP('',(#802,#803,#826,#853));
#802 = ORIENTED_EDGE('',*,*,#771,.F.);
#803 = ORIENTED_EDGE('',*,*,#804,.T.);
#804 = EDGE_CURVE('',#772,#805,#807,.T.);
#805 = VERTEX_POINT('',#806);
#806 = CARTESIAN_POINT('',(235.,550.,80.));
#807 = SEAM_CURVE('',#808,(#812,#819),.PCURVE_S1.);
#808 = LINE('',#809,#810);
#809 = CARTESIAN_POINT('',(105.,550.,80.));
#810 = VECTOR('',#811,1.);
#811 = DIRECTION('',(1.,0.,0.));
#812 = PCURVE('',#788,#813);
#813 = DEFINITIONAL_REPRESENTATION('',(#814),#818);
#814 = LINE('',#815,#816);
#815 = CARTESIAN_POINT('',(-6.28318530718,0.));
#816 = VECTOR('',#817,1.);
#817 = DIRECTION('',(-0.,-1.));
#818 = ( GEOMETRIC_REPRESENTATION_CONTEXT(2) 
PARAMETRIC_REPRESENTATION_CONTEXT() REPRESENTATION_CONTEXT('2D SPACE',''
  ) );
#819 = PCURVE('',#788,#820);
#820 = DEFINITIONAL_REPRESENTATION('',(#821),#825);
#821 = LINE('',#822,#823);
#822 = CARTESIAN_POINT('',(-0.,0.));
#823 = VECTOR('',#824,1.);
#824 = DIRECTION('',(-0.,-1.));
#825 = ( GEOMETRIC_REPRESENTATION_CONTEXT(2) 
PARAMETRIC_REPRESENTATION_CONTEXT() REPRESENTATION_CONTEXT('2D SPACE',''
  ) );
#826 = ORIENTED_EDGE('',*,*,#827,.T.);
#827 = EDGE_CURVE('',#805,#805,#828,.T.);
#828 = SURFACE_CURVE('',#829,(#834,#841),.PCURVE_S1.);
#829 = CIRCLE('',#830,10.);
#830 = AXIS2_PLACEMENT_3D('',#831,#832,#833);
#831 = CARTESIAN_POINT('',(235.,550.,70.));
#832 = DIRECTION('',(1.,0.,-0.));
#833 = DIRECTION('',(0.,0.,1.));
#834 = PCURVE('',#788,#835);
#835 = DEFINITIONAL_REPRESENTATION('',(#836),#840);
#836 = LINE('',#837,#838);
#837 = CARTESIAN_POINT('',(-0.,-130.));
#838 = VECTOR('',#839,1.);
#839 = DIRECTION('',(-1.,0.));
#840 = ( GEOMETRIC_REPRESENTATION_CONTEXT(2) 
PARAMETRIC_REPRESENTATION_CONTEXT() REPRESENTATION_CONTEXT('2D SPACE',''
  ) );
#841 = PCURVE('',#842,#847);
#842 = PLANE('',#843);
#843 = AXIS2_PLACEMENT_3D('',#844,#845,#846);
#844 = CARTESIAN_POINT('',(235.,550.,70.));
#845 = DIRECTION('',(1.,0.,0.));
#846 = DIRECTION('',(-0.,0.,1.));
#847 = DEFINITIONAL_REPRESENTATION('',(#848),#852);
#848 = CIRCLE('',#849,10.);
#849 = AXIS2_PLACEMENT_2D('',#850,#851);
#850 = CARTESIAN_POINT('',(0.,0.));
#851 = DIRECTION('',(1.,0.));
#852 = ( GEOMETRIC_REPRESENTATION_CONTEXT(2) 
PARAMETRIC_REPRESENTATION_CONTEXT() REPRESENTATION_CONTEXT('2D SPACE',''
  ) );
#853 = ORIENTED_EDGE('',*,*,#804,.F.);
#854 = FACE_BOUND('',#855,.F.);
#855 = EDGE_LOOP('',(#856));
#856 = ORIENTED_EDGE('',*,*,#857,.F.);
#857 = EDGE_CURVE('',#858,#858,#860,.T.);
#858 = VERTEX_POINT('',#859);
#859 = CARTESIAN_POINT('',(228.,540.20204102886,72.));
#860 = SURFACE_CURVE('',#861,(#913,#968),.PCURVE_S1.);
#861 = B_SPLINE_CURVE_WITH_KNOTS('',8,(#862,#863,#864,#865,#866,#867,
    #868,#869,#870,#871,#872,#873,#874,#875,#876,#877,#878,#879,#880,
    #881,#882,#883,#884,#885,#886,#887,#888,#889,#890,#891,#892,#893,
    #894,#895,#896,#897,#898,#899,#900,#901,#902,#903,#904,#905,#906,
    #907,#908,#909,#910,#911,#912),.UNSPECIFIED.,.T.,.F.,(9,7,7,7,7,7,7,
    9),(0.,0.15416447148,0.286814553992,0.423216065671,0.578259302149,
    0.706185388495,0.827889919607,1.),.UNSPECIFIED.);
#862 = CARTESIAN_POINT('',(228.,540.20204102886,72.));
#863 = CARTESIAN_POINT('',(228.20947989146,540.20204102886,72.));
#864 = CARTESIAN_POINT('',(228.41865325455,540.19692273597,
    71.97492442957));
#865 = CARTESIAN_POINT('',(228.62576126304,540.1867113173,
    71.924903298657));
#866 = CARTESIAN_POINT('',(228.82889370769,540.17169090185,
    71.849478510659));
#867 = CARTESIAN_POINT('',(229.02565639103,540.1524273851,
    71.747818828743));
#868 = CARTESIAN_POINT('',(229.2129515856,540.12988884933,
    71.618848384443));
#869 = CARTESIAN_POINT('',(229.38666172357,540.10557846691,
    71.461442922952));
#870 = CARTESIAN_POINT('',(229.67384890706,540.06095808237,
    71.114293252407));
#871 = CARTESIAN_POINT('',(229.79740283712,540.03977792771,
    70.926019250884));
#872 = CARTESIAN_POINT('',(229.90096357342,540.02022007113,
    70.712878222781));
#873 = CARTESIAN_POINT('',(229.97660695402,540.00486476443,
    70.480090433451));
#874 = CARTESIAN_POINT('',(230.01913549836,539.99602027015,
    70.234707106204));
#875 = CARTESIAN_POINT('',(230.02605105607,539.99473431848,
    69.984676606493));
#876 = CARTESIAN_POINT('',(229.99764064579,540.00064759173,
    69.738152165185));
#877 = CARTESIAN_POINT('',(229.87498174617,540.02443810617,
    69.260427292277));
#878 = CARTESIAN_POINT('',(229.78101153098,540.04223901273,
    69.038098309829));
#879 = CARTESIAN_POINT('',(229.66173123452,540.06375599741,
    68.838092974357));
#880 = CARTESIAN_POINT('',(229.52255666733,540.08688076927,
    68.661570990649));
#881 = CARTESIAN_POINT('',(229.36814599984,540.10978959788,
    68.50889474805));
#882 = CARTESIAN_POINT('',(229.2025612504,540.13106870824,
    68.379895885578));
#883 = CARTESIAN_POINT('',(229.02934380045,540.14971177887,
    68.274005268069));
#884 = CARTESIAN_POINT('',(228.64947581181,540.18260281217,
    68.095252961037));
#885 = CARTESIAN_POINT('',(228.43798993261,540.19620454266,
    68.027235692717));
#886 = CARTESIAN_POINT('',(228.22047113815,540.2048179191,
    67.986392410009));
#887 = CARTESIAN_POINT('',(227.99999999999,540.20776552526,
    67.972772953076));
#888 = CARTESIAN_POINT('',(227.77952886184,540.2048179191,67.98639241001
    ));
#889 = CARTESIAN_POINT('',(227.56201006738,540.19620454266,
    68.027235692717));
#890 = CARTESIAN_POINT('',(227.35052418819,540.18260281217,
    68.095252961036));
#891 = CARTESIAN_POINT('',(226.98170303704,540.15066827405,
    68.268807020921));
#892 = CARTESIAN_POINT('',(226.81934134921,540.13340393903,
    68.366653726956));
#893 = CARTESIAN_POINT('',(226.66365615542,540.11382327326,
    68.484555061221));
#894 = CARTESIAN_POINT('',(226.51735159355,540.0927163772,
    68.623034226833));
#895 = CARTESIAN_POINT('',(226.38358504532,540.07117304972,
    68.782382025252));
#896 = CARTESIAN_POINT('',(226.26604059723,540.05060390443,
    68.962542640366));
#897 = CARTESIAN_POINT('',(226.16906286191,540.03268096285,
    69.162909132479));
#898 = CARTESIAN_POINT('',(226.03017264021,540.00621187294,
    69.59036928129));
#899 = CARTESIAN_POINT('',(225.98676449601,539.99743332196,
    69.81275856313));
#900 = CARTESIAN_POINT('',(225.97232233755,539.99430762726,
    70.043002988206));
#901 = CARTESIAN_POINT('',(225.98876265926,539.99770490011,
    70.274044356272));
#902 = CARTESIAN_POINT('',(226.03539811199,540.00739161554,
    70.498614326665));
#903 = CARTESIAN_POINT('',(226.10901307812,540.02193256909,
    70.709882965279));
#904 = CARTESIAN_POINT('',(226.20381392649,540.03932456049,
    70.902213071963));
#905 = CARTESIAN_POINT('',(226.46340944246,540.08341521798,
    71.311270150717));
#906 = CARTESIAN_POINT('',(226.64621697741,540.11188289148,
    71.51343856168));
#907 = CARTESIAN_POINT('',(226.84991889415,540.13946223553,
    71.67867539827));
#908 = CARTESIAN_POINT('',(227.06788591908,540.16356271885,
    71.808560553116));
#909 = CARTESIAN_POINT('',(227.2952497957,540.18257932662,
    71.904653015225));
#910 = CARTESIAN_POINT('',(227.52832187693,540.19555274458,
    71.968214952935));
#911 = CARTESIAN_POINT('',(227.76415366724,540.20204102886,72.));
#912 = CARTESIAN_POINT('',(228.,540.20204102886,72.));
#913 = PCURVE('',#788,#914);
#914 = DEFINITIONAL_REPRESENTATION('',(#915),#967);
#915 = B_SPLINE_CURVE_WITH_KNOTS('',8,(#916,#917,#918,#919,#920,#921,
    #922,#923,#924,#925,#926,#927,#928,#929,#930,#931,#932,#933,#934,
    #935,#936,#937,#938,#939,#940,#941,#942,#943,#944,#945,#946,#947,
    #948,#949,#950,#951,#952,#953,#954,#955,#956,#957,#958,#959,#960,
    #961,#962,#963,#964,#965,#966),.UNSPECIFIED.,.T.,.F.,(9,7,7,7,7,7,7,
    9),(0.,0.15416447148,0.286814553992,0.423216065671,0.578259302149,
    0.706185388495,0.827889919607,1.),.UNSPECIFIED.);
#916 = CARTESIAN_POINT('',(-1.369438406005,-123.));
#917 = CARTESIAN_POINT('',(-1.369438406005,-123.2094798914));
#918 = CARTESIAN_POINT('',(-1.371997668267,-123.4186532545));
#919 = CARTESIAN_POINT('',(-1.377102940088,-123.625761263));
#920 = CARTESIAN_POINT('',(-1.384793437175,-123.8288937076));
#921 = CARTESIAN_POINT('',(-1.395139319116,-124.025656391));
#922 = CARTESIAN_POINT('',(-1.408228630473,-124.2129515856));
#923 = CARTESIAN_POINT('',(-1.424150658298,-124.3866617235));
#924 = CARTESIAN_POINT('',(-1.459151211505,-124.673848907));
#925 = CARTESIAN_POINT('',(-1.478094993743,-124.7974028371));
#926 = CARTESIAN_POINT('',(-1.499491042766,-124.9009635734));
#927 = CARTESIAN_POINT('',(-1.522804104305,-124.976606954));
#928 = CARTESIAN_POINT('',(-1.547335340151,-125.0191354983));
#929 = CARTESIAN_POINT('',(-1.572321124429,-125.026051056));
#930 = CARTESIAN_POINT('',(-1.596972452764,-124.9976406457));
#931 = CARTESIAN_POINT('',(-1.644804141295,-124.8749817461));
#932 = CARTESIAN_POINT('',(-1.667098035864,-124.7810115309));
#933 = CARTESIAN_POINT('',(-1.687202670666,-124.6617312345));
#934 = CARTESIAN_POINT('',(-1.70499829364,-124.5225566673));
#935 = CARTESIAN_POINT('',(-1.72043347901,-124.3681459998));
#936 = CARTESIAN_POINT('',(-1.733506293222,-124.2025612504));
#937 = CARTESIAN_POINT('',(-1.744257924837,-124.0293438004));
#938 = CARTESIAN_POINT('',(-1.762433239784,-123.6494758118));
#939 = CARTESIAN_POINT('',(-1.769368807253,-123.4379899326));
#940 = CARTESIAN_POINT('',(-1.77354296522,-123.2204711381));
#941 = CARTESIAN_POINT('',(-1.774936601727,-122.9999999999));
#942 = CARTESIAN_POINT('',(-1.77354296522,-122.7795288618));
#943 = CARTESIAN_POINT('',(-1.769368807253,-122.5620100673));
#944 = CARTESIAN_POINT('',(-1.762433239784,-122.3505241881));
#945 = CARTESIAN_POINT('',(-1.74478647622,-121.981703037));
#946 = CARTESIAN_POINT('',(-1.73485091575,-121.8193413492));
#947 = CARTESIAN_POINT('',(-1.722900389188,-121.6636561554));
#948 = CARTESIAN_POINT('',(-1.708895129441,-121.5173515935));
#949 = CARTESIAN_POINT('',(-1.692820803948,-121.3835850453));
#950 = CARTESIAN_POINT('',(-1.674695883472,-121.2660405972));
#951 = CARTESIAN_POINT('',(-1.654586782365,-121.1690628619));
#952 = CARTESIAN_POINT('',(-1.611758895242,-121.0301726402));
#953 = CARTESIAN_POINT('',(-1.589508239508,-120.986764496));
#954 = CARTESIAN_POINT('',(-1.566494539134,-120.9723223375));
#955 = CARTESIAN_POINT('',(-1.543406562747,-120.9887626592));
#956 = CARTESIAN_POINT('',(-1.520944234006,-121.0353981119));
#957 = CARTESIAN_POINT('',(-1.499775594445,-121.1090130781));
#958 = CARTESIAN_POINT('',(-1.480466972732,-121.2038139264));
#959 = CARTESIAN_POINT('',(-1.43932433308,-121.4634094424));
#960 = CARTESIAN_POINT('',(-1.418918849244,-121.6462169774));
#961 = CARTESIAN_POINT('',(-1.402173387291,-121.8499188941));
#962 = CARTESIAN_POINT('',(-1.388965045264,-122.067885919));
#963 = CARTESIAN_POINT('',(-1.379169733235,-122.2952497957));
#964 = CARTESIAN_POINT('',(-1.37268245019,-122.5283218769));
#965 = CARTESIAN_POINT('',(-1.369438406005,-122.7641536672));
#966 = CARTESIAN_POINT('',(-1.369438406005,-123.));
#967 = ( GEOMETRIC_REPRESENTATION_CONTEXT(2) 
PARAMETRIC_REPRESENTATION_CONTEXT() REPRESENTATION_CONTEXT('2D SPACE',''
  ) );
#968 = PCURVE('',#969,#974);
#969 = CYLINDRICAL_SURFACE('',#970,2.);
#970 = AXIS2_PLACEMENT_3D('',#971,#972,#973);
#971 = CARTESIAN_POINT('',(228.,530.,70.));
#972 = DIRECTION('',(-0.,-1.,-0.));
#973 = DIRECTION('',(0.,0.,1.));
#974 = DEFINITIONAL_REPRESENTATION('',(#975),#1027);
#975 = B_SPLINE_CURVE_WITH_KNOTS('',8,(#976,#977,#978,#979,#980,#981,
    #982,#983,#984,#985,#986,#987,#988,#989,#990,#991,#992,#993,#994,
    #995,#996,#997,#998,#999,#1000,#1001,#1002,#1003,#1004,#1005,#1006,
    #1007,#1008,#1009,#1010,#1011,#1012,#1013,#1014,#1015,#1016,#1017,
    #1018,#1019,#1020,#1021,#1022,#1023,#1024,#1025,#1026),
  .UNSPECIFIED.,.F.,.F.,(9,7,7,7,7,7,7,9),(0.,0.15416447148,
    0.286814553992,0.423216065671,0.578259302149,0.706185388495,
    0.827889919607,1.),.UNSPECIFIED.);
#976 = CARTESIAN_POINT('',(0.,-10.20204102886));
#977 = CARTESIAN_POINT('',(-0.104739945731,-10.20204102886));
#978 = CARTESIAN_POINT('',(-0.209326289277,-10.19692273597));
#979 = CARTESIAN_POINT('',(-0.31463243627,-10.1867113173));
#980 = CARTESIAN_POINT('',(-0.421428453769,-10.17169090185));
#981 = CARTESIAN_POINT('',(-0.530473257238,-10.1524273851));
#982 = CARTESIAN_POINT('',(-0.642555479645,-10.12988884933));
#983 = CARTESIAN_POINT('',(-0.758561104293,-10.10557846691));
#984 = CARTESIAN_POINT('',(-0.983832813637,-10.06095808237));
#985 = CARTESIAN_POINT('',(-1.095744963336,-10.03977792771));
#986 = CARTESIAN_POINT('',(-1.212586816455,-10.02022007113));
#987 = CARTESIAN_POINT('',(-1.332627460544,-10.00486476444));
#988 = CARTESIAN_POINT('',(-1.45465014022,-9.996020270154));
#989 = CARTESIAN_POINT('',(-1.577615237422,-9.994734318489));
#990 = CARTESIAN_POINT('',(-1.700537927473,-10.00064759173));
#991 = CARTESIAN_POINT('',(-1.947148075202,-10.02443810617));
#992 = CARTESIAN_POINT('',(-2.066505600324,-10.04223901273));
#993 = CARTESIAN_POINT('',(-2.181172721869,-10.06375599741));
#994 = CARTESIAN_POINT('',(-2.291775168155,-10.08688076927));
#995 = CARTESIAN_POINT('',(-2.398795832926,-10.10978959788));
#996 = CARTESIAN_POINT('',(-2.502618854101,-10.13106870824));
#997 = CARTESIAN_POINT('',(-2.60352703072,-10.14971177887));
#998 = CARTESIAN_POINT('',(-2.813438962293,-10.18260281217));
#999 = CARTESIAN_POINT('',(-2.923598181067,-10.19620454266));
#1000 = CARTESIAN_POINT('',(-3.03282363848,-10.2048179191));
#1001 = CARTESIAN_POINT('',(-3.14159265359,-10.20776552526));
#1002 = CARTESIAN_POINT('',(-3.2503616687,-10.2048179191));
#1003 = CARTESIAN_POINT('',(-3.359587126112,-10.19620454266));
#1004 = CARTESIAN_POINT('',(-3.469746344885,-10.18260281217));
#1005 = CARTESIAN_POINT('',(-3.673553884758,-10.15066827405));
#1006 = CARTESIAN_POINT('',(-3.767838606964,-10.13340393903));
#1007 = CARTESIAN_POINT('',(-3.864566301668,-10.11382327326));
#1008 = CARTESIAN_POINT('',(-3.964043901878,-10.0927163772));
#1009 = CARTESIAN_POINT('',(-4.066641969556,-10.07117304972));
#1010 = CARTESIAN_POINT('',(-4.172800442439,-10.05060390443));
#1011 = CARTESIAN_POINT('',(-4.283064698532,-10.03268096285));
#1012 = CARTESIAN_POINT('',(-4.507793797953,-10.00621187294));
#1013 = CARTESIAN_POINT('',(-4.620253335608,-9.997433321965));
#1014 = CARTESIAN_POINT('',(-4.733975400096,-9.99430762726));
#1015 = CARTESIAN_POINT('',(-4.847763023024,-9.997704900112));
#1016 = CARTESIAN_POINT('',(-4.960491109401,-10.00739161554));
#1017 = CARTESIAN_POINT('',(-5.07094174033,-10.02193256909));
#1018 = CARTESIAN_POINT('',(-5.177535190259,-10.03932456049));
#1019 = CARTESIAN_POINT('',(-5.419773464275,-10.08341521798));
#1020 = CARTESIAN_POINT('',(-5.554098691299,-10.11188289148));
#1021 = CARTESIAN_POINT('',(-5.682781087495,-10.13946223553));
#1022 = CARTESIAN_POINT('',(-5.807129954922,-10.16356271885));
#1023 = CARTESIAN_POINT('',(-5.928313334641,-10.18257932662));
#1024 = CARTESIAN_POINT('',(-6.047345827812,-10.19555274458));
#1025 = CARTESIAN_POINT('',(-6.165262140801,-10.20204102886));
#1026 = CARTESIAN_POINT('',(-6.28318530718,-10.20204102886));
#1027 = ( GEOMETRIC_REPRESENTATION_CONTEXT(2) 
PARAMETRIC_REPRESENTATION_CONTEXT() REPRESENTATION_CONTEXT('2D SPACE',''
  ) );
#1028 = FACE_BOUND('',#1029,.F.);
#1029 = EDGE_LOOP('',(#1030));
#1030 = ORIENTED_EDGE('',*,*,#1031,.T.);
#1031 = EDGE_CURVE('',#1032,#1032,#1034,.T.);
#1032 = VERTEX_POINT('',#1033);
#1033 = CARTESIAN_POINT('',(228.,559.79795897113,72.));
#1034 = SURFACE_CURVE('',#1035,(#1087,#1142),.PCURVE_S1.);
#1035 = B_SPLINE_CURVE_WITH_KNOTS('',8,(#1036,#1037,#1038,#1039,#1040,
    #1041,#1042,#1043,#1044,#1045,#1046,#1047,#1048,#1049,#1050,#1051,
    #1052,#1053,#1054,#1055,#1056,#1057,#1058,#1059,#1060,#1061,#1062,
    #1063,#1064,#1065,#1066,#1067,#1068,#1069,#1070,#1071,#1072,#1073,
    #1074,#1075,#1076,#1077,#1078,#1079,#1080,#1081,#1082,#1083,#1084,
    #1085,#1086),.UNSPECIFIED.,.T.,.F.,(9,7,7,7,7,7,7,9),(0.,
    0.15416447148,0.286814553991,0.42321606567,0.57825930215,
    0.706185388495,0.827889919608,1.),.UNSPECIFIED.);
#1036 = CARTESIAN_POINT('',(228.,559.79795897113,72.));
#1037 = CARTESIAN_POINT('',(228.20947989146,559.79795897113,72.));
#1038 = CARTESIAN_POINT('',(228.41865325455,559.80307726402,
    71.974924429571));
#1039 = CARTESIAN_POINT('',(228.62576126304,559.81328868269,
    71.924903298656));
#1040 = CARTESIAN_POINT('',(228.82889370769,559.82830909814,
    71.849478510659));
#1041 = CARTESIAN_POINT('',(229.02565639103,559.84757261489,
    71.747818828744));
#1042 = CARTESIAN_POINT('',(229.2129515856,559.87011115066,
    71.618848384442));
#1043 = CARTESIAN_POINT('',(229.38666172357,559.89442153308,
    71.461442922952));
#1044 = CARTESIAN_POINT('',(229.67384890706,559.93904191762,
    71.114293252407));
#1045 = CARTESIAN_POINT('',(229.79740283712,559.96022207228,
    70.926019250885));
#1046 = CARTESIAN_POINT('',(229.90096357342,559.97977992886,
    70.712878222779));
#1047 = CARTESIAN_POINT('',(229.97660695402,559.99513523556,
    70.480090433453));
#1048 = CARTESIAN_POINT('',(230.01913549836,560.00397972984,
    70.234707106202));
#1049 = CARTESIAN_POINT('',(230.02605105608,560.00526568151,
    69.984676606495));
#1050 = CARTESIAN_POINT('',(229.99764064579,559.99935240826,
    69.738152165184));
#1051 = CARTESIAN_POINT('',(229.87498174617,559.97556189382,
    69.260427292277));
#1052 = CARTESIAN_POINT('',(229.78101153098,559.95776098726,
    69.038098309829));
#1053 = CARTESIAN_POINT('',(229.66173123452,559.93624400259,
    68.838092974357));
#1054 = CARTESIAN_POINT('',(229.52255666733,559.91311923072,
    68.661570990649));
#1055 = CARTESIAN_POINT('',(229.36814599984,559.89021040211,
    68.50889474805));
#1056 = CARTESIAN_POINT('',(229.2025612504,559.86893129175,
    68.379895885578));
#1057 = CARTESIAN_POINT('',(229.02934380045,559.85028822112,
    68.274005268069));
#1058 = CARTESIAN_POINT('',(228.6494758118,559.81739718782,
    68.095252961036));
#1059 = CARTESIAN_POINT('',(228.43798993261,559.80379545733,
    68.027235692716));
#1060 = CARTESIAN_POINT('',(228.22047113815,559.79518208089,
    67.986392410009));
#1061 = CARTESIAN_POINT('',(227.99999999999,559.79223447473,
    67.972772953077));
#1062 = CARTESIAN_POINT('',(227.77952886184,559.79518208089,
    67.98639241001));
#1063 = CARTESIAN_POINT('',(227.56201006738,559.80379545733,
    68.027235692716));
#1064 = CARTESIAN_POINT('',(227.35052418819,559.81739718782,
    68.095252961034));
#1065 = CARTESIAN_POINT('',(226.98170303704,559.84933172594,
    68.268807020921));
#1066 = CARTESIAN_POINT('',(226.81934134921,559.86659606096,
    68.366653726956));
#1067 = CARTESIAN_POINT('',(226.66365615542,559.88617672673,
    68.484555061221));
#1068 = CARTESIAN_POINT('',(226.51735159355,559.90728362279,
    68.623034226833));
#1069 = CARTESIAN_POINT('',(226.38358504532,559.92882695027,
    68.782382025252));
#1070 = CARTESIAN_POINT('',(226.26604059723,559.94939609556,
    68.962542640366));
#1071 = CARTESIAN_POINT('',(226.16906286191,559.96731903715,
    69.162909132479));
#1072 = CARTESIAN_POINT('',(226.03017264021,559.99378812705,
    69.59036928129));
#1073 = CARTESIAN_POINT('',(225.98676449601,560.00256667803,
    69.812758563128));
#1074 = CARTESIAN_POINT('',(225.97232233755,560.00569237274,
    70.043002988211));
#1075 = CARTESIAN_POINT('',(225.98876265926,560.00229509988,
    70.274044356266));
#1076 = CARTESIAN_POINT('',(226.03539811199,559.99260838445,
    70.498614326668));
#1077 = CARTESIAN_POINT('',(226.10901307812,559.9780674309,
    70.709882965278));
#1078 = CARTESIAN_POINT('',(226.20381392649,559.9606754395,
    70.902213071963));
#1079 = CARTESIAN_POINT('',(226.46340944246,559.91658478201,
    71.311270150717));
#1080 = CARTESIAN_POINT('',(226.64621697741,559.88811710851,
    71.51343856168));
#1081 = CARTESIAN_POINT('',(226.84991889415,559.86053776446,
    71.678675398271));
#1082 = CARTESIAN_POINT('',(227.06788591908,559.83643728114,
    71.808560553115));
#1083 = CARTESIAN_POINT('',(227.2952497957,559.81742067337,
    71.904653015226));
#1084 = CARTESIAN_POINT('',(227.52832187693,559.80444725542,
    71.968214952935));
#1085 = CARTESIAN_POINT('',(227.76415366724,559.79795897113,72.));
#1086 = CARTESIAN_POINT('',(228.,559.79795897113,72.));
#1087 = PCURVE('',#788,#1088);
#1088 = DEFINITIONAL_REPRESENTATION('',(#1089),#1141);
#1089 = B_SPLINE_CURVE_WITH_KNOTS('',8,(#1090,#1091,#1092,#1093,#1094,
    #1095,#1096,#1097,#1098,#1099,#1100,#1101,#1102,#1103,#1104,#1105,
    #1106,#1107,#1108,#1109,#1110,#1111,#1112,#1113,#1114,#1115,#1116,
    #1117,#1118,#1119,#1120,#1121,#1122,#1123,#1124,#1125,#1126,#1127,
    #1128,#1129,#1130,#1131,#1132,#1133,#1134,#1135,#1136,#1137,#1138,
    #1139,#1140),.UNSPECIFIED.,.T.,.F.,(9,7,7,7,7,7,7,9),(0.,
    0.15416447148,0.286814553991,0.42321606567,0.57825930215,
    0.706185388495,0.827889919608,1.),.UNSPECIFIED.);
#1090 = CARTESIAN_POINT('',(-4.913746901175,-123.));
#1091 = CARTESIAN_POINT('',(-4.913746901175,-123.2094798914));
#1092 = CARTESIAN_POINT('',(-4.911187638913,-123.4186532545));
#1093 = CARTESIAN_POINT('',(-4.906082367092,-123.625761263));
#1094 = CARTESIAN_POINT('',(-4.898391870005,-123.8288937076));
#1095 = CARTESIAN_POINT('',(-4.888045988064,-124.025656391));
#1096 = CARTESIAN_POINT('',(-4.874956676706,-124.2129515856));
#1097 = CARTESIAN_POINT('',(-4.859034648881,-124.3866617235));
#1098 = CARTESIAN_POINT('',(-4.824034095675,-124.673848907));
#1099 = CARTESIAN_POINT('',(-4.805090313436,-124.7974028371));
#1100 = CARTESIAN_POINT('',(-4.783694264413,-124.9009635734));
#1101 = CARTESIAN_POINT('',(-4.760381202875,-124.976606954));
#1102 = CARTESIAN_POINT('',(-4.735849967028,-125.0191354983));
#1103 = CARTESIAN_POINT('',(-4.710864182751,-125.026051056));
#1104 = CARTESIAN_POINT('',(-4.686212854415,-124.9976406457));
#1105 = CARTESIAN_POINT('',(-4.638381165884,-124.8749817461));
#1106 = CARTESIAN_POINT('',(-4.616087271316,-124.7810115309));
#1107 = CARTESIAN_POINT('',(-4.595982636513,-124.6617312345));
#1108 = CARTESIAN_POINT('',(-4.578187013539,-124.5225566673));
#1109 = CARTESIAN_POINT('',(-4.562751828169,-124.3681459998));
#1110 = CARTESIAN_POINT('',(-4.549679013957,-124.2025612504));
#1111 = CARTESIAN_POINT('',(-4.538927382342,-124.0293438004));
#1112 = CARTESIAN_POINT('',(-4.520752067395,-123.6494758118));
#1113 = CARTESIAN_POINT('',(-4.513816499926,-123.4379899326));
#1114 = CARTESIAN_POINT('',(-4.509642341959,-123.2204711381));
#1115 = CARTESIAN_POINT('',(-4.508248705453,-122.9999999999));
#1116 = CARTESIAN_POINT('',(-4.509642341959,-122.7795288618));
#1117 = CARTESIAN_POINT('',(-4.513816499926,-122.5620100673));
#1118 = CARTESIAN_POINT('',(-4.520752067395,-122.3505241881));
#1119 = CARTESIAN_POINT('',(-4.538398830959,-121.981703037));
#1120 = CARTESIAN_POINT('',(-4.548334391429,-121.8193413492));
#1121 = CARTESIAN_POINT('',(-4.560284917991,-121.6636561554));
#1122 = CARTESIAN_POINT('',(-4.574290177738,-121.5173515935));
#1123 = CARTESIAN_POINT('',(-4.590364503232,-121.3835850453));
#1124 = CARTESIAN_POINT('',(-4.608489423708,-121.2660405972));
#1125 = CARTESIAN_POINT('',(-4.628598524814,-121.1690628619));
#1126 = CARTESIAN_POINT('',(-4.671426411937,-121.0301726402));
#1127 = CARTESIAN_POINT('',(-4.693677067671,-120.986764496));
#1128 = CARTESIAN_POINT('',(-4.716690768046,-120.9723223375));
#1129 = CARTESIAN_POINT('',(-4.739778744433,-120.9887626592));
#1130 = CARTESIAN_POINT('',(-4.762241073174,-121.0353981119));
#1131 = CARTESIAN_POINT('',(-4.783409712734,-121.1090130781));
#1132 = CARTESIAN_POINT('',(-4.802718334447,-121.2038139264));
#1133 = CARTESIAN_POINT('',(-4.8438609741,-121.4634094424));
#1134 = CARTESIAN_POINT('',(-4.864266457935,-121.6462169774));
#1135 = CARTESIAN_POINT('',(-4.881011919889,-121.8499188941));
#1136 = CARTESIAN_POINT('',(-4.894220261916,-122.067885919));
#1137 = CARTESIAN_POINT('',(-4.904015573945,-122.2952497957));
#1138 = CARTESIAN_POINT('',(-4.91050285699,-122.5283218769));
#1139 = CARTESIAN_POINT('',(-4.913746901175,-122.7641536672));
#1140 = CARTESIAN_POINT('',(-4.913746901175,-123.));
#1141 = ( GEOMETRIC_REPRESENTATION_CONTEXT(2) 
PARAMETRIC_REPRESENTATION_CONTEXT() REPRESENTATION_CONTEXT('2D SPACE',''
  ) );
#1142 = PCURVE('',#969,#1143);
#1143 = DEFINITIONAL_REPRESENTATION('',(#1144),#1196);
#1144 = B_SPLINE_CURVE_WITH_KNOTS('',8,(#1145,#1146,#1147,#1148,#1149,
    #1150,#1151,#1152,#1153,#1154,#1155,#1156,#1157,#1158,#1159,#1160,
    #1161,#1162,#1163,#1164,#1165,#1166,#1167,#1168,#1169,#1170,#1171,
    #1172,#1173,#1174,#1175,#1176,#1177,#1178,#1179,#1180,#1181,#1182,
    #1183,#1184,#1185,#1186,#1187,#1188,#1189,#1190,#1191,#1192,#1193,
    #1194,#1195),.UNSPECIFIED.,.F.,.F.,(9,7,7,7,7,7,7,9),(0.,
    0.15416447148,0.286814553991,0.42321606567,0.57825930215,
    0.706185388495,0.827889919608,1.),.UNSPECIFIED.);
#1145 = CARTESIAN_POINT('',(0.,-29.79795897113));
#1146 = CARTESIAN_POINT('',(-0.104739945731,-29.79795897113));
#1147 = CARTESIAN_POINT('',(-0.209326289277,-29.80307726402));
#1148 = CARTESIAN_POINT('',(-0.31463243627,-29.81328868269));
#1149 = CARTESIAN_POINT('',(-0.421428453769,-29.82830909814));
#1150 = CARTESIAN_POINT('',(-0.530473257238,-29.84757261489));
#1151 = CARTESIAN_POINT('',(-0.642555479645,-29.87011115066));
#1152 = CARTESIAN_POINT('',(-0.758561104293,-29.89442153308));
#1153 = CARTESIAN_POINT('',(-0.983832813637,-29.93904191762));
#1154 = CARTESIAN_POINT('',(-1.095744963336,-29.96022207228));
#1155 = CARTESIAN_POINT('',(-1.212586816456,-29.97977992886));
#1156 = CARTESIAN_POINT('',(-1.332627460543,-29.99513523555));
#1157 = CARTESIAN_POINT('',(-1.454650140221,-30.00397972984));
#1158 = CARTESIAN_POINT('',(-1.577615237422,-30.00526568151));
#1159 = CARTESIAN_POINT('',(-1.700537927473,-29.99935240826));
#1160 = CARTESIAN_POINT('',(-1.947148075202,-29.97556189382));
#1161 = CARTESIAN_POINT('',(-2.066505600324,-29.95776098726));
#1162 = CARTESIAN_POINT('',(-2.181172721869,-29.93624400259));
#1163 = CARTESIAN_POINT('',(-2.291775168155,-29.91311923072));
#1164 = CARTESIAN_POINT('',(-2.398795832926,-29.89021040211));
#1165 = CARTESIAN_POINT('',(-2.502618854101,-29.86893129175));
#1166 = CARTESIAN_POINT('',(-2.60352703072,-29.85028822112));
#1167 = CARTESIAN_POINT('',(-2.813438962294,-29.81739718782));
#1168 = CARTESIAN_POINT('',(-2.923598181069,-29.80379545733));
#1169 = CARTESIAN_POINT('',(-3.032823638481,-29.79518208089));
#1170 = CARTESIAN_POINT('',(-3.141592653591,-29.79223447473));
#1171 = CARTESIAN_POINT('',(-3.250361668699,-29.79518208089));
#1172 = CARTESIAN_POINT('',(-3.35958712611,-29.80379545733));
#1173 = CARTESIAN_POINT('',(-3.469746344883,-29.81739718782));
#1174 = CARTESIAN_POINT('',(-3.673553884758,-29.84933172594));
#1175 = CARTESIAN_POINT('',(-3.767838606964,-29.86659606096));
#1176 = CARTESIAN_POINT('',(-3.864566301668,-29.88617672673));
#1177 = CARTESIAN_POINT('',(-3.964043901878,-29.90728362279));
#1178 = CARTESIAN_POINT('',(-4.066641969556,-29.92882695027));
#1179 = CARTESIAN_POINT('',(-4.172800442439,-29.94939609556));
#1180 = CARTESIAN_POINT('',(-4.283064698532,-29.96731903715));
#1181 = CARTESIAN_POINT('',(-4.507793797953,-29.99378812705));
#1182 = CARTESIAN_POINT('',(-4.620253335608,-30.00256667803));
#1183 = CARTESIAN_POINT('',(-4.733975400096,-30.00569237274));
#1184 = CARTESIAN_POINT('',(-4.847763023024,-30.00229509988));
#1185 = CARTESIAN_POINT('',(-4.960491109401,-29.99260838445));
#1186 = CARTESIAN_POINT('',(-5.07094174033,-29.9780674309));
#1187 = CARTESIAN_POINT('',(-5.177535190259,-29.9606754395));
#1188 = CARTESIAN_POINT('',(-5.419773464275,-29.91658478201));
#1189 = CARTESIAN_POINT('',(-5.554098691299,-29.88811710851));
#1190 = CARTESIAN_POINT('',(-5.682781087496,-29.86053776446));
#1191 = CARTESIAN_POINT('',(-5.807129954921,-29.83643728114));
#1192 = CARTESIAN_POINT('',(-5.92831333464,-29.81742067337));
#1193 = CARTESIAN_POINT('',(-6.047345827812,-29.80444725542));
#1194 = CARTESIAN_POINT('',(-6.165262140801,-29.79795897113));
#1195 = CARTESIAN_POINT('',(-6.28318530718,-29.79795897113));
#1196 = ( GEOMETRIC_REPRESENTATION_CONTEXT(2) 
PARAMETRIC_REPRESENTATION_CONTEXT() REPRESENTATION_CONTEXT('2D SPACE',''
  ) );
#1197 = ADVANCED_FACE('',(#1198),#842,.T.);
#1198 = FACE_BOUND('',#1199,.T.);
#1199 = EDGE_LOOP('',(#1200));
#1200 = ORIENTED_EDGE('',*,*,#827,.T.);
#1201 = ADVANCED_FACE('',(#1202),#969,.F.);
#1202 = FACE_BOUND('',#1203,.T.);
#1203 = EDGE_LOOP('',(#1204,#1205,#1226,#1227));
#1204 = ORIENTED_EDGE('',*,*,#857,.F.);
#1205 = ORIENTED_EDGE('',*,*,#1206,.T.);
#1206 = EDGE_CURVE('',#858,#1032,#1207,.T.);
#1207 = SEAM_CURVE('',#1208,(#1212,#1219),.PCURVE_S1.);
#1208 = LINE('',#1209,#1210);
#1209 = CARTESIAN_POINT('',(228.,530.,72.));
#1210 = VECTOR('',#1211,1.);
#1211 = DIRECTION('',(0.,1.,0.));
#1212 = PCURVE('',#969,#1213);
#1213 = DEFINITIONAL_REPRESENTATION('',(#1214),#1218);
#1214 = LINE('',#1215,#1216);
#1215 = CARTESIAN_POINT('',(-6.28318530718,0.));
#1216 = VECTOR('',#1217,1.);
#1217 = DIRECTION('',(-0.,-1.));
#1218 = ( GEOMETRIC_REPRESENTATION_CONTEXT(2) 
PARAMETRIC_REPRESENTATION_CONTEXT() REPRESENTATION_CONTEXT('2D SPACE',''
  ) );
#1219 = PCURVE('',#969,#1220);
#1220 = DEFINITIONAL_REPRESENTATION('',(#1221),#1225);
#1221 = LINE('',#1222,#1223);
#1222 = CARTESIAN_POINT('',(-0.,0.));
#1223 = VECTOR('',#1224,1.);
#1224 = DIRECTION('',(-0.,-1.));
#1225 = ( GEOMETRIC_REPRESENTATION_CONTEXT(2) 
PARAMETRIC_REPRESENTATION_CONTEXT() REPRESENTATION_CONTEXT('2D SPACE',''
  ) );
#1226 = ORIENTED_EDGE('',*,*,#1031,.T.);
#1227 = ORIENTED_EDGE('',*,*,#1206,.F.);
#1228 = ( GEOMETRIC_REPRESENTATION_CONTEXT(3) 
GLOBAL_UNCERTAINTY_ASSIGNED_CONTEXT((#1232)) 
GLOBAL_UNIT_ASSIGNED_CONTEXT((#1229,#1230,#1231)) REPRESENTATION_CONTEXT
('Context #1','3D Context with UNIT and UNCERTAINTY') );
#1229 = ( LENGTH_UNIT() NAMED_UNIT(*) SI_UNIT(.MILLI.,.METRE.) );
#1230 = ( NAMED_UNIT(*) PLANE_ANGLE_UNIT() SI_UNIT($,.RADIAN.) );
#1231 = ( NAMED_UNIT(*) SI_UNIT($,.STERADIAN.) SOLID_ANGLE_UNIT() );
#1232 = UNCERTAINTY_MEASURE_WITH_UNIT(LENGTH_MEASURE(1.E-07),#1229,
  'distance_accuracy_value','confusion accuracy');
#1233 = CONTEXT_DEPENDENT_SHAPE_REPRESENTATION(#1234,#1236);
#1234 = ( REPRESENTATION_RELATIONSHIP('','',#669,#10) 
REPRESENTATION_RELATIONSHIP_WITH_TRANSFORMATION(#1235) 
SHAPE_REPRESENTATION_RELATIONSHIP() );
#1235 = ITEM_DEFINED_TRANSFORMATION('','',#11,#19);
#1236 = PRODUCT_DEFINITION_SHAPE('Placement','Placement of an item',
  #1237);
#1237 = NEXT_ASSEMBLY_USAGE_OCCURRENCE('2','original_hinge_pin_170_70',
  '',#5,#664,$);
#1238 = PRODUCT_RELATED_PRODUCT_CATEGORY('part',$,(#666));
#1239 = SHAPE_DEFINITION_REPRESENTATION(#1240,#1246);
#1240 = PRODUCT_DEFINITION_SHAPE('','',#1241);
#1241 = PRODUCT_DEFINITION('design','',#1242,#1245);
#1242 = PRODUCT_DEFINITION_FORMATION('','',#1243);
#1243 = PRODUCT('original_hinge_pin_-170_-270',
  'original_hinge_pin_-170_-270','',(#1244));
#1244 = PRODUCT_CONTEXT('',#2,'mechanical');
#1245 = PRODUCT_DEFINITION_CONTEXT('part definition',#2,'design');
#1246 = ADVANCED_BREP_SHAPE_REPRESENTATION('',(#11,#1247),#1805);
#1247 = MANIFOLD_SOLID_BREP('',#1248);
#1248 = CLOSED_SHELL('',(#1249,#1337,#1341,#1376,#1774,#1778));
#1249 = ADVANCED_FACE('',(#1250),#1264,.T.);
#1250 = FACE_BOUND('',#1251,.F.);
#1251 = EDGE_LOOP('',(#1252,#1282,#1309,#1310));
#1252 = ORIENTED_EDGE('',*,*,#1253,.T.);
#1253 = EDGE_CURVE('',#1254,#1256,#1258,.T.);
#1254 = VERTEX_POINT('',#1255);
#1255 = CARTESIAN_POINT('',(-241.,550.,-254.));
#1256 = VERTEX_POINT('',#1257);
#1257 = CARTESIAN_POINT('',(-235.,550.,-254.));
#1258 = SEAM_CURVE('',#1259,(#1263,#1275),.PCURVE_S1.);
#1259 = LINE('',#1260,#1261);
#1260 = CARTESIAN_POINT('',(-241.,550.,-254.));
#1261 = VECTOR('',#1262,1.);
#1262 = DIRECTION('',(1.,0.,0.));
#1263 = PCURVE('',#1264,#1269);
#1264 = CYLINDRICAL_SURFACE('',#1265,16.);
#1265 = AXIS2_PLACEMENT_3D('',#1266,#1267,#1268);
#1266 = CARTESIAN_POINT('',(-241.,550.,-270.));
#1267 = DIRECTION('',(-1.,-0.,0.));
#1268 = DIRECTION('',(0.,0.,1.));
#1269 = DEFINITIONAL_REPRESENTATION('',(#1270),#1274);
#1270 = LINE('',#1271,#1272);
#1271 = CARTESIAN_POINT('',(-0.,0.));
#1272 = VECTOR('',#1273,1.);
#1273 = DIRECTION('',(-0.,-1.));
#1274 = ( GEOMETRIC_REPRESENTATION_CONTEXT(2) 
PARAMETRIC_REPRESENTATION_CONTEXT() REPRESENTATION_CONTEXT('2D SPACE',''
  ) );
#1275 = PCURVE('',#1264,#1276);
#1276 = DEFINITIONAL_REPRESENTATION('',(#1277),#1281);
#1277 = LINE('',#1278,#1279);
#1278 = CARTESIAN_POINT('',(-6.28318530718,0.));
#1279 = VECTOR('',#1280,1.);
#1280 = DIRECTION('',(-0.,-1.));
#1281 = ( GEOMETRIC_REPRESENTATION_CONTEXT(2) 
PARAMETRIC_REPRESENTATION_CONTEXT() REPRESENTATION_CONTEXT('2D SPACE',''
  ) );
#1282 = ORIENTED_EDGE('',*,*,#1283,.T.);
#1283 = EDGE_CURVE('',#1256,#1256,#1284,.T.);
#1284 = SURFACE_CURVE('',#1285,(#1290,#1297),.PCURVE_S1.);
#1285 = CIRCLE('',#1286,16.);
#1286 = AXIS2_PLACEMENT_3D('',#1287,#1288,#1289);
#1287 = CARTESIAN_POINT('',(-235.,550.,-270.));
#1288 = DIRECTION('',(1.,0.,-0.));
#1289 = DIRECTION('',(0.,0.,1.));
#1290 = PCURVE('',#1264,#1291);
#1291 = DEFINITIONAL_REPRESENTATION('',(#1292),#1296);
#1292 = LINE('',#1293,#1294);
#1293 = CARTESIAN_POINT('',(-0.,-6.));
#1294 = VECTOR('',#1295,1.);
#1295 = DIRECTION('',(-1.,0.));
#1296 = ( GEOMETRIC_REPRESENTATION_CONTEXT(2) 
PARAMETRIC_REPRESENTATION_CONTEXT() REPRESENTATION_CONTEXT('2D SPACE',''
  ) );
#1297 = PCURVE('',#1298,#1303);
#1298 = PLANE('',#1299);
#1299 = AXIS2_PLACEMENT_3D('',#1300,#1301,#1302);
#1300 = CARTESIAN_POINT('',(-235.,550.,-270.));
#1301 = DIRECTION('',(1.,0.,0.));
#1302 = DIRECTION('',(-0.,0.,1.));
#1303 = DEFINITIONAL_REPRESENTATION('',(#1304),#1308);
#1304 = CIRCLE('',#1305,16.);
#1305 = AXIS2_PLACEMENT_2D('',#1306,#1307);
#1306 = CARTESIAN_POINT('',(0.,0.));
#1307 = DIRECTION('',(1.,0.));
#1308 = ( GEOMETRIC_REPRESENTATION_CONTEXT(2) 
PARAMETRIC_REPRESENTATION_CONTEXT() REPRESENTATION_CONTEXT('2D SPACE',''
  ) );
#1309 = ORIENTED_EDGE('',*,*,#1253,.F.);
#1310 = ORIENTED_EDGE('',*,*,#1311,.F.);
#1311 = EDGE_CURVE('',#1254,#1254,#1312,.T.);
#1312 = SURFACE_CURVE('',#1313,(#1318,#1325),.PCURVE_S1.);
#1313 = CIRCLE('',#1314,16.);
#1314 = AXIS2_PLACEMENT_3D('',#1315,#1316,#1317);
#1315 = CARTESIAN_POINT('',(-241.,550.,-270.));
#1316 = DIRECTION('',(1.,0.,-0.));
#1317 = DIRECTION('',(0.,0.,1.));
#1318 = PCURVE('',#1264,#1319);
#1319 = DEFINITIONAL_REPRESENTATION('',(#1320),#1324);
#1320 = LINE('',#1321,#1322);
#1321 = CARTESIAN_POINT('',(-0.,0.));
#1322 = VECTOR('',#1323,1.);
#1323 = DIRECTION('',(-1.,0.));
#1324 = ( GEOMETRIC_REPRESENTATION_CONTEXT(2) 
PARAMETRIC_REPRESENTATION_CONTEXT() REPRESENTATION_CONTEXT('2D SPACE',''
  ) );
#1325 = PCURVE('',#1326,#1331);
#1326 = PLANE('',#1327);
#1327 = AXIS2_PLACEMENT_3D('',#1328,#1329,#1330);
#1328 = CARTESIAN_POINT('',(-241.,550.,-270.));
#1329 = DIRECTION('',(1.,0.,0.));
#1330 = DIRECTION('',(-0.,0.,1.));
#1331 = DEFINITIONAL_REPRESENTATION('',(#1332),#1336);
#1332 = CIRCLE('',#1333,16.);
#1333 = AXIS2_PLACEMENT_2D('',#1334,#1335);
#1334 = CARTESIAN_POINT('',(0.,0.));
#1335 = DIRECTION('',(1.,0.));
#1336 = ( GEOMETRIC_REPRESENTATION_CONTEXT(2) 
PARAMETRIC_REPRESENTATION_CONTEXT() REPRESENTATION_CONTEXT('2D SPACE',''
  ) );
#1337 = ADVANCED_FACE('',(#1338),#1326,.F.);
#1338 = FACE_BOUND('',#1339,.F.);
#1339 = EDGE_LOOP('',(#1340));
#1340 = ORIENTED_EDGE('',*,*,#1311,.T.);
#1341 = ADVANCED_FACE('',(#1342,#1345),#1298,.T.);
#1342 = FACE_BOUND('',#1343,.T.);
#1343 = EDGE_LOOP('',(#1344));
#1344 = ORIENTED_EDGE('',*,*,#1283,.T.);
#1345 = FACE_BOUND('',#1346,.T.);
#1346 = EDGE_LOOP('',(#1347));
#1347 = ORIENTED_EDGE('',*,*,#1348,.F.);
#1348 = EDGE_CURVE('',#1349,#1349,#1351,.T.);
#1349 = VERTEX_POINT('',#1350);
#1350 = CARTESIAN_POINT('',(-235.,550.,-260.));
#1351 = SURFACE_CURVE('',#1352,(#1357,#1364),.PCURVE_S1.);
#1352 = CIRCLE('',#1353,10.);
#1353 = AXIS2_PLACEMENT_3D('',#1354,#1355,#1356);
#1354 = CARTESIAN_POINT('',(-235.,550.,-270.));
#1355 = DIRECTION('',(1.,0.,-0.));
#1356 = DIRECTION('',(0.,0.,1.));
#1357 = PCURVE('',#1298,#1358);
#1358 = DEFINITIONAL_REPRESENTATION('',(#1359),#1363);
#1359 = CIRCLE('',#1360,10.);
#1360 = AXIS2_PLACEMENT_2D('',#1361,#1362);
#1361 = CARTESIAN_POINT('',(0.,0.));
#1362 = DIRECTION('',(1.,0.));
#1363 = ( GEOMETRIC_REPRESENTATION_CONTEXT(2) 
PARAMETRIC_REPRESENTATION_CONTEXT() REPRESENTATION_CONTEXT('2D SPACE',''
  ) );
#1364 = PCURVE('',#1365,#1370);
#1365 = CYLINDRICAL_SURFACE('',#1366,10.);
#1366 = AXIS2_PLACEMENT_3D('',#1367,#1368,#1369);
#1367 = CARTESIAN_POINT('',(-235.,550.,-270.));
#1368 = DIRECTION('',(-1.,-0.,0.));
#1369 = DIRECTION('',(0.,0.,1.));
#1370 = DEFINITIONAL_REPRESENTATION('',(#1371),#1375);
#1371 = LINE('',#1372,#1373);
#1372 = CARTESIAN_POINT('',(-0.,0.));
#1373 = VECTOR('',#1374,1.);
#1374 = DIRECTION('',(-1.,0.));
#1375 = ( GEOMETRIC_REPRESENTATION_CONTEXT(2) 
PARAMETRIC_REPRESENTATION_CONTEXT() REPRESENTATION_CONTEXT('2D SPACE',''
  ) );
#1376 = ADVANCED_FACE('',(#1377,#1431,#1605),#1365,.T.);
#1377 = FACE_BOUND('',#1378,.F.);
#1378 = EDGE_LOOP('',(#1379,#1380,#1403,#1430));
#1379 = ORIENTED_EDGE('',*,*,#1348,.F.);
#1380 = ORIENTED_EDGE('',*,*,#1381,.T.);
#1381 = EDGE_CURVE('',#1349,#1382,#1384,.T.);
#1382 = VERTEX_POINT('',#1383);
#1383 = CARTESIAN_POINT('',(-105.,550.,-260.));
#1384 = SEAM_CURVE('',#1385,(#1389,#1396),.PCURVE_S1.);
#1385 = LINE('',#1386,#1387);
#1386 = CARTESIAN_POINT('',(-235.,550.,-260.));
#1387 = VECTOR('',#1388,1.);
#1388 = DIRECTION('',(1.,0.,0.));
#1389 = PCURVE('',#1365,#1390);
#1390 = DEFINITIONAL_REPRESENTATION('',(#1391),#1395);
#1391 = LINE('',#1392,#1393);
#1392 = CARTESIAN_POINT('',(-6.28318530718,0.));
#1393 = VECTOR('',#1394,1.);
#1394 = DIRECTION('',(-0.,-1.));
#1395 = ( GEOMETRIC_REPRESENTATION_CONTEXT(2) 
PARAMETRIC_REPRESENTATION_CONTEXT() REPRESENTATION_CONTEXT('2D SPACE',''
  ) );
#1396 = PCURVE('',#1365,#1397);
#1397 = DEFINITIONAL_REPRESENTATION('',(#1398),#1402);
#1398 = LINE('',#1399,#1400);
#1399 = CARTESIAN_POINT('',(-0.,0.));
#1400 = VECTOR('',#1401,1.);
#1401 = DIRECTION('',(-0.,-1.));
#1402 = ( GEOMETRIC_REPRESENTATION_CONTEXT(2) 
PARAMETRIC_REPRESENTATION_CONTEXT() REPRESENTATION_CONTEXT('2D SPACE',''
  ) );
#1403 = ORIENTED_EDGE('',*,*,#1404,.T.);
#1404 = EDGE_CURVE('',#1382,#1382,#1405,.T.);
#1405 = SURFACE_CURVE('',#1406,(#1411,#1418),.PCURVE_S1.);
#1406 = CIRCLE('',#1407,10.);
#1407 = AXIS2_PLACEMENT_3D('',#1408,#1409,#1410);
#1408 = CARTESIAN_POINT('',(-105.,550.,-270.));
#1409 = DIRECTION('',(1.,0.,-0.));
#1410 = DIRECTION('',(0.,0.,1.));
#1411 = PCURVE('',#1365,#1412);
#1412 = DEFINITIONAL_REPRESENTATION('',(#1413),#1417);
#1413 = LINE('',#1414,#1415);
#1414 = CARTESIAN_POINT('',(-0.,-130.));
#1415 = VECTOR('',#1416,1.);
#1416 = DIRECTION('',(-1.,0.));
#1417 = ( GEOMETRIC_REPRESENTATION_CONTEXT(2) 
PARAMETRIC_REPRESENTATION_CONTEXT() REPRESENTATION_CONTEXT('2D SPACE',''
  ) );
#1418 = PCURVE('',#1419,#1424);
#1419 = PLANE('',#1420);
#1420 = AXIS2_PLACEMENT_3D('',#1421,#1422,#1423);
#1421 = CARTESIAN_POINT('',(-105.,550.,-270.));
#1422 = DIRECTION('',(1.,0.,0.));
#1423 = DIRECTION('',(-0.,0.,1.));
#1424 = DEFINITIONAL_REPRESENTATION('',(#1425),#1429);
#1425 = CIRCLE('',#1426,10.);
#1426 = AXIS2_PLACEMENT_2D('',#1427,#1428);
#1427 = CARTESIAN_POINT('',(0.,0.));
#1428 = DIRECTION('',(1.,0.));
#1429 = ( GEOMETRIC_REPRESENTATION_CONTEXT(2) 
PARAMETRIC_REPRESENTATION_CONTEXT() REPRESENTATION_CONTEXT('2D SPACE',''
  ) );
#1430 = ORIENTED_EDGE('',*,*,#1381,.F.);
#1431 = FACE_BOUND('',#1432,.F.);
#1432 = EDGE_LOOP('',(#1433));
#1433 = ORIENTED_EDGE('',*,*,#1434,.T.);
#1434 = EDGE_CURVE('',#1435,#1435,#1437,.T.);
#1435 = VERTEX_POINT('',#1436);
#1436 = CARTESIAN_POINT('',(-112.,559.79795897113,-268.));
#1437 = SURFACE_CURVE('',#1438,(#1490,#1545),.PCURVE_S1.);
#1438 = B_SPLINE_CURVE_WITH_KNOTS('',8,(#1439,#1440,#1441,#1442,#1443,
    #1444,#1445,#1446,#1447,#1448,#1449,#1450,#1451,#1452,#1453,#1454,
    #1455,#1456,#1457,#1458,#1459,#1460,#1461,#1462,#1463,#1464,#1465,
    #1466,#1467,#1468,#1469,#1470,#1471,#1472,#1473,#1474,#1475,#1476,
    #1477,#1478,#1479,#1480,#1481,#1482,#1483,#1484,#1485,#1486,#1487,
    #1488,#1489),.UNSPECIFIED.,.T.,.F.,(9,7,7,7,7,7,7,9),(0.,
    0.154164471479,0.28681455399,0.423216065669,0.578259302148,
    0.706185388494,0.827889919607,1.),.UNSPECIFIED.);
#1439 = CARTESIAN_POINT('',(-112.,559.79795897113,-268.));
#1440 = CARTESIAN_POINT('',(-111.7905201085,559.79795897113,-268.));
#1441 = CARTESIAN_POINT('',(-111.5813467454,559.80307726402,
    -268.0250755704));
#1442 = CARTESIAN_POINT('',(-111.3742387369,559.81328868269,
    -268.0750967013));
#1443 = CARTESIAN_POINT('',(-111.1711062923,559.82830909814,
    -268.1505214893));
#1444 = CARTESIAN_POINT('',(-110.9743436089,559.84757261489,
    -268.2521811712));
#1445 = CARTESIAN_POINT('',(-110.7870484143,559.87011115066,
    -268.3811516155));
#1446 = CARTESIAN_POINT('',(-110.6133382764,559.89442153308,
    -268.538557077));
#1447 = CARTESIAN_POINT('',(-110.3261510929,559.93904191762,
    -268.8857067475));
#1448 = CARTESIAN_POINT('',(-110.2025971628,559.96022207228,
    -269.0739807491));
#1449 = CARTESIAN_POINT('',(-110.0990364265,559.97977992886,
    -269.2871217772));
#1450 = CARTESIAN_POINT('',(-110.0233930459,559.99513523556,
    -269.5199095665));
#1451 = CARTESIAN_POINT('',(-109.9808645016,560.00397972984,
    -269.7652928937));
#1452 = CARTESIAN_POINT('',(-109.9739489439,560.00526568151,
    -270.0153233935));
#1453 = CARTESIAN_POINT('',(-110.0023593542,559.99935240826,
    -270.2618478348));
#1454 = CARTESIAN_POINT('',(-110.1250182538,559.97556189382,
    -270.7395727077));
#1455 = CARTESIAN_POINT('',(-110.218988469,559.95776098726,
    -270.9619016901));
#1456 = CARTESIAN_POINT('',(-110.3382687654,559.93624400259,
    -271.1619070256));
#1457 = CARTESIAN_POINT('',(-110.4774433326,559.91311923072,
    -271.3384290093));
#1458 = CARTESIAN_POINT('',(-110.6318540001,559.89021040211,
    -271.4911052519));
#1459 = CARTESIAN_POINT('',(-110.7974387495,559.86893129175,
    -271.6201041144));
#1460 = CARTESIAN_POINT('',(-110.9706561995,559.85028822112,
    -271.7259947319));
#1461 = CARTESIAN_POINT('',(-111.3505241881,559.81739718782,
    -271.9047470389));
#1462 = CARTESIAN_POINT('',(-111.5620100673,559.80379545733,
    -271.9727643072));
#1463 = CARTESIAN_POINT('',(-111.7795288618,559.79518208089,
    -272.0136075899));
#1464 = CARTESIAN_POINT('',(-112.,559.79223447473,-272.0272270469));
#1465 = CARTESIAN_POINT('',(-112.2204711381,559.79518208089,
    -272.0136075899));
#1466 = CARTESIAN_POINT('',(-112.4379899326,559.80379545733,
    -271.9727643072));
#1467 = CARTESIAN_POINT('',(-112.6494758118,559.81739718782,
    -271.9047470389));
#1468 = CARTESIAN_POINT('',(-113.0182969629,559.84933172594,
    -271.731192979));
#1469 = CARTESIAN_POINT('',(-113.1806586507,559.86659606096,
    -271.633346273));
#1470 = CARTESIAN_POINT('',(-113.3363438445,559.88617672673,
    -271.5154449387));
#1471 = CARTESIAN_POINT('',(-113.4826484064,559.90728362279,
    -271.3769657731));
#1472 = CARTESIAN_POINT('',(-113.6164149546,559.92882695027,
    -271.2176179747));
#1473 = CARTESIAN_POINT('',(-113.7339594027,559.94939609556,
    -271.0374573596));
#1474 = CARTESIAN_POINT('',(-113.830937138,559.96731903715,
    -270.8370908675));
#1475 = CARTESIAN_POINT('',(-113.9698273597,559.99378812705,
    -270.4096307187));
#1476 = CARTESIAN_POINT('',(-114.0132355039,560.00256667803,
    -270.1872414368));
#1477 = CARTESIAN_POINT('',(-114.0276776624,560.00569237274,
    -269.9569970117));
#1478 = CARTESIAN_POINT('',(-114.0112373407,560.00229509988,
    -269.7259556437));
#1479 = CARTESIAN_POINT('',(-113.964601888,559.99260838445,
    -269.5013856733));
#1480 = CARTESIAN_POINT('',(-113.8909869218,559.9780674309,
    -269.2901170347));
#1481 = CARTESIAN_POINT('',(-113.7961860735,559.9606754395,
    -269.097786928));
#1482 = CARTESIAN_POINT('',(-113.5365905575,559.91658478201,
    -268.6887298492));
#1483 = CARTESIAN_POINT('',(-113.3537830225,559.88811710851,
    -268.4865614383));
#1484 = CARTESIAN_POINT('',(-113.1500811058,559.86053776446,
    -268.3213246017));
#1485 = CARTESIAN_POINT('',(-112.9321140809,559.83643728114,
    -268.1914394468));
#1486 = CARTESIAN_POINT('',(-112.7047502042,559.81742067337,
    -268.0953469847));
#1487 = CARTESIAN_POINT('',(-112.471678123,559.80444725542,
    -268.031785047));
#1488 = CARTESIAN_POINT('',(-112.2358463327,559.79795897113,-268.));
#1489 = CARTESIAN_POINT('',(-112.,559.79795897113,-268.));
#1490 = PCURVE('',#1365,#1491);
#1491 = DEFINITIONAL_REPRESENTATION('',(#1492),#1544);
#1492 = B_SPLINE_CURVE_WITH_KNOTS('',8,(#1493,#1494,#1495,#1496,#1497,
    #1498,#1499,#1500,#1501,#1502,#1503,#1504,#1505,#1506,#1507,#1508,
    #1509,#1510,#1511,#1512,#1513,#1514,#1515,#1516,#1517,#1518,#1519,
    #1520,#1521,#1522,#1523,#1524,#1525,#1526,#1527,#1528,#1529,#1530,
    #1531,#1532,#1533,#1534,#1535,#1536,#1537,#1538,#1539,#1540,#1541,
    #1542,#1543),.UNSPECIFIED.,.T.,.F.,(9,7,7,7,7,7,7,9),(0.,
    0.154164471479,0.28681455399,0.423216065669,0.578259302148,
    0.706185388494,0.827889919607,1.),.UNSPECIFIED.);
#1493 = CARTESIAN_POINT('',(-4.913746901175,-123.));
#1494 = CARTESIAN_POINT('',(-4.913746901175,-123.2094798914));
#1495 = CARTESIAN_POINT('',(-4.911187638913,-123.4186532545));
#1496 = CARTESIAN_POINT('',(-4.906082367092,-123.625761263));
#1497 = CARTESIAN_POINT('',(-4.898391870005,-123.8288937076));
#1498 = CARTESIAN_POINT('',(-4.888045988064,-124.025656391));
#1499 = CARTESIAN_POINT('',(-4.874956676706,-124.2129515856));
#1500 = CARTESIAN_POINT('',(-4.859034648881,-124.3866617235));
#1501 = CARTESIAN_POINT('',(-4.824034095675,-124.673848907));
#1502 = CARTESIAN_POINT('',(-4.805090313436,-124.7974028371));
#1503 = CARTESIAN_POINT('',(-4.783694264413,-124.9009635734));
#1504 = CARTESIAN_POINT('',(-4.760381202875,-124.976606954));
#1505 = CARTESIAN_POINT('',(-4.735849967028,-125.0191354983));
#1506 = CARTESIAN_POINT('',(-4.710864182751,-125.026051056));
#1507 = CARTESIAN_POINT('',(-4.686212854415,-124.9976406457));
#1508 = CARTESIAN_POINT('',(-4.638381165884,-124.8749817461));
#1509 = CARTESIAN_POINT('',(-4.616087271316,-124.7810115309));
#1510 = CARTESIAN_POINT('',(-4.595982636513,-124.6617312345));
#1511 = CARTESIAN_POINT('',(-4.578187013539,-124.5225566673));
#1512 = CARTESIAN_POINT('',(-4.562751828169,-124.3681459998));
#1513 = CARTESIAN_POINT('',(-4.549679013957,-124.2025612504));
#1514 = CARTESIAN_POINT('',(-4.538927382342,-124.0293438004));
#1515 = CARTESIAN_POINT('',(-4.520752067395,-123.6494758118));
#1516 = CARTESIAN_POINT('',(-4.513816499927,-123.4379899326));
#1517 = CARTESIAN_POINT('',(-4.509642341959,-123.2204711381));
#1518 = CARTESIAN_POINT('',(-4.508248705453,-122.9999999999));
#1519 = CARTESIAN_POINT('',(-4.509642341959,-122.7795288618));
#1520 = CARTESIAN_POINT('',(-4.513816499927,-122.5620100673));
#1521 = CARTESIAN_POINT('',(-4.520752067395,-122.3505241881));
#1522 = CARTESIAN_POINT('',(-4.538398830959,-121.981703037));
#1523 = CARTESIAN_POINT('',(-4.548334391429,-121.8193413492));
#1524 = CARTESIAN_POINT('',(-4.560284917991,-121.6636561554));
#1525 = CARTESIAN_POINT('',(-4.574290177738,-121.5173515935));
#1526 = CARTESIAN_POINT('',(-4.590364503232,-121.3835850453));
#1527 = CARTESIAN_POINT('',(-4.608489423708,-121.2660405972));
#1528 = CARTESIAN_POINT('',(-4.628598524814,-121.1690628619));
#1529 = CARTESIAN_POINT('',(-4.671426411937,-121.0301726402));
#1530 = CARTESIAN_POINT('',(-4.693677067671,-120.986764496));
#1531 = CARTESIAN_POINT('',(-4.716690768046,-120.9723223375));
#1532 = CARTESIAN_POINT('',(-4.739778744433,-120.9887626592));
#1533 = CARTESIAN_POINT('',(-4.762241073173,-121.0353981119));
#1534 = CARTESIAN_POINT('',(-4.783409712734,-121.1090130781));
#1535 = CARTESIAN_POINT('',(-4.802718334447,-121.2038139264));
#1536 = CARTESIAN_POINT('',(-4.8438609741,-121.4634094424));
#1537 = CARTESIAN_POINT('',(-4.864266457935,-121.6462169774));
#1538 = CARTESIAN_POINT('',(-4.881011919889,-121.8499188941));
#1539 = CARTESIAN_POINT('',(-4.894220261916,-122.067885919));
#1540 = CARTESIAN_POINT('',(-4.904015573945,-122.2952497957));
#1541 = CARTESIAN_POINT('',(-4.91050285699,-122.5283218769));
#1542 = CARTESIAN_POINT('',(-4.913746901175,-122.7641536672));
#1543 = CARTESIAN_POINT('',(-4.913746901175,-123.));
#1544 = ( GEOMETRIC_REPRESENTATION_CONTEXT(2) 
PARAMETRIC_REPRESENTATION_CONTEXT() REPRESENTATION_CONTEXT('2D SPACE',''
  ) );
#1545 = PCURVE('',#1546,#1551);
#1546 = CYLINDRICAL_SURFACE('',#1547,2.);
#1547 = AXIS2_PLACEMENT_3D('',#1548,#1549,#1550);
#1548 = CARTESIAN_POINT('',(-112.,530.,-270.));
#1549 = DIRECTION('',(-0.,-1.,-0.));
#1550 = DIRECTION('',(0.,0.,1.));
#1551 = DEFINITIONAL_REPRESENTATION('',(#1552),#1604);
#1552 = B_SPLINE_CURVE_WITH_KNOTS('',8,(#1553,#1554,#1555,#1556,#1557,
    #1558,#1559,#1560,#1561,#1562,#1563,#1564,#1565,#1566,#1567,#1568,
    #1569,#1570,#1571,#1572,#1573,#1574,#1575,#1576,#1577,#1578,#1579,
    #1580,#1581,#1582,#1583,#1584,#1585,#1586,#1587,#1588,#1589,#1590,
    #1591,#1592,#1593,#1594,#1595,#1596,#1597,#1598,#1599,#1600,#1601,
    #1602,#1603),.UNSPECIFIED.,.F.,.F.,(9,7,7,7,7,7,7,9),(0.,
    0.154164471479,0.28681455399,0.423216065669,0.578259302148,
    0.706185388494,0.827889919607,1.),.UNSPECIFIED.);
#1553 = CARTESIAN_POINT('',(0.,-29.79795897113));
#1554 = CARTESIAN_POINT('',(-0.104739945731,-29.79795897113));
#1555 = CARTESIAN_POINT('',(-0.209326289277,-29.80307726402));
#1556 = CARTESIAN_POINT('',(-0.31463243627,-29.81328868269));
#1557 = CARTESIAN_POINT('',(-0.421428453769,-29.82830909814));
#1558 = CARTESIAN_POINT('',(-0.530473257239,-29.84757261489));
#1559 = CARTESIAN_POINT('',(-0.642555479644,-29.87011115066));
#1560 = CARTESIAN_POINT('',(-0.758561104293,-29.89442153308));
#1561 = CARTESIAN_POINT('',(-0.983832813637,-29.93904191762));
#1562 = CARTESIAN_POINT('',(-1.095744963337,-29.96022207228));
#1563 = CARTESIAN_POINT('',(-1.212586816455,-29.97977992886));
#1564 = CARTESIAN_POINT('',(-1.332627460544,-29.99513523555));
#1565 = CARTESIAN_POINT('',(-1.45465014022,-30.00397972984));
#1566 = CARTESIAN_POINT('',(-1.577615237422,-30.00526568151));
#1567 = CARTESIAN_POINT('',(-1.700537927473,-29.99935240826));
#1568 = CARTESIAN_POINT('',(-1.947148075202,-29.97556189382));
#1569 = CARTESIAN_POINT('',(-2.066505600324,-29.95776098726));
#1570 = CARTESIAN_POINT('',(-2.181172721869,-29.93624400259));
#1571 = CARTESIAN_POINT('',(-2.291775168155,-29.91311923072));
#1572 = CARTESIAN_POINT('',(-2.398795832926,-29.89021040211));
#1573 = CARTESIAN_POINT('',(-2.5026188541,-29.86893129175));
#1574 = CARTESIAN_POINT('',(-2.60352703072,-29.85028822112));
#1575 = CARTESIAN_POINT('',(-2.813438962294,-29.81739718782));
#1576 = CARTESIAN_POINT('',(-2.923598181068,-29.80379545733));
#1577 = CARTESIAN_POINT('',(-3.03282363848,-29.79518208089));
#1578 = CARTESIAN_POINT('',(-3.14159265359,-29.79223447473));
#1579 = CARTESIAN_POINT('',(-3.2503616687,-29.79518208089));
#1580 = CARTESIAN_POINT('',(-3.359587126111,-29.80379545733));
#1581 = CARTESIAN_POINT('',(-3.469746344885,-29.81739718782));
#1582 = CARTESIAN_POINT('',(-3.673553884758,-29.84933172594));
#1583 = CARTESIAN_POINT('',(-3.767838606964,-29.86659606096));
#1584 = CARTESIAN_POINT('',(-3.864566301668,-29.88617672673));
#1585 = CARTESIAN_POINT('',(-3.964043901878,-29.90728362279));
#1586 = CARTESIAN_POINT('',(-4.066641969555,-29.92882695027));
#1587 = CARTESIAN_POINT('',(-4.172800442439,-29.94939609556));
#1588 = CARTESIAN_POINT('',(-4.283064698532,-29.96731903715));
#1589 = CARTESIAN_POINT('',(-4.507793797953,-29.99378812705));
#1590 = CARTESIAN_POINT('',(-4.620253335609,-30.00256667803));
#1591 = CARTESIAN_POINT('',(-4.733975400094,-30.00569237274));
#1592 = CARTESIAN_POINT('',(-4.847763023026,-30.00229509988));
#1593 = CARTESIAN_POINT('',(-4.960491109399,-29.99260838445));
#1594 = CARTESIAN_POINT('',(-5.070941740331,-29.9780674309));
#1595 = CARTESIAN_POINT('',(-5.177535190259,-29.9606754395));
#1596 = CARTESIAN_POINT('',(-5.419773464275,-29.91658478201));
#1597 = CARTESIAN_POINT('',(-5.5540986913,-29.88811710851));
#1598 = CARTESIAN_POINT('',(-5.682781087493,-29.86053776446));
#1599 = CARTESIAN_POINT('',(-5.807129954925,-29.83643728114));
#1600 = CARTESIAN_POINT('',(-5.928313334637,-29.81742067337));
#1601 = CARTESIAN_POINT('',(-6.047345827813,-29.80444725542));
#1602 = CARTESIAN_POINT('',(-6.165262140801,-29.79795897113));
#1603 = CARTESIAN_POINT('',(-6.28318530718,-29.79795897113));
#1604 = ( GEOMETRIC_REPRESENTATION_CONTEXT(2) 
PARAMETRIC_REPRESENTATION_CONTEXT() REPRESENTATION_CONTEXT('2D SPACE',''
  ) );
#1605 = FACE_BOUND('',#1606,.F.);
#1606 = EDGE_LOOP('',(#1607));
#1607 = ORIENTED_EDGE('',*,*,#1608,.F.);
#1608 = EDGE_CURVE('',#1609,#1609,#1611,.T.);
#1609 = VERTEX_POINT('',#1610);
#1610 = CARTESIAN_POINT('',(-112.,540.20204102886,-268.));
#1611 = SURFACE_CURVE('',#1612,(#1664,#1719),.PCURVE_S1.);
#1612 = B_SPLINE_CURVE_WITH_KNOTS('',8,(#1613,#1614,#1615,#1616,#1617,
    #1618,#1619,#1620,#1621,#1622,#1623,#1624,#1625,#1626,#1627,#1628,
    #1629,#1630,#1631,#1632,#1633,#1634,#1635,#1636,#1637,#1638,#1639,
    #1640,#1641,#1642,#1643,#1644,#1645,#1646,#1647,#1648,#1649,#1650,
    #1651,#1652,#1653,#1654,#1655,#1656,#1657,#1658,#1659,#1660,#1661,
    #1662,#1663),.UNSPECIFIED.,.T.,.F.,(9,7,7,7,7,7,7,9),(0.,
    0.154164471479,0.286814553989,0.423216065667,0.578259302147,
    0.706185388494,0.827889919607,1.),.UNSPECIFIED.);
#1613 = CARTESIAN_POINT('',(-112.,540.20204102886,-268.));
#1614 = CARTESIAN_POINT('',(-111.7905201085,540.20204102886,-268.));
#1615 = CARTESIAN_POINT('',(-111.5813467454,540.19692273597,
    -268.0250755704));
#1616 = CARTESIAN_POINT('',(-111.3742387369,540.1867113173,
    -268.0750967013));
#1617 = CARTESIAN_POINT('',(-111.1711062923,540.17169090185,
    -268.1505214893));
#1618 = CARTESIAN_POINT('',(-110.9743436089,540.1524273851,
    -268.2521811712));
#1619 = CARTESIAN_POINT('',(-110.7870484143,540.12988884933,
    -268.3811516155));
#1620 = CARTESIAN_POINT('',(-110.6133382764,540.10557846691,
    -268.538557077));
#1621 = CARTESIAN_POINT('',(-110.3261510929,540.06095808237,
    -268.8857067475));
#1622 = CARTESIAN_POINT('',(-110.2025971628,540.03977792771,
    -269.0739807491));
#1623 = CARTESIAN_POINT('',(-110.0990364265,540.02022007113,
    -269.2871217772));
#1624 = CARTESIAN_POINT('',(-110.0233930459,540.00486476443,
    -269.5199095665));
#1625 = CARTESIAN_POINT('',(-109.9808645016,539.99602027015,
    -269.7652928937));
#1626 = CARTESIAN_POINT('',(-109.9739489439,539.99473431848,
    -270.0153233935));
#1627 = CARTESIAN_POINT('',(-110.0023593542,540.00064759173,
    -270.2618478348));
#1628 = CARTESIAN_POINT('',(-110.1250182538,540.02443810617,
    -270.7395727077));
#1629 = CARTESIAN_POINT('',(-110.218988469,540.04223901273,
    -270.9619016901));
#1630 = CARTESIAN_POINT('',(-110.3382687654,540.06375599741,
    -271.1619070256));
#1631 = CARTESIAN_POINT('',(-110.4774433326,540.08688076927,
    -271.3384290093));
#1632 = CARTESIAN_POINT('',(-110.6318540001,540.10978959788,
    -271.4911052519));
#1633 = CARTESIAN_POINT('',(-110.7974387495,540.13106870824,
    -271.6201041144));
#1634 = CARTESIAN_POINT('',(-110.9706561995,540.14971177887,
    -271.7259947319));
#1635 = CARTESIAN_POINT('',(-111.3505241881,540.18260281217,
    -271.9047470389));
#1636 = CARTESIAN_POINT('',(-111.5620100673,540.19620454266,
    -271.9727643072));
#1637 = CARTESIAN_POINT('',(-111.7795288618,540.2048179191,
    -272.0136075899));
#1638 = CARTESIAN_POINT('',(-112.,540.20776552526,-272.0272270469));
#1639 = CARTESIAN_POINT('',(-112.2204711381,540.2048179191,
    -272.0136075899));
#1640 = CARTESIAN_POINT('',(-112.4379899326,540.19620454266,
    -271.9727643072));
#1641 = CARTESIAN_POINT('',(-112.6494758118,540.18260281217,
    -271.9047470389));
#1642 = CARTESIAN_POINT('',(-113.0182969629,540.15066827405,
    -271.731192979));
#1643 = CARTESIAN_POINT('',(-113.1806586507,540.13340393903,
    -271.633346273));
#1644 = CARTESIAN_POINT('',(-113.3363438445,540.11382327326,
    -271.5154449387));
#1645 = CARTESIAN_POINT('',(-113.4826484064,540.0927163772,
    -271.3769657731));
#1646 = CARTESIAN_POINT('',(-113.6164149546,540.07117304972,
    -271.2176179747));
#1647 = CARTESIAN_POINT('',(-113.7339594027,540.05060390443,
    -271.0374573596));
#1648 = CARTESIAN_POINT('',(-113.830937138,540.03268096285,
    -270.8370908675));
#1649 = CARTESIAN_POINT('',(-113.9698273597,540.00621187294,
    -270.4096307187));
#1650 = CARTESIAN_POINT('',(-114.0132355039,539.99743332196,
    -270.1872414368));
#1651 = CARTESIAN_POINT('',(-114.0276776624,539.99430762726,
    -269.9569970117));
#1652 = CARTESIAN_POINT('',(-114.0112373407,539.99770490011,
    -269.7259556437));
#1653 = CARTESIAN_POINT('',(-113.964601888,540.00739161554,
    -269.5013856733));
#1654 = CARTESIAN_POINT('',(-113.8909869218,540.02193256909,
    -269.2901170347));
#1655 = CARTESIAN_POINT('',(-113.7961860735,540.03932456049,
    -269.097786928));
#1656 = CARTESIAN_POINT('',(-113.5365905575,540.08341521798,
    -268.6887298492));
#1657 = CARTESIAN_POINT('',(-113.3537830225,540.11188289148,
    -268.4865614383));
#1658 = CARTESIAN_POINT('',(-113.1500811058,540.13946223553,
    -268.3213246017));
#1659 = CARTESIAN_POINT('',(-112.9321140809,540.16356271885,
    -268.1914394468));
#1660 = CARTESIAN_POINT('',(-112.7047502042,540.18257932662,
    -268.0953469847));
#1661 = CARTESIAN_POINT('',(-112.471678123,540.19555274458,
    -268.031785047));
#1662 = CARTESIAN_POINT('',(-112.2358463327,540.20204102886,-268.));
#1663 = CARTESIAN_POINT('',(-112.,540.20204102886,-268.));
#1664 = PCURVE('',#1365,#1665);
#1665 = DEFINITIONAL_REPRESENTATION('',(#1666),#1718);
#1666 = B_SPLINE_CURVE_WITH_KNOTS('',8,(#1667,#1668,#1669,#1670,#1671,
    #1672,#1673,#1674,#1675,#1676,#1677,#1678,#1679,#1680,#1681,#1682,
    #1683,#1684,#1685,#1686,#1687,#1688,#1689,#1690,#1691,#1692,#1693,
    #1694,#1695,#1696,#1697,#1698,#1699,#1700,#1701,#1702,#1703,#1704,
    #1705,#1706,#1707,#1708,#1709,#1710,#1711,#1712,#1713,#1714,#1715,
    #1716,#1717),.UNSPECIFIED.,.T.,.F.,(9,7,7,7,7,7,7,9),(0.,
    0.154164471479,0.286814553989,0.423216065667,0.578259302147,
    0.706185388494,0.827889919607,1.),.UNSPECIFIED.);
#1667 = CARTESIAN_POINT('',(-1.369438406005,-123.));
#1668 = CARTESIAN_POINT('',(-1.369438406005,-123.2094798914));
#1669 = CARTESIAN_POINT('',(-1.371997668267,-123.4186532545));
#1670 = CARTESIAN_POINT('',(-1.377102940088,-123.625761263));
#1671 = CARTESIAN_POINT('',(-1.384793437175,-123.8288937076));
#1672 = CARTESIAN_POINT('',(-1.395139319116,-124.025656391));
#1673 = CARTESIAN_POINT('',(-1.408228630473,-124.2129515856));
#1674 = CARTESIAN_POINT('',(-1.424150658298,-124.3866617235));
#1675 = CARTESIAN_POINT('',(-1.459151211505,-124.673848907));
#1676 = CARTESIAN_POINT('',(-1.478094993743,-124.7974028371));
#1677 = CARTESIAN_POINT('',(-1.499491042766,-124.9009635734));
#1678 = CARTESIAN_POINT('',(-1.522804104305,-124.976606954));
#1679 = CARTESIAN_POINT('',(-1.547335340151,-125.0191354983));
#1680 = CARTESIAN_POINT('',(-1.572321124429,-125.026051056));
#1681 = CARTESIAN_POINT('',(-1.596972452764,-124.9976406457));
#1682 = CARTESIAN_POINT('',(-1.644804141295,-124.8749817461));
#1683 = CARTESIAN_POINT('',(-1.667098035864,-124.7810115309));
#1684 = CARTESIAN_POINT('',(-1.687202670666,-124.6617312345));
#1685 = CARTESIAN_POINT('',(-1.70499829364,-124.5225566673));
#1686 = CARTESIAN_POINT('',(-1.72043347901,-124.3681459998));
#1687 = CARTESIAN_POINT('',(-1.733506293222,-124.2025612504));
#1688 = CARTESIAN_POINT('',(-1.744257924837,-124.0293438004));
#1689 = CARTESIAN_POINT('',(-1.762433239784,-123.6494758118));
#1690 = CARTESIAN_POINT('',(-1.769368807253,-123.4379899326));
#1691 = CARTESIAN_POINT('',(-1.77354296522,-123.2204711381));
#1692 = CARTESIAN_POINT('',(-1.774936601727,-123.));
#1693 = CARTESIAN_POINT('',(-1.77354296522,-122.7795288618));
#1694 = CARTESIAN_POINT('',(-1.769368807253,-122.5620100673));
#1695 = CARTESIAN_POINT('',(-1.762433239784,-122.3505241881));
#1696 = CARTESIAN_POINT('',(-1.74478647622,-121.981703037));
#1697 = CARTESIAN_POINT('',(-1.73485091575,-121.8193413492));
#1698 = CARTESIAN_POINT('',(-1.722900389188,-121.6636561554));
#1699 = CARTESIAN_POINT('',(-1.708895129441,-121.5173515935));
#1700 = CARTESIAN_POINT('',(-1.692820803948,-121.3835850453));
#1701 = CARTESIAN_POINT('',(-1.674695883472,-121.2660405972));
#1702 = CARTESIAN_POINT('',(-1.654586782365,-121.1690628619));
#1703 = CARTESIAN_POINT('',(-1.611758895242,-121.0301726402));
#1704 = CARTESIAN_POINT('',(-1.589508239509,-120.986764496));
#1705 = CARTESIAN_POINT('',(-1.566494539133,-120.9723223375));
#1706 = CARTESIAN_POINT('',(-1.543406562747,-120.9887626592));
#1707 = CARTESIAN_POINT('',(-1.520944234006,-121.0353981119));
#1708 = CARTESIAN_POINT('',(-1.499775594445,-121.1090130781));
#1709 = CARTESIAN_POINT('',(-1.480466972732,-121.2038139264));
#1710 = CARTESIAN_POINT('',(-1.43932433308,-121.4634094424));
#1711 = CARTESIAN_POINT('',(-1.418918849244,-121.6462169774));
#1712 = CARTESIAN_POINT('',(-1.402173387291,-121.8499188941));
#1713 = CARTESIAN_POINT('',(-1.388965045264,-122.067885919));
#1714 = CARTESIAN_POINT('',(-1.379169733235,-122.2952497957));
#1715 = CARTESIAN_POINT('',(-1.37268245019,-122.5283218769));
#1716 = CARTESIAN_POINT('',(-1.369438406005,-122.7641536672));
#1717 = CARTESIAN_POINT('',(-1.369438406005,-123.));
#1718 = ( GEOMETRIC_REPRESENTATION_CONTEXT(2) 
PARAMETRIC_REPRESENTATION_CONTEXT() REPRESENTATION_CONTEXT('2D SPACE',''
  ) );
#1719 = PCURVE('',#1546,#1720);
#1720 = DEFINITIONAL_REPRESENTATION('',(#1721),#1773);
#1721 = B_SPLINE_CURVE_WITH_KNOTS('',8,(#1722,#1723,#1724,#1725,#1726,
    #1727,#1728,#1729,#1730,#1731,#1732,#1733,#1734,#1735,#1736,#1737,
    #1738,#1739,#1740,#1741,#1742,#1743,#1744,#1745,#1746,#1747,#1748,
    #1749,#1750,#1751,#1752,#1753,#1754,#1755,#1756,#1757,#1758,#1759,
    #1760,#1761,#1762,#1763,#1764,#1765,#1766,#1767,#1768,#1769,#1770,
    #1771,#1772),.UNSPECIFIED.,.F.,.F.,(9,7,7,7,7,7,7,9),(0.,
    0.154164471479,0.286814553989,0.423216065667,0.578259302147,
    0.706185388494,0.827889919607,1.),.UNSPECIFIED.);
#1722 = CARTESIAN_POINT('',(0.,-10.20204102886));
#1723 = CARTESIAN_POINT('',(-0.104739945731,-10.20204102886));
#1724 = CARTESIAN_POINT('',(-0.209326289277,-10.19692273597));
#1725 = CARTESIAN_POINT('',(-0.31463243627,-10.1867113173));
#1726 = CARTESIAN_POINT('',(-0.421428453769,-10.17169090185));
#1727 = CARTESIAN_POINT('',(-0.530473257239,-10.1524273851));
#1728 = CARTESIAN_POINT('',(-0.642555479645,-10.12988884933));
#1729 = CARTESIAN_POINT('',(-0.758561104293,-10.10557846691));
#1730 = CARTESIAN_POINT('',(-0.983832813637,-10.06095808237));
#1731 = CARTESIAN_POINT('',(-1.095744963337,-10.03977792771));
#1732 = CARTESIAN_POINT('',(-1.212586816455,-10.02022007113));
#1733 = CARTESIAN_POINT('',(-1.332627460544,-10.00486476444));
#1734 = CARTESIAN_POINT('',(-1.45465014022,-9.996020270154));
#1735 = CARTESIAN_POINT('',(-1.577615237422,-9.994734318489));
#1736 = CARTESIAN_POINT('',(-1.700537927473,-10.00064759173));
#1737 = CARTESIAN_POINT('',(-1.947148075202,-10.02443810617));
#1738 = CARTESIAN_POINT('',(-2.066505600324,-10.04223901273));
#1739 = CARTESIAN_POINT('',(-2.181172721869,-10.06375599741));
#1740 = CARTESIAN_POINT('',(-2.291775168155,-10.08688076927));
#1741 = CARTESIAN_POINT('',(-2.398795832926,-10.10978959788));
#1742 = CARTESIAN_POINT('',(-2.502618854101,-10.13106870824));
#1743 = CARTESIAN_POINT('',(-2.60352703072,-10.14971177887));
#1744 = CARTESIAN_POINT('',(-2.813438962296,-10.18260281217));
#1745 = CARTESIAN_POINT('',(-2.92359818107,-10.19620454266));
#1746 = CARTESIAN_POINT('',(-3.032823638481,-10.2048179191));
#1747 = CARTESIAN_POINT('',(-3.14159265359,-10.20776552526));
#1748 = CARTESIAN_POINT('',(-3.250361668698,-10.2048179191));
#1749 = CARTESIAN_POINT('',(-3.35958712611,-10.19620454266));
#1750 = CARTESIAN_POINT('',(-3.469746344884,-10.18260281217));
#1751 = CARTESIAN_POINT('',(-3.673553884758,-10.15066827405));
#1752 = CARTESIAN_POINT('',(-3.767838606964,-10.13340393903));
#1753 = CARTESIAN_POINT('',(-3.864566301668,-10.11382327326));
#1754 = CARTESIAN_POINT('',(-3.964043901878,-10.0927163772));
#1755 = CARTESIAN_POINT('',(-4.066641969556,-10.07117304972));
#1756 = CARTESIAN_POINT('',(-4.172800442439,-10.05060390443));
#1757 = CARTESIAN_POINT('',(-4.283064698532,-10.03268096285));
#1758 = CARTESIAN_POINT('',(-4.507793797953,-10.00621187294));
#1759 = CARTESIAN_POINT('',(-4.620253335608,-9.997433321965));
#1760 = CARTESIAN_POINT('',(-4.733975400096,-9.99430762726));
#1761 = CARTESIAN_POINT('',(-4.847763023025,-9.997704900112));
#1762 = CARTESIAN_POINT('',(-4.9604911094,-10.00739161554));
#1763 = CARTESIAN_POINT('',(-5.070941740331,-10.02193256909));
#1764 = CARTESIAN_POINT('',(-5.177535190259,-10.03932456049));
#1765 = CARTESIAN_POINT('',(-5.419773464275,-10.08341521798));
#1766 = CARTESIAN_POINT('',(-5.554098691299,-10.11188289148));
#1767 = CARTESIAN_POINT('',(-5.682781087496,-10.13946223553));
#1768 = CARTESIAN_POINT('',(-5.807129954921,-10.16356271885));
#1769 = CARTESIAN_POINT('',(-5.928313334641,-10.18257932662));
#1770 = CARTESIAN_POINT('',(-6.047345827812,-10.19555274458));
#1771 = CARTESIAN_POINT('',(-6.165262140801,-10.20204102886));
#1772 = CARTESIAN_POINT('',(-6.28318530718,-10.20204102886));
#1773 = ( GEOMETRIC_REPRESENTATION_CONTEXT(2) 
PARAMETRIC_REPRESENTATION_CONTEXT() REPRESENTATION_CONTEXT('2D SPACE',''
  ) );
#1774 = ADVANCED_FACE('',(#1775),#1419,.T.);
#1775 = FACE_BOUND('',#1776,.T.);
#1776 = EDGE_LOOP('',(#1777));
#1777 = ORIENTED_EDGE('',*,*,#1404,.T.);
#1778 = ADVANCED_FACE('',(#1779),#1546,.F.);
#1779 = FACE_BOUND('',#1780,.T.);
#1780 = EDGE_LOOP('',(#1781,#1782,#1803,#1804));
#1781 = ORIENTED_EDGE('',*,*,#1608,.F.);
#1782 = ORIENTED_EDGE('',*,*,#1783,.T.);
#1783 = EDGE_CURVE('',#1609,#1435,#1784,.T.);
#1784 = SEAM_CURVE('',#1785,(#1789,#1796),.PCURVE_S1.);
#1785 = LINE('',#1786,#1787);
#1786 = CARTESIAN_POINT('',(-112.,530.,-268.));
#1787 = VECTOR('',#1788,1.);
#1788 = DIRECTION('',(0.,1.,0.));
#1789 = PCURVE('',#1546,#1790);
#1790 = DEFINITIONAL_REPRESENTATION('',(#1791),#1795);
#1791 = LINE('',#1792,#1793);
#1792 = CARTESIAN_POINT('',(-6.28318530718,0.));
#1793 = VECTOR('',#1794,1.);
#1794 = DIRECTION('',(-0.,-1.));
#1795 = ( GEOMETRIC_REPRESENTATION_CONTEXT(2) 
PARAMETRIC_REPRESENTATION_CONTEXT() REPRESENTATION_CONTEXT('2D SPACE',''
  ) );
#1796 = PCURVE('',#1546,#1797);
#1797 = DEFINITIONAL_REPRESENTATION('',(#1798),#1802);
#1798 = LINE('',#1799,#1800);
#1799 = CARTESIAN_POINT('',(-0.,0.));
#1800 = VECTOR('',#1801,1.);
#1801 = DIRECTION('',(-0.,-1.));
#1802 = ( GEOMETRIC_REPRESENTATION_CONTEXT(2) 
PARAMETRIC_REPRESENTATION_CONTEXT() REPRESENTATION_CONTEXT('2D SPACE',''
  ) );
#1803 = ORIENTED_EDGE('',*,*,#1434,.T.);
#1804 = ORIENTED_EDGE('',*,*,#1783,.F.);
#1805 = ( GEOMETRIC_REPRESENTATION_CONTEXT(3) 
GLOBAL_UNCERTAINTY_ASSIGNED_CONTEXT((#1809)) 
GLOBAL_UNIT_ASSIGNED_CONTEXT((#1806,#1807,#1808)) REPRESENTATION_CONTEXT
('Context #1','3D Context with UNIT and UNCERTAINTY') );
#1806 = ( LENGTH_UNIT() NAMED_UNIT(*) SI_UNIT(.MILLI.,.METRE.) );
#1807 = ( NAMED_UNIT(*) PLANE_ANGLE_UNIT() SI_UNIT($,.RADIAN.) );
#1808 = ( NAMED_UNIT(*) SI_UNIT($,.STERADIAN.) SOLID_ANGLE_UNIT() );
#1809 = UNCERTAINTY_MEASURE_WITH_UNIT(LENGTH_MEASURE(1.E-07),#1806,
  'distance_accuracy_value','confusion accuracy');
#1810 = CONTEXT_DEPENDENT_SHAPE_REPRESENTATION(#1811,#1813);
#1811 = ( REPRESENTATION_RELATIONSHIP('','',#1246,#10) 
REPRESENTATION_RELATIONSHIP_WITH_TRANSFORMATION(#1812) 
SHAPE_REPRESENTATION_RELATIONSHIP() );
#1812 = ITEM_DEFINED_TRANSFORMATION('','',#11,#23);
#1813 = PRODUCT_DEFINITION_SHAPE('Placement','Placement of an item',
  #1814);
#1814 = NEXT_ASSEMBLY_USAGE_OCCURRENCE('3',
  'original_hinge_pin_-170_-270','',#5,#1241,$);
#1815 = PRODUCT_RELATED_PRODUCT_CATEGORY('part',$,(#1243));
#1816 = SHAPE_DEFINITION_REPRESENTATION(#1817,#1823);
#1817 = PRODUCT_DEFINITION_SHAPE('','',#1818);
#1818 = PRODUCT_DEFINITION('design','',#1819,#1822);
#1819 = PRODUCT_DEFINITION_FORMATION('','',#1820);
#1820 = PRODUCT('original_hinge_pin_170_-270',
  'original_hinge_pin_170_-270','',(#1821));
#1821 = PRODUCT_CONTEXT('',#2,'mechanical');
#1822 = PRODUCT_DEFINITION_CONTEXT('part definition',#2,'design');
#1823 = ADVANCED_BREP_SHAPE_REPRESENTATION('',(#11,#1824),#2382);
#1824 = MANIFOLD_SOLID_BREP('',#1825);
#1825 = CLOSED_SHELL('',(#1826,#1914,#1918,#1953,#2351,#2355));
#1826 = ADVANCED_FACE('',(#1827),#1841,.T.);
#1827 = FACE_BOUND('',#1828,.F.);
#1828 = EDGE_LOOP('',(#1829,#1859,#1886,#1887));
#1829 = ORIENTED_EDGE('',*,*,#1830,.T.);
#1830 = EDGE_CURVE('',#1831,#1833,#1835,.T.);
#1831 = VERTEX_POINT('',#1832);
#1832 = CARTESIAN_POINT('',(99.,550.,-254.));
#1833 = VERTEX_POINT('',#1834);
#1834 = CARTESIAN_POINT('',(105.,550.,-254.));
#1835 = SEAM_CURVE('',#1836,(#1840,#1852),.PCURVE_S1.);
#1836 = LINE('',#1837,#1838);
#1837 = CARTESIAN_POINT('',(99.,550.,-254.));
#1838 = VECTOR('',#1839,1.);
#1839 = DIRECTION('',(1.,0.,0.));
#1840 = PCURVE('',#1841,#1846);
#1841 = CYLINDRICAL_SURFACE('',#1842,16.);
#1842 = AXIS2_PLACEMENT_3D('',#1843,#1844,#1845);
#1843 = CARTESIAN_POINT('',(99.,550.,-270.));
#1844 = DIRECTION('',(-1.,-0.,0.));
#1845 = DIRECTION('',(0.,0.,1.));
#1846 = DEFINITIONAL_REPRESENTATION('',(#1847),#1851);
#1847 = LINE('',#1848,#1849);
#1848 = CARTESIAN_POINT('',(-0.,0.));
#1849 = VECTOR('',#1850,1.);
#1850 = DIRECTION('',(-0.,-1.));
#1851 = ( GEOMETRIC_REPRESENTATION_CONTEXT(2) 
PARAMETRIC_REPRESENTATION_CONTEXT() REPRESENTATION_CONTEXT('2D SPACE',''
  ) );
#1852 = PCURVE('',#1841,#1853);
#1853 = DEFINITIONAL_REPRESENTATION('',(#1854),#1858);
#1854 = LINE('',#1855,#1856);
#1855 = CARTESIAN_POINT('',(-6.28318530718,0.));
#1856 = VECTOR('',#1857,1.);
#1857 = DIRECTION('',(-0.,-1.));
#1858 = ( GEOMETRIC_REPRESENTATION_CONTEXT(2) 
PARAMETRIC_REPRESENTATION_CONTEXT() REPRESENTATION_CONTEXT('2D SPACE',''
  ) );
#1859 = ORIENTED_EDGE('',*,*,#1860,.T.);
#1860 = EDGE_CURVE('',#1833,#1833,#1861,.T.);
#1861 = SURFACE_CURVE('',#1862,(#1867,#1874),.PCURVE_S1.);
#1862 = CIRCLE('',#1863,16.);
#1863 = AXIS2_PLACEMENT_3D('',#1864,#1865,#1866);
#1864 = CARTESIAN_POINT('',(105.,550.,-270.));
#1865 = DIRECTION('',(1.,0.,-0.));
#1866 = DIRECTION('',(0.,0.,1.));
#1867 = PCURVE('',#1841,#1868);
#1868 = DEFINITIONAL_REPRESENTATION('',(#1869),#1873);
#1869 = LINE('',#1870,#1871);
#1870 = CARTESIAN_POINT('',(-0.,-6.));
#1871 = VECTOR('',#1872,1.);
#1872 = DIRECTION('',(-1.,0.));
#1873 = ( GEOMETRIC_REPRESENTATION_CONTEXT(2) 
PARAMETRIC_REPRESENTATION_CONTEXT() REPRESENTATION_CONTEXT('2D SPACE',''
  ) );
#1874 = PCURVE('',#1875,#1880);
#1875 = PLANE('',#1876);
#1876 = AXIS2_PLACEMENT_3D('',#1877,#1878,#1879);
#1877 = CARTESIAN_POINT('',(105.,550.,-270.));
#1878 = DIRECTION('',(1.,0.,0.));
#1879 = DIRECTION('',(-0.,0.,1.));
#1880 = DEFINITIONAL_REPRESENTATION('',(#1881),#1885);
#1881 = CIRCLE('',#1882,16.);
#1882 = AXIS2_PLACEMENT_2D('',#1883,#1884);
#1883 = CARTESIAN_POINT('',(0.,0.));
#1884 = DIRECTION('',(1.,0.));
#1885 = ( GEOMETRIC_REPRESENTATION_CONTEXT(2) 
PARAMETRIC_REPRESENTATION_CONTEXT() REPRESENTATION_CONTEXT('2D SPACE',''
  ) );
#1886 = ORIENTED_EDGE('',*,*,#1830,.F.);
#1887 = ORIENTED_EDGE('',*,*,#1888,.F.);
#1888 = EDGE_CURVE('',#1831,#1831,#1889,.T.);
#1889 = SURFACE_CURVE('',#1890,(#1895,#1902),.PCURVE_S1.);
#1890 = CIRCLE('',#1891,16.);
#1891 = AXIS2_PLACEMENT_3D('',#1892,#1893,#1894);
#1892 = CARTESIAN_POINT('',(99.,550.,-270.));
#1893 = DIRECTION('',(1.,0.,-0.));
#1894 = DIRECTION('',(0.,0.,1.));
#1895 = PCURVE('',#1841,#1896);
#1896 = DEFINITIONAL_REPRESENTATION('',(#1897),#1901);
#1897 = LINE('',#1898,#1899);
#1898 = CARTESIAN_POINT('',(-0.,0.));
#1899 = VECTOR('',#1900,1.);
#1900 = DIRECTION('',(-1.,0.));
#1901 = ( GEOMETRIC_REPRESENTATION_CONTEXT(2) 
PARAMETRIC_REPRESENTATION_CONTEXT() REPRESENTATION_CONTEXT('2D SPACE',''
  ) );
#1902 = PCURVE('',#1903,#1908);
#1903 = PLANE('',#1904);
#1904 = AXIS2_PLACEMENT_3D('',#1905,#1906,#1907);
#1905 = CARTESIAN_POINT('',(99.,550.,-270.));
#1906 = DIRECTION('',(1.,0.,0.));
#1907 = DIRECTION('',(-0.,0.,1.));
#1908 = DEFINITIONAL_REPRESENTATION('',(#1909),#1913);
#1909 = CIRCLE('',#1910,16.);
#1910 = AXIS2_PLACEMENT_2D('',#1911,#1912);
#1911 = CARTESIAN_POINT('',(0.,0.));
#1912 = DIRECTION('',(1.,0.));
#1913 = ( GEOMETRIC_REPRESENTATION_CONTEXT(2) 
PARAMETRIC_REPRESENTATION_CONTEXT() REPRESENTATION_CONTEXT('2D SPACE',''
  ) );
#1914 = ADVANCED_FACE('',(#1915),#1903,.F.);
#1915 = FACE_BOUND('',#1916,.F.);
#1916 = EDGE_LOOP('',(#1917));
#1917 = ORIENTED_EDGE('',*,*,#1888,.T.);
#1918 = ADVANCED_FACE('',(#1919,#1922),#1875,.T.);
#1919 = FACE_BOUND('',#1920,.T.);
#1920 = EDGE_LOOP('',(#1921));
#1921 = ORIENTED_EDGE('',*,*,#1860,.T.);
#1922 = FACE_BOUND('',#1923,.T.);
#1923 = EDGE_LOOP('',(#1924));
#1924 = ORIENTED_EDGE('',*,*,#1925,.F.);
#1925 = EDGE_CURVE('',#1926,#1926,#1928,.T.);
#1926 = VERTEX_POINT('',#1927);
#1927 = CARTESIAN_POINT('',(105.,550.,-260.));
#1928 = SURFACE_CURVE('',#1929,(#1934,#1941),.PCURVE_S1.);
#1929 = CIRCLE('',#1930,10.);
#1930 = AXIS2_PLACEMENT_3D('',#1931,#1932,#1933);
#1931 = CARTESIAN_POINT('',(105.,550.,-270.));
#1932 = DIRECTION('',(1.,0.,-0.));
#1933 = DIRECTION('',(0.,0.,1.));
#1934 = PCURVE('',#1875,#1935);
#1935 = DEFINITIONAL_REPRESENTATION('',(#1936),#1940);
#1936 = CIRCLE('',#1937,10.);
#1937 = AXIS2_PLACEMENT_2D('',#1938,#1939);
#1938 = CARTESIAN_POINT('',(0.,0.));
#1939 = DIRECTION('',(1.,0.));
#1940 = ( GEOMETRIC_REPRESENTATION_CONTEXT(2) 
PARAMETRIC_REPRESENTATION_CONTEXT() REPRESENTATION_CONTEXT('2D SPACE',''
  ) );
#1941 = PCURVE('',#1942,#1947);
#1942 = CYLINDRICAL_SURFACE('',#1943,10.);
#1943 = AXIS2_PLACEMENT_3D('',#1944,#1945,#1946);
#1944 = CARTESIAN_POINT('',(105.,550.,-270.));
#1945 = DIRECTION('',(-1.,-0.,0.));
#1946 = DIRECTION('',(0.,0.,1.));
#1947 = DEFINITIONAL_REPRESENTATION('',(#1948),#1952);
#1948 = LINE('',#1949,#1950);
#1949 = CARTESIAN_POINT('',(-0.,0.));
#1950 = VECTOR('',#1951,1.);
#1951 = DIRECTION('',(-1.,0.));
#1952 = ( GEOMETRIC_REPRESENTATION_CONTEXT(2) 
PARAMETRIC_REPRESENTATION_CONTEXT() REPRESENTATION_CONTEXT('2D SPACE',''
  ) );
#1953 = ADVANCED_FACE('',(#1954,#2008,#2182),#1942,.T.);
#1954 = FACE_BOUND('',#1955,.F.);
#1955 = EDGE_LOOP('',(#1956,#1957,#1980,#2007));
#1956 = ORIENTED_EDGE('',*,*,#1925,.F.);
#1957 = ORIENTED_EDGE('',*,*,#1958,.T.);
#1958 = EDGE_CURVE('',#1926,#1959,#1961,.T.);
#1959 = VERTEX_POINT('',#1960);
#1960 = CARTESIAN_POINT('',(235.,550.,-260.));
#1961 = SEAM_CURVE('',#1962,(#1966,#1973),.PCURVE_S1.);
#1962 = LINE('',#1963,#1964);
#1963 = CARTESIAN_POINT('',(105.,550.,-260.));
#1964 = VECTOR('',#1965,1.);
#1965 = DIRECTION('',(1.,0.,0.));
#1966 = PCURVE('',#1942,#1967);
#1967 = DEFINITIONAL_REPRESENTATION('',(#1968),#1972);
#1968 = LINE('',#1969,#1970);
#1969 = CARTESIAN_POINT('',(-6.28318530718,0.));
#1970 = VECTOR('',#1971,1.);
#1971 = DIRECTION('',(-0.,-1.));
#1972 = ( GEOMETRIC_REPRESENTATION_CONTEXT(2) 
PARAMETRIC_REPRESENTATION_CONTEXT() REPRESENTATION_CONTEXT('2D SPACE',''
  ) );
#1973 = PCURVE('',#1942,#1974);
#1974 = DEFINITIONAL_REPRESENTATION('',(#1975),#1979);
#1975 = LINE('',#1976,#1977);
#1976 = CARTESIAN_POINT('',(-0.,0.));
#1977 = VECTOR('',#1978,1.);
#1978 = DIRECTION('',(-0.,-1.));
#1979 = ( GEOMETRIC_REPRESENTATION_CONTEXT(2) 
PARAMETRIC_REPRESENTATION_CONTEXT() REPRESENTATION_CONTEXT('2D SPACE',''
  ) );
#1980 = ORIENTED_EDGE('',*,*,#1981,.T.);
#1981 = EDGE_CURVE('',#1959,#1959,#1982,.T.);
#1982 = SURFACE_CURVE('',#1983,(#1988,#1995),.PCURVE_S1.);
#1983 = CIRCLE('',#1984,10.);
#1984 = AXIS2_PLACEMENT_3D('',#1985,#1986,#1987);
#1985 = CARTESIAN_POINT('',(235.,550.,-270.));
#1986 = DIRECTION('',(1.,0.,-0.));
#1987 = DIRECTION('',(0.,0.,1.));
#1988 = PCURVE('',#1942,#1989);
#1989 = DEFINITIONAL_REPRESENTATION('',(#1990),#1994);
#1990 = LINE('',#1991,#1992);
#1991 = CARTESIAN_POINT('',(-0.,-130.));
#1992 = VECTOR('',#1993,1.);
#1993 = DIRECTION('',(-1.,0.));
#1994 = ( GEOMETRIC_REPRESENTATION_CONTEXT(2) 
PARAMETRIC_REPRESENTATION_CONTEXT() REPRESENTATION_CONTEXT('2D SPACE',''
  ) );
#1995 = PCURVE('',#1996,#2001);
#1996 = PLANE('',#1997);
#1997 = AXIS2_PLACEMENT_3D('',#1998,#1999,#2000);
#1998 = CARTESIAN_POINT('',(235.,550.,-270.));
#1999 = DIRECTION('',(1.,0.,0.));
#2000 = DIRECTION('',(-0.,0.,1.));
#2001 = DEFINITIONAL_REPRESENTATION('',(#2002),#2006);
#2002 = CIRCLE('',#2003,10.);
#2003 = AXIS2_PLACEMENT_2D('',#2004,#2005);
#2004 = CARTESIAN_POINT('',(0.,0.));
#2005 = DIRECTION('',(1.,0.));
#2006 = ( GEOMETRIC_REPRESENTATION_CONTEXT(2) 
PARAMETRIC_REPRESENTATION_CONTEXT() REPRESENTATION_CONTEXT('2D SPACE',''
  ) );
#2007 = ORIENTED_EDGE('',*,*,#1958,.F.);
#2008 = FACE_BOUND('',#2009,.F.);
#2009 = EDGE_LOOP('',(#2010));
#2010 = ORIENTED_EDGE('',*,*,#2011,.F.);
#2011 = EDGE_CURVE('',#2012,#2012,#2014,.T.);
#2012 = VERTEX_POINT('',#2013);
#2013 = CARTESIAN_POINT('',(228.,540.20204102886,-268.));
#2014 = SURFACE_CURVE('',#2015,(#2067,#2122),.PCURVE_S1.);
#2015 = B_SPLINE_CURVE_WITH_KNOTS('',8,(#2016,#2017,#2018,#2019,#2020,
    #2021,#2022,#2023,#2024,#2025,#2026,#2027,#2028,#2029,#2030,#2031,
    #2032,#2033,#2034,#2035,#2036,#2037,#2038,#2039,#2040,#2041,#2042,
    #2043,#2044,#2045,#2046,#2047,#2048,#2049,#2050,#2051,#2052,#2053,
    #2054,#2055,#2056,#2057,#2058,#2059,#2060,#2061,#2062,#2063,#2064,
    #2065,#2066),.UNSPECIFIED.,.T.,.F.,(9,7,7,7,7,7,7,9),(0.,
    0.154164471479,0.28681455399,0.423216065668,0.578259302148,
    0.706185388494,0.827889919607,1.),.UNSPECIFIED.);
#2016 = CARTESIAN_POINT('',(228.,540.20204102886,-268.));
#2017 = CARTESIAN_POINT('',(228.20947989146,540.20204102886,-268.));
#2018 = CARTESIAN_POINT('',(228.41865325455,540.19692273597,
    -268.0250755704));
#2019 = CARTESIAN_POINT('',(228.62576126304,540.1867113173,
    -268.0750967013));
#2020 = CARTESIAN_POINT('',(228.82889370769,540.17169090185,
    -268.1505214893));
#2021 = CARTESIAN_POINT('',(229.02565639103,540.1524273851,
    -268.2521811712));
#2022 = CARTESIAN_POINT('',(229.2129515856,540.12988884933,
    -268.3811516155));
#2023 = CARTESIAN_POINT('',(229.38666172357,540.10557846691,
    -268.538557077));
#2024 = CARTESIAN_POINT('',(229.67384890706,540.06095808237,
    -268.8857067475));
#2025 = CARTESIAN_POINT('',(229.79740283712,540.03977792771,
    -269.0739807491));
#2026 = CARTESIAN_POINT('',(229.90096357342,540.02022007113,
    -269.2871217772));
#2027 = CARTESIAN_POINT('',(229.97660695402,540.00486476443,
    -269.5199095665));
#2028 = CARTESIAN_POINT('',(230.01913549836,539.99602027015,
    -269.7652928937));
#2029 = CARTESIAN_POINT('',(230.02605105608,539.99473431848,
    -270.0153233935));
#2030 = CARTESIAN_POINT('',(229.99764064579,540.00064759173,
    -270.2618478348));
#2031 = CARTESIAN_POINT('',(229.87498174617,540.02443810617,
    -270.7395727077));
#2032 = CARTESIAN_POINT('',(229.78101153098,540.04223901273,
    -270.9619016901));
#2033 = CARTESIAN_POINT('',(229.66173123452,540.06375599741,
    -271.1619070256));
#2034 = CARTESIAN_POINT('',(229.52255666733,540.08688076927,
    -271.3384290093));
#2035 = CARTESIAN_POINT('',(229.36814599984,540.10978959788,
    -271.4911052519));
#2036 = CARTESIAN_POINT('',(229.2025612504,540.13106870824,
    -271.6201041144));
#2037 = CARTESIAN_POINT('',(229.02934380045,540.14971177887,
    -271.7259947319));
#2038 = CARTESIAN_POINT('',(228.6494758118,540.18260281217,
    -271.9047470389));
#2039 = CARTESIAN_POINT('',(228.43798993261,540.19620454266,
    -271.9727643072));
#2040 = CARTESIAN_POINT('',(228.22047113815,540.2048179191,
    -272.0136075899));
#2041 = CARTESIAN_POINT('',(227.99999999999,540.20776552526,
    -272.0272270469));
#2042 = CARTESIAN_POINT('',(227.77952886184,540.2048179191,
    -272.0136075899));
#2043 = CARTESIAN_POINT('',(227.56201006739,540.19620454266,
    -271.9727643072));
#2044 = CARTESIAN_POINT('',(227.35052418819,540.18260281217,
    -271.9047470389));
#2045 = CARTESIAN_POINT('',(226.98170303704,540.15066827405,
    -271.731192979));
#2046 = CARTESIAN_POINT('',(226.81934134921,540.13340393903,
    -271.633346273));
#2047 = CARTESIAN_POINT('',(226.66365615542,540.11382327326,
    -271.5154449387));
#2048 = CARTESIAN_POINT('',(226.51735159355,540.0927163772,
    -271.3769657731));
#2049 = CARTESIAN_POINT('',(226.38358504532,540.07117304972,
    -271.2176179747));
#2050 = CARTESIAN_POINT('',(226.26604059723,540.05060390443,
    -271.0374573596));
#2051 = CARTESIAN_POINT('',(226.16906286191,540.03268096285,
    -270.8370908675));
#2052 = CARTESIAN_POINT('',(226.03017264021,540.00621187294,
    -270.4096307187));
#2053 = CARTESIAN_POINT('',(225.98676449601,539.99743332196,
    -270.1872414368));
#2054 = CARTESIAN_POINT('',(225.97232233755,539.99430762726,
    -269.9569970117));
#2055 = CARTESIAN_POINT('',(225.98876265926,539.99770490011,
    -269.7259556437));
#2056 = CARTESIAN_POINT('',(226.03539811199,540.00739161554,
    -269.5013856733));
#2057 = CARTESIAN_POINT('',(226.10901307812,540.02193256909,
    -269.2901170347));
#2058 = CARTESIAN_POINT('',(226.20381392649,540.03932456049,
    -269.097786928));
#2059 = CARTESIAN_POINT('',(226.46340944246,540.08341521798,
    -268.6887298492));
#2060 = CARTESIAN_POINT('',(226.64621697741,540.11188289148,
    -268.4865614383));
#2061 = CARTESIAN_POINT('',(226.84991889415,540.13946223553,
    -268.3213246017));
#2062 = CARTESIAN_POINT('',(227.06788591908,540.16356271885,
    -268.1914394468));
#2063 = CARTESIAN_POINT('',(227.29524979571,540.18257932662,
    -268.0953469847));
#2064 = CARTESIAN_POINT('',(227.52832187693,540.19555274458,
    -268.031785047));
#2065 = CARTESIAN_POINT('',(227.76415366724,540.20204102886,-268.));
#2066 = CARTESIAN_POINT('',(228.,540.20204102886,-268.));
#2067 = PCURVE('',#1942,#2068);
#2068 = DEFINITIONAL_REPRESENTATION('',(#2069),#2121);
#2069 = B_SPLINE_CURVE_WITH_KNOTS('',8,(#2070,#2071,#2072,#2073,#2074,
    #2075,#2076,#2077,#2078,#2079,#2080,#2081,#2082,#2083,#2084,#2085,
    #2086,#2087,#2088,#2089,#2090,#2091,#2092,#2093,#2094,#2095,#2096,
    #2097,#2098,#2099,#2100,#2101,#2102,#2103,#2104,#2105,#2106,#2107,
    #2108,#2109,#2110,#2111,#2112,#2113,#2114,#2115,#2116,#2117,#2118,
    #2119,#2120),.UNSPECIFIED.,.T.,.F.,(9,7,7,7,7,7,7,9),(0.,
    0.154164471479,0.28681455399,0.423216065668,0.578259302148,
    0.706185388494,0.827889919607,1.),.UNSPECIFIED.);
#2070 = CARTESIAN_POINT('',(-1.369438406005,-123.));
#2071 = CARTESIAN_POINT('',(-1.369438406005,-123.2094798914));
#2072 = CARTESIAN_POINT('',(-1.371997668267,-123.4186532545));
#2073 = CARTESIAN_POINT('',(-1.377102940088,-123.625761263));
#2074 = CARTESIAN_POINT('',(-1.384793437175,-123.8288937076));
#2075 = CARTESIAN_POINT('',(-1.395139319116,-124.025656391));
#2076 = CARTESIAN_POINT('',(-1.408228630473,-124.2129515856));
#2077 = CARTESIAN_POINT('',(-1.424150658298,-124.3866617235));
#2078 = CARTESIAN_POINT('',(-1.459151211505,-124.673848907));
#2079 = CARTESIAN_POINT('',(-1.478094993743,-124.7974028371));
#2080 = CARTESIAN_POINT('',(-1.499491042766,-124.9009635734));
#2081 = CARTESIAN_POINT('',(-1.522804104305,-124.976606954));
#2082 = CARTESIAN_POINT('',(-1.547335340151,-125.0191354983));
#2083 = CARTESIAN_POINT('',(-1.572321124429,-125.026051056));
#2084 = CARTESIAN_POINT('',(-1.596972452765,-124.9976406457));
#2085 = CARTESIAN_POINT('',(-1.644804141295,-124.8749817461));
#2086 = CARTESIAN_POINT('',(-1.667098035864,-124.7810115309));
#2087 = CARTESIAN_POINT('',(-1.687202670666,-124.6617312345));
#2088 = CARTESIAN_POINT('',(-1.70499829364,-124.5225566673));
#2089 = CARTESIAN_POINT('',(-1.72043347901,-124.3681459998));
#2090 = CARTESIAN_POINT('',(-1.733506293222,-124.2025612504));
#2091 = CARTESIAN_POINT('',(-1.744257924837,-124.0293438004));
#2092 = CARTESIAN_POINT('',(-1.762433239784,-123.6494758118));
#2093 = CARTESIAN_POINT('',(-1.769368807253,-123.4379899326));
#2094 = CARTESIAN_POINT('',(-1.77354296522,-123.2204711381));
#2095 = CARTESIAN_POINT('',(-1.774936601727,-122.9999999999));
#2096 = CARTESIAN_POINT('',(-1.77354296522,-122.7795288618));
#2097 = CARTESIAN_POINT('',(-1.769368807253,-122.5620100673));
#2098 = CARTESIAN_POINT('',(-1.762433239784,-122.3505241881));
#2099 = CARTESIAN_POINT('',(-1.74478647622,-121.981703037));
#2100 = CARTESIAN_POINT('',(-1.73485091575,-121.8193413492));
#2101 = CARTESIAN_POINT('',(-1.722900389188,-121.6636561554));
#2102 = CARTESIAN_POINT('',(-1.708895129441,-121.5173515935));
#2103 = CARTESIAN_POINT('',(-1.692820803948,-121.3835850453));
#2104 = CARTESIAN_POINT('',(-1.674695883472,-121.2660405972));
#2105 = CARTESIAN_POINT('',(-1.654586782365,-121.1690628619));
#2106 = CARTESIAN_POINT('',(-1.611758895242,-121.0301726402));
#2107 = CARTESIAN_POINT('',(-1.589508239508,-120.986764496));
#2108 = CARTESIAN_POINT('',(-1.566494539134,-120.9723223375));
#2109 = CARTESIAN_POINT('',(-1.543406562747,-120.9887626592));
#2110 = CARTESIAN_POINT('',(-1.520944234006,-121.0353981119));
#2111 = CARTESIAN_POINT('',(-1.499775594445,-121.1090130781));
#2112 = CARTESIAN_POINT('',(-1.480466972732,-121.2038139264));
#2113 = CARTESIAN_POINT('',(-1.43932433308,-121.4634094424));
#2114 = CARTESIAN_POINT('',(-1.418918849244,-121.6462169774));
#2115 = CARTESIAN_POINT('',(-1.40217338729,-121.8499188941));
#2116 = CARTESIAN_POINT('',(-1.388965045264,-122.067885919));
#2117 = CARTESIAN_POINT('',(-1.379169733235,-122.2952497957));
#2118 = CARTESIAN_POINT('',(-1.37268245019,-122.5283218769));
#2119 = CARTESIAN_POINT('',(-1.369438406005,-122.7641536672));
#2120 = CARTESIAN_POINT('',(-1.369438406005,-123.));
#2121 = ( GEOMETRIC_REPRESENTATION_CONTEXT(2) 
PARAMETRIC_REPRESENTATION_CONTEXT() REPRESENTATION_CONTEXT('2D SPACE',''
  ) );
#2122 = PCURVE('',#2123,#2128);
#2123 = CYLINDRICAL_SURFACE('',#2124,2.);
#2124 = AXIS2_PLACEMENT_3D('',#2125,#2126,#2127);
#2125 = CARTESIAN_POINT('',(228.,530.,-270.));
#2126 = DIRECTION('',(-0.,-1.,-0.));
#2127 = DIRECTION('',(0.,0.,1.));
#2128 = DEFINITIONAL_REPRESENTATION('',(#2129),#2181);
#2129 = B_SPLINE_CURVE_WITH_KNOTS('',8,(#2130,#2131,#2132,#2133,#2134,
    #2135,#2136,#2137,#2138,#2139,#2140,#2141,#2142,#2143,#2144,#2145,
    #2146,#2147,#2148,#2149,#2150,#2151,#2152,#2153,#2154,#2155,#2156,
    #2157,#2158,#2159,#2160,#2161,#2162,#2163,#2164,#2165,#2166,#2167,
    #2168,#2169,#2170,#2171,#2172,#2173,#2174,#2175,#2176,#2177,#2178,
    #2179,#2180),.UNSPECIFIED.,.F.,.F.,(9,7,7,7,7,7,7,9),(0.,
    0.154164471479,0.28681455399,0.423216065668,0.578259302148,
    0.706185388494,0.827889919607,1.),.UNSPECIFIED.);
#2130 = CARTESIAN_POINT('',(0.,-10.20204102886));
#2131 = CARTESIAN_POINT('',(-0.104739945731,-10.20204102886));
#2132 = CARTESIAN_POINT('',(-0.209326289277,-10.19692273597));
#2133 = CARTESIAN_POINT('',(-0.31463243627,-10.1867113173));
#2134 = CARTESIAN_POINT('',(-0.421428453769,-10.17169090185));
#2135 = CARTESIAN_POINT('',(-0.530473257239,-10.1524273851));
#2136 = CARTESIAN_POINT('',(-0.642555479645,-10.12988884933));
#2137 = CARTESIAN_POINT('',(-0.758561104293,-10.10557846691));
#2138 = CARTESIAN_POINT('',(-0.983832813637,-10.06095808237));
#2139 = CARTESIAN_POINT('',(-1.095744963337,-10.03977792771));
#2140 = CARTESIAN_POINT('',(-1.212586816456,-10.02022007113));
#2141 = CARTESIAN_POINT('',(-1.332627460544,-10.00486476444));
#2142 = CARTESIAN_POINT('',(-1.45465014022,-9.996020270154));
#2143 = CARTESIAN_POINT('',(-1.577615237422,-9.994734318489));
#2144 = CARTESIAN_POINT('',(-1.700537927473,-10.00064759173));
#2145 = CARTESIAN_POINT('',(-1.947148075202,-10.02443810617));
#2146 = CARTESIAN_POINT('',(-2.066505600324,-10.04223901273));
#2147 = CARTESIAN_POINT('',(-2.181172721869,-10.06375599741));
#2148 = CARTESIAN_POINT('',(-2.291775168155,-10.08688076927));
#2149 = CARTESIAN_POINT('',(-2.398795832926,-10.10978959788));
#2150 = CARTESIAN_POINT('',(-2.502618854101,-10.13106870824));
#2151 = CARTESIAN_POINT('',(-2.60352703072,-10.14971177887));
#2152 = CARTESIAN_POINT('',(-2.813438962295,-10.18260281217));
#2153 = CARTESIAN_POINT('',(-2.92359818107,-10.19620454266));
#2154 = CARTESIAN_POINT('',(-3.032823638481,-10.2048179191));
#2155 = CARTESIAN_POINT('',(-3.14159265359,-10.20776552526));
#2156 = CARTESIAN_POINT('',(-3.250361668699,-10.2048179191));
#2157 = CARTESIAN_POINT('',(-3.35958712611,-10.19620454266));
#2158 = CARTESIAN_POINT('',(-3.469746344884,-10.18260281217));
#2159 = CARTESIAN_POINT('',(-3.673553884758,-10.15066827405));
#2160 = CARTESIAN_POINT('',(-3.767838606964,-10.13340393903));
#2161 = CARTESIAN_POINT('',(-3.864566301668,-10.11382327326));
#2162 = CARTESIAN_POINT('',(-3.964043901878,-10.0927163772));
#2163 = CARTESIAN_POINT('',(-4.066641969556,-10.07117304972));
#2164 = CARTESIAN_POINT('',(-4.172800442439,-10.05060390443));
#2165 = CARTESIAN_POINT('',(-4.283064698532,-10.03268096285));
#2166 = CARTESIAN_POINT('',(-4.507793797953,-10.00621187294));
#2167 = CARTESIAN_POINT('',(-4.620253335609,-9.997433321965));
#2168 = CARTESIAN_POINT('',(-4.733975400094,-9.99430762726));
#2169 = CARTESIAN_POINT('',(-4.847763023026,-9.997704900112));
#2170 = CARTESIAN_POINT('',(-4.9604911094,-10.00739161554));
#2171 = CARTESIAN_POINT('',(-5.070941740331,-10.02193256909));
#2172 = CARTESIAN_POINT('',(-5.177535190259,-10.03932456049));
#2173 = CARTESIAN_POINT('',(-5.419773464275,-10.08341521798));
#2174 = CARTESIAN_POINT('',(-5.554098691298,-10.11188289148));
#2175 = CARTESIAN_POINT('',(-5.682781087497,-10.13946223553));
#2176 = CARTESIAN_POINT('',(-5.807129954919,-10.16356271885));
#2177 = CARTESIAN_POINT('',(-5.928313334642,-10.18257932662));
#2178 = CARTESIAN_POINT('',(-6.047345827811,-10.19555274458));
#2179 = CARTESIAN_POINT('',(-6.165262140801,-10.20204102886));
#2180 = CARTESIAN_POINT('',(-6.28318530718,-10.20204102886));
#2181 = ( GEOMETRIC_REPRESENTATION_CONTEXT(2) 
PARAMETRIC_REPRESENTATION_CONTEXT() REPRESENTATION_CONTEXT('2D SPACE',''
  ) );
#2182 = FACE_BOUND('',#2183,.F.);
#2183 = EDGE_LOOP('',(#2184));
#2184 = ORIENTED_EDGE('',*,*,#2185,.T.);
#2185 = EDGE_CURVE('',#2186,#2186,#2188,.T.);
#2186 = VERTEX_POINT('',#2187);
#2187 = CARTESIAN_POINT('',(228.,559.79795897113,-268.));
#2188 = SURFACE_CURVE('',#2189,(#2241,#2296),.PCURVE_S1.);
#2189 = B_SPLINE_CURVE_WITH_KNOTS('',8,(#2190,#2191,#2192,#2193,#2194,
    #2195,#2196,#2197,#2198,#2199,#2200,#2201,#2202,#2203,#2204,#2205,
    #2206,#2207,#2208,#2209,#2210,#2211,#2212,#2213,#2214,#2215,#2216,
    #2217,#2218,#2219,#2220,#2221,#2222,#2223,#2224,#2225,#2226,#2227,
    #2228,#2229,#2230,#2231,#2232,#2233,#2234,#2235,#2236,#2237,#2238,
    #2239,#2240),.UNSPECIFIED.,.T.,.F.,(9,7,7,7,7,7,7,9),(0.,
    0.154164471479,0.286814553989,0.423216065667,0.57825930215,
    0.706185388496,0.827889919608,1.),.UNSPECIFIED.);
#2190 = CARTESIAN_POINT('',(228.,559.79795897113,-268.));
#2191 = CARTESIAN_POINT('',(228.20947989146,559.79795897113,-268.));
#2192 = CARTESIAN_POINT('',(228.41865325455,559.80307726402,
    -268.0250755704));
#2193 = CARTESIAN_POINT('',(228.62576126304,559.81328868269,
    -268.0750967013));
#2194 = CARTESIAN_POINT('',(228.82889370769,559.82830909814,
    -268.1505214893));
#2195 = CARTESIAN_POINT('',(229.02565639103,559.84757261489,
    -268.2521811712));
#2196 = CARTESIAN_POINT('',(229.2129515856,559.87011115066,
    -268.3811516155));
#2197 = CARTESIAN_POINT('',(229.38666172357,559.89442153308,
    -268.538557077));
#2198 = CARTESIAN_POINT('',(229.67384890706,559.93904191762,
    -268.8857067475));
#2199 = CARTESIAN_POINT('',(229.79740283712,559.96022207228,
    -269.0739807491));
#2200 = CARTESIAN_POINT('',(229.90096357342,559.97977992886,
    -269.2871217772));
#2201 = CARTESIAN_POINT('',(229.97660695402,559.99513523556,
    -269.5199095665));
#2202 = CARTESIAN_POINT('',(230.01913549836,560.00397972984,
    -269.7652928937));
#2203 = CARTESIAN_POINT('',(230.02605105608,560.00526568151,
    -270.0153233935));
#2204 = CARTESIAN_POINT('',(229.99764064579,559.99935240826,
    -270.2618478348));
#2205 = CARTESIAN_POINT('',(229.87498174617,559.97556189382,
    -270.7395727077));
#2206 = CARTESIAN_POINT('',(229.78101153098,559.95776098726,
    -270.9619016901));
#2207 = CARTESIAN_POINT('',(229.66173123452,559.93624400259,
    -271.1619070256));
#2208 = CARTESIAN_POINT('',(229.52255666733,559.91311923072,
    -271.3384290093));
#2209 = CARTESIAN_POINT('',(229.36814599984,559.89021040211,
    -271.4911052519));
#2210 = CARTESIAN_POINT('',(229.2025612504,559.86893129175,
    -271.6201041144));
#2211 = CARTESIAN_POINT('',(229.02934380045,559.85028822112,
    -271.7259947319));
#2212 = CARTESIAN_POINT('',(228.6494758118,559.81739718782,
    -271.9047470389));
#2213 = CARTESIAN_POINT('',(228.4379899326,559.80379545733,
    -271.9727643072));
#2214 = CARTESIAN_POINT('',(228.22047113815,559.79518208089,
    -272.0136075899));
#2215 = CARTESIAN_POINT('',(228.,559.79223447473,-272.0272270469));
#2216 = CARTESIAN_POINT('',(227.77952886184,559.79518208089,
    -272.0136075899));
#2217 = CARTESIAN_POINT('',(227.56201006739,559.80379545733,
    -271.9727643072));
#2218 = CARTESIAN_POINT('',(227.35052418819,559.81739718782,
    -271.9047470389));
#2219 = CARTESIAN_POINT('',(226.98170303704,559.84933172594,
    -271.731192979));
#2220 = CARTESIAN_POINT('',(226.81934134921,559.86659606096,
    -271.633346273));
#2221 = CARTESIAN_POINT('',(226.66365615542,559.88617672673,
    -271.5154449387));
#2222 = CARTESIAN_POINT('',(226.51735159355,559.90728362279,
    -271.3769657731));
#2223 = CARTESIAN_POINT('',(226.38358504532,559.92882695027,
    -271.2176179747));
#2224 = CARTESIAN_POINT('',(226.26604059723,559.94939609556,
    -271.0374573596));
#2225 = CARTESIAN_POINT('',(226.16906286191,559.96731903715,
    -270.8370908675));
#2226 = CARTESIAN_POINT('',(226.03017264021,559.99378812705,
    -270.4096307187));
#2227 = CARTESIAN_POINT('',(225.98676449601,560.00256667803,
    -270.1872414368));
#2228 = CARTESIAN_POINT('',(225.97232233755,560.00569237274,
    -269.9569970117));
#2229 = CARTESIAN_POINT('',(225.98876265926,560.00229509988,
    -269.7259556437));
#2230 = CARTESIAN_POINT('',(226.03539811199,559.99260838445,
    -269.5013856733));
#2231 = CARTESIAN_POINT('',(226.10901307812,559.9780674309,
    -269.2901170347));
#2232 = CARTESIAN_POINT('',(226.20381392649,559.9606754395,
    -269.097786928));
#2233 = CARTESIAN_POINT('',(226.46340944246,559.91658478201,
    -268.6887298492));
#2234 = CARTESIAN_POINT('',(226.64621697741,559.88811710851,
    -268.4865614383));
#2235 = CARTESIAN_POINT('',(226.84991889415,559.86053776446,
    -268.3213246017));
#2236 = CARTESIAN_POINT('',(227.06788591908,559.83643728114,
    -268.1914394468));
#2237 = CARTESIAN_POINT('',(227.29524979571,559.81742067337,
    -268.0953469847));
#2238 = CARTESIAN_POINT('',(227.52832187693,559.80444725542,
    -268.031785047));
#2239 = CARTESIAN_POINT('',(227.76415366724,559.79795897113,-268.));
#2240 = CARTESIAN_POINT('',(228.,559.79795897113,-268.));
#2241 = PCURVE('',#1942,#2242);
#2242 = DEFINITIONAL_REPRESENTATION('',(#2243),#2295);
#2243 = B_SPLINE_CURVE_WITH_KNOTS('',8,(#2244,#2245,#2246,#2247,#2248,
    #2249,#2250,#2251,#2252,#2253,#2254,#2255,#2256,#2257,#2258,#2259,
    #2260,#2261,#2262,#2263,#2264,#2265,#2266,#2267,#2268,#2269,#2270,
    #2271,#2272,#2273,#2274,#2275,#2276,#2277,#2278,#2279,#2280,#2281,
    #2282,#2283,#2284,#2285,#2286,#2287,#2288,#2289,#2290,#2291,#2292,
    #2293,#2294),.UNSPECIFIED.,.T.,.F.,(9,7,7,7,7,7,7,9),(0.,
    0.154164471479,0.286814553989,0.423216065667,0.57825930215,
    0.706185388496,0.827889919608,1.),.UNSPECIFIED.);
#2244 = CARTESIAN_POINT('',(-4.913746901175,-123.));
#2245 = CARTESIAN_POINT('',(-4.913746901175,-123.2094798914));
#2246 = CARTESIAN_POINT('',(-4.911187638913,-123.4186532545));
#2247 = CARTESIAN_POINT('',(-4.906082367092,-123.625761263));
#2248 = CARTESIAN_POINT('',(-4.898391870005,-123.8288937076));
#2249 = CARTESIAN_POINT('',(-4.888045988064,-124.025656391));
#2250 = CARTESIAN_POINT('',(-4.874956676706,-124.2129515856));
#2251 = CARTESIAN_POINT('',(-4.859034648881,-124.3866617235));
#2252 = CARTESIAN_POINT('',(-4.824034095675,-124.673848907));
#2253 = CARTESIAN_POINT('',(-4.805090313436,-124.7974028371));
#2254 = CARTESIAN_POINT('',(-4.783694264413,-124.9009635734));
#2255 = CARTESIAN_POINT('',(-4.760381202875,-124.976606954));
#2256 = CARTESIAN_POINT('',(-4.735849967028,-125.0191354983));
#2257 = CARTESIAN_POINT('',(-4.710864182751,-125.026051056));
#2258 = CARTESIAN_POINT('',(-4.686212854415,-124.9976406457));
#2259 = CARTESIAN_POINT('',(-4.638381165884,-124.8749817461));
#2260 = CARTESIAN_POINT('',(-4.616087271316,-124.7810115309));
#2261 = CARTESIAN_POINT('',(-4.595982636513,-124.6617312345));
#2262 = CARTESIAN_POINT('',(-4.578187013539,-124.5225566673));
#2263 = CARTESIAN_POINT('',(-4.562751828169,-124.3681459998));
#2264 = CARTESIAN_POINT('',(-4.549679013957,-124.2025612504));
#2265 = CARTESIAN_POINT('',(-4.538927382342,-124.0293438004));
#2266 = CARTESIAN_POINT('',(-4.520752067395,-123.6494758118));
#2267 = CARTESIAN_POINT('',(-4.513816499926,-123.4379899326));
#2268 = CARTESIAN_POINT('',(-4.509642341959,-123.2204711381));
#2269 = CARTESIAN_POINT('',(-4.508248705453,-123.));
#2270 = CARTESIAN_POINT('',(-4.509642341959,-122.7795288618));
#2271 = CARTESIAN_POINT('',(-4.513816499926,-122.5620100673));
#2272 = CARTESIAN_POINT('',(-4.520752067395,-122.3505241881));
#2273 = CARTESIAN_POINT('',(-4.538398830959,-121.981703037));
#2274 = CARTESIAN_POINT('',(-4.548334391429,-121.8193413492));
#2275 = CARTESIAN_POINT('',(-4.560284917991,-121.6636561554));
#2276 = CARTESIAN_POINT('',(-4.574290177738,-121.5173515935));
#2277 = CARTESIAN_POINT('',(-4.590364503231,-121.3835850453));
#2278 = CARTESIAN_POINT('',(-4.608489423708,-121.2660405972));
#2279 = CARTESIAN_POINT('',(-4.628598524814,-121.1690628619));
#2280 = CARTESIAN_POINT('',(-4.671426411937,-121.0301726402));
#2281 = CARTESIAN_POINT('',(-4.693677067671,-120.986764496));
#2282 = CARTESIAN_POINT('',(-4.716690768046,-120.9723223375));
#2283 = CARTESIAN_POINT('',(-4.739778744433,-120.9887626592));
#2284 = CARTESIAN_POINT('',(-4.762241073173,-121.0353981119));
#2285 = CARTESIAN_POINT('',(-4.783409712734,-121.1090130781));
#2286 = CARTESIAN_POINT('',(-4.802718334447,-121.2038139264));
#2287 = CARTESIAN_POINT('',(-4.8438609741,-121.4634094424));
#2288 = CARTESIAN_POINT('',(-4.864266457935,-121.6462169774));
#2289 = CARTESIAN_POINT('',(-4.881011919889,-121.8499188941));
#2290 = CARTESIAN_POINT('',(-4.894220261916,-122.067885919));
#2291 = CARTESIAN_POINT('',(-4.904015573945,-122.2952497957));
#2292 = CARTESIAN_POINT('',(-4.91050285699,-122.5283218769));
#2293 = CARTESIAN_POINT('',(-4.913746901175,-122.7641536672));
#2294 = CARTESIAN_POINT('',(-4.913746901175,-123.));
#2295 = ( GEOMETRIC_REPRESENTATION_CONTEXT(2) 
PARAMETRIC_REPRESENTATION_CONTEXT() REPRESENTATION_CONTEXT('2D SPACE',''
  ) );
#2296 = PCURVE('',#2123,#2297);
#2297 = DEFINITIONAL_REPRESENTATION('',(#2298),#2350);
#2298 = B_SPLINE_CURVE_WITH_KNOTS('',8,(#2299,#2300,#2301,#2302,#2303,
    #2304,#2305,#2306,#2307,#2308,#2309,#2310,#2311,#2312,#2313,#2314,
    #2315,#2316,#2317,#2318,#2319,#2320,#2321,#2322,#2323,#2324,#2325,
    #2326,#2327,#2328,#2329,#2330,#2331,#2332,#2333,#2334,#2335,#2336,
    #2337,#2338,#2339,#2340,#2341,#2342,#2343,#2344,#2345,#2346,#2347,
    #2348,#2349),.UNSPECIFIED.,.F.,.F.,(9,7,7,7,7,7,7,9),(0.,
    0.154164471479,0.286814553989,0.423216065667,0.57825930215,
    0.706185388496,0.827889919608,1.),.UNSPECIFIED.);
#2299 = CARTESIAN_POINT('',(0.,-29.79795897113));
#2300 = CARTESIAN_POINT('',(-0.104739945731,-29.79795897113));
#2301 = CARTESIAN_POINT('',(-0.209326289277,-29.80307726402));
#2302 = CARTESIAN_POINT('',(-0.31463243627,-29.81328868269));
#2303 = CARTESIAN_POINT('',(-0.421428453769,-29.82830909814));
#2304 = CARTESIAN_POINT('',(-0.530473257239,-29.84757261489));
#2305 = CARTESIAN_POINT('',(-0.642555479645,-29.87011115066));
#2306 = CARTESIAN_POINT('',(-0.758561104293,-29.89442153308));
#2307 = CARTESIAN_POINT('',(-0.983832813637,-29.93904191762));
#2308 = CARTESIAN_POINT('',(-1.095744963337,-29.96022207228));
#2309 = CARTESIAN_POINT('',(-1.212586816455,-29.97977992886));
#2310 = CARTESIAN_POINT('',(-1.332627460544,-29.99513523555));
#2311 = CARTESIAN_POINT('',(-1.45465014022,-30.00397972984));
#2312 = CARTESIAN_POINT('',(-1.577615237422,-30.00526568151));
#2313 = CARTESIAN_POINT('',(-1.700537927473,-29.99935240826));
#2314 = CARTESIAN_POINT('',(-1.947148075202,-29.97556189382));
#2315 = CARTESIAN_POINT('',(-2.066505600324,-29.95776098726));
#2316 = CARTESIAN_POINT('',(-2.181172721869,-29.93624400259));
#2317 = CARTESIAN_POINT('',(-2.291775168155,-29.91311923072));
#2318 = CARTESIAN_POINT('',(-2.398795832926,-29.89021040211));
#2319 = CARTESIAN_POINT('',(-2.502618854101,-29.86893129175));
#2320 = CARTESIAN_POINT('',(-2.60352703072,-29.85028822112));
#2321 = CARTESIAN_POINT('',(-2.813438962297,-29.81739718782));
#2322 = CARTESIAN_POINT('',(-2.923598181072,-29.80379545733));
#2323 = CARTESIAN_POINT('',(-3.032823638483,-29.79518208089));
#2324 = CARTESIAN_POINT('',(-3.14159265359,-29.79223447473));
#2325 = CARTESIAN_POINT('',(-3.250361668697,-29.79518208089));
#2326 = CARTESIAN_POINT('',(-3.359587126107,-29.80379545733));
#2327 = CARTESIAN_POINT('',(-3.469746344881,-29.81739718782));
#2328 = CARTESIAN_POINT('',(-3.673553884758,-29.84933172594));
#2329 = CARTESIAN_POINT('',(-3.767838606964,-29.86659606096));
#2330 = CARTESIAN_POINT('',(-3.864566301668,-29.88617672673));
#2331 = CARTESIAN_POINT('',(-3.964043901878,-29.90728362279));
#2332 = CARTESIAN_POINT('',(-4.066641969556,-29.92882695027));
#2333 = CARTESIAN_POINT('',(-4.172800442439,-29.94939609556));
#2334 = CARTESIAN_POINT('',(-4.283064698532,-29.96731903715));
#2335 = CARTESIAN_POINT('',(-4.507793797953,-29.99378812705));
#2336 = CARTESIAN_POINT('',(-4.620253335608,-30.00256667803));
#2337 = CARTESIAN_POINT('',(-4.733975400097,-30.00569237274));
#2338 = CARTESIAN_POINT('',(-4.847763023023,-30.00229509988));
#2339 = CARTESIAN_POINT('',(-4.960491109401,-29.99260838445));
#2340 = CARTESIAN_POINT('',(-5.07094174033,-29.9780674309));
#2341 = CARTESIAN_POINT('',(-5.177535190259,-29.9606754395));
#2342 = CARTESIAN_POINT('',(-5.419773464275,-29.91658478201));
#2343 = CARTESIAN_POINT('',(-5.554098691298,-29.88811710851));
#2344 = CARTESIAN_POINT('',(-5.682781087498,-29.86053776446));
#2345 = CARTESIAN_POINT('',(-5.807129954918,-29.83643728114));
#2346 = CARTESIAN_POINT('',(-5.928313334643,-29.81742067337));
#2347 = CARTESIAN_POINT('',(-6.047345827811,-29.80444725542));
#2348 = CARTESIAN_POINT('',(-6.165262140801,-29.79795897113));
#2349 = CARTESIAN_POINT('',(-6.28318530718,-29.79795897113));
#2350 = ( GEOMETRIC_REPRESENTATION_CONTEXT(2) 
PARAMETRIC_REPRESENTATION_CONTEXT() REPRESENTATION_CONTEXT('2D SPACE',''
  ) );
#2351 = ADVANCED_FACE('',(#2352),#1996,.T.);
#2352 = FACE_BOUND('',#2353,.T.);
#2353 = EDGE_LOOP('',(#2354));
#2354 = ORIENTED_EDGE('',*,*,#1981,.T.);
#2355 = ADVANCED_FACE('',(#2356),#2123,.F.);
#2356 = FACE_BOUND('',#2357,.T.);
#2357 = EDGE_LOOP('',(#2358,#2359,#2380,#2381));
#2358 = ORIENTED_EDGE('',*,*,#2011,.F.);
#2359 = ORIENTED_EDGE('',*,*,#2360,.T.);
#2360 = EDGE_CURVE('',#2012,#2186,#2361,.T.);
#2361 = SEAM_CURVE('',#2362,(#2366,#2373),.PCURVE_S1.);
#2362 = LINE('',#2363,#2364);
#2363 = CARTESIAN_POINT('',(228.,530.,-268.));
#2364 = VECTOR('',#2365,1.);
#2365 = DIRECTION('',(0.,1.,0.));
#2366 = PCURVE('',#2123,#2367);
#2367 = DEFINITIONAL_REPRESENTATION('',(#2368),#2372);
#2368 = LINE('',#2369,#2370);
#2369 = CARTESIAN_POINT('',(-6.28318530718,0.));
#2370 = VECTOR('',#2371,1.);
#2371 = DIRECTION('',(-0.,-1.));
#2372 = ( GEOMETRIC_REPRESENTATION_CONTEXT(2) 
PARAMETRIC_REPRESENTATION_CONTEXT() REPRESENTATION_CONTEXT('2D SPACE',''
  ) );
#2373 = PCURVE('',#2123,#2374);
#2374 = DEFINITIONAL_REPRESENTATION('',(#2375),#2379);
#2375 = LINE('',#2376,#2377);
#2376 = CARTESIAN_POINT('',(-0.,0.));
#2377 = VECTOR('',#2378,1.);
#2378 = DIRECTION('',(-0.,-1.));
#2379 = ( GEOMETRIC_REPRESENTATION_CONTEXT(2) 
PARAMETRIC_REPRESENTATION_CONTEXT() REPRESENTATION_CONTEXT('2D SPACE',''
  ) );
#2380 = ORIENTED_EDGE('',*,*,#2185,.T.);
#2381 = ORIENTED_EDGE('',*,*,#2360,.F.);
#2382 = ( GEOMETRIC_REPRESENTATION_CONTEXT(3) 
GLOBAL_UNCERTAINTY_ASSIGNED_CONTEXT((#2386)) 
GLOBAL_UNIT_ASSIGNED_CONTEXT((#2383,#2384,#2385)) REPRESENTATION_CONTEXT
('Context #1','3D Context with UNIT and UNCERTAINTY') );
#2383 = ( LENGTH_UNIT() NAMED_UNIT(*) SI_UNIT(.MILLI.,.METRE.) );
#2384 = ( NAMED_UNIT(*) PLANE_ANGLE_UNIT() SI_UNIT($,.RADIAN.) );
#2385 = ( NAMED_UNIT(*) SI_UNIT($,.STERADIAN.) SOLID_ANGLE_UNIT() );
#2386 = UNCERTAINTY_MEASURE_WITH_UNIT(LENGTH_MEASURE(1.E-07),#2383,
  'distance_accuracy_value','confusion accuracy');
#2387 = CONTEXT_DEPENDENT_SHAPE_REPRESENTATION(#2388,#2390);
#2388 = ( REPRESENTATION_RELATIONSHIP('','',#1823,#10) 
REPRESENTATION_RELATIONSHIP_WITH_TRANSFORMATION(#2389) 
SHAPE_REPRESENTATION_RELATIONSHIP() );
#2389 = ITEM_DEFINED_TRANSFORMATION('','',#11,#27);
#2390 = PRODUCT_DEFINITION_SHAPE('Placement','Placement of an item',
  #2391);
#2391 = NEXT_ASSEMBLY_USAGE_OCCURRENCE('4','original_hinge_pin_170_-270'
  ,'',#5,#1818,$);
#2392 = PRODUCT_RELATED_PRODUCT_CATEGORY('part',$,(#1820));
#2393 = SHAPE_DEFINITION_REPRESENTATION(#2394,#2400);
#2394 = PRODUCT_DEFINITION_SHAPE('','',#2395);
#2395 = PRODUCT_DEFINITION('design','',#2396,#2399);
#2396 = PRODUCT_DEFINITION_FORMATION('','',#2397);
#2397 = PRODUCT('M12_nominal_clamp_bolt_-35_-114',
  'M12_nominal_clamp_bolt_-35_-114','',(#2398));
#2398 = PRODUCT_CONTEXT('',#2,'mechanical');
#2399 = PRODUCT_DEFINITION_CONTEXT('part definition',#2,'design');
#2400 = ADVANCED_BREP_SHAPE_REPRESENTATION('',(#11,#2401),#2977);
#2401 = MANIFOLD_SOLID_BREP('',#2402);
#2402 = CLOSED_SHELL('',(#2403,#2523,#2599,#2675,#2753,#2857,#2884,#2911
    ,#2918,#2973));
#2403 = ADVANCED_FACE('',(#2404),#2418,.F.);
#2404 = FACE_BOUND('',#2405,.F.);
#2405 = EDGE_LOOP('',(#2406,#2441,#2469,#2497));
#2406 = ORIENTED_EDGE('',*,*,#2407,.T.);
#2407 = EDGE_CURVE('',#2408,#2410,#2412,.T.);
#2408 = VERTEX_POINT('',#2409);
#2409 = CARTESIAN_POINT('',(-35.,390.5,-103.6076951545));
#2410 = VERTEX_POINT('',#2411);
#2411 = CARTESIAN_POINT('',(-35.,398.,-103.6076951545));
#2412 = SURFACE_CURVE('',#2413,(#2417,#2429),.PCURVE_S1.);
#2413 = LINE('',#2414,#2415);
#2414 = CARTESIAN_POINT('',(-35.,390.5,-103.6076951545));
#2415 = VECTOR('',#2416,1.);
#2416 = DIRECTION('',(0.,1.,0.));
#2417 = PCURVE('',#2418,#2423);
#2418 = PLANE('',#2419);
#2419 = AXIS2_PLACEMENT_3D('',#2420,#2421,#2422);
#2420 = CARTESIAN_POINT('',(-35.,390.5,-103.6076951545));
#2421 = DIRECTION('',(-0.5,0.,-0.866025403784));
#2422 = DIRECTION('',(0.866025403784,0.,-0.5));
#2423 = DEFINITIONAL_REPRESENTATION('',(#2424),#2428);
#2424 = LINE('',#2425,#2426);
#2425 = CARTESIAN_POINT('',(0.,0.));
#2426 = VECTOR('',#2427,1.);
#2427 = DIRECTION('',(0.,-1.));
#2428 = ( GEOMETRIC_REPRESENTATION_CONTEXT(2) 
PARAMETRIC_REPRESENTATION_CONTEXT() REPRESENTATION_CONTEXT('2D SPACE',''
  ) );
#2429 = PCURVE('',#2430,#2435);
#2430 = PLANE('',#2431);
#2431 = AXIS2_PLACEMENT_3D('',#2432,#2433,#2434);
#2432 = CARTESIAN_POINT('',(-44.,390.5,-108.8038475772));
#2433 = DIRECTION('',(0.5,0.,-0.866025403784));
#2434 = DIRECTION('',(0.866025403784,0.,0.5));
#2435 = DEFINITIONAL_REPRESENTATION('',(#2436),#2440);
#2436 = LINE('',#2437,#2438);
#2437 = CARTESIAN_POINT('',(10.392304845413,0.));
#2438 = VECTOR('',#2439,1.);
#2439 = DIRECTION('',(0.,-1.));
#2440 = ( GEOMETRIC_REPRESENTATION_CONTEXT(2) 
PARAMETRIC_REPRESENTATION_CONTEXT() REPRESENTATION_CONTEXT('2D SPACE',''
  ) );
#2441 = ORIENTED_EDGE('',*,*,#2442,.T.);
#2442 = EDGE_CURVE('',#2410,#2443,#2445,.T.);
#2443 = VERTEX_POINT('',#2444);
#2444 = CARTESIAN_POINT('',(-26.,398.,-108.8038475772));
#2445 = SURFACE_CURVE('',#2446,(#2450,#2457),.PCURVE_S1.);
#2446 = LINE('',#2447,#2448);
#2447 = CARTESIAN_POINT('',(-35.,398.,-103.6076951545));
#2448 = VECTOR('',#2449,1.);
#2449 = DIRECTION('',(0.866025403784,0.,-0.5));
#2450 = PCURVE('',#2418,#2451);
#2451 = DEFINITIONAL_REPRESENTATION('',(#2452),#2456);
#2452 = LINE('',#2453,#2454);
#2453 = CARTESIAN_POINT('',(0.,-7.5));
#2454 = VECTOR('',#2455,1.);
#2455 = DIRECTION('',(1.,0.));
#2456 = ( GEOMETRIC_REPRESENTATION_CONTEXT(2) 
PARAMETRIC_REPRESENTATION_CONTEXT() REPRESENTATION_CONTEXT('2D SPACE',''
  ) );
#2457 = PCURVE('',#2458,#2463);
#2458 = PLANE('',#2459);
#2459 = AXIS2_PLACEMENT_3D('',#2460,#2461,#2462);
#2460 = CARTESIAN_POINT('',(-35.,398.,-114.));
#2461 = DIRECTION('',(0.,1.,0.));
#2462 = DIRECTION('',(0.,-0.,1.));
#2463 = DEFINITIONAL_REPRESENTATION('',(#2464),#2468);
#2464 = LINE('',#2465,#2466);
#2465 = CARTESIAN_POINT('',(10.392304845413,7.105427357601E-15));
#2466 = VECTOR('',#2467,1.);
#2467 = DIRECTION('',(-0.5,0.866025403784));
#2468 = ( GEOMETRIC_REPRESENTATION_CONTEXT(2) 
PARAMETRIC_REPRESENTATION_CONTEXT() REPRESENTATION_CONTEXT('2D SPACE',''
  ) );
#2469 = ORIENTED_EDGE('',*,*,#2470,.F.);
#2470 = EDGE_CURVE('',#2471,#2443,#2473,.T.);
#2471 = VERTEX_POINT('',#2472);
#2472 = CARTESIAN_POINT('',(-26.,390.5,-108.8038475772));
#2473 = SURFACE_CURVE('',#2474,(#2478,#2485),.PCURVE_S1.);
#2474 = LINE('',#2475,#2476);
#2475 = CARTESIAN_POINT('',(-26.,390.5,-108.8038475772));
#2476 = VECTOR('',#2477,1.);
#2477 = DIRECTION('',(0.,1.,0.));
#2478 = PCURVE('',#2418,#2479);
#2479 = DEFINITIONAL_REPRESENTATION('',(#2480),#2484);
#2480 = LINE('',#2481,#2482);
#2481 = CARTESIAN_POINT('',(10.392304845413,0.));
#2482 = VECTOR('',#2483,1.);
#2483 = DIRECTION('',(0.,-1.));
#2484 = ( GEOMETRIC_REPRESENTATION_CONTEXT(2) 
PARAMETRIC_REPRESENTATION_CONTEXT() REPRESENTATION_CONTEXT('2D SPACE',''
  ) );
#2485 = PCURVE('',#2486,#2491);
#2486 = PLANE('',#2487);
#2487 = AXIS2_PLACEMENT_3D('',#2488,#2489,#2490);
#2488 = CARTESIAN_POINT('',(-26.,390.5,-108.8038475772));
#2489 = DIRECTION('',(-1.,0.,-1.709300165674E-16));
#2490 = DIRECTION('',(1.709300165674E-16,0.,-1.));
#2491 = DEFINITIONAL_REPRESENTATION('',(#2492),#2496);
#2492 = LINE('',#2493,#2494);
#2493 = CARTESIAN_POINT('',(0.,0.));
#2494 = VECTOR('',#2495,1.);
#2495 = DIRECTION('',(0.,-1.));
#2496 = ( GEOMETRIC_REPRESENTATION_CONTEXT(2) 
PARAMETRIC_REPRESENTATION_CONTEXT() REPRESENTATION_CONTEXT('2D SPACE',''
  ) );
#2497 = ORIENTED_EDGE('',*,*,#2498,.F.);
#2498 = EDGE_CURVE('',#2408,#2471,#2499,.T.);
#2499 = SURFACE_CURVE('',#2500,(#2504,#2511),.PCURVE_S1.);
#2500 = LINE('',#2501,#2502);
#2501 = CARTESIAN_POINT('',(-35.,390.5,-103.6076951545));
#2502 = VECTOR('',#2503,1.);
#2503 = DIRECTION('',(0.866025403784,0.,-0.5));
#2504 = PCURVE('',#2418,#2505);
#2505 = DEFINITIONAL_REPRESENTATION('',(#2506),#2510);
#2506 = LINE('',#2507,#2508);
#2507 = CARTESIAN_POINT('',(0.,0.));
#2508 = VECTOR('',#2509,1.);
#2509 = DIRECTION('',(1.,0.));
#2510 = ( GEOMETRIC_REPRESENTATION_CONTEXT(2) 
PARAMETRIC_REPRESENTATION_CONTEXT() REPRESENTATION_CONTEXT('2D SPACE',''
  ) );
#2511 = PCURVE('',#2512,#2517);
#2512 = PLANE('',#2513);
#2513 = AXIS2_PLACEMENT_3D('',#2514,#2515,#2516);
#2514 = CARTESIAN_POINT('',(-35.,390.5,-114.));
#2515 = DIRECTION('',(0.,1.,0.));
#2516 = DIRECTION('',(0.,-0.,1.));
#2517 = DEFINITIONAL_REPRESENTATION('',(#2518),#2522);
#2518 = LINE('',#2519,#2520);
#2519 = CARTESIAN_POINT('',(10.392304845413,7.105427357601E-15));
#2520 = VECTOR('',#2521,1.);
#2521 = DIRECTION('',(-0.5,0.866025403784));
#2522 = ( GEOMETRIC_REPRESENTATION_CONTEXT(2) 
PARAMETRIC_REPRESENTATION_CONTEXT() REPRESENTATION_CONTEXT('2D SPACE',''
  ) );
#2523 = ADVANCED_FACE('',(#2524),#2430,.F.);
#2524 = FACE_BOUND('',#2525,.F.);
#2525 = EDGE_LOOP('',(#2526,#2556,#2577,#2578));
#2526 = ORIENTED_EDGE('',*,*,#2527,.T.);
#2527 = EDGE_CURVE('',#2528,#2530,#2532,.T.);
#2528 = VERTEX_POINT('',#2529);
#2529 = CARTESIAN_POINT('',(-44.,390.5,-108.8038475772));
#2530 = VERTEX_POINT('',#2531);
#2531 = CARTESIAN_POINT('',(-44.,398.,-108.8038475772));
#2532 = SURFACE_CURVE('',#2533,(#2537,#2544),.PCURVE_S1.);
#2533 = LINE('',#2534,#2535);
#2534 = CARTESIAN_POINT('',(-44.,390.5,-108.8038475772));
#2535 = VECTOR('',#2536,1.);
#2536 = DIRECTION('',(0.,1.,0.));
#2537 = PCURVE('',#2430,#2538);
#2538 = DEFINITIONAL_REPRESENTATION('',(#2539),#2543);
#2539 = LINE('',#2540,#2541);
#2540 = CARTESIAN_POINT('',(0.,0.));
#2541 = VECTOR('',#2542,1.);
#2542 = DIRECTION('',(0.,-1.));
#2543 = ( GEOMETRIC_REPRESENTATION_CONTEXT(2) 
PARAMETRIC_REPRESENTATION_CONTEXT() REPRESENTATION_CONTEXT('2D SPACE',''
  ) );
#2544 = PCURVE('',#2545,#2550);
#2545 = PLANE('',#2546);
#2546 = AXIS2_PLACEMENT_3D('',#2547,#2548,#2549);
#2547 = CARTESIAN_POINT('',(-44.,390.5,-119.1961524227));
#2548 = DIRECTION('',(1.,-0.,6.837200662697E-16));
#2549 = DIRECTION('',(-6.837200662697E-16,0.,1.));
#2550 = DEFINITIONAL_REPRESENTATION('',(#2551),#2555);
#2551 = LINE('',#2552,#2553);
#2552 = CARTESIAN_POINT('',(10.392304845413,0.));
#2553 = VECTOR('',#2554,1.);
#2554 = DIRECTION('',(0.,-1.));
#2555 = ( GEOMETRIC_REPRESENTATION_CONTEXT(2) 
PARAMETRIC_REPRESENTATION_CONTEXT() REPRESENTATION_CONTEXT('2D SPACE',''
  ) );
#2556 = ORIENTED_EDGE('',*,*,#2557,.T.);
#2557 = EDGE_CURVE('',#2530,#2410,#2558,.T.);
#2558 = SURFACE_CURVE('',#2559,(#2563,#2570),.PCURVE_S1.);
#2559 = LINE('',#2560,#2561);
#2560 = CARTESIAN_POINT('',(-44.,398.,-108.8038475772));
#2561 = VECTOR('',#2562,1.);
#2562 = DIRECTION('',(0.866025403784,0.,0.5));
#2563 = PCURVE('',#2430,#2564);
#2564 = DEFINITIONAL_REPRESENTATION('',(#2565),#2569);
#2565 = LINE('',#2566,#2567);
#2566 = CARTESIAN_POINT('',(0.,-7.5));
#2567 = VECTOR('',#2568,1.);
#2568 = DIRECTION('',(1.,0.));
#2569 = ( GEOMETRIC_REPRESENTATION_CONTEXT(2) 
PARAMETRIC_REPRESENTATION_CONTEXT() REPRESENTATION_CONTEXT('2D SPACE',''
  ) );
#2570 = PCURVE('',#2458,#2571);
#2571 = DEFINITIONAL_REPRESENTATION('',(#2572),#2576);
#2572 = LINE('',#2573,#2574);
#2573 = CARTESIAN_POINT('',(5.196152422707,-9.));
#2574 = VECTOR('',#2575,1.);
#2575 = DIRECTION('',(0.5,0.866025403784));
#2576 = ( GEOMETRIC_REPRESENTATION_CONTEXT(2) 
PARAMETRIC_REPRESENTATION_CONTEXT() REPRESENTATION_CONTEXT('2D SPACE',''
  ) );
#2577 = ORIENTED_EDGE('',*,*,#2407,.F.);
#2578 = ORIENTED_EDGE('',*,*,#2579,.F.);
#2579 = EDGE_CURVE('',#2528,#2408,#2580,.T.);
#2580 = SURFACE_CURVE('',#2581,(#2585,#2592),.PCURVE_S1.);
#2581 = LINE('',#2582,#2583);
#2582 = CARTESIAN_POINT('',(-44.,390.5,-108.8038475772));
#2583 = VECTOR('',#2584,1.);
#2584 = DIRECTION('',(0.866025403784,0.,0.5));
#2585 = PCURVE('',#2430,#2586);
#2586 = DEFINITIONAL_REPRESENTATION('',(#2587),#2591);
#2587 = LINE('',#2588,#2589);
#2588 = CARTESIAN_POINT('',(0.,0.));
#2589 = VECTOR('',#2590,1.);
#2590 = DIRECTION('',(1.,0.));
#2591 = ( GEOMETRIC_REPRESENTATION_CONTEXT(2) 
PARAMETRIC_REPRESENTATION_CONTEXT() REPRESENTATION_CONTEXT('2D SPACE',''
  ) );
#2592 = PCURVE('',#2512,#2593);
#2593 = DEFINITIONAL_REPRESENTATION('',(#2594),#2598);
#2594 = LINE('',#2595,#2596);
#2595 = CARTESIAN_POINT('',(5.196152422707,-9.));
#2596 = VECTOR('',#2597,1.);
#2597 = DIRECTION('',(0.5,0.866025403784));
#2598 = ( GEOMETRIC_REPRESENTATION_CONTEXT(2) 
PARAMETRIC_REPRESENTATION_CONTEXT() REPRESENTATION_CONTEXT('2D SPACE',''
  ) );
#2599 = ADVANCED_FACE('',(#2600),#2486,.F.);
#2600 = FACE_BOUND('',#2601,.F.);
#2601 = EDGE_LOOP('',(#2602,#2603,#2626,#2654));
#2602 = ORIENTED_EDGE('',*,*,#2470,.T.);
#2603 = ORIENTED_EDGE('',*,*,#2604,.T.);
#2604 = EDGE_CURVE('',#2443,#2605,#2607,.T.);
#2605 = VERTEX_POINT('',#2606);
#2606 = CARTESIAN_POINT('',(-26.,398.,-119.1961524227));
#2607 = SURFACE_CURVE('',#2608,(#2612,#2619),.PCURVE_S1.);
#2608 = LINE('',#2609,#2610);
#2609 = CARTESIAN_POINT('',(-26.,398.,-108.8038475772));
#2610 = VECTOR('',#2611,1.);
#2611 = DIRECTION('',(1.709300165674E-16,0.,-1.));
#2612 = PCURVE('',#2486,#2613);
#2613 = DEFINITIONAL_REPRESENTATION('',(#2614),#2618);
#2614 = LINE('',#2615,#2616);
#2615 = CARTESIAN_POINT('',(0.,-7.5));
#2616 = VECTOR('',#2617,1.);
#2617 = DIRECTION('',(1.,0.));
#2618 = ( GEOMETRIC_REPRESENTATION_CONTEXT(2) 
PARAMETRIC_REPRESENTATION_CONTEXT() REPRESENTATION_CONTEXT('2D SPACE',''
  ) );
#2619 = PCURVE('',#2458,#2620);
#2620 = DEFINITIONAL_REPRESENTATION('',(#2621),#2625);
#2621 = LINE('',#2622,#2623);
#2622 = CARTESIAN_POINT('',(5.196152422707,9.));
#2623 = VECTOR('',#2624,1.);
#2624 = DIRECTION('',(-1.,1.709300165674E-16));
#2625 = ( GEOMETRIC_REPRESENTATION_CONTEXT(2) 
PARAMETRIC_REPRESENTATION_CONTEXT() REPRESENTATION_CONTEXT('2D SPACE',''
  ) );
#2626 = ORIENTED_EDGE('',*,*,#2627,.F.);
#2627 = EDGE_CURVE('',#2628,#2605,#2630,.T.);
#2628 = VERTEX_POINT('',#2629);
#2629 = CARTESIAN_POINT('',(-26.,390.5,-119.1961524227));
#2630 = SURFACE_CURVE('',#2631,(#2635,#2642),.PCURVE_S1.);
#2631 = LINE('',#2632,#2633);
#2632 = CARTESIAN_POINT('',(-26.,390.5,-119.1961524227));
#2633 = VECTOR('',#2634,1.);
#2634 = DIRECTION('',(0.,1.,0.));
#2635 = PCURVE('',#2486,#2636);
#2636 = DEFINITIONAL_REPRESENTATION('',(#2637),#2641);
#2637 = LINE('',#2638,#2639);
#2638 = CARTESIAN_POINT('',(10.392304845413,0.));
#2639 = VECTOR('',#2640,1.);
#2640 = DIRECTION('',(0.,-1.));
#2641 = ( GEOMETRIC_REPRESENTATION_CONTEXT(2) 
PARAMETRIC_REPRESENTATION_CONTEXT() REPRESENTATION_CONTEXT('2D SPACE',''
  ) );
#2642 = PCURVE('',#2643,#2648);
#2643 = PLANE('',#2644);
#2644 = AXIS2_PLACEMENT_3D('',#2645,#2646,#2647);
#2645 = CARTESIAN_POINT('',(-26.,390.5,-119.1961524227));
#2646 = DIRECTION('',(-0.5,0.,0.866025403784));
#2647 = DIRECTION('',(-0.866025403784,0.,-0.5));
#2648 = DEFINITIONAL_REPRESENTATION('',(#2649),#2653);
#2649 = LINE('',#2650,#2651);
#2650 = CARTESIAN_POINT('',(0.,0.));
#2651 = VECTOR('',#2652,1.);
#2652 = DIRECTION('',(0.,-1.));
#2653 = ( GEOMETRIC_REPRESENTATION_CONTEXT(2) 
PARAMETRIC_REPRESENTATION_CONTEXT() REPRESENTATION_CONTEXT('2D SPACE',''
  ) );
#2654 = ORIENTED_EDGE('',*,*,#2655,.F.);
#2655 = EDGE_CURVE('',#2471,#2628,#2656,.T.);
#2656 = SURFACE_CURVE('',#2657,(#2661,#2668),.PCURVE_S1.);
#2657 = LINE('',#2658,#2659);
#2658 = CARTESIAN_POINT('',(-26.,390.5,-108.8038475772));
#2659 = VECTOR('',#2660,1.);
#2660 = DIRECTION('',(1.709300165674E-16,0.,-1.));
#2661 = PCURVE('',#2486,#2662);
#2662 = DEFINITIONAL_REPRESENTATION('',(#2663),#2667);
#2663 = LINE('',#2664,#2665);
#2664 = CARTESIAN_POINT('',(0.,0.));
#2665 = VECTOR('',#2666,1.);
#2666 = DIRECTION('',(1.,0.));
#2667 = ( GEOMETRIC_REPRESENTATION_CONTEXT(2) 
PARAMETRIC_REPRESENTATION_CONTEXT() REPRESENTATION_CONTEXT('2D SPACE',''
  ) );
#2668 = PCURVE('',#2512,#2669);
#2669 = DEFINITIONAL_REPRESENTATION('',(#2670),#2674);
#2670 = LINE('',#2671,#2672);
#2671 = CARTESIAN_POINT('',(5.196152422707,9.));
#2672 = VECTOR('',#2673,1.);
#2673 = DIRECTION('',(-1.,1.709300165674E-16));
#2674 = ( GEOMETRIC_REPRESENTATION_CONTEXT(2) 
PARAMETRIC_REPRESENTATION_CONTEXT() REPRESENTATION_CONTEXT('2D SPACE',''
  ) );
#2675 = ADVANCED_FACE('',(#2676),#2512,.F.);
#2676 = FACE_BOUND('',#2677,.F.);
#2677 = EDGE_LOOP('',(#2678,#2679,#2680,#2703,#2731,#2752));
#2678 = ORIENTED_EDGE('',*,*,#2498,.T.);
#2679 = ORIENTED_EDGE('',*,*,#2655,.T.);
#2680 = ORIENTED_EDGE('',*,*,#2681,.T.);
#2681 = EDGE_CURVE('',#2628,#2682,#2684,.T.);
#2682 = VERTEX_POINT('',#2683);
#2683 = CARTESIAN_POINT('',(-35.,390.5,-124.3923048454));
#2684 = SURFACE_CURVE('',#2685,(#2689,#2696),.PCURVE_S1.);
#2685 = LINE('',#2686,#2687);
#2686 = CARTESIAN_POINT('',(-26.,390.5,-119.1961524227));
#2687 = VECTOR('',#2688,1.);
#2688 = DIRECTION('',(-0.866025403784,0.,-0.5));
#2689 = PCURVE('',#2512,#2690);
#2690 = DEFINITIONAL_REPRESENTATION('',(#2691),#2695);
#2691 = LINE('',#2692,#2693);
#2692 = CARTESIAN_POINT('',(-5.196152422707,9.));
#2693 = VECTOR('',#2694,1.);
#2694 = DIRECTION('',(-0.5,-0.866025403784));
#2695 = ( GEOMETRIC_REPRESENTATION_CONTEXT(2) 
PARAMETRIC_REPRESENTATION_CONTEXT() REPRESENTATION_CONTEXT('2D SPACE',''
  ) );
#2696 = PCURVE('',#2643,#2697);
#2697 = DEFINITIONAL_REPRESENTATION('',(#2698),#2702);
#2698 = LINE('',#2699,#2700);
#2699 = CARTESIAN_POINT('',(0.,0.));
#2700 = VECTOR('',#2701,1.);
#2701 = DIRECTION('',(1.,0.));
#2702 = ( GEOMETRIC_REPRESENTATION_CONTEXT(2) 
PARAMETRIC_REPRESENTATION_CONTEXT() REPRESENTATION_CONTEXT('2D SPACE',''
  ) );
#2703 = ORIENTED_EDGE('',*,*,#2704,.T.);
#2704 = EDGE_CURVE('',#2682,#2705,#2707,.T.);
#2705 = VERTEX_POINT('',#2706);
#2706 = CARTESIAN_POINT('',(-44.,390.5,-119.1961524227));
#2707 = SURFACE_CURVE('',#2708,(#2712,#2719),.PCURVE_S1.);
#2708 = LINE('',#2709,#2710);
#2709 = CARTESIAN_POINT('',(-35.,390.5,-124.3923048454));
#2710 = VECTOR('',#2711,1.);
#2711 = DIRECTION('',(-0.866025403784,0.,0.5));
#2712 = PCURVE('',#2512,#2713);
#2713 = DEFINITIONAL_REPRESENTATION('',(#2714),#2718);
#2714 = LINE('',#2715,#2716);
#2715 = CARTESIAN_POINT('',(-10.39230484541,7.105427357601E-15));
#2716 = VECTOR('',#2717,1.);
#2717 = DIRECTION('',(0.5,-0.866025403784));
#2718 = ( GEOMETRIC_REPRESENTATION_CONTEXT(2) 
PARAMETRIC_REPRESENTATION_CONTEXT() REPRESENTATION_CONTEXT('2D SPACE',''
  ) );
#2719 = PCURVE('',#2720,#2725);
#2720 = PLANE('',#2721);
#2721 = AXIS2_PLACEMENT_3D('',#2722,#2723,#2724);
#2722 = CARTESIAN_POINT('',(-35.,390.5,-124.3923048454));
#2723 = DIRECTION('',(0.5,-0.,0.866025403784));
#2724 = DIRECTION('',(-0.866025403784,0.,0.5));
#2725 = DEFINITIONAL_REPRESENTATION('',(#2726),#2730);
#2726 = LINE('',#2727,#2728);
#2727 = CARTESIAN_POINT('',(0.,0.));
#2728 = VECTOR('',#2729,1.);
#2729 = DIRECTION('',(1.,0.));
#2730 = ( GEOMETRIC_REPRESENTATION_CONTEXT(2) 
PARAMETRIC_REPRESENTATION_CONTEXT() REPRESENTATION_CONTEXT('2D SPACE',''
  ) );
#2731 = ORIENTED_EDGE('',*,*,#2732,.T.);
#2732 = EDGE_CURVE('',#2705,#2528,#2733,.T.);
#2733 = SURFACE_CURVE('',#2734,(#2738,#2745),.PCURVE_S1.);
#2734 = LINE('',#2735,#2736);
#2735 = CARTESIAN_POINT('',(-44.,390.5,-119.1961524227));
#2736 = VECTOR('',#2737,1.);
#2737 = DIRECTION('',(-6.837200662697E-16,0.,1.));
#2738 = PCURVE('',#2512,#2739);
#2739 = DEFINITIONAL_REPRESENTATION('',(#2740),#2744);
#2740 = LINE('',#2741,#2742);
#2741 = CARTESIAN_POINT('',(-5.196152422707,-9.));
#2742 = VECTOR('',#2743,1.);
#2743 = DIRECTION('',(1.,-6.837200662697E-16));
#2744 = ( GEOMETRIC_REPRESENTATION_CONTEXT(2) 
PARAMETRIC_REPRESENTATION_CONTEXT() REPRESENTATION_CONTEXT('2D SPACE',''
  ) );
#2745 = PCURVE('',#2545,#2746);
#2746 = DEFINITIONAL_REPRESENTATION('',(#2747),#2751);
#2747 = LINE('',#2748,#2749);
#2748 = CARTESIAN_POINT('',(0.,0.));
#2749 = VECTOR('',#2750,1.);
#2750 = DIRECTION('',(1.,0.));
#2751 = ( GEOMETRIC_REPRESENTATION_CONTEXT(2) 
PARAMETRIC_REPRESENTATION_CONTEXT() REPRESENTATION_CONTEXT('2D SPACE',''
  ) );
#2752 = ORIENTED_EDGE('',*,*,#2579,.T.);
#2753 = ADVANCED_FACE('',(#2754,#2826),#2458,.T.);
#2754 = FACE_BOUND('',#2755,.T.);
#2755 = EDGE_LOOP('',(#2756,#2757,#2758,#2781,#2804,#2825));
#2756 = ORIENTED_EDGE('',*,*,#2442,.T.);
#2757 = ORIENTED_EDGE('',*,*,#2604,.T.);
#2758 = ORIENTED_EDGE('',*,*,#2759,.T.);
#2759 = EDGE_CURVE('',#2605,#2760,#2762,.T.);
#2760 = VERTEX_POINT('',#2761);
#2761 = CARTESIAN_POINT('',(-35.,398.,-124.3923048454));
#2762 = SURFACE_CURVE('',#2763,(#2767,#2774),.PCURVE_S1.);
#2763 = LINE('',#2764,#2765);
#2764 = CARTESIAN_POINT('',(-26.,398.,-119.1961524227));
#2765 = VECTOR('',#2766,1.);
#2766 = DIRECTION('',(-0.866025403784,0.,-0.5));
#2767 = PCURVE('',#2458,#2768);
#2768 = DEFINITIONAL_REPRESENTATION('',(#2769),#2773);
#2769 = LINE('',#2770,#2771);
#2770 = CARTESIAN_POINT('',(-5.196152422707,9.));
#2771 = VECTOR('',#2772,1.);
#2772 = DIRECTION('',(-0.5,-0.866025403784));
#2773 = ( GEOMETRIC_REPRESENTATION_CONTEXT(2) 
PARAMETRIC_REPRESENTATION_CONTEXT() REPRESENTATION_CONTEXT('2D SPACE',''
  ) );
#2774 = PCURVE('',#2643,#2775);
#2775 = DEFINITIONAL_REPRESENTATION('',(#2776),#2780);
#2776 = LINE('',#2777,#2778);
#2777 = CARTESIAN_POINT('',(0.,-7.5));
#2778 = VECTOR('',#2779,1.);
#2779 = DIRECTION('',(1.,0.));
#2780 = ( GEOMETRIC_REPRESENTATION_CONTEXT(2) 
PARAMETRIC_REPRESENTATION_CONTEXT() REPRESENTATION_CONTEXT('2D SPACE',''
  ) );
#2781 = ORIENTED_EDGE('',*,*,#2782,.T.);
#2782 = EDGE_CURVE('',#2760,#2783,#2785,.T.);
#2783 = VERTEX_POINT('',#2784);
#2784 = CARTESIAN_POINT('',(-44.,398.,-119.1961524227));
#2785 = SURFACE_CURVE('',#2786,(#2790,#2797),.PCURVE_S1.);
#2786 = LINE('',#2787,#2788);
#2787 = CARTESIAN_POINT('',(-35.,398.,-124.3923048454));
#2788 = VECTOR('',#2789,1.);
#2789 = DIRECTION('',(-0.866025403784,0.,0.5));
#2790 = PCURVE('',#2458,#2791);
#2791 = DEFINITIONAL_REPRESENTATION('',(#2792),#2796);
#2792 = LINE('',#2793,#2794);
#2793 = CARTESIAN_POINT('',(-10.39230484541,7.105427357601E-15));
#2794 = VECTOR('',#2795,1.);
#2795 = DIRECTION('',(0.5,-0.866025403784));
#2796 = ( GEOMETRIC_REPRESENTATION_CONTEXT(2) 
PARAMETRIC_REPRESENTATION_CONTEXT() REPRESENTATION_CONTEXT('2D SPACE',''
  ) );
#2797 = PCURVE('',#2720,#2798);
#2798 = DEFINITIONAL_REPRESENTATION('',(#2799),#2803);
#2799 = LINE('',#2800,#2801);
#2800 = CARTESIAN_POINT('',(0.,-7.5));
#2801 = VECTOR('',#2802,1.);
#2802 = DIRECTION('',(1.,0.));
#2803 = ( GEOMETRIC_REPRESENTATION_CONTEXT(2) 
PARAMETRIC_REPRESENTATION_CONTEXT() REPRESENTATION_CONTEXT('2D SPACE',''
  ) );
#2804 = ORIENTED_EDGE('',*,*,#2805,.T.);
#2805 = EDGE_CURVE('',#2783,#2530,#2806,.T.);
#2806 = SURFACE_CURVE('',#2807,(#2811,#2818),.PCURVE_S1.);
#2807 = LINE('',#2808,#2809);
#2808 = CARTESIAN_POINT('',(-44.,398.,-119.1961524227));
#2809 = VECTOR('',#2810,1.);
#2810 = DIRECTION('',(-6.837200662697E-16,0.,1.));
#2811 = PCURVE('',#2458,#2812);
#2812 = DEFINITIONAL_REPRESENTATION('',(#2813),#2817);
#2813 = LINE('',#2814,#2815);
#2814 = CARTESIAN_POINT('',(-5.196152422707,-9.));
#2815 = VECTOR('',#2816,1.);
#2816 = DIRECTION('',(1.,-6.837200662697E-16));
#2817 = ( GEOMETRIC_REPRESENTATION_CONTEXT(2) 
PARAMETRIC_REPRESENTATION_CONTEXT() REPRESENTATION_CONTEXT('2D SPACE',''
  ) );
#2818 = PCURVE('',#2545,#2819);
#2819 = DEFINITIONAL_REPRESENTATION('',(#2820),#2824);
#2820 = LINE('',#2821,#2822);
#2821 = CARTESIAN_POINT('',(0.,-7.5));
#2822 = VECTOR('',#2823,1.);
#2823 = DIRECTION('',(1.,0.));
#2824 = ( GEOMETRIC_REPRESENTATION_CONTEXT(2) 
PARAMETRIC_REPRESENTATION_CONTEXT() REPRESENTATION_CONTEXT('2D SPACE',''
  ) );
#2825 = ORIENTED_EDGE('',*,*,#2557,.T.);
#2826 = FACE_BOUND('',#2827,.T.);
#2827 = EDGE_LOOP('',(#2828));
#2828 = ORIENTED_EDGE('',*,*,#2829,.F.);
#2829 = EDGE_CURVE('',#2830,#2830,#2832,.T.);
#2830 = VERTEX_POINT('',#2831);
#2831 = CARTESIAN_POINT('',(-35.,398.,-108.));
#2832 = SURFACE_CURVE('',#2833,(#2838,#2845),.PCURVE_S1.);
#2833 = CIRCLE('',#2834,6.);
#2834 = AXIS2_PLACEMENT_3D('',#2835,#2836,#2837);
#2835 = CARTESIAN_POINT('',(-35.,398.,-114.));
#2836 = DIRECTION('',(0.,1.,0.));
#2837 = DIRECTION('',(0.,0.,1.));
#2838 = PCURVE('',#2458,#2839);
#2839 = DEFINITIONAL_REPRESENTATION('',(#2840),#2844);
#2840 = CIRCLE('',#2841,6.);
#2841 = AXIS2_PLACEMENT_2D('',#2842,#2843);
#2842 = CARTESIAN_POINT('',(2.84217094304E-14,7.105427357601E-15));
#2843 = DIRECTION('',(1.,0.));
#2844 = ( GEOMETRIC_REPRESENTATION_CONTEXT(2) 
PARAMETRIC_REPRESENTATION_CONTEXT() REPRESENTATION_CONTEXT('2D SPACE',''
  ) );
#2845 = PCURVE('',#2846,#2851);
#2846 = CYLINDRICAL_SURFACE('',#2847,6.);
#2847 = AXIS2_PLACEMENT_3D('',#2848,#2849,#2850);
#2848 = CARTESIAN_POINT('',(-35.,398.,-114.));
#2849 = DIRECTION('',(-0.,-1.,-0.));
#2850 = DIRECTION('',(0.,0.,1.));
#2851 = DEFINITIONAL_REPRESENTATION('',(#2852),#2856);
#2852 = LINE('',#2853,#2854);
#2853 = CARTESIAN_POINT('',(-0.,0.));
#2854 = VECTOR('',#2855,1.);
#2855 = DIRECTION('',(-1.,0.));
#2856 = ( GEOMETRIC_REPRESENTATION_CONTEXT(2) 
PARAMETRIC_REPRESENTATION_CONTEXT() REPRESENTATION_CONTEXT('2D SPACE',''
  ) );
#2857 = ADVANCED_FACE('',(#2858),#2545,.F.);
#2858 = FACE_BOUND('',#2859,.F.);
#2859 = EDGE_LOOP('',(#2860,#2881,#2882,#2883));
#2860 = ORIENTED_EDGE('',*,*,#2861,.T.);
#2861 = EDGE_CURVE('',#2705,#2783,#2862,.T.);
#2862 = SURFACE_CURVE('',#2863,(#2867,#2874),.PCURVE_S1.);
#2863 = LINE('',#2864,#2865);
#2864 = CARTESIAN_POINT('',(-44.,390.5,-119.1961524227));
#2865 = VECTOR('',#2866,1.);
#2866 = DIRECTION('',(0.,1.,0.));
#2867 = PCURVE('',#2545,#2868);
#2868 = DEFINITIONAL_REPRESENTATION('',(#2869),#2873);
#2869 = LINE('',#2870,#2871);
#2870 = CARTESIAN_POINT('',(0.,0.));
#2871 = VECTOR('',#2872,1.);
#2872 = DIRECTION('',(0.,-1.));
#2873 = ( GEOMETRIC_REPRESENTATION_CONTEXT(2) 
PARAMETRIC_REPRESENTATION_CONTEXT() REPRESENTATION_CONTEXT('2D SPACE',''
  ) );
#2874 = PCURVE('',#2720,#2875);
#2875 = DEFINITIONAL_REPRESENTATION('',(#2876),#2880);
#2876 = LINE('',#2877,#2878);
#2877 = CARTESIAN_POINT('',(10.392304845413,0.));
#2878 = VECTOR('',#2879,1.);
#2879 = DIRECTION('',(0.,-1.));
#2880 = ( GEOMETRIC_REPRESENTATION_CONTEXT(2) 
PARAMETRIC_REPRESENTATION_CONTEXT() REPRESENTATION_CONTEXT('2D SPACE',''
  ) );
#2881 = ORIENTED_EDGE('',*,*,#2805,.T.);
#2882 = ORIENTED_EDGE('',*,*,#2527,.F.);
#2883 = ORIENTED_EDGE('',*,*,#2732,.F.);
#2884 = ADVANCED_FACE('',(#2885),#2643,.F.);
#2885 = FACE_BOUND('',#2886,.F.);
#2886 = EDGE_LOOP('',(#2887,#2888,#2889,#2910));
#2887 = ORIENTED_EDGE('',*,*,#2627,.T.);
#2888 = ORIENTED_EDGE('',*,*,#2759,.T.);
#2889 = ORIENTED_EDGE('',*,*,#2890,.F.);
#2890 = EDGE_CURVE('',#2682,#2760,#2891,.T.);
#2891 = SURFACE_CURVE('',#2892,(#2896,#2903),.PCURVE_S1.);
#2892 = LINE('',#2893,#2894);
#2893 = CARTESIAN_POINT('',(-35.,390.5,-124.3923048454));
#2894 = VECTOR('',#2895,1.);
#2895 = DIRECTION('',(0.,1.,0.));
#2896 = PCURVE('',#2643,#2897);
#2897 = DEFINITIONAL_REPRESENTATION('',(#2898),#2902);
#2898 = LINE('',#2899,#2900);
#2899 = CARTESIAN_POINT('',(10.392304845413,0.));
#2900 = VECTOR('',#2901,1.);
#2901 = DIRECTION('',(0.,-1.));
#2902 = ( GEOMETRIC_REPRESENTATION_CONTEXT(2) 
PARAMETRIC_REPRESENTATION_CONTEXT() REPRESENTATION_CONTEXT('2D SPACE',''
  ) );
#2903 = PCURVE('',#2720,#2904);
#2904 = DEFINITIONAL_REPRESENTATION('',(#2905),#2909);
#2905 = LINE('',#2906,#2907);
#2906 = CARTESIAN_POINT('',(0.,0.));
#2907 = VECTOR('',#2908,1.);
#2908 = DIRECTION('',(0.,-1.));
#2909 = ( GEOMETRIC_REPRESENTATION_CONTEXT(2) 
PARAMETRIC_REPRESENTATION_CONTEXT() REPRESENTATION_CONTEXT('2D SPACE',''
  ) );
#2910 = ORIENTED_EDGE('',*,*,#2681,.F.);
#2911 = ADVANCED_FACE('',(#2912),#2720,.F.);
#2912 = FACE_BOUND('',#2913,.F.);
#2913 = EDGE_LOOP('',(#2914,#2915,#2916,#2917));
#2914 = ORIENTED_EDGE('',*,*,#2890,.T.);
#2915 = ORIENTED_EDGE('',*,*,#2782,.T.);
#2916 = ORIENTED_EDGE('',*,*,#2861,.F.);
#2917 = ORIENTED_EDGE('',*,*,#2704,.F.);
#2918 = ADVANCED_FACE('',(#2919),#2846,.T.);
#2919 = FACE_BOUND('',#2920,.F.);
#2920 = EDGE_LOOP('',(#2921,#2944,#2971,#2972));
#2921 = ORIENTED_EDGE('',*,*,#2922,.T.);
#2922 = EDGE_CURVE('',#2830,#2923,#2925,.T.);
#2923 = VERTEX_POINT('',#2924);
#2924 = CARTESIAN_POINT('',(-35.,538.,-108.));
#2925 = SEAM_CURVE('',#2926,(#2930,#2937),.PCURVE_S1.);
#2926 = LINE('',#2927,#2928);
#2927 = CARTESIAN_POINT('',(-35.,398.,-108.));
#2928 = VECTOR('',#2929,1.);
#2929 = DIRECTION('',(0.,1.,0.));
#2930 = PCURVE('',#2846,#2931);
#2931 = DEFINITIONAL_REPRESENTATION('',(#2932),#2936);
#2932 = LINE('',#2933,#2934);
#2933 = CARTESIAN_POINT('',(-0.,0.));
#2934 = VECTOR('',#2935,1.);
#2935 = DIRECTION('',(-0.,-1.));
#2936 = ( GEOMETRIC_REPRESENTATION_CONTEXT(2) 
PARAMETRIC_REPRESENTATION_CONTEXT() REPRESENTATION_CONTEXT('2D SPACE',''
  ) );
#2937 = PCURVE('',#2846,#2938);
#2938 = DEFINITIONAL_REPRESENTATION('',(#2939),#2943);
#2939 = LINE('',#2940,#2941);
#2940 = CARTESIAN_POINT('',(-6.28318530718,0.));
#2941 = VECTOR('',#2942,1.);
#2942 = DIRECTION('',(-0.,-1.));
#2943 = ( GEOMETRIC_REPRESENTATION_CONTEXT(2) 
PARAMETRIC_REPRESENTATION_CONTEXT() REPRESENTATION_CONTEXT('2D SPACE',''
  ) );
#2944 = ORIENTED_EDGE('',*,*,#2945,.T.);
#2945 = EDGE_CURVE('',#2923,#2923,#2946,.T.);
#2946 = SURFACE_CURVE('',#2947,(#2952,#2959),.PCURVE_S1.);
#2947 = CIRCLE('',#2948,6.);
#2948 = AXIS2_PLACEMENT_3D('',#2949,#2950,#2951);
#2949 = CARTESIAN_POINT('',(-35.,538.,-114.));
#2950 = DIRECTION('',(0.,1.,0.));
#2951 = DIRECTION('',(0.,0.,1.));
#2952 = PCURVE('',#2846,#2953);
#2953 = DEFINITIONAL_REPRESENTATION('',(#2954),#2958);
#2954 = LINE('',#2955,#2956);
#2955 = CARTESIAN_POINT('',(-0.,-140.));
#2956 = VECTOR('',#2957,1.);
#2957 = DIRECTION('',(-1.,0.));
#2958 = ( GEOMETRIC_REPRESENTATION_CONTEXT(2) 
PARAMETRIC_REPRESENTATION_CONTEXT() REPRESENTATION_CONTEXT('2D SPACE',''
  ) );
#2959 = PCURVE('',#2960,#2965);
#2960 = PLANE('',#2961);
#2961 = AXIS2_PLACEMENT_3D('',#2962,#2963,#2964);
#2962 = CARTESIAN_POINT('',(-35.,538.,-114.));
#2963 = DIRECTION('',(0.,1.,0.));
#2964 = DIRECTION('',(0.,-0.,1.));
#2965 = DEFINITIONAL_REPRESENTATION('',(#2966),#2970);
#2966 = CIRCLE('',#2967,6.);
#2967 = AXIS2_PLACEMENT_2D('',#2968,#2969);
#2968 = CARTESIAN_POINT('',(0.,0.));
#2969 = DIRECTION('',(1.,0.));
#2970 = ( GEOMETRIC_REPRESENTATION_CONTEXT(2) 
PARAMETRIC_REPRESENTATION_CONTEXT() REPRESENTATION_CONTEXT('2D SPACE',''
  ) );
#2971 = ORIENTED_EDGE('',*,*,#2922,.F.);
#2972 = ORIENTED_EDGE('',*,*,#2829,.F.);
#2973 = ADVANCED_FACE('',(#2974),#2960,.T.);
#2974 = FACE_BOUND('',#2975,.T.);
#2975 = EDGE_LOOP('',(#2976));
#2976 = ORIENTED_EDGE('',*,*,#2945,.T.);
#2977 = ( GEOMETRIC_REPRESENTATION_CONTEXT(3) 
GLOBAL_UNCERTAINTY_ASSIGNED_CONTEXT((#2981)) 
GLOBAL_UNIT_ASSIGNED_CONTEXT((#2978,#2979,#2980)) REPRESENTATION_CONTEXT
('Context #1','3D Context with UNIT and UNCERTAINTY') );
#2978 = ( LENGTH_UNIT() NAMED_UNIT(*) SI_UNIT(.MILLI.,.METRE.) );
#2979 = ( NAMED_UNIT(*) PLANE_ANGLE_UNIT() SI_UNIT($,.RADIAN.) );
#2980 = ( NAMED_UNIT(*) SI_UNIT($,.STERADIAN.) SOLID_ANGLE_UNIT() );
#2981 = UNCERTAINTY_MEASURE_WITH_UNIT(LENGTH_MEASURE(1.E-07),#2978,
  'distance_accuracy_value','confusion accuracy');
#2982 = CONTEXT_DEPENDENT_SHAPE_REPRESENTATION(#2983,#2985);
#2983 = ( REPRESENTATION_RELATIONSHIP('','',#2400,#10) 
REPRESENTATION_RELATIONSHIP_WITH_TRANSFORMATION(#2984) 
SHAPE_REPRESENTATION_RELATIONSHIP() );
#2984 = ITEM_DEFINED_TRANSFORMATION('','',#11,#31);
#2985 = PRODUCT_DEFINITION_SHAPE('Placement','Placement of an item',
  #2986);
#2986 = NEXT_ASSEMBLY_USAGE_OCCURRENCE('5',
  'M12_nominal_clamp_bolt_-35_-114','',#5,#2395,$);
#2987 = PRODUCT_RELATED_PRODUCT_CATEGORY('part',$,(#2397));
#2988 = SHAPE_DEFINITION_REPRESENTATION(#2989,#2995);
#2989 = PRODUCT_DEFINITION_SHAPE('','',#2990);
#2990 = PRODUCT_DEFINITION('design','',#2991,#2994);
#2991 = PRODUCT_DEFINITION_FORMATION('','',#2992);
#2992 = PRODUCT('M12_nominal_washer_-35_-114',
  'M12_nominal_washer_-35_-114','',(#2993));
#2993 = PRODUCT_CONTEXT('',#2,'mechanical');
#2994 = PRODUCT_DEFINITION_CONTEXT('part definition',#2,'design');
#2995 = ADVANCED_BREP_SHAPE_REPRESENTATION('',(#11,#2996),#3178);
#2996 = MANIFOLD_SOLID_BREP('',#2997);
#2997 = CLOSED_SHELL('',(#2998,#3086,#3164,#3171));
#2998 = ADVANCED_FACE('',(#2999),#3013,.T.);
#2999 = FACE_BOUND('',#3000,.F.);
#3000 = EDGE_LOOP('',(#3001,#3031,#3058,#3059));
#3001 = ORIENTED_EDGE('',*,*,#3002,.T.);
#3002 = EDGE_CURVE('',#3003,#3005,#3007,.T.);
#3003 = VERTEX_POINT('',#3004);
#3004 = CARTESIAN_POINT('',(-35.,522.,-102.));
#3005 = VERTEX_POINT('',#3006);
#3006 = CARTESIAN_POINT('',(-35.,524.,-102.));
#3007 = SEAM_CURVE('',#3008,(#3012,#3024),.PCURVE_S1.);
#3008 = LINE('',#3009,#3010);
#3009 = CARTESIAN_POINT('',(-35.,522.,-102.));
#3010 = VECTOR('',#3011,1.);
#3011 = DIRECTION('',(0.,1.,0.));
#3012 = PCURVE('',#3013,#3018);
#3013 = CYLINDRICAL_SURFACE('',#3014,12.);
#3014 = AXIS2_PLACEMENT_3D('',#3015,#3016,#3017);
#3015 = CARTESIAN_POINT('',(-35.,522.,-114.));
#3016 = DIRECTION('',(-0.,-1.,-0.));
#3017 = DIRECTION('',(0.,0.,1.));
#3018 = DEFINITIONAL_REPRESENTATION('',(#3019),#3023);
#3019 = LINE('',#3020,#3021);
#3020 = CARTESIAN_POINT('',(-0.,0.));
#3021 = VECTOR('',#3022,1.);
#3022 = DIRECTION('',(-0.,-1.));
#3023 = ( GEOMETRIC_REPRESENTATION_CONTEXT(2) 
PARAMETRIC_REPRESENTATION_CONTEXT() REPRESENTATION_CONTEXT('2D SPACE',''
  ) );
#3024 = PCURVE('',#3013,#3025);
#3025 = DEFINITIONAL_REPRESENTATION('',(#3026),#3030);
#3026 = LINE('',#3027,#3028);
#3027 = CARTESIAN_POINT('',(-6.28318530718,0.));
#3028 = VECTOR('',#3029,1.);
#3029 = DIRECTION('',(-0.,-1.));
#3030 = ( GEOMETRIC_REPRESENTATION_CONTEXT(2) 
PARAMETRIC_REPRESENTATION_CONTEXT() REPRESENTATION_CONTEXT('2D SPACE',''
  ) );
#3031 = ORIENTED_EDGE('',*,*,#3032,.T.);
#3032 = EDGE_CURVE('',#3005,#3005,#3033,.T.);
#3033 = SURFACE_CURVE('',#3034,(#3039,#3046),.PCURVE_S1.);
#3034 = CIRCLE('',#3035,12.);
#3035 = AXIS2_PLACEMENT_3D('',#3036,#3037,#3038);
#3036 = CARTESIAN_POINT('',(-35.,524.,-114.));
#3037 = DIRECTION('',(0.,1.,0.));
#3038 = DIRECTION('',(0.,0.,1.));
#3039 = PCURVE('',#3013,#3040);
#3040 = DEFINITIONAL_REPRESENTATION('',(#3041),#3045);
#3041 = LINE('',#3042,#3043);
#3042 = CARTESIAN_POINT('',(-0.,-2.));
#3043 = VECTOR('',#3044,1.);
#3044 = DIRECTION('',(-1.,0.));
#3045 = ( GEOMETRIC_REPRESENTATION_CONTEXT(2) 
PARAMETRIC_REPRESENTATION_CONTEXT() REPRESENTATION_CONTEXT('2D SPACE',''
  ) );
#3046 = PCURVE('',#3047,#3052);
#3047 = PLANE('',#3048);
#3048 = AXIS2_PLACEMENT_3D('',#3049,#3050,#3051);
#3049 = CARTESIAN_POINT('',(-35.,524.,-114.));
#3050 = DIRECTION('',(0.,1.,0.));
#3051 = DIRECTION('',(0.,-0.,1.));
#3052 = DEFINITIONAL_REPRESENTATION('',(#3053),#3057);
#3053 = CIRCLE('',#3054,12.);
#3054 = AXIS2_PLACEMENT_2D('',#3055,#3056);
#3055 = CARTESIAN_POINT('',(-1.42108547152E-14,0.));
#3056 = DIRECTION('',(1.,0.));
#3057 = ( GEOMETRIC_REPRESENTATION_CONTEXT(2) 
PARAMETRIC_REPRESENTATION_CONTEXT() REPRESENTATION_CONTEXT('2D SPACE',''
  ) );
#3058 = ORIENTED_EDGE('',*,*,#3002,.F.);
#3059 = ORIENTED_EDGE('',*,*,#3060,.F.);
#3060 = EDGE_CURVE('',#3003,#3003,#3061,.T.);
#3061 = SURFACE_CURVE('',#3062,(#3067,#3074),.PCURVE_S1.);
#3062 = CIRCLE('',#3063,12.);
#3063 = AXIS2_PLACEMENT_3D('',#3064,#3065,#3066);
#3064 = CARTESIAN_POINT('',(-35.,522.,-114.));
#3065 = DIRECTION('',(0.,1.,0.));
#3066 = DIRECTION('',(0.,0.,1.));
#3067 = PCURVE('',#3013,#3068);
#3068 = DEFINITIONAL_REPRESENTATION('',(#3069),#3073);
#3069 = LINE('',#3070,#3071);
#3070 = CARTESIAN_POINT('',(-0.,0.));
#3071 = VECTOR('',#3072,1.);
#3072 = DIRECTION('',(-1.,0.));
#3073 = ( GEOMETRIC_REPRESENTATION_CONTEXT(2) 
PARAMETRIC_REPRESENTATION_CONTEXT() REPRESENTATION_CONTEXT('2D SPACE',''
  ) );
#3074 = PCURVE('',#3075,#3080);
#3075 = PLANE('',#3076);
#3076 = AXIS2_PLACEMENT_3D('',#3077,#3078,#3079);
#3077 = CARTESIAN_POINT('',(-35.,522.,-114.));
#3078 = DIRECTION('',(0.,1.,0.));
#3079 = DIRECTION('',(0.,-0.,1.));
#3080 = DEFINITIONAL_REPRESENTATION('',(#3081),#3085);
#3081 = CIRCLE('',#3082,12.);
#3082 = AXIS2_PLACEMENT_2D('',#3083,#3084);
#3083 = CARTESIAN_POINT('',(-1.42108547152E-14,0.));
#3084 = DIRECTION('',(1.,0.));
#3085 = ( GEOMETRIC_REPRESENTATION_CONTEXT(2) 
PARAMETRIC_REPRESENTATION_CONTEXT() REPRESENTATION_CONTEXT('2D SPACE',''
  ) );
#3086 = ADVANCED_FACE('',(#3087),#3101,.F.);
#3087 = FACE_BOUND('',#3088,.T.);
#3088 = EDGE_LOOP('',(#3089,#3119,#3141,#3142));
#3089 = ORIENTED_EDGE('',*,*,#3090,.T.);
#3090 = EDGE_CURVE('',#3091,#3093,#3095,.T.);
#3091 = VERTEX_POINT('',#3092);
#3092 = CARTESIAN_POINT('',(-35.,522.,-107.5));
#3093 = VERTEX_POINT('',#3094);
#3094 = CARTESIAN_POINT('',(-35.,524.,-107.5));
#3095 = SEAM_CURVE('',#3096,(#3100,#3112),.PCURVE_S1.);
#3096 = LINE('',#3097,#3098);
#3097 = CARTESIAN_POINT('',(-35.,522.,-107.5));
#3098 = VECTOR('',#3099,1.);
#3099 = DIRECTION('',(0.,1.,0.));
#3100 = PCURVE('',#3101,#3106);
#3101 = CYLINDRICAL_SURFACE('',#3102,6.5);
#3102 = AXIS2_PLACEMENT_3D('',#3103,#3104,#3105);
#3103 = CARTESIAN_POINT('',(-35.,522.,-114.));
#3104 = DIRECTION('',(-0.,-1.,-0.));
#3105 = DIRECTION('',(0.,0.,1.));
#3106 = DEFINITIONAL_REPRESENTATION('',(#3107),#3111);
#3107 = LINE('',#3108,#3109);
#3108 = CARTESIAN_POINT('',(-0.,0.));
#3109 = VECTOR('',#3110,1.);
#3110 = DIRECTION('',(-0.,-1.));
#3111 = ( GEOMETRIC_REPRESENTATION_CONTEXT(2) 
PARAMETRIC_REPRESENTATION_CONTEXT() REPRESENTATION_CONTEXT('2D SPACE',''
  ) );
#3112 = PCURVE('',#3101,#3113);
#3113 = DEFINITIONAL_REPRESENTATION('',(#3114),#3118);
#3114 = LINE('',#3115,#3116);
#3115 = CARTESIAN_POINT('',(-6.28318530718,0.));
#3116 = VECTOR('',#3117,1.);
#3117 = DIRECTION('',(-0.,-1.));
#3118 = ( GEOMETRIC_REPRESENTATION_CONTEXT(2) 
PARAMETRIC_REPRESENTATION_CONTEXT() REPRESENTATION_CONTEXT('2D SPACE',''
  ) );
#3119 = ORIENTED_EDGE('',*,*,#3120,.T.);
#3120 = EDGE_CURVE('',#3093,#3093,#3121,.T.);
#3121 = SURFACE_CURVE('',#3122,(#3127,#3134),.PCURVE_S1.);
#3122 = CIRCLE('',#3123,6.5);
#3123 = AXIS2_PLACEMENT_3D('',#3124,#3125,#3126);
#3124 = CARTESIAN_POINT('',(-35.,524.,-114.));
#3125 = DIRECTION('',(0.,1.,0.));
#3126 = DIRECTION('',(0.,0.,1.));
#3127 = PCURVE('',#3101,#3128);
#3128 = DEFINITIONAL_REPRESENTATION('',(#3129),#3133);
#3129 = LINE('',#3130,#3131);
#3130 = CARTESIAN_POINT('',(-0.,-2.));
#3131 = VECTOR('',#3132,1.);
#3132 = DIRECTION('',(-1.,0.));
#3133 = ( GEOMETRIC_REPRESENTATION_CONTEXT(2) 
PARAMETRIC_REPRESENTATION_CONTEXT() REPRESENTATION_CONTEXT('2D SPACE',''
  ) );
#3134 = PCURVE('',#3047,#3135);
#3135 = DEFINITIONAL_REPRESENTATION('',(#3136),#3140);
#3136 = CIRCLE('',#3137,6.5);
#3137 = AXIS2_PLACEMENT_2D('',#3138,#3139);
#3138 = CARTESIAN_POINT('',(4.263256414561E-14,0.));
#3139 = DIRECTION('',(1.,0.));
#3140 = ( GEOMETRIC_REPRESENTATION_CONTEXT(2) 
PARAMETRIC_REPRESENTATION_CONTEXT() REPRESENTATION_CONTEXT('2D SPACE',''
  ) );
#3141 = ORIENTED_EDGE('',*,*,#3090,.F.);
#3142 = ORIENTED_EDGE('',*,*,#3143,.F.);
#3143 = EDGE_CURVE('',#3091,#3091,#3144,.T.);
#3144 = SURFACE_CURVE('',#3145,(#3150,#3157),.PCURVE_S1.);
#3145 = CIRCLE('',#3146,6.5);
#3146 = AXIS2_PLACEMENT_3D('',#3147,#3148,#3149);
#3147 = CARTESIAN_POINT('',(-35.,522.,-114.));
#3148 = DIRECTION('',(0.,1.,0.));
#3149 = DIRECTION('',(0.,0.,1.));
#3150 = PCURVE('',#3101,#3151);
#3151 = DEFINITIONAL_REPRESENTATION('',(#3152),#3156);
#3152 = LINE('',#3153,#3154);
#3153 = CARTESIAN_POINT('',(-0.,0.));
#3154 = VECTOR('',#3155,1.);
#3155 = DIRECTION('',(-1.,0.));
#3156 = ( GEOMETRIC_REPRESENTATION_CONTEXT(2) 
PARAMETRIC_REPRESENTATION_CONTEXT() REPRESENTATION_CONTEXT('2D SPACE',''
  ) );
#3157 = PCURVE('',#3075,#3158);
#3158 = DEFINITIONAL_REPRESENTATION('',(#3159),#3163);
#3159 = CIRCLE('',#3160,6.5);
#3160 = AXIS2_PLACEMENT_2D('',#3161,#3162);
#3161 = CARTESIAN_POINT('',(4.263256414561E-14,0.));
#3162 = DIRECTION('',(1.,0.));
#3163 = ( GEOMETRIC_REPRESENTATION_CONTEXT(2) 
PARAMETRIC_REPRESENTATION_CONTEXT() REPRESENTATION_CONTEXT('2D SPACE',''
  ) );
#3164 = ADVANCED_FACE('',(#3165,#3168),#3075,.F.);
#3165 = FACE_BOUND('',#3166,.F.);
#3166 = EDGE_LOOP('',(#3167));
#3167 = ORIENTED_EDGE('',*,*,#3060,.T.);
#3168 = FACE_BOUND('',#3169,.F.);
#3169 = EDGE_LOOP('',(#3170));
#3170 = ORIENTED_EDGE('',*,*,#3143,.F.);
#3171 = ADVANCED_FACE('',(#3172,#3175),#3047,.T.);
#3172 = FACE_BOUND('',#3173,.T.);
#3173 = EDGE_LOOP('',(#3174));
#3174 = ORIENTED_EDGE('',*,*,#3032,.T.);
#3175 = FACE_BOUND('',#3176,.T.);
#3176 = EDGE_LOOP('',(#3177));
#3177 = ORIENTED_EDGE('',*,*,#3120,.F.);
#3178 = ( GEOMETRIC_REPRESENTATION_CONTEXT(3) 
GLOBAL_UNCERTAINTY_ASSIGNED_CONTEXT((#3182)) 
GLOBAL_UNIT_ASSIGNED_CONTEXT((#3179,#3180,#3181)) REPRESENTATION_CONTEXT
('Context #1','3D Context with UNIT and UNCERTAINTY') );
#3179 = ( LENGTH_UNIT() NAMED_UNIT(*) SI_UNIT(.MILLI.,.METRE.) );
#3180 = ( NAMED_UNIT(*) PLANE_ANGLE_UNIT() SI_UNIT($,.RADIAN.) );
#3181 = ( NAMED_UNIT(*) SI_UNIT($,.STERADIAN.) SOLID_ANGLE_UNIT() );
#3182 = UNCERTAINTY_MEASURE_WITH_UNIT(LENGTH_MEASURE(1.E-07),#3179,
  'distance_accuracy_value','confusion accuracy');
#3183 = CONTEXT_DEPENDENT_SHAPE_REPRESENTATION(#3184,#3186);
#3184 = ( REPRESENTATION_RELATIONSHIP('','',#2995,#10) 
REPRESENTATION_RELATIONSHIP_WITH_TRANSFORMATION(#3185) 
SHAPE_REPRESENTATION_RELATIONSHIP() );
#3185 = ITEM_DEFINED_TRANSFORMATION('','',#11,#35);
#3186 = PRODUCT_DEFINITION_SHAPE('Placement','Placement of an item',
  #3187);
#3187 = NEXT_ASSEMBLY_USAGE_OCCURRENCE('6','M12_nominal_washer_-35_-114'
  ,'',#5,#2990,$);
#3188 = PRODUCT_RELATED_PRODUCT_CATEGORY('part',$,(#2992));
#3189 = SHAPE_DEFINITION_REPRESENTATION(#3190,#3196);
#3190 = PRODUCT_DEFINITION_SHAPE('','',#3191);
#3191 = PRODUCT_DEFINITION('design','',#3192,#3195);
#3192 = PRODUCT_DEFINITION_FORMATION('','',#3193);
#3193 = PRODUCT('M12_nominal_nut_-35_-114','M12_nominal_nut_-35_-114',''
  ,(#3194));
#3194 = PRODUCT_CONTEXT('',#2,'mechanical');
#3195 = PRODUCT_DEFINITION_CONTEXT('part definition',#2,'design');
#3196 = ADVANCED_BREP_SHAPE_REPRESENTATION('',(#11,#3197),#3767);
#3197 = MANIFOLD_SOLID_BREP('',#3198);
#3198 = CLOSED_SHELL('',(#3199,#3319,#3395,#3471,#3547,#3618,#3665,#3743
    ,#3755));
#3199 = ADVANCED_FACE('',(#3200),#3214,.F.);
#3200 = FACE_BOUND('',#3201,.F.);
#3201 = EDGE_LOOP('',(#3202,#3237,#3265,#3293));
#3202 = ORIENTED_EDGE('',*,*,#3203,.T.);
#3203 = EDGE_CURVE('',#3204,#3206,#3208,.T.);
#3204 = VERTEX_POINT('',#3205);
#3205 = CARTESIAN_POINT('',(-35.,524.,-103.6076951545));
#3206 = VERTEX_POINT('',#3207);
#3207 = CARTESIAN_POINT('',(-35.,534.,-103.6076951545));
#3208 = SURFACE_CURVE('',#3209,(#3213,#3225),.PCURVE_S1.);
#3209 = LINE('',#3210,#3211);
#3210 = CARTESIAN_POINT('',(-35.,524.,-103.6076951545));
#3211 = VECTOR('',#3212,1.);
#3212 = DIRECTION('',(0.,1.,0.));
#3213 = PCURVE('',#3214,#3219);
#3214 = PLANE('',#3215);
#3215 = AXIS2_PLACEMENT_3D('',#3216,#3217,#3218);
#3216 = CARTESIAN_POINT('',(-35.,524.,-103.6076951545));
#3217 = DIRECTION('',(-0.5,0.,-0.866025403784));
#3218 = DIRECTION('',(0.866025403784,0.,-0.5));
#3219 = DEFINITIONAL_REPRESENTATION('',(#3220),#3224);
#3220 = LINE('',#3221,#3222);
#3221 = CARTESIAN_POINT('',(0.,0.));
#3222 = VECTOR('',#3223,1.);
#3223 = DIRECTION('',(0.,-1.));
#3224 = ( GEOMETRIC_REPRESENTATION_CONTEXT(2) 
PARAMETRIC_REPRESENTATION_CONTEXT() REPRESENTATION_CONTEXT('2D SPACE',''
  ) );
#3225 = PCURVE('',#3226,#3231);
#3226 = PLANE('',#3227);
#3227 = AXIS2_PLACEMENT_3D('',#3228,#3229,#3230);
#3228 = CARTESIAN_POINT('',(-44.,524.,-108.8038475772));
#3229 = DIRECTION('',(0.5,0.,-0.866025403784));
#3230 = DIRECTION('',(0.866025403784,0.,0.5));
#3231 = DEFINITIONAL_REPRESENTATION('',(#3232),#3236);
#3232 = LINE('',#3233,#3234);
#3233 = CARTESIAN_POINT('',(10.392304845413,0.));
#3234 = VECTOR('',#3235,1.);
#3235 = DIRECTION('',(0.,-1.));
#3236 = ( GEOMETRIC_REPRESENTATION_CONTEXT(2) 
PARAMETRIC_REPRESENTATION_CONTEXT() REPRESENTATION_CONTEXT('2D SPACE',''
  ) );
#3237 = ORIENTED_EDGE('',*,*,#3238,.T.);
#3238 = EDGE_CURVE('',#3206,#3239,#3241,.T.);
#3239 = VERTEX_POINT('',#3240);
#3240 = CARTESIAN_POINT('',(-26.,534.,-108.8038475772));
#3241 = SURFACE_CURVE('',#3242,(#3246,#3253),.PCURVE_S1.);
#3242 = LINE('',#3243,#3244);
#3243 = CARTESIAN_POINT('',(-35.,534.,-103.6076951545));
#3244 = VECTOR('',#3245,1.);
#3245 = DIRECTION('',(0.866025403784,0.,-0.5));
#3246 = PCURVE('',#3214,#3247);
#3247 = DEFINITIONAL_REPRESENTATION('',(#3248),#3252);
#3248 = LINE('',#3249,#3250);
#3249 = CARTESIAN_POINT('',(0.,-10.));
#3250 = VECTOR('',#3251,1.);
#3251 = DIRECTION('',(1.,0.));
#3252 = ( GEOMETRIC_REPRESENTATION_CONTEXT(2) 
PARAMETRIC_REPRESENTATION_CONTEXT() REPRESENTATION_CONTEXT('2D SPACE',''
  ) );
#3253 = PCURVE('',#3254,#3259);
#3254 = PLANE('',#3255);
#3255 = AXIS2_PLACEMENT_3D('',#3256,#3257,#3258);
#3256 = CARTESIAN_POINT('',(-35.,534.,-114.));
#3257 = DIRECTION('',(0.,1.,0.));
#3258 = DIRECTION('',(0.,-0.,1.));
#3259 = DEFINITIONAL_REPRESENTATION('',(#3260),#3264);
#3260 = LINE('',#3261,#3262);
#3261 = CARTESIAN_POINT('',(10.392304845413,7.105427357601E-15));
#3262 = VECTOR('',#3263,1.);
#3263 = DIRECTION('',(-0.5,0.866025403784));
#3264 = ( GEOMETRIC_REPRESENTATION_CONTEXT(2) 
PARAMETRIC_REPRESENTATION_CONTEXT() REPRESENTATION_CONTEXT('2D SPACE',''
  ) );
#3265 = ORIENTED_EDGE('',*,*,#3266,.F.);
#3266 = EDGE_CURVE('',#3267,#3239,#3269,.T.);
#3267 = VERTEX_POINT('',#3268);
#3268 = CARTESIAN_POINT('',(-26.,524.,-108.8038475772));
#3269 = SURFACE_CURVE('',#3270,(#3274,#3281),.PCURVE_S1.);
#3270 = LINE('',#3271,#3272);
#3271 = CARTESIAN_POINT('',(-26.,524.,-108.8038475772));
#3272 = VECTOR('',#3273,1.);
#3273 = DIRECTION('',(0.,1.,0.));
#3274 = PCURVE('',#3214,#3275);
#3275 = DEFINITIONAL_REPRESENTATION('',(#3276),#3280);
#3276 = LINE('',#3277,#3278);
#3277 = CARTESIAN_POINT('',(10.392304845413,0.));
#3278 = VECTOR('',#3279,1.);
#3279 = DIRECTION('',(0.,-1.));
#3280 = ( GEOMETRIC_REPRESENTATION_CONTEXT(2) 
PARAMETRIC_REPRESENTATION_CONTEXT() REPRESENTATION_CONTEXT('2D SPACE',''
  ) );
#3281 = PCURVE('',#3282,#3287);
#3282 = PLANE('',#3283);
#3283 = AXIS2_PLACEMENT_3D('',#3284,#3285,#3286);
#3284 = CARTESIAN_POINT('',(-26.,524.,-108.8038475772));
#3285 = DIRECTION('',(-1.,0.,-1.709300165674E-16));
#3286 = DIRECTION('',(1.709300165674E-16,0.,-1.));
#3287 = DEFINITIONAL_REPRESENTATION('',(#3288),#3292);
#3288 = LINE('',#3289,#3290);
#3289 = CARTESIAN_POINT('',(0.,0.));
#3290 = VECTOR('',#3291,1.);
#3291 = DIRECTION('',(0.,-1.));
#3292 = ( GEOMETRIC_REPRESENTATION_CONTEXT(2) 
PARAMETRIC_REPRESENTATION_CONTEXT() REPRESENTATION_CONTEXT('2D SPACE',''
  ) );
#3293 = ORIENTED_EDGE('',*,*,#3294,.F.);
#3294 = EDGE_CURVE('',#3204,#3267,#3295,.T.);
#3295 = SURFACE_CURVE('',#3296,(#3300,#3307),.PCURVE_S1.);
#3296 = LINE('',#3297,#3298);
#3297 = CARTESIAN_POINT('',(-35.,524.,-103.6076951545));
#3298 = VECTOR('',#3299,1.);
#3299 = DIRECTION('',(0.866025403784,0.,-0.5));
#3300 = PCURVE('',#3214,#3301);
#3301 = DEFINITIONAL_REPRESENTATION('',(#3302),#3306);
#3302 = LINE('',#3303,#3304);
#3303 = CARTESIAN_POINT('',(0.,0.));
#3304 = VECTOR('',#3305,1.);
#3305 = DIRECTION('',(1.,0.));
#3306 = ( GEOMETRIC_REPRESENTATION_CONTEXT(2) 
PARAMETRIC_REPRESENTATION_CONTEXT() REPRESENTATION_CONTEXT('2D SPACE',''
  ) );
#3307 = PCURVE('',#3308,#3313);
#3308 = PLANE('',#3309);
#3309 = AXIS2_PLACEMENT_3D('',#3310,#3311,#3312);
#3310 = CARTESIAN_POINT('',(-35.,524.,-114.));
#3311 = DIRECTION('',(0.,1.,0.));
#3312 = DIRECTION('',(0.,-0.,1.));
#3313 = DEFINITIONAL_REPRESENTATION('',(#3314),#3318);
#3314 = LINE('',#3315,#3316);
#3315 = CARTESIAN_POINT('',(10.392304845413,7.105427357601E-15));
#3316 = VECTOR('',#3317,1.);
#3317 = DIRECTION('',(-0.5,0.866025403784));
#3318 = ( GEOMETRIC_REPRESENTATION_CONTEXT(2) 
PARAMETRIC_REPRESENTATION_CONTEXT() REPRESENTATION_CONTEXT('2D SPACE',''
  ) );
#3319 = ADVANCED_FACE('',(#3320),#3282,.F.);
#3320 = FACE_BOUND('',#3321,.F.);
#3321 = EDGE_LOOP('',(#3322,#3323,#3346,#3374));
#3322 = ORIENTED_EDGE('',*,*,#3266,.T.);
#3323 = ORIENTED_EDGE('',*,*,#3324,.T.);
#3324 = EDGE_CURVE('',#3239,#3325,#3327,.T.);
#3325 = VERTEX_POINT('',#3326);
#3326 = CARTESIAN_POINT('',(-26.,534.,-119.1961524227));
#3327 = SURFACE_CURVE('',#3328,(#3332,#3339),.PCURVE_S1.);
#3328 = LINE('',#3329,#3330);
#3329 = CARTESIAN_POINT('',(-26.,534.,-108.8038475772));
#3330 = VECTOR('',#3331,1.);
#3331 = DIRECTION('',(1.709300165674E-16,0.,-1.));
#3332 = PCURVE('',#3282,#3333);
#3333 = DEFINITIONAL_REPRESENTATION('',(#3334),#3338);
#3334 = LINE('',#3335,#3336);
#3335 = CARTESIAN_POINT('',(0.,-10.));
#3336 = VECTOR('',#3337,1.);
#3337 = DIRECTION('',(1.,0.));
#3338 = ( GEOMETRIC_REPRESENTATION_CONTEXT(2) 
PARAMETRIC_REPRESENTATION_CONTEXT() REPRESENTATION_CONTEXT('2D SPACE',''
  ) );
#3339 = PCURVE('',#3254,#3340);
#3340 = DEFINITIONAL_REPRESENTATION('',(#3341),#3345);
#3341 = LINE('',#3342,#3343);
#3342 = CARTESIAN_POINT('',(5.196152422707,9.));
#3343 = VECTOR('',#3344,1.);
#3344 = DIRECTION('',(-1.,1.709300165674E-16));
#3345 = ( GEOMETRIC_REPRESENTATION_CONTEXT(2) 
PARAMETRIC_REPRESENTATION_CONTEXT() REPRESENTATION_CONTEXT('2D SPACE',''
  ) );
#3346 = ORIENTED_EDGE('',*,*,#3347,.F.);
#3347 = EDGE_CURVE('',#3348,#3325,#3350,.T.);
#3348 = VERTEX_POINT('',#3349);
#3349 = CARTESIAN_POINT('',(-26.,524.,-119.1961524227));
#3350 = SURFACE_CURVE('',#3351,(#3355,#3362),.PCURVE_S1.);
#3351 = LINE('',#3352,#3353);
#3352 = CARTESIAN_POINT('',(-26.,524.,-119.1961524227));
#3353 = VECTOR('',#3354,1.);
#3354 = DIRECTION('',(0.,1.,0.));
#3355 = PCURVE('',#3282,#3356);
#3356 = DEFINITIONAL_REPRESENTATION('',(#3357),#3361);
#3357 = LINE('',#3358,#3359);
#3358 = CARTESIAN_POINT('',(10.392304845413,0.));
#3359 = VECTOR('',#3360,1.);
#3360 = DIRECTION('',(0.,-1.));
#3361 = ( GEOMETRIC_REPRESENTATION_CONTEXT(2) 
PARAMETRIC_REPRESENTATION_CONTEXT() REPRESENTATION_CONTEXT('2D SPACE',''
  ) );
#3362 = PCURVE('',#3363,#3368);
#3363 = PLANE('',#3364);
#3364 = AXIS2_PLACEMENT_3D('',#3365,#3366,#3367);
#3365 = CARTESIAN_POINT('',(-26.,524.,-119.1961524227));
#3366 = DIRECTION('',(-0.5,0.,0.866025403784));
#3367 = DIRECTION('',(-0.866025403784,0.,-0.5));
#3368 = DEFINITIONAL_REPRESENTATION('',(#3369),#3373);
#3369 = LINE('',#3370,#3371);
#3370 = CARTESIAN_POINT('',(0.,0.));
#3371 = VECTOR('',#3372,1.);
#3372 = DIRECTION('',(0.,-1.));
#3373 = ( GEOMETRIC_REPRESENTATION_CONTEXT(2) 
PARAMETRIC_REPRESENTATION_CONTEXT() REPRESENTATION_CONTEXT('2D SPACE',''
  ) );
#3374 = ORIENTED_EDGE('',*,*,#3375,.F.);
#3375 = EDGE_CURVE('',#3267,#3348,#3376,.T.);
#3376 = SURFACE_CURVE('',#3377,(#3381,#3388),.PCURVE_S1.);
#3377 = LINE('',#3378,#3379);
#3378 = CARTESIAN_POINT('',(-26.,524.,-108.8038475772));
#3379 = VECTOR('',#3380,1.);
#3380 = DIRECTION('',(1.709300165674E-16,0.,-1.));
#3381 = PCURVE('',#3282,#3382);
#3382 = DEFINITIONAL_REPRESENTATION('',(#3383),#3387);
#3383 = LINE('',#3384,#3385);
#3384 = CARTESIAN_POINT('',(0.,0.));
#3385 = VECTOR('',#3386,1.);
#3386 = DIRECTION('',(1.,0.));
#3387 = ( GEOMETRIC_REPRESENTATION_CONTEXT(2) 
PARAMETRIC_REPRESENTATION_CONTEXT() REPRESENTATION_CONTEXT('2D SPACE',''
  ) );
#3388 = PCURVE('',#3308,#3389);
#3389 = DEFINITIONAL_REPRESENTATION('',(#3390),#3394);
#3390 = LINE('',#3391,#3392);
#3391 = CARTESIAN_POINT('',(5.196152422707,9.));
#3392 = VECTOR('',#3393,1.);
#3393 = DIRECTION('',(-1.,1.709300165674E-16));
#3394 = ( GEOMETRIC_REPRESENTATION_CONTEXT(2) 
PARAMETRIC_REPRESENTATION_CONTEXT() REPRESENTATION_CONTEXT('2D SPACE',''
  ) );
#3395 = ADVANCED_FACE('',(#3396),#3363,.F.);
#3396 = FACE_BOUND('',#3397,.F.);
#3397 = EDGE_LOOP('',(#3398,#3399,#3422,#3450));
#3398 = ORIENTED_EDGE('',*,*,#3347,.T.);
#3399 = ORIENTED_EDGE('',*,*,#3400,.T.);
#3400 = EDGE_CURVE('',#3325,#3401,#3403,.T.);
#3401 = VERTEX_POINT('',#3402);
#3402 = CARTESIAN_POINT('',(-35.,534.,-124.3923048454));
#3403 = SURFACE_CURVE('',#3404,(#3408,#3415),.PCURVE_S1.);
#3404 = LINE('',#3405,#3406);
#3405 = CARTESIAN_POINT('',(-26.,534.,-119.1961524227));
#3406 = VECTOR('',#3407,1.);
#3407 = DIRECTION('',(-0.866025403784,0.,-0.5));
#3408 = PCURVE('',#3363,#3409);
#3409 = DEFINITIONAL_REPRESENTATION('',(#3410),#3414);
#3410 = LINE('',#3411,#3412);
#3411 = CARTESIAN_POINT('',(0.,-10.));
#3412 = VECTOR('',#3413,1.);
#3413 = DIRECTION('',(1.,0.));
#3414 = ( GEOMETRIC_REPRESENTATION_CONTEXT(2) 
PARAMETRIC_REPRESENTATION_CONTEXT() REPRESENTATION_CONTEXT('2D SPACE',''
  ) );
#3415 = PCURVE('',#3254,#3416);
#3416 = DEFINITIONAL_REPRESENTATION('',(#3417),#3421);
#3417 = LINE('',#3418,#3419);
#3418 = CARTESIAN_POINT('',(-5.196152422707,9.));
#3419 = VECTOR('',#3420,1.);
#3420 = DIRECTION('',(-0.5,-0.866025403784));
#3421 = ( GEOMETRIC_REPRESENTATION_CONTEXT(2) 
PARAMETRIC_REPRESENTATION_CONTEXT() REPRESENTATION_CONTEXT('2D SPACE',''
  ) );
#3422 = ORIENTED_EDGE('',*,*,#3423,.F.);
#3423 = EDGE_CURVE('',#3424,#3401,#3426,.T.);
#3424 = VERTEX_POINT('',#3425);
#3425 = CARTESIAN_POINT('',(-35.,524.,-124.3923048454));
#3426 = SURFACE_CURVE('',#3427,(#3431,#3438),.PCURVE_S1.);
#3427 = LINE('',#3428,#3429);
#3428 = CARTESIAN_POINT('',(-35.,524.,-124.3923048454));
#3429 = VECTOR('',#3430,1.);
#3430 = DIRECTION('',(0.,1.,0.));
#3431 = PCURVE('',#3363,#3432);
#3432 = DEFINITIONAL_REPRESENTATION('',(#3433),#3437);
#3433 = LINE('',#3434,#3435);
#3434 = CARTESIAN_POINT('',(10.392304845413,0.));
#3435 = VECTOR('',#3436,1.);
#3436 = DIRECTION('',(0.,-1.));
#3437 = ( GEOMETRIC_REPRESENTATION_CONTEXT(2) 
PARAMETRIC_REPRESENTATION_CONTEXT() REPRESENTATION_CONTEXT('2D SPACE',''
  ) );
#3438 = PCURVE('',#3439,#3444);
#3439 = PLANE('',#3440);
#3440 = AXIS2_PLACEMENT_3D('',#3441,#3442,#3443);
#3441 = CARTESIAN_POINT('',(-35.,524.,-124.3923048454));
#3442 = DIRECTION('',(0.5,-0.,0.866025403784));
#3443 = DIRECTION('',(-0.866025403784,0.,0.5));
#3444 = DEFINITIONAL_REPRESENTATION('',(#3445),#3449);
#3445 = LINE('',#3446,#3447);
#3446 = CARTESIAN_POINT('',(0.,0.));
#3447 = VECTOR('',#3448,1.);
#3448 = DIRECTION('',(0.,-1.));
#3449 = ( GEOMETRIC_REPRESENTATION_CONTEXT(2) 
PARAMETRIC_REPRESENTATION_CONTEXT() REPRESENTATION_CONTEXT('2D SPACE',''
  ) );
#3450 = ORIENTED_EDGE('',*,*,#3451,.F.);
#3451 = EDGE_CURVE('',#3348,#3424,#3452,.T.);
#3452 = SURFACE_CURVE('',#3453,(#3457,#3464),.PCURVE_S1.);
#3453 = LINE('',#3454,#3455);
#3454 = CARTESIAN_POINT('',(-26.,524.,-119.1961524227));
#3455 = VECTOR('',#3456,1.);
#3456 = DIRECTION('',(-0.866025403784,0.,-0.5));
#3457 = PCURVE('',#3363,#3458);
#3458 = DEFINITIONAL_REPRESENTATION('',(#3459),#3463);
#3459 = LINE('',#3460,#3461);
#3460 = CARTESIAN_POINT('',(0.,0.));
#3461 = VECTOR('',#3462,1.);
#3462 = DIRECTION('',(1.,0.));
#3463 = ( GEOMETRIC_REPRESENTATION_CONTEXT(2) 
PARAMETRIC_REPRESENTATION_CONTEXT() REPRESENTATION_CONTEXT('2D SPACE',''
  ) );
#3464 = PCURVE('',#3308,#3465);
#3465 = DEFINITIONAL_REPRESENTATION('',(#3466),#3470);
#3466 = LINE('',#3467,#3468);
#3467 = CARTESIAN_POINT('',(-5.196152422707,9.));
#3468 = VECTOR('',#3469,1.);
#3469 = DIRECTION('',(-0.5,-0.866025403784));
#3470 = ( GEOMETRIC_REPRESENTATION_CONTEXT(2) 
PARAMETRIC_REPRESENTATION_CONTEXT() REPRESENTATION_CONTEXT('2D SPACE',''
  ) );
#3471 = ADVANCED_FACE('',(#3472),#3439,.F.);
#3472 = FACE_BOUND('',#3473,.F.);
#3473 = EDGE_LOOP('',(#3474,#3475,#3498,#3526));
#3474 = ORIENTED_EDGE('',*,*,#3423,.T.);
#3475 = ORIENTED_EDGE('',*,*,#3476,.T.);
#3476 = EDGE_CURVE('',#3401,#3477,#3479,.T.);
#3477 = VERTEX_POINT('',#3478);
#3478 = CARTESIAN_POINT('',(-44.,534.,-119.1961524227));
#3479 = SURFACE_CURVE('',#3480,(#3484,#3491),.PCURVE_S1.);
#3480 = LINE('',#3481,#3482);
#3481 = CARTESIAN_POINT('',(-35.,534.,-124.3923048454));
#3482 = VECTOR('',#3483,1.);
#3483 = DIRECTION('',(-0.866025403784,0.,0.5));
#3484 = PCURVE('',#3439,#3485);
#3485 = DEFINITIONAL_REPRESENTATION('',(#3486),#3490);
#3486 = LINE('',#3487,#3488);
#3487 = CARTESIAN_POINT('',(0.,-10.));
#3488 = VECTOR('',#3489,1.);
#3489 = DIRECTION('',(1.,0.));
#3490 = ( GEOMETRIC_REPRESENTATION_CONTEXT(2) 
PARAMETRIC_REPRESENTATION_CONTEXT() REPRESENTATION_CONTEXT('2D SPACE',''
  ) );
#3491 = PCURVE('',#3254,#3492);
#3492 = DEFINITIONAL_REPRESENTATION('',(#3493),#3497);
#3493 = LINE('',#3494,#3495);
#3494 = CARTESIAN_POINT('',(-10.39230484541,7.105427357601E-15));
#3495 = VECTOR('',#3496,1.);
#3496 = DIRECTION('',(0.5,-0.866025403784));
#3497 = ( GEOMETRIC_REPRESENTATION_CONTEXT(2) 
PARAMETRIC_REPRESENTATION_CONTEXT() REPRESENTATION_CONTEXT('2D SPACE',''
  ) );
#3498 = ORIENTED_EDGE('',*,*,#3499,.F.);
#3499 = EDGE_CURVE('',#3500,#3477,#3502,.T.);
#3500 = VERTEX_POINT('',#3501);
#3501 = CARTESIAN_POINT('',(-44.,524.,-119.1961524227));
#3502 = SURFACE_CURVE('',#3503,(#3507,#3514),.PCURVE_S1.);
#3503 = LINE('',#3504,#3505);
#3504 = CARTESIAN_POINT('',(-44.,524.,-119.1961524227));
#3505 = VECTOR('',#3506,1.);
#3506 = DIRECTION('',(0.,1.,0.));
#3507 = PCURVE('',#3439,#3508);
#3508 = DEFINITIONAL_REPRESENTATION('',(#3509),#3513);
#3509 = LINE('',#3510,#3511);
#3510 = CARTESIAN_POINT('',(10.392304845413,0.));
#3511 = VECTOR('',#3512,1.);
#3512 = DIRECTION('',(0.,-1.));
#3513 = ( GEOMETRIC_REPRESENTATION_CONTEXT(2) 
PARAMETRIC_REPRESENTATION_CONTEXT() REPRESENTATION_CONTEXT('2D SPACE',''
  ) );
#3514 = PCURVE('',#3515,#3520);
#3515 = PLANE('',#3516);
#3516 = AXIS2_PLACEMENT_3D('',#3517,#3518,#3519);
#3517 = CARTESIAN_POINT('',(-44.,524.,-119.1961524227));
#3518 = DIRECTION('',(1.,-0.,6.837200662697E-16));
#3519 = DIRECTION('',(-6.837200662697E-16,0.,1.));
#3520 = DEFINITIONAL_REPRESENTATION('',(#3521),#3525);
#3521 = LINE('',#3522,#3523);
#3522 = CARTESIAN_POINT('',(0.,0.));
#3523 = VECTOR('',#3524,1.);
#3524 = DIRECTION('',(0.,-1.));
#3525 = ( GEOMETRIC_REPRESENTATION_CONTEXT(2) 
PARAMETRIC_REPRESENTATION_CONTEXT() REPRESENTATION_CONTEXT('2D SPACE',''
  ) );
#3526 = ORIENTED_EDGE('',*,*,#3527,.F.);
#3527 = EDGE_CURVE('',#3424,#3500,#3528,.T.);
#3528 = SURFACE_CURVE('',#3529,(#3533,#3540),.PCURVE_S1.);
#3529 = LINE('',#3530,#3531);
#3530 = CARTESIAN_POINT('',(-35.,524.,-124.3923048454));
#3531 = VECTOR('',#3532,1.);
#3532 = DIRECTION('',(-0.866025403784,0.,0.5));
#3533 = PCURVE('',#3439,#3534);
#3534 = DEFINITIONAL_REPRESENTATION('',(#3535),#3539);
#3535 = LINE('',#3536,#3537);
#3536 = CARTESIAN_POINT('',(0.,0.));
#3537 = VECTOR('',#3538,1.);
#3538 = DIRECTION('',(1.,0.));
#3539 = ( GEOMETRIC_REPRESENTATION_CONTEXT(2) 
PARAMETRIC_REPRESENTATION_CONTEXT() REPRESENTATION_CONTEXT('2D SPACE',''
  ) );
#3540 = PCURVE('',#3308,#3541);
#3541 = DEFINITIONAL_REPRESENTATION('',(#3542),#3546);
#3542 = LINE('',#3543,#3544);
#3543 = CARTESIAN_POINT('',(-10.39230484541,7.105427357601E-15));
#3544 = VECTOR('',#3545,1.);
#3545 = DIRECTION('',(0.5,-0.866025403784));
#3546 = ( GEOMETRIC_REPRESENTATION_CONTEXT(2) 
PARAMETRIC_REPRESENTATION_CONTEXT() REPRESENTATION_CONTEXT('2D SPACE',''
  ) );
#3547 = ADVANCED_FACE('',(#3548),#3515,.F.);
#3548 = FACE_BOUND('',#3549,.F.);
#3549 = EDGE_LOOP('',(#3550,#3551,#3574,#3597));
#3550 = ORIENTED_EDGE('',*,*,#3499,.T.);
#3551 = ORIENTED_EDGE('',*,*,#3552,.T.);
#3552 = EDGE_CURVE('',#3477,#3553,#3555,.T.);
#3553 = VERTEX_POINT('',#3554);
#3554 = CARTESIAN_POINT('',(-44.,534.,-108.8038475772));
#3555 = SURFACE_CURVE('',#3556,(#3560,#3567),.PCURVE_S1.);
#3556 = LINE('',#3557,#3558);
#3557 = CARTESIAN_POINT('',(-44.,534.,-119.1961524227));
#3558 = VECTOR('',#3559,1.);
#3559 = DIRECTION('',(-6.837200662697E-16,0.,1.));
#3560 = PCURVE('',#3515,#3561);
#3561 = DEFINITIONAL_REPRESENTATION('',(#3562),#3566);
#3562 = LINE('',#3563,#3564);
#3563 = CARTESIAN_POINT('',(0.,-10.));
#3564 = VECTOR('',#3565,1.);
#3565 = DIRECTION('',(1.,0.));
#3566 = ( GEOMETRIC_REPRESENTATION_CONTEXT(2) 
PARAMETRIC_REPRESENTATION_CONTEXT() REPRESENTATION_CONTEXT('2D SPACE',''
  ) );
#3567 = PCURVE('',#3254,#3568);
#3568 = DEFINITIONAL_REPRESENTATION('',(#3569),#3573);
#3569 = LINE('',#3570,#3571);
#3570 = CARTESIAN_POINT('',(-5.196152422707,-9.));
#3571 = VECTOR('',#3572,1.);
#3572 = DIRECTION('',(1.,-6.837200662697E-16));
#3573 = ( GEOMETRIC_REPRESENTATION_CONTEXT(2) 
PARAMETRIC_REPRESENTATION_CONTEXT() REPRESENTATION_CONTEXT('2D SPACE',''
  ) );
#3574 = ORIENTED_EDGE('',*,*,#3575,.F.);
#3575 = EDGE_CURVE('',#3576,#3553,#3578,.T.);
#3576 = VERTEX_POINT('',#3577);
#3577 = CARTESIAN_POINT('',(-44.,524.,-108.8038475772));
#3578 = SURFACE_CURVE('',#3579,(#3583,#3590),.PCURVE_S1.);
#3579 = LINE('',#3580,#3581);
#3580 = CARTESIAN_POINT('',(-44.,524.,-108.8038475772));
#3581 = VECTOR('',#3582,1.);
#3582 = DIRECTION('',(0.,1.,0.));
#3583 = PCURVE('',#3515,#3584);
#3584 = DEFINITIONAL_REPRESENTATION('',(#3585),#3589);
#3585 = LINE('',#3586,#3587);
#3586 = CARTESIAN_POINT('',(10.392304845413,0.));
#3587 = VECTOR('',#3588,1.);
#3588 = DIRECTION('',(0.,-1.));
#3589 = ( GEOMETRIC_REPRESENTATION_CONTEXT(2) 
PARAMETRIC_REPRESENTATION_CONTEXT() REPRESENTATION_CONTEXT('2D SPACE',''
  ) );
#3590 = PCURVE('',#3226,#3591);
#3591 = DEFINITIONAL_REPRESENTATION('',(#3592),#3596);
#3592 = LINE('',#3593,#3594);
#3593 = CARTESIAN_POINT('',(0.,0.));
#3594 = VECTOR('',#3595,1.);
#3595 = DIRECTION('',(0.,-1.));
#3596 = ( GEOMETRIC_REPRESENTATION_CONTEXT(2) 
PARAMETRIC_REPRESENTATION_CONTEXT() REPRESENTATION_CONTEXT('2D SPACE',''
  ) );
#3597 = ORIENTED_EDGE('',*,*,#3598,.F.);
#3598 = EDGE_CURVE('',#3500,#3576,#3599,.T.);
#3599 = SURFACE_CURVE('',#3600,(#3604,#3611),.PCURVE_S1.);
#3600 = LINE('',#3601,#3602);
#3601 = CARTESIAN_POINT('',(-44.,524.,-119.1961524227));
#3602 = VECTOR('',#3603,1.);
#3603 = DIRECTION('',(-6.837200662697E-16,0.,1.));
#3604 = PCURVE('',#3515,#3605);
#3605 = DEFINITIONAL_REPRESENTATION('',(#3606),#3610);
#3606 = LINE('',#3607,#3608);
#3607 = CARTESIAN_POINT('',(0.,0.));
#3608 = VECTOR('',#3609,1.);
#3609 = DIRECTION('',(1.,0.));
#3610 = ( GEOMETRIC_REPRESENTATION_CONTEXT(2) 
PARAMETRIC_REPRESENTATION_CONTEXT() REPRESENTATION_CONTEXT('2D SPACE',''
  ) );
#3611 = PCURVE('',#3308,#3612);
#3612 = DEFINITIONAL_REPRESENTATION('',(#3613),#3617);
#3613 = LINE('',#3614,#3615);
#3614 = CARTESIAN_POINT('',(-5.196152422707,-9.));
#3615 = VECTOR('',#3616,1.);
#3616 = DIRECTION('',(1.,-6.837200662697E-16));
#3617 = ( GEOMETRIC_REPRESENTATION_CONTEXT(2) 
PARAMETRIC_REPRESENTATION_CONTEXT() REPRESENTATION_CONTEXT('2D SPACE',''
  ) );
#3618 = ADVANCED_FACE('',(#3619),#3226,.F.);
#3619 = FACE_BOUND('',#3620,.F.);
#3620 = EDGE_LOOP('',(#3621,#3622,#3643,#3644));
#3621 = ORIENTED_EDGE('',*,*,#3575,.T.);
#3622 = ORIENTED_EDGE('',*,*,#3623,.T.);
#3623 = EDGE_CURVE('',#3553,#3206,#3624,.T.);
#3624 = SURFACE_CURVE('',#3625,(#3629,#3636),.PCURVE_S1.);
#3625 = LINE('',#3626,#3627);
#3626 = CARTESIAN_POINT('',(-44.,534.,-108.8038475772));
#3627 = VECTOR('',#3628,1.);
#3628 = DIRECTION('',(0.866025403784,0.,0.5));
#3629 = PCURVE('',#3226,#3630);
#3630 = DEFINITIONAL_REPRESENTATION('',(#3631),#3635);
#3631 = LINE('',#3632,#3633);
#3632 = CARTESIAN_POINT('',(0.,-10.));
#3633 = VECTOR('',#3634,1.);
#3634 = DIRECTION('',(1.,0.));
#3635 = ( GEOMETRIC_REPRESENTATION_CONTEXT(2) 
PARAMETRIC_REPRESENTATION_CONTEXT() REPRESENTATION_CONTEXT('2D SPACE',''
  ) );
#3636 = PCURVE('',#3254,#3637);
#3637 = DEFINITIONAL_REPRESENTATION('',(#3638),#3642);
#3638 = LINE('',#3639,#3640);
#3639 = CARTESIAN_POINT('',(5.196152422707,-9.));
#3640 = VECTOR('',#3641,1.);
#3641 = DIRECTION('',(0.5,0.866025403784));
#3642 = ( GEOMETRIC_REPRESENTATION_CONTEXT(2) 
PARAMETRIC_REPRESENTATION_CONTEXT() REPRESENTATION_CONTEXT('2D SPACE',''
  ) );
#3643 = ORIENTED_EDGE('',*,*,#3203,.F.);
#3644 = ORIENTED_EDGE('',*,*,#3645,.F.);
#3645 = EDGE_CURVE('',#3576,#3204,#3646,.T.);
#3646 = SURFACE_CURVE('',#3647,(#3651,#3658),.PCURVE_S1.);
#3647 = LINE('',#3648,#3649);
#3648 = CARTESIAN_POINT('',(-44.,524.,-108.8038475772));
#3649 = VECTOR('',#3650,1.);
#3650 = DIRECTION('',(0.866025403784,0.,0.5));
#3651 = PCURVE('',#3226,#3652);
#3652 = DEFINITIONAL_REPRESENTATION('',(#3653),#3657);
#3653 = LINE('',#3654,#3655);
#3654 = CARTESIAN_POINT('',(0.,0.));
#3655 = VECTOR('',#3656,1.);
#3656 = DIRECTION('',(1.,0.));
#3657 = ( GEOMETRIC_REPRESENTATION_CONTEXT(2) 
PARAMETRIC_REPRESENTATION_CONTEXT() REPRESENTATION_CONTEXT('2D SPACE',''
  ) );
#3658 = PCURVE('',#3308,#3659);
#3659 = DEFINITIONAL_REPRESENTATION('',(#3660),#3664);
#3660 = LINE('',#3661,#3662);
#3661 = CARTESIAN_POINT('',(5.196152422707,-9.));
#3662 = VECTOR('',#3663,1.);
#3663 = DIRECTION('',(0.5,0.866025403784));
#3664 = ( GEOMETRIC_REPRESENTATION_CONTEXT(2) 
PARAMETRIC_REPRESENTATION_CONTEXT() REPRESENTATION_CONTEXT('2D SPACE',''
  ) );
#3665 = ADVANCED_FACE('',(#3666),#3680,.F.);
#3666 = FACE_BOUND('',#3667,.T.);
#3667 = EDGE_LOOP('',(#3668,#3698,#3720,#3721));
#3668 = ORIENTED_EDGE('',*,*,#3669,.T.);
#3669 = EDGE_CURVE('',#3670,#3672,#3674,.T.);
#3670 = VERTEX_POINT('',#3671);
#3671 = CARTESIAN_POINT('',(-35.,524.,-108.));
#3672 = VERTEX_POINT('',#3673);
#3673 = CARTESIAN_POINT('',(-35.,534.,-108.));
#3674 = SEAM_CURVE('',#3675,(#3679,#3691),.PCURVE_S1.);
#3675 = LINE('',#3676,#3677);
#3676 = CARTESIAN_POINT('',(-35.,524.,-108.));
#3677 = VECTOR('',#3678,1.);
#3678 = DIRECTION('',(0.,1.,0.));
#3679 = PCURVE('',#3680,#3685);
#3680 = CYLINDRICAL_SURFACE('',#3681,6.);
#3681 = AXIS2_PLACEMENT_3D('',#3682,#3683,#3684);
#3682 = CARTESIAN_POINT('',(-35.,524.,-114.));
#3683 = DIRECTION('',(-0.,-1.,-0.));
#3684 = DIRECTION('',(0.,0.,1.));
#3685 = DEFINITIONAL_REPRESENTATION('',(#3686),#3690);
#3686 = LINE('',#3687,#3688);
#3687 = CARTESIAN_POINT('',(-0.,0.));
#3688 = VECTOR('',#3689,1.);
#3689 = DIRECTION('',(-0.,-1.));
#3690 = ( GEOMETRIC_REPRESENTATION_CONTEXT(2) 
PARAMETRIC_REPRESENTATION_CONTEXT() REPRESENTATION_CONTEXT('2D SPACE',''
  ) );
#3691 = PCURVE('',#3680,#3692);
#3692 = DEFINITIONAL_REPRESENTATION('',(#3693),#3697);
#3693 = LINE('',#3694,#3695);
#3694 = CARTESIAN_POINT('',(-6.28318530718,0.));
#3695 = VECTOR('',#3696,1.);
#3696 = DIRECTION('',(-0.,-1.));
#3697 = ( GEOMETRIC_REPRESENTATION_CONTEXT(2) 
PARAMETRIC_REPRESENTATION_CONTEXT() REPRESENTATION_CONTEXT('2D SPACE',''
  ) );
#3698 = ORIENTED_EDGE('',*,*,#3699,.T.);
#3699 = EDGE_CURVE('',#3672,#3672,#3700,.T.);
#3700 = SURFACE_CURVE('',#3701,(#3706,#3713),.PCURVE_S1.);
#3701 = CIRCLE('',#3702,6.);
#3702 = AXIS2_PLACEMENT_3D('',#3703,#3704,#3705);
#3703 = CARTESIAN_POINT('',(-35.,534.,-114.));
#3704 = DIRECTION('',(0.,1.,0.));
#3705 = DIRECTION('',(0.,0.,1.));
#3706 = PCURVE('',#3680,#3707);
#3707 = DEFINITIONAL_REPRESENTATION('',(#3708),#3712);
#3708 = LINE('',#3709,#3710);
#3709 = CARTESIAN_POINT('',(-0.,-10.));
#3710 = VECTOR('',#3711,1.);
#3711 = DIRECTION('',(-1.,0.));
#3712 = ( GEOMETRIC_REPRESENTATION_CONTEXT(2) 
PARAMETRIC_REPRESENTATION_CONTEXT() REPRESENTATION_CONTEXT('2D SPACE',''
  ) );
#3713 = PCURVE('',#3254,#3714);
#3714 = DEFINITIONAL_REPRESENTATION('',(#3715),#3719);
#3715 = CIRCLE('',#3716,6.);
#3716 = AXIS2_PLACEMENT_2D('',#3717,#3718);
#3717 = CARTESIAN_POINT('',(2.84217094304E-14,7.105427357601E-15));
#3718 = DIRECTION('',(1.,0.));
#3719 = ( GEOMETRIC_REPRESENTATION_CONTEXT(2) 
PARAMETRIC_REPRESENTATION_CONTEXT() REPRESENTATION_CONTEXT('2D SPACE',''
  ) );
#3720 = ORIENTED_EDGE('',*,*,#3669,.F.);
#3721 = ORIENTED_EDGE('',*,*,#3722,.F.);
#3722 = EDGE_CURVE('',#3670,#3670,#3723,.T.);
#3723 = SURFACE_CURVE('',#3724,(#3729,#3736),.PCURVE_S1.);
#3724 = CIRCLE('',#3725,6.);
#3725 = AXIS2_PLACEMENT_3D('',#3726,#3727,#3728);
#3726 = CARTESIAN_POINT('',(-35.,524.,-114.));
#3727 = DIRECTION('',(0.,1.,0.));
#3728 = DIRECTION('',(0.,0.,1.));
#3729 = PCURVE('',#3680,#3730);
#3730 = DEFINITIONAL_REPRESENTATION('',(#3731),#3735);
#3731 = LINE('',#3732,#3733);
#3732 = CARTESIAN_POINT('',(-0.,0.));
#3733 = VECTOR('',#3734,1.);
#3734 = DIRECTION('',(-1.,0.));
#3735 = ( GEOMETRIC_REPRESENTATION_CONTEXT(2) 
PARAMETRIC_REPRESENTATION_CONTEXT() REPRESENTATION_CONTEXT('2D SPACE',''
  ) );
#3736 = PCURVE('',#3308,#3737);
#3737 = DEFINITIONAL_REPRESENTATION('',(#3738),#3742);
#3738 = CIRCLE('',#3739,6.);
#3739 = AXIS2_PLACEMENT_2D('',#3740,#3741);
#3740 = CARTESIAN_POINT('',(2.84217094304E-14,7.105427357601E-15));
#3741 = DIRECTION('',(1.,0.));
#3742 = ( GEOMETRIC_REPRESENTATION_CONTEXT(2) 
PARAMETRIC_REPRESENTATION_CONTEXT() REPRESENTATION_CONTEXT('2D SPACE',''
  ) );
#3743 = ADVANCED_FACE('',(#3744,#3752),#3308,.F.);
#3744 = FACE_BOUND('',#3745,.F.);
#3745 = EDGE_LOOP('',(#3746,#3747,#3748,#3749,#3750,#3751));
#3746 = ORIENTED_EDGE('',*,*,#3294,.T.);
#3747 = ORIENTED_EDGE('',*,*,#3375,.T.);
#3748 = ORIENTED_EDGE('',*,*,#3451,.T.);
#3749 = ORIENTED_EDGE('',*,*,#3527,.T.);
#3750 = ORIENTED_EDGE('',*,*,#3598,.T.);
#3751 = ORIENTED_EDGE('',*,*,#3645,.T.);
#3752 = FACE_BOUND('',#3753,.F.);
#3753 = EDGE_LOOP('',(#3754));
#3754 = ORIENTED_EDGE('',*,*,#3722,.F.);
#3755 = ADVANCED_FACE('',(#3756,#3764),#3254,.T.);
#3756 = FACE_BOUND('',#3757,.T.);
#3757 = EDGE_LOOP('',(#3758,#3759,#3760,#3761,#3762,#3763));
#3758 = ORIENTED_EDGE('',*,*,#3238,.T.);
#3759 = ORIENTED_EDGE('',*,*,#3324,.T.);
#3760 = ORIENTED_EDGE('',*,*,#3400,.T.);
#3761 = ORIENTED_EDGE('',*,*,#3476,.T.);
#3762 = ORIENTED_EDGE('',*,*,#3552,.T.);
#3763 = ORIENTED_EDGE('',*,*,#3623,.T.);
#3764 = FACE_BOUND('',#3765,.T.);
#3765 = EDGE_LOOP('',(#3766));
#3766 = ORIENTED_EDGE('',*,*,#3699,.F.);
#3767 = ( GEOMETRIC_REPRESENTATION_CONTEXT(3) 
GLOBAL_UNCERTAINTY_ASSIGNED_CONTEXT((#3771)) 
GLOBAL_UNIT_ASSIGNED_CONTEXT((#3768,#3769,#3770)) REPRESENTATION_CONTEXT
('Context #1','3D Context with UNIT and UNCERTAINTY') );
#3768 = ( LENGTH_UNIT() NAMED_UNIT(*) SI_UNIT(.MILLI.,.METRE.) );
#3769 = ( NAMED_UNIT(*) PLANE_ANGLE_UNIT() SI_UNIT($,.RADIAN.) );
#3770 = ( NAMED_UNIT(*) SI_UNIT($,.STERADIAN.) SOLID_ANGLE_UNIT() );
#3771 = UNCERTAINTY_MEASURE_WITH_UNIT(LENGTH_MEASURE(1.E-07),#3768,
  'distance_accuracy_value','confusion accuracy');
#3772 = CONTEXT_DEPENDENT_SHAPE_REPRESENTATION(#3773,#3775);
#3773 = ( REPRESENTATION_RELATIONSHIP('','',#3196,#10) 
REPRESENTATION_RELATIONSHIP_WITH_TRANSFORMATION(#3774) 
SHAPE_REPRESENTATION_RELATIONSHIP() );
#3774 = ITEM_DEFINED_TRANSFORMATION('','',#11,#39);
#3775 = PRODUCT_DEFINITION_SHAPE('Placement','Placement of an item',
  #3776);
#3776 = NEXT_ASSEMBLY_USAGE_OCCURRENCE('7','M12_nominal_nut_-35_-114',''
  ,#5,#3191,$);
#3777 = PRODUCT_RELATED_PRODUCT_CATEGORY('part',$,(#3193));
#3778 = SHAPE_DEFINITION_REPRESENTATION(#3779,#3785);
#3779 = PRODUCT_DEFINITION_SHAPE('','',#3780);
#3780 = PRODUCT_DEFINITION('design','',#3781,#3784);
#3781 = PRODUCT_DEFINITION_FORMATION('','',#3782);
#3782 = PRODUCT('M12_nominal_clamp_bolt_-35_114',
  'M12_nominal_clamp_bolt_-35_114','',(#3783));
#3783 = PRODUCT_CONTEXT('',#2,'mechanical');
#3784 = PRODUCT_DEFINITION_CONTEXT('part definition',#2,'design');
#3785 = ADVANCED_BREP_SHAPE_REPRESENTATION('',(#11,#3786),#4362);
#3786 = MANIFOLD_SOLID_BREP('',#3787);
#3787 = CLOSED_SHELL('',(#3788,#3908,#3984,#4060,#4138,#4242,#4269,#4296
    ,#4303,#4358));
#3788 = ADVANCED_FACE('',(#3789),#3803,.F.);
#3789 = FACE_BOUND('',#3790,.F.);
#3790 = EDGE_LOOP('',(#3791,#3826,#3854,#3882));
#3791 = ORIENTED_EDGE('',*,*,#3792,.T.);
#3792 = EDGE_CURVE('',#3793,#3795,#3797,.T.);
#3793 = VERTEX_POINT('',#3794);
#3794 = CARTESIAN_POINT('',(-35.,390.5,124.39230484541));
#3795 = VERTEX_POINT('',#3796);
#3796 = CARTESIAN_POINT('',(-35.,398.,124.39230484541));
#3797 = SURFACE_CURVE('',#3798,(#3802,#3814),.PCURVE_S1.);
#3798 = LINE('',#3799,#3800);
#3799 = CARTESIAN_POINT('',(-35.,390.5,124.39230484541));
#3800 = VECTOR('',#3801,1.);
#3801 = DIRECTION('',(0.,1.,0.));
#3802 = PCURVE('',#3803,#3808);
#3803 = PLANE('',#3804);
#3804 = AXIS2_PLACEMENT_3D('',#3805,#3806,#3807);
#3805 = CARTESIAN_POINT('',(-35.,390.5,124.39230484541));
#3806 = DIRECTION('',(-0.5,0.,-0.866025403784));
#3807 = DIRECTION('',(0.866025403784,0.,-0.5));
#3808 = DEFINITIONAL_REPRESENTATION('',(#3809),#3813);
#3809 = LINE('',#3810,#3811);
#3810 = CARTESIAN_POINT('',(0.,0.));
#3811 = VECTOR('',#3812,1.);
#3812 = DIRECTION('',(0.,-1.));
#3813 = ( GEOMETRIC_REPRESENTATION_CONTEXT(2) 
PARAMETRIC_REPRESENTATION_CONTEXT() REPRESENTATION_CONTEXT('2D SPACE',''
  ) );
#3814 = PCURVE('',#3815,#3820);
#3815 = PLANE('',#3816);
#3816 = AXIS2_PLACEMENT_3D('',#3817,#3818,#3819);
#3817 = CARTESIAN_POINT('',(-44.,390.5,119.1961524227));
#3818 = DIRECTION('',(0.5,0.,-0.866025403784));
#3819 = DIRECTION('',(0.866025403784,0.,0.5));
#3820 = DEFINITIONAL_REPRESENTATION('',(#3821),#3825);
#3821 = LINE('',#3822,#3823);
#3822 = CARTESIAN_POINT('',(10.392304845413,0.));
#3823 = VECTOR('',#3824,1.);
#3824 = DIRECTION('',(0.,-1.));
#3825 = ( GEOMETRIC_REPRESENTATION_CONTEXT(2) 
PARAMETRIC_REPRESENTATION_CONTEXT() REPRESENTATION_CONTEXT('2D SPACE',''
  ) );
#3826 = ORIENTED_EDGE('',*,*,#3827,.T.);
#3827 = EDGE_CURVE('',#3795,#3828,#3830,.T.);
#3828 = VERTEX_POINT('',#3829);
#3829 = CARTESIAN_POINT('',(-26.,398.,119.1961524227));
#3830 = SURFACE_CURVE('',#3831,(#3835,#3842),.PCURVE_S1.);
#3831 = LINE('',#3832,#3833);
#3832 = CARTESIAN_POINT('',(-35.,398.,124.39230484541));
#3833 = VECTOR('',#3834,1.);
#3834 = DIRECTION('',(0.866025403784,0.,-0.5));
#3835 = PCURVE('',#3803,#3836);
#3836 = DEFINITIONAL_REPRESENTATION('',(#3837),#3841);
#3837 = LINE('',#3838,#3839);
#3838 = CARTESIAN_POINT('',(0.,-7.5));
#3839 = VECTOR('',#3840,1.);
#3840 = DIRECTION('',(1.,0.));
#3841 = ( GEOMETRIC_REPRESENTATION_CONTEXT(2) 
PARAMETRIC_REPRESENTATION_CONTEXT() REPRESENTATION_CONTEXT('2D SPACE',''
  ) );
#3842 = PCURVE('',#3843,#3848);
#3843 = PLANE('',#3844);
#3844 = AXIS2_PLACEMENT_3D('',#3845,#3846,#3847);
#3845 = CARTESIAN_POINT('',(-35.,398.,114.));
#3846 = DIRECTION('',(0.,1.,0.));
#3847 = DIRECTION('',(0.,-0.,1.));
#3848 = DEFINITIONAL_REPRESENTATION('',(#3849),#3853);
#3849 = LINE('',#3850,#3851);
#3850 = CARTESIAN_POINT('',(10.392304845413,7.105427357601E-15));
#3851 = VECTOR('',#3852,1.);
#3852 = DIRECTION('',(-0.5,0.866025403784));
#3853 = ( GEOMETRIC_REPRESENTATION_CONTEXT(2) 
PARAMETRIC_REPRESENTATION_CONTEXT() REPRESENTATION_CONTEXT('2D SPACE',''
  ) );
#3854 = ORIENTED_EDGE('',*,*,#3855,.F.);
#3855 = EDGE_CURVE('',#3856,#3828,#3858,.T.);
#3856 = VERTEX_POINT('',#3857);
#3857 = CARTESIAN_POINT('',(-26.,390.5,119.1961524227));
#3858 = SURFACE_CURVE('',#3859,(#3863,#3870),.PCURVE_S1.);
#3859 = LINE('',#3860,#3861);
#3860 = CARTESIAN_POINT('',(-26.,390.5,119.1961524227));
#3861 = VECTOR('',#3862,1.);
#3862 = DIRECTION('',(0.,1.,0.));
#3863 = PCURVE('',#3803,#3864);
#3864 = DEFINITIONAL_REPRESENTATION('',(#3865),#3869);
#3865 = LINE('',#3866,#3867);
#3866 = CARTESIAN_POINT('',(10.392304845413,0.));
#3867 = VECTOR('',#3868,1.);
#3868 = DIRECTION('',(0.,-1.));
#3869 = ( GEOMETRIC_REPRESENTATION_CONTEXT(2) 
PARAMETRIC_REPRESENTATION_CONTEXT() REPRESENTATION_CONTEXT('2D SPACE',''
  ) );
#3870 = PCURVE('',#3871,#3876);
#3871 = PLANE('',#3872);
#3872 = AXIS2_PLACEMENT_3D('',#3873,#3874,#3875);
#3873 = CARTESIAN_POINT('',(-26.,390.5,119.1961524227));
#3874 = DIRECTION('',(-1.,0.,-1.709300165674E-16));
#3875 = DIRECTION('',(1.709300165674E-16,0.,-1.));
#3876 = DEFINITIONAL_REPRESENTATION('',(#3877),#3881);
#3877 = LINE('',#3878,#3879);
#3878 = CARTESIAN_POINT('',(0.,0.));
#3879 = VECTOR('',#3880,1.);
#3880 = DIRECTION('',(0.,-1.));
#3881 = ( GEOMETRIC_REPRESENTATION_CONTEXT(2) 
PARAMETRIC_REPRESENTATION_CONTEXT() REPRESENTATION_CONTEXT('2D SPACE',''
  ) );
#3882 = ORIENTED_EDGE('',*,*,#3883,.F.);
#3883 = EDGE_CURVE('',#3793,#3856,#3884,.T.);
#3884 = SURFACE_CURVE('',#3885,(#3889,#3896),.PCURVE_S1.);
#3885 = LINE('',#3886,#3887);
#3886 = CARTESIAN_POINT('',(-35.,390.5,124.39230484541));
#3887 = VECTOR('',#3888,1.);
#3888 = DIRECTION('',(0.866025403784,0.,-0.5));
#3889 = PCURVE('',#3803,#3890);
#3890 = DEFINITIONAL_REPRESENTATION('',(#3891),#3895);
#3891 = LINE('',#3892,#3893);
#3892 = CARTESIAN_POINT('',(0.,0.));
#3893 = VECTOR('',#3894,1.);
#3894 = DIRECTION('',(1.,0.));
#3895 = ( GEOMETRIC_REPRESENTATION_CONTEXT(2) 
PARAMETRIC_REPRESENTATION_CONTEXT() REPRESENTATION_CONTEXT('2D SPACE',''
  ) );
#3896 = PCURVE('',#3897,#3902);
#3897 = PLANE('',#3898);
#3898 = AXIS2_PLACEMENT_3D('',#3899,#3900,#3901);
#3899 = CARTESIAN_POINT('',(-35.,390.5,114.));
#3900 = DIRECTION('',(0.,1.,0.));
#3901 = DIRECTION('',(0.,-0.,1.));
#3902 = DEFINITIONAL_REPRESENTATION('',(#3903),#3907);
#3903 = LINE('',#3904,#3905);
#3904 = CARTESIAN_POINT('',(10.392304845413,7.105427357601E-15));
#3905 = VECTOR('',#3906,1.);
#3906 = DIRECTION('',(-0.5,0.866025403784));
#3907 = ( GEOMETRIC_REPRESENTATION_CONTEXT(2) 
PARAMETRIC_REPRESENTATION_CONTEXT() REPRESENTATION_CONTEXT('2D SPACE',''
  ) );
#3908 = ADVANCED_FACE('',(#3909),#3815,.F.);
#3909 = FACE_BOUND('',#3910,.F.);
#3910 = EDGE_LOOP('',(#3911,#3941,#3962,#3963));
#3911 = ORIENTED_EDGE('',*,*,#3912,.T.);
#3912 = EDGE_CURVE('',#3913,#3915,#3917,.T.);
#3913 = VERTEX_POINT('',#3914);
#3914 = CARTESIAN_POINT('',(-44.,390.5,119.1961524227));
#3915 = VERTEX_POINT('',#3916);
#3916 = CARTESIAN_POINT('',(-44.,398.,119.1961524227));
#3917 = SURFACE_CURVE('',#3918,(#3922,#3929),.PCURVE_S1.);
#3918 = LINE('',#3919,#3920);
#3919 = CARTESIAN_POINT('',(-44.,390.5,119.1961524227));
#3920 = VECTOR('',#3921,1.);
#3921 = DIRECTION('',(0.,1.,0.));
#3922 = PCURVE('',#3815,#3923);
#3923 = DEFINITIONAL_REPRESENTATION('',(#3924),#3928);
#3924 = LINE('',#3925,#3926);
#3925 = CARTESIAN_POINT('',(0.,0.));
#3926 = VECTOR('',#3927,1.);
#3927 = DIRECTION('',(0.,-1.));
#3928 = ( GEOMETRIC_REPRESENTATION_CONTEXT(2) 
PARAMETRIC_REPRESENTATION_CONTEXT() REPRESENTATION_CONTEXT('2D SPACE',''
  ) );
#3929 = PCURVE('',#3930,#3935);
#3930 = PLANE('',#3931);
#3931 = AXIS2_PLACEMENT_3D('',#3932,#3933,#3934);
#3932 = CARTESIAN_POINT('',(-44.,390.5,108.80384757729));
#3933 = DIRECTION('',(1.,-0.,6.837200662697E-16));
#3934 = DIRECTION('',(-6.837200662697E-16,0.,1.));
#3935 = DEFINITIONAL_REPRESENTATION('',(#3936),#3940);
#3936 = LINE('',#3937,#3938);
#3937 = CARTESIAN_POINT('',(10.392304845413,0.));
#3938 = VECTOR('',#3939,1.);
#3939 = DIRECTION('',(0.,-1.));
#3940 = ( GEOMETRIC_REPRESENTATION_CONTEXT(2) 
PARAMETRIC_REPRESENTATION_CONTEXT() REPRESENTATION_CONTEXT('2D SPACE',''
  ) );
#3941 = ORIENTED_EDGE('',*,*,#3942,.T.);
#3942 = EDGE_CURVE('',#3915,#3795,#3943,.T.);
#3943 = SURFACE_CURVE('',#3944,(#3948,#3955),.PCURVE_S1.);
#3944 = LINE('',#3945,#3946);
#3945 = CARTESIAN_POINT('',(-44.,398.,119.1961524227));
#3946 = VECTOR('',#3947,1.);
#3947 = DIRECTION('',(0.866025403784,0.,0.5));
#3948 = PCURVE('',#3815,#3949);
#3949 = DEFINITIONAL_REPRESENTATION('',(#3950),#3954);
#3950 = LINE('',#3951,#3952);
#3951 = CARTESIAN_POINT('',(0.,-7.5));
#3952 = VECTOR('',#3953,1.);
#3953 = DIRECTION('',(1.,0.));
#3954 = ( GEOMETRIC_REPRESENTATION_CONTEXT(2) 
PARAMETRIC_REPRESENTATION_CONTEXT() REPRESENTATION_CONTEXT('2D SPACE',''
  ) );
#3955 = PCURVE('',#3843,#3956);
#3956 = DEFINITIONAL_REPRESENTATION('',(#3957),#3961);
#3957 = LINE('',#3958,#3959);
#3958 = CARTESIAN_POINT('',(5.196152422707,-9.));
#3959 = VECTOR('',#3960,1.);
#3960 = DIRECTION('',(0.5,0.866025403784));
#3961 = ( GEOMETRIC_REPRESENTATION_CONTEXT(2) 
PARAMETRIC_REPRESENTATION_CONTEXT() REPRESENTATION_CONTEXT('2D SPACE',''
  ) );
#3962 = ORIENTED_EDGE('',*,*,#3792,.F.);
#3963 = ORIENTED_EDGE('',*,*,#3964,.F.);
#3964 = EDGE_CURVE('',#3913,#3793,#3965,.T.);
#3965 = SURFACE_CURVE('',#3966,(#3970,#3977),.PCURVE_S1.);
#3966 = LINE('',#3967,#3968);
#3967 = CARTESIAN_POINT('',(-44.,390.5,119.1961524227));
#3968 = VECTOR('',#3969,1.);
#3969 = DIRECTION('',(0.866025403784,0.,0.5));
#3970 = PCURVE('',#3815,#3971);
#3971 = DEFINITIONAL_REPRESENTATION('',(#3972),#3976);
#3972 = LINE('',#3973,#3974);
#3973 = CARTESIAN_POINT('',(0.,0.));
#3974 = VECTOR('',#3975,1.);
#3975 = DIRECTION('',(1.,0.));
#3976 = ( GEOMETRIC_REPRESENTATION_CONTEXT(2) 
PARAMETRIC_REPRESENTATION_CONTEXT() REPRESENTATION_CONTEXT('2D SPACE',''
  ) );
#3977 = PCURVE('',#3897,#3978);
#3978 = DEFINITIONAL_REPRESENTATION('',(#3979),#3983);
#3979 = LINE('',#3980,#3981);
#3980 = CARTESIAN_POINT('',(5.196152422707,-9.));
#3981 = VECTOR('',#3982,1.);
#3982 = DIRECTION('',(0.5,0.866025403784));
#3983 = ( GEOMETRIC_REPRESENTATION_CONTEXT(2) 
PARAMETRIC_REPRESENTATION_CONTEXT() REPRESENTATION_CONTEXT('2D SPACE',''
  ) );
#3984 = ADVANCED_FACE('',(#3985),#3871,.F.);
#3985 = FACE_BOUND('',#3986,.F.);
#3986 = EDGE_LOOP('',(#3987,#3988,#4011,#4039));
#3987 = ORIENTED_EDGE('',*,*,#3855,.T.);
#3988 = ORIENTED_EDGE('',*,*,#3989,.T.);
#3989 = EDGE_CURVE('',#3828,#3990,#3992,.T.);
#3990 = VERTEX_POINT('',#3991);
#3991 = CARTESIAN_POINT('',(-26.,398.,108.80384757729));
#3992 = SURFACE_CURVE('',#3993,(#3997,#4004),.PCURVE_S1.);
#3993 = LINE('',#3994,#3995);
#3994 = CARTESIAN_POINT('',(-26.,398.,119.1961524227));
#3995 = VECTOR('',#3996,1.);
#3996 = DIRECTION('',(1.709300165674E-16,0.,-1.));
#3997 = PCURVE('',#3871,#3998);
#3998 = DEFINITIONAL_REPRESENTATION('',(#3999),#4003);
#3999 = LINE('',#4000,#4001);
#4000 = CARTESIAN_POINT('',(0.,-7.5));
#4001 = VECTOR('',#4002,1.);
#4002 = DIRECTION('',(1.,0.));
#4003 = ( GEOMETRIC_REPRESENTATION_CONTEXT(2) 
PARAMETRIC_REPRESENTATION_CONTEXT() REPRESENTATION_CONTEXT('2D SPACE',''
  ) );
#4004 = PCURVE('',#3843,#4005);
#4005 = DEFINITIONAL_REPRESENTATION('',(#4006),#4010);
#4006 = LINE('',#4007,#4008);
#4007 = CARTESIAN_POINT('',(5.196152422707,9.));
#4008 = VECTOR('',#4009,1.);
#4009 = DIRECTION('',(-1.,1.709300165674E-16));
#4010 = ( GEOMETRIC_REPRESENTATION_CONTEXT(2) 
PARAMETRIC_REPRESENTATION_CONTEXT() REPRESENTATION_CONTEXT('2D SPACE',''
  ) );
#4011 = ORIENTED_EDGE('',*,*,#4012,.F.);
#4012 = EDGE_CURVE('',#4013,#3990,#4015,.T.);
#4013 = VERTEX_POINT('',#4014);
#4014 = CARTESIAN_POINT('',(-26.,390.5,108.80384757729));
#4015 = SURFACE_CURVE('',#4016,(#4020,#4027),.PCURVE_S1.);
#4016 = LINE('',#4017,#4018);
#4017 = CARTESIAN_POINT('',(-26.,390.5,108.80384757729));
#4018 = VECTOR('',#4019,1.);
#4019 = DIRECTION('',(0.,1.,0.));
#4020 = PCURVE('',#3871,#4021);
#4021 = DEFINITIONAL_REPRESENTATION('',(#4022),#4026);
#4022 = LINE('',#4023,#4024);
#4023 = CARTESIAN_POINT('',(10.392304845413,0.));
#4024 = VECTOR('',#4025,1.);
#4025 = DIRECTION('',(0.,-1.));
#4026 = ( GEOMETRIC_REPRESENTATION_CONTEXT(2) 
PARAMETRIC_REPRESENTATION_CONTEXT() REPRESENTATION_CONTEXT('2D SPACE',''
  ) );
#4027 = PCURVE('',#4028,#4033);
#4028 = PLANE('',#4029);
#4029 = AXIS2_PLACEMENT_3D('',#4030,#4031,#4032);
#4030 = CARTESIAN_POINT('',(-26.,390.5,108.80384757729));
#4031 = DIRECTION('',(-0.5,0.,0.866025403784));
#4032 = DIRECTION('',(-0.866025403784,0.,-0.5));
#4033 = DEFINITIONAL_REPRESENTATION('',(#4034),#4038);
#4034 = LINE('',#4035,#4036);
#4035 = CARTESIAN_POINT('',(0.,0.));
#4036 = VECTOR('',#4037,1.);
#4037 = DIRECTION('',(0.,-1.));
#4038 = ( GEOMETRIC_REPRESENTATION_CONTEXT(2) 
PARAMETRIC_REPRESENTATION_CONTEXT() REPRESENTATION_CONTEXT('2D SPACE',''
  ) );
#4039 = ORIENTED_EDGE('',*,*,#4040,.F.);
#4040 = EDGE_CURVE('',#3856,#4013,#4041,.T.);
#4041 = SURFACE_CURVE('',#4042,(#4046,#4053),.PCURVE_S1.);
#4042 = LINE('',#4043,#4044);
#4043 = CARTESIAN_POINT('',(-26.,390.5,119.1961524227));
#4044 = VECTOR('',#4045,1.);
#4045 = DIRECTION('',(1.709300165674E-16,0.,-1.));
#4046 = PCURVE('',#3871,#4047);
#4047 = DEFINITIONAL_REPRESENTATION('',(#4048),#4052);
#4048 = LINE('',#4049,#4050);
#4049 = CARTESIAN_POINT('',(0.,0.));
#4050 = VECTOR('',#4051,1.);
#4051 = DIRECTION('',(1.,0.));
#4052 = ( GEOMETRIC_REPRESENTATION_CONTEXT(2) 
PARAMETRIC_REPRESENTATION_CONTEXT() REPRESENTATION_CONTEXT('2D SPACE',''
  ) );
#4053 = PCURVE('',#3897,#4054);
#4054 = DEFINITIONAL_REPRESENTATION('',(#4055),#4059);
#4055 = LINE('',#4056,#4057);
#4056 = CARTESIAN_POINT('',(5.196152422707,9.));
#4057 = VECTOR('',#4058,1.);
#4058 = DIRECTION('',(-1.,1.709300165674E-16));
#4059 = ( GEOMETRIC_REPRESENTATION_CONTEXT(2) 
PARAMETRIC_REPRESENTATION_CONTEXT() REPRESENTATION_CONTEXT('2D SPACE',''
  ) );
#4060 = ADVANCED_FACE('',(#4061),#3897,.F.);
#4061 = FACE_BOUND('',#4062,.F.);
#4062 = EDGE_LOOP('',(#4063,#4064,#4065,#4088,#4116,#4137));
#4063 = ORIENTED_EDGE('',*,*,#3883,.T.);
#4064 = ORIENTED_EDGE('',*,*,#4040,.T.);
#4065 = ORIENTED_EDGE('',*,*,#4066,.T.);
#4066 = EDGE_CURVE('',#4013,#4067,#4069,.T.);
#4067 = VERTEX_POINT('',#4068);
#4068 = CARTESIAN_POINT('',(-35.,390.5,103.60769515458));
#4069 = SURFACE_CURVE('',#4070,(#4074,#4081),.PCURVE_S1.);
#4070 = LINE('',#4071,#4072);
#4071 = CARTESIAN_POINT('',(-26.,390.5,108.80384757729));
#4072 = VECTOR('',#4073,1.);
#4073 = DIRECTION('',(-0.866025403784,0.,-0.5));
#4074 = PCURVE('',#3897,#4075);
#4075 = DEFINITIONAL_REPRESENTATION('',(#4076),#4080);
#4076 = LINE('',#4077,#4078);
#4077 = CARTESIAN_POINT('',(-5.196152422707,9.));
#4078 = VECTOR('',#4079,1.);
#4079 = DIRECTION('',(-0.5,-0.866025403784));
#4080 = ( GEOMETRIC_REPRESENTATION_CONTEXT(2) 
PARAMETRIC_REPRESENTATION_CONTEXT() REPRESENTATION_CONTEXT('2D SPACE',''
  ) );
#4081 = PCURVE('',#4028,#4082);
#4082 = DEFINITIONAL_REPRESENTATION('',(#4083),#4087);
#4083 = LINE('',#4084,#4085);
#4084 = CARTESIAN_POINT('',(0.,0.));
#4085 = VECTOR('',#4086,1.);
#4086 = DIRECTION('',(1.,0.));
#4087 = ( GEOMETRIC_REPRESENTATION_CONTEXT(2) 
PARAMETRIC_REPRESENTATION_CONTEXT() REPRESENTATION_CONTEXT('2D SPACE',''
  ) );
#4088 = ORIENTED_EDGE('',*,*,#4089,.T.);
#4089 = EDGE_CURVE('',#4067,#4090,#4092,.T.);
#4090 = VERTEX_POINT('',#4091);
#4091 = CARTESIAN_POINT('',(-44.,390.5,108.80384757729));
#4092 = SURFACE_CURVE('',#4093,(#4097,#4104),.PCURVE_S1.);
#4093 = LINE('',#4094,#4095);
#4094 = CARTESIAN_POINT('',(-35.,390.5,103.60769515458));
#4095 = VECTOR('',#4096,1.);
#4096 = DIRECTION('',(-0.866025403784,0.,0.5));
#4097 = PCURVE('',#3897,#4098);
#4098 = DEFINITIONAL_REPRESENTATION('',(#4099),#4103);
#4099 = LINE('',#4100,#4101);
#4100 = CARTESIAN_POINT('',(-10.39230484541,7.105427357601E-15));
#4101 = VECTOR('',#4102,1.);
#4102 = DIRECTION('',(0.5,-0.866025403784));
#4103 = ( GEOMETRIC_REPRESENTATION_CONTEXT(2) 
PARAMETRIC_REPRESENTATION_CONTEXT() REPRESENTATION_CONTEXT('2D SPACE',''
  ) );
#4104 = PCURVE('',#4105,#4110);
#4105 = PLANE('',#4106);
#4106 = AXIS2_PLACEMENT_3D('',#4107,#4108,#4109);
#4107 = CARTESIAN_POINT('',(-35.,390.5,103.60769515458));
#4108 = DIRECTION('',(0.5,-0.,0.866025403784));
#4109 = DIRECTION('',(-0.866025403784,0.,0.5));
#4110 = DEFINITIONAL_REPRESENTATION('',(#4111),#4115);
#4111 = LINE('',#4112,#4113);
#4112 = CARTESIAN_POINT('',(0.,0.));
#4113 = VECTOR('',#4114,1.);
#4114 = DIRECTION('',(1.,0.));
#4115 = ( GEOMETRIC_REPRESENTATION_CONTEXT(2) 
PARAMETRIC_REPRESENTATION_CONTEXT() REPRESENTATION_CONTEXT('2D SPACE',''
  ) );
#4116 = ORIENTED_EDGE('',*,*,#4117,.T.);
#4117 = EDGE_CURVE('',#4090,#3913,#4118,.T.);
#4118 = SURFACE_CURVE('',#4119,(#4123,#4130),.PCURVE_S1.);
#4119 = LINE('',#4120,#4121);
#4120 = CARTESIAN_POINT('',(-44.,390.5,108.80384757729));
#4121 = VECTOR('',#4122,1.);
#4122 = DIRECTION('',(-6.837200662697E-16,0.,1.));
#4123 = PCURVE('',#3897,#4124);
#4124 = DEFINITIONAL_REPRESENTATION('',(#4125),#4129);
#4125 = LINE('',#4126,#4127);
#4126 = CARTESIAN_POINT('',(-5.196152422707,-9.));
#4127 = VECTOR('',#4128,1.);
#4128 = DIRECTION('',(1.,-6.837200662697E-16));
#4129 = ( GEOMETRIC_REPRESENTATION_CONTEXT(2) 
PARAMETRIC_REPRESENTATION_CONTEXT() REPRESENTATION_CONTEXT('2D SPACE',''
  ) );
#4130 = PCURVE('',#3930,#4131);
#4131 = DEFINITIONAL_REPRESENTATION('',(#4132),#4136);
#4132 = LINE('',#4133,#4134);
#4133 = CARTESIAN_POINT('',(0.,0.));
#4134 = VECTOR('',#4135,1.);
#4135 = DIRECTION('',(1.,0.));
#4136 = ( GEOMETRIC_REPRESENTATION_CONTEXT(2) 
PARAMETRIC_REPRESENTATION_CONTEXT() REPRESENTATION_CONTEXT('2D SPACE',''
  ) );
#4137 = ORIENTED_EDGE('',*,*,#3964,.T.);
#4138 = ADVANCED_FACE('',(#4139,#4211),#3843,.T.);
#4139 = FACE_BOUND('',#4140,.T.);
#4140 = EDGE_LOOP('',(#4141,#4142,#4143,#4166,#4189,#4210));
#4141 = ORIENTED_EDGE('',*,*,#3827,.T.);
#4142 = ORIENTED_EDGE('',*,*,#3989,.T.);
#4143 = ORIENTED_EDGE('',*,*,#4144,.T.);
#4144 = EDGE_CURVE('',#3990,#4145,#4147,.T.);
#4145 = VERTEX_POINT('',#4146);
#4146 = CARTESIAN_POINT('',(-35.,398.,103.60769515458));
#4147 = SURFACE_CURVE('',#4148,(#4152,#4159),.PCURVE_S1.);
#4148 = LINE('',#4149,#4150);
#4149 = CARTESIAN_POINT('',(-26.,398.,108.80384757729));
#4150 = VECTOR('',#4151,1.);
#4151 = DIRECTION('',(-0.866025403784,0.,-0.5));
#4152 = PCURVE('',#3843,#4153);
#4153 = DEFINITIONAL_REPRESENTATION('',(#4154),#4158);
#4154 = LINE('',#4155,#4156);
#4155 = CARTESIAN_POINT('',(-5.196152422707,9.));
#4156 = VECTOR('',#4157,1.);
#4157 = DIRECTION('',(-0.5,-0.866025403784));
#4158 = ( GEOMETRIC_REPRESENTATION_CONTEXT(2) 
PARAMETRIC_REPRESENTATION_CONTEXT() REPRESENTATION_CONTEXT('2D SPACE',''
  ) );
#4159 = PCURVE('',#4028,#4160);
#4160 = DEFINITIONAL_REPRESENTATION('',(#4161),#4165);
#4161 = LINE('',#4162,#4163);
#4162 = CARTESIAN_POINT('',(0.,-7.5));
#4163 = VECTOR('',#4164,1.);
#4164 = DIRECTION('',(1.,0.));
#4165 = ( GEOMETRIC_REPRESENTATION_CONTEXT(2) 
PARAMETRIC_REPRESENTATION_CONTEXT() REPRESENTATION_CONTEXT('2D SPACE',''
  ) );
#4166 = ORIENTED_EDGE('',*,*,#4167,.T.);
#4167 = EDGE_CURVE('',#4145,#4168,#4170,.T.);
#4168 = VERTEX_POINT('',#4169);
#4169 = CARTESIAN_POINT('',(-44.,398.,108.80384757729));
#4170 = SURFACE_CURVE('',#4171,(#4175,#4182),.PCURVE_S1.);
#4171 = LINE('',#4172,#4173);
#4172 = CARTESIAN_POINT('',(-35.,398.,103.60769515458));
#4173 = VECTOR('',#4174,1.);
#4174 = DIRECTION('',(-0.866025403784,0.,0.5));
#4175 = PCURVE('',#3843,#4176);
#4176 = DEFINITIONAL_REPRESENTATION('',(#4177),#4181);
#4177 = LINE('',#4178,#4179);
#4178 = CARTESIAN_POINT('',(-10.39230484541,7.105427357601E-15));
#4179 = VECTOR('',#4180,1.);
#4180 = DIRECTION('',(0.5,-0.866025403784));
#4181 = ( GEOMETRIC_REPRESENTATION_CONTEXT(2) 
PARAMETRIC_REPRESENTATION_CONTEXT() REPRESENTATION_CONTEXT('2D SPACE',''
  ) );
#4182 = PCURVE('',#4105,#4183);
#4183 = DEFINITIONAL_REPRESENTATION('',(#4184),#4188);
#4184 = LINE('',#4185,#4186);
#4185 = CARTESIAN_POINT('',(0.,-7.5));
#4186 = VECTOR('',#4187,1.);
#4187 = DIRECTION('',(1.,0.));
#4188 = ( GEOMETRIC_REPRESENTATION_CONTEXT(2) 
PARAMETRIC_REPRESENTATION_CONTEXT() REPRESENTATION_CONTEXT('2D SPACE',''
  ) );
#4189 = ORIENTED_EDGE('',*,*,#4190,.T.);
#4190 = EDGE_CURVE('',#4168,#3915,#4191,.T.);
#4191 = SURFACE_CURVE('',#4192,(#4196,#4203),.PCURVE_S1.);
#4192 = LINE('',#4193,#4194);
#4193 = CARTESIAN_POINT('',(-44.,398.,108.80384757729));
#4194 = VECTOR('',#4195,1.);
#4195 = DIRECTION('',(-6.837200662697E-16,0.,1.));
#4196 = PCURVE('',#3843,#4197);
#4197 = DEFINITIONAL_REPRESENTATION('',(#4198),#4202);
#4198 = LINE('',#4199,#4200);
#4199 = CARTESIAN_POINT('',(-5.196152422707,-9.));
#4200 = VECTOR('',#4201,1.);
#4201 = DIRECTION('',(1.,-6.837200662697E-16));
#4202 = ( GEOMETRIC_REPRESENTATION_CONTEXT(2) 
PARAMETRIC_REPRESENTATION_CONTEXT() REPRESENTATION_CONTEXT('2D SPACE',''
  ) );
#4203 = PCURVE('',#3930,#4204);
#4204 = DEFINITIONAL_REPRESENTATION('',(#4205),#4209);
#4205 = LINE('',#4206,#4207);
#4206 = CARTESIAN_POINT('',(0.,-7.5));
#4207 = VECTOR('',#4208,1.);
#4208 = DIRECTION('',(1.,0.));
#4209 = ( GEOMETRIC_REPRESENTATION_CONTEXT(2) 
PARAMETRIC_REPRESENTATION_CONTEXT() REPRESENTATION_CONTEXT('2D SPACE',''
  ) );
#4210 = ORIENTED_EDGE('',*,*,#3942,.T.);
#4211 = FACE_BOUND('',#4212,.T.);
#4212 = EDGE_LOOP('',(#4213));
#4213 = ORIENTED_EDGE('',*,*,#4214,.F.);
#4214 = EDGE_CURVE('',#4215,#4215,#4217,.T.);
#4215 = VERTEX_POINT('',#4216);
#4216 = CARTESIAN_POINT('',(-35.,398.,120.));
#4217 = SURFACE_CURVE('',#4218,(#4223,#4230),.PCURVE_S1.);
#4218 = CIRCLE('',#4219,6.);
#4219 = AXIS2_PLACEMENT_3D('',#4220,#4221,#4222);
#4220 = CARTESIAN_POINT('',(-35.,398.,114.));
#4221 = DIRECTION('',(0.,1.,0.));
#4222 = DIRECTION('',(0.,0.,1.));
#4223 = PCURVE('',#3843,#4224);
#4224 = DEFINITIONAL_REPRESENTATION('',(#4225),#4229);
#4225 = CIRCLE('',#4226,6.);
#4226 = AXIS2_PLACEMENT_2D('',#4227,#4228);
#4227 = CARTESIAN_POINT('',(-2.84217094304E-14,7.105427357601E-15));
#4228 = DIRECTION('',(1.,0.));
#4229 = ( GEOMETRIC_REPRESENTATION_CONTEXT(2) 
PARAMETRIC_REPRESENTATION_CONTEXT() REPRESENTATION_CONTEXT('2D SPACE',''
  ) );
#4230 = PCURVE('',#4231,#4236);
#4231 = CYLINDRICAL_SURFACE('',#4232,6.);
#4232 = AXIS2_PLACEMENT_3D('',#4233,#4234,#4235);
#4233 = CARTESIAN_POINT('',(-35.,398.,114.));
#4234 = DIRECTION('',(-0.,-1.,-0.));
#4235 = DIRECTION('',(0.,0.,1.));
#4236 = DEFINITIONAL_REPRESENTATION('',(#4237),#4241);
#4237 = LINE('',#4238,#4239);
#4238 = CARTESIAN_POINT('',(-0.,0.));
#4239 = VECTOR('',#4240,1.);
#4240 = DIRECTION('',(-1.,0.));
#4241 = ( GEOMETRIC_REPRESENTATION_CONTEXT(2) 
PARAMETRIC_REPRESENTATION_CONTEXT() REPRESENTATION_CONTEXT('2D SPACE',''
  ) );
#4242 = ADVANCED_FACE('',(#4243),#3930,.F.);
#4243 = FACE_BOUND('',#4244,.F.);
#4244 = EDGE_LOOP('',(#4245,#4266,#4267,#4268));
#4245 = ORIENTED_EDGE('',*,*,#4246,.T.);
#4246 = EDGE_CURVE('',#4090,#4168,#4247,.T.);
#4247 = SURFACE_CURVE('',#4248,(#4252,#4259),.PCURVE_S1.);
#4248 = LINE('',#4249,#4250);
#4249 = CARTESIAN_POINT('',(-44.,390.5,108.80384757729));
#4250 = VECTOR('',#4251,1.);
#4251 = DIRECTION('',(0.,1.,0.));
#4252 = PCURVE('',#3930,#4253);
#4253 = DEFINITIONAL_REPRESENTATION('',(#4254),#4258);
#4254 = LINE('',#4255,#4256);
#4255 = CARTESIAN_POINT('',(0.,0.));
#4256 = VECTOR('',#4257,1.);
#4257 = DIRECTION('',(0.,-1.));
#4258 = ( GEOMETRIC_REPRESENTATION_CONTEXT(2) 
PARAMETRIC_REPRESENTATION_CONTEXT() REPRESENTATION_CONTEXT('2D SPACE',''
  ) );
#4259 = PCURVE('',#4105,#4260);
#4260 = DEFINITIONAL_REPRESENTATION('',(#4261),#4265);
#4261 = LINE('',#4262,#4263);
#4262 = CARTESIAN_POINT('',(10.392304845413,0.));
#4263 = VECTOR('',#4264,1.);
#4264 = DIRECTION('',(0.,-1.));
#4265 = ( GEOMETRIC_REPRESENTATION_CONTEXT(2) 
PARAMETRIC_REPRESENTATION_CONTEXT() REPRESENTATION_CONTEXT('2D SPACE',''
  ) );
#4266 = ORIENTED_EDGE('',*,*,#4190,.T.);
#4267 = ORIENTED_EDGE('',*,*,#3912,.F.);
#4268 = ORIENTED_EDGE('',*,*,#4117,.F.);
#4269 = ADVANCED_FACE('',(#4270),#4028,.F.);
#4270 = FACE_BOUND('',#4271,.F.);
#4271 = EDGE_LOOP('',(#4272,#4273,#4274,#4295));
#4272 = ORIENTED_EDGE('',*,*,#4012,.T.);
#4273 = ORIENTED_EDGE('',*,*,#4144,.T.);
#4274 = ORIENTED_EDGE('',*,*,#4275,.F.);
#4275 = EDGE_CURVE('',#4067,#4145,#4276,.T.);
#4276 = SURFACE_CURVE('',#4277,(#4281,#4288),.PCURVE_S1.);
#4277 = LINE('',#4278,#4279);
#4278 = CARTESIAN_POINT('',(-35.,390.5,103.60769515458));
#4279 = VECTOR('',#4280,1.);
#4280 = DIRECTION('',(0.,1.,0.));
#4281 = PCURVE('',#4028,#4282);
#4282 = DEFINITIONAL_REPRESENTATION('',(#4283),#4287);
#4283 = LINE('',#4284,#4285);
#4284 = CARTESIAN_POINT('',(10.392304845413,0.));
#4285 = VECTOR('',#4286,1.);
#4286 = DIRECTION('',(0.,-1.));
#4287 = ( GEOMETRIC_REPRESENTATION_CONTEXT(2) 
PARAMETRIC_REPRESENTATION_CONTEXT() REPRESENTATION_CONTEXT('2D SPACE',''
  ) );
#4288 = PCURVE('',#4105,#4289);
#4289 = DEFINITIONAL_REPRESENTATION('',(#4290),#4294);
#4290 = LINE('',#4291,#4292);
#4291 = CARTESIAN_POINT('',(0.,0.));
#4292 = VECTOR('',#4293,1.);
#4293 = DIRECTION('',(0.,-1.));
#4294 = ( GEOMETRIC_REPRESENTATION_CONTEXT(2) 
PARAMETRIC_REPRESENTATION_CONTEXT() REPRESENTATION_CONTEXT('2D SPACE',''
  ) );
#4295 = ORIENTED_EDGE('',*,*,#4066,.F.);
#4296 = ADVANCED_FACE('',(#4297),#4105,.F.);
#4297 = FACE_BOUND('',#4298,.F.);
#4298 = EDGE_LOOP('',(#4299,#4300,#4301,#4302));
#4299 = ORIENTED_EDGE('',*,*,#4275,.T.);
#4300 = ORIENTED_EDGE('',*,*,#4167,.T.);
#4301 = ORIENTED_EDGE('',*,*,#4246,.F.);
#4302 = ORIENTED_EDGE('',*,*,#4089,.F.);
#4303 = ADVANCED_FACE('',(#4304),#4231,.T.);
#4304 = FACE_BOUND('',#4305,.F.);
#4305 = EDGE_LOOP('',(#4306,#4329,#4356,#4357));
#4306 = ORIENTED_EDGE('',*,*,#4307,.T.);
#4307 = EDGE_CURVE('',#4215,#4308,#4310,.T.);
#4308 = VERTEX_POINT('',#4309);
#4309 = CARTESIAN_POINT('',(-35.,538.,120.));
#4310 = SEAM_CURVE('',#4311,(#4315,#4322),.PCURVE_S1.);
#4311 = LINE('',#4312,#4313);
#4312 = CARTESIAN_POINT('',(-35.,398.,120.));
#4313 = VECTOR('',#4314,1.);
#4314 = DIRECTION('',(0.,1.,0.));
#4315 = PCURVE('',#4231,#4316);
#4316 = DEFINITIONAL_REPRESENTATION('',(#4317),#4321);
#4317 = LINE('',#4318,#4319);
#4318 = CARTESIAN_POINT('',(-0.,0.));
#4319 = VECTOR('',#4320,1.);
#4320 = DIRECTION('',(-0.,-1.));
#4321 = ( GEOMETRIC_REPRESENTATION_CONTEXT(2) 
PARAMETRIC_REPRESENTATION_CONTEXT() REPRESENTATION_CONTEXT('2D SPACE',''
  ) );
#4322 = PCURVE('',#4231,#4323);
#4323 = DEFINITIONAL_REPRESENTATION('',(#4324),#4328);
#4324 = LINE('',#4325,#4326);
#4325 = CARTESIAN_POINT('',(-6.28318530718,0.));
#4326 = VECTOR('',#4327,1.);
#4327 = DIRECTION('',(-0.,-1.));
#4328 = ( GEOMETRIC_REPRESENTATION_CONTEXT(2) 
PARAMETRIC_REPRESENTATION_CONTEXT() REPRESENTATION_CONTEXT('2D SPACE',''
  ) );
#4329 = ORIENTED_EDGE('',*,*,#4330,.T.);
#4330 = EDGE_CURVE('',#4308,#4308,#4331,.T.);
#4331 = SURFACE_CURVE('',#4332,(#4337,#4344),.PCURVE_S1.);
#4332 = CIRCLE('',#4333,6.);
#4333 = AXIS2_PLACEMENT_3D('',#4334,#4335,#4336);
#4334 = CARTESIAN_POINT('',(-35.,538.,114.));
#4335 = DIRECTION('',(0.,1.,0.));
#4336 = DIRECTION('',(0.,0.,1.));
#4337 = PCURVE('',#4231,#4338);
#4338 = DEFINITIONAL_REPRESENTATION('',(#4339),#4343);
#4339 = LINE('',#4340,#4341);
#4340 = CARTESIAN_POINT('',(-0.,-140.));
#4341 = VECTOR('',#4342,1.);
#4342 = DIRECTION('',(-1.,0.));
#4343 = ( GEOMETRIC_REPRESENTATION_CONTEXT(2) 
PARAMETRIC_REPRESENTATION_CONTEXT() REPRESENTATION_CONTEXT('2D SPACE',''
  ) );
#4344 = PCURVE('',#4345,#4350);
#4345 = PLANE('',#4346);
#4346 = AXIS2_PLACEMENT_3D('',#4347,#4348,#4349);
#4347 = CARTESIAN_POINT('',(-35.,538.,114.));
#4348 = DIRECTION('',(0.,1.,0.));
#4349 = DIRECTION('',(0.,-0.,1.));
#4350 = DEFINITIONAL_REPRESENTATION('',(#4351),#4355);
#4351 = CIRCLE('',#4352,6.);
#4352 = AXIS2_PLACEMENT_2D('',#4353,#4354);
#4353 = CARTESIAN_POINT('',(0.,0.));
#4354 = DIRECTION('',(1.,0.));
#4355 = ( GEOMETRIC_REPRESENTATION_CONTEXT(2) 
PARAMETRIC_REPRESENTATION_CONTEXT() REPRESENTATION_CONTEXT('2D SPACE',''
  ) );
#4356 = ORIENTED_EDGE('',*,*,#4307,.F.);
#4357 = ORIENTED_EDGE('',*,*,#4214,.F.);
#4358 = ADVANCED_FACE('',(#4359),#4345,.T.);
#4359 = FACE_BOUND('',#4360,.T.);
#4360 = EDGE_LOOP('',(#4361));
#4361 = ORIENTED_EDGE('',*,*,#4330,.T.);
#4362 = ( GEOMETRIC_REPRESENTATION_CONTEXT(3) 
GLOBAL_UNCERTAINTY_ASSIGNED_CONTEXT((#4366)) 
GLOBAL_UNIT_ASSIGNED_CONTEXT((#4363,#4364,#4365)) REPRESENTATION_CONTEXT
('Context #1','3D Context with UNIT and UNCERTAINTY') );
#4363 = ( LENGTH_UNIT() NAMED_UNIT(*) SI_UNIT(.MILLI.,.METRE.) );
#4364 = ( NAMED_UNIT(*) PLANE_ANGLE_UNIT() SI_UNIT($,.RADIAN.) );
#4365 = ( NAMED_UNIT(*) SI_UNIT($,.STERADIAN.) SOLID_ANGLE_UNIT() );
#4366 = UNCERTAINTY_MEASURE_WITH_UNIT(LENGTH_MEASURE(1.E-07),#4363,
  'distance_accuracy_value','confusion accuracy');
#4367 = CONTEXT_DEPENDENT_SHAPE_REPRESENTATION(#4368,#4370);
#4368 = ( REPRESENTATION_RELATIONSHIP('','',#3785,#10) 
REPRESENTATION_RELATIONSHIP_WITH_TRANSFORMATION(#4369) 
SHAPE_REPRESENTATION_RELATIONSHIP() );
#4369 = ITEM_DEFINED_TRANSFORMATION('','',#11,#43);
#4370 = PRODUCT_DEFINITION_SHAPE('Placement','Placement of an item',
  #4371);
#4371 = NEXT_ASSEMBLY_USAGE_OCCURRENCE('8',
  'M12_nominal_clamp_bolt_-35_114','',#5,#3780,$);
#4372 = PRODUCT_RELATED_PRODUCT_CATEGORY('part',$,(#3782));
#4373 = SHAPE_DEFINITION_REPRESENTATION(#4374,#4380);
#4374 = PRODUCT_DEFINITION_SHAPE('','',#4375);
#4375 = PRODUCT_DEFINITION('design','',#4376,#4379);
#4376 = PRODUCT_DEFINITION_FORMATION('','',#4377);
#4377 = PRODUCT('M12_nominal_washer_-35_114',
  'M12_nominal_washer_-35_114','',(#4378));
#4378 = PRODUCT_CONTEXT('',#2,'mechanical');
#4379 = PRODUCT_DEFINITION_CONTEXT('part definition',#2,'design');
#4380 = ADVANCED_BREP_SHAPE_REPRESENTATION('',(#11,#4381),#4563);
#4381 = MANIFOLD_SOLID_BREP('',#4382);
#4382 = CLOSED_SHELL('',(#4383,#4471,#4549,#4556));
#4383 = ADVANCED_FACE('',(#4384),#4398,.T.);
#4384 = FACE_BOUND('',#4385,.F.);
#4385 = EDGE_LOOP('',(#4386,#4416,#4443,#4444));
#4386 = ORIENTED_EDGE('',*,*,#4387,.T.);
#4387 = EDGE_CURVE('',#4388,#4390,#4392,.T.);
#4388 = VERTEX_POINT('',#4389);
#4389 = CARTESIAN_POINT('',(-35.,522.,126.));
#4390 = VERTEX_POINT('',#4391);
#4391 = CARTESIAN_POINT('',(-35.,524.,126.));
#4392 = SEAM_CURVE('',#4393,(#4397,#4409),.PCURVE_S1.);
#4393 = LINE('',#4394,#4395);
#4394 = CARTESIAN_POINT('',(-35.,522.,126.));
#4395 = VECTOR('',#4396,1.);
#4396 = DIRECTION('',(0.,1.,0.));
#4397 = PCURVE('',#4398,#4403);
#4398 = CYLINDRICAL_SURFACE('',#4399,12.);
#4399 = AXIS2_PLACEMENT_3D('',#4400,#4401,#4402);
#4400 = CARTESIAN_POINT('',(-35.,522.,114.));
#4401 = DIRECTION('',(-0.,-1.,-0.));
#4402 = DIRECTION('',(0.,0.,1.));
#4403 = DEFINITIONAL_REPRESENTATION('',(#4404),#4408);
#4404 = LINE('',#4405,#4406);
#4405 = CARTESIAN_POINT('',(-0.,0.));
#4406 = VECTOR('',#4407,1.);
#4407 = DIRECTION('',(-0.,-1.));
#4408 = ( GEOMETRIC_REPRESENTATION_CONTEXT(2) 
PARAMETRIC_REPRESENTATION_CONTEXT() REPRESENTATION_CONTEXT('2D SPACE',''
  ) );
#4409 = PCURVE('',#4398,#4410);
#4410 = DEFINITIONAL_REPRESENTATION('',(#4411),#4415);
#4411 = LINE('',#4412,#4413);
#4412 = CARTESIAN_POINT('',(-6.28318530718,0.));
#4413 = VECTOR('',#4414,1.);
#4414 = DIRECTION('',(-0.,-1.));
#4415 = ( GEOMETRIC_REPRESENTATION_CONTEXT(2) 
PARAMETRIC_REPRESENTATION_CONTEXT() REPRESENTATION_CONTEXT('2D SPACE',''
  ) );
#4416 = ORIENTED_EDGE('',*,*,#4417,.T.);
#4417 = EDGE_CURVE('',#4390,#4390,#4418,.T.);
#4418 = SURFACE_CURVE('',#4419,(#4424,#4431),.PCURVE_S1.);
#4419 = CIRCLE('',#4420,12.);
#4420 = AXIS2_PLACEMENT_3D('',#4421,#4422,#4423);
#4421 = CARTESIAN_POINT('',(-35.,524.,114.));
#4422 = DIRECTION('',(0.,1.,0.));
#4423 = DIRECTION('',(0.,0.,1.));
#4424 = PCURVE('',#4398,#4425);
#4425 = DEFINITIONAL_REPRESENTATION('',(#4426),#4430);
#4426 = LINE('',#4427,#4428);
#4427 = CARTESIAN_POINT('',(-0.,-2.));
#4428 = VECTOR('',#4429,1.);
#4429 = DIRECTION('',(-1.,0.));
#4430 = ( GEOMETRIC_REPRESENTATION_CONTEXT(2) 
PARAMETRIC_REPRESENTATION_CONTEXT() REPRESENTATION_CONTEXT('2D SPACE',''
  ) );
#4431 = PCURVE('',#4432,#4437);
#4432 = PLANE('',#4433);
#4433 = AXIS2_PLACEMENT_3D('',#4434,#4435,#4436);
#4434 = CARTESIAN_POINT('',(-35.,524.,114.));
#4435 = DIRECTION('',(0.,1.,0.));
#4436 = DIRECTION('',(0.,-0.,1.));
#4437 = DEFINITIONAL_REPRESENTATION('',(#4438),#4442);
#4438 = CIRCLE('',#4439,12.);
#4439 = AXIS2_PLACEMENT_2D('',#4440,#4441);
#4440 = CARTESIAN_POINT('',(1.42108547152E-14,0.));
#4441 = DIRECTION('',(1.,0.));
#4442 = ( GEOMETRIC_REPRESENTATION_CONTEXT(2) 
PARAMETRIC_REPRESENTATION_CONTEXT() REPRESENTATION_CONTEXT('2D SPACE',''
  ) );
#4443 = ORIENTED_EDGE('',*,*,#4387,.F.);
#4444 = ORIENTED_EDGE('',*,*,#4445,.F.);
#4445 = EDGE_CURVE('',#4388,#4388,#4446,.T.);
#4446 = SURFACE_CURVE('',#4447,(#4452,#4459),.PCURVE_S1.);
#4447 = CIRCLE('',#4448,12.);
#4448 = AXIS2_PLACEMENT_3D('',#4449,#4450,#4451);
#4449 = CARTESIAN_POINT('',(-35.,522.,114.));
#4450 = DIRECTION('',(0.,1.,0.));
#4451 = DIRECTION('',(0.,0.,1.));
#4452 = PCURVE('',#4398,#4453);
#4453 = DEFINITIONAL_REPRESENTATION('',(#4454),#4458);
#4454 = LINE('',#4455,#4456);
#4455 = CARTESIAN_POINT('',(-0.,0.));
#4456 = VECTOR('',#4457,1.);
#4457 = DIRECTION('',(-1.,0.));
#4458 = ( GEOMETRIC_REPRESENTATION_CONTEXT(2) 
PARAMETRIC_REPRESENTATION_CONTEXT() REPRESENTATION_CONTEXT('2D SPACE',''
  ) );
#4459 = PCURVE('',#4460,#4465);
#4460 = PLANE('',#4461);
#4461 = AXIS2_PLACEMENT_3D('',#4462,#4463,#4464);
#4462 = CARTESIAN_POINT('',(-35.,522.,114.));
#4463 = DIRECTION('',(0.,1.,0.));
#4464 = DIRECTION('',(0.,-0.,1.));
#4465 = DEFINITIONAL_REPRESENTATION('',(#4466),#4470);
#4466 = CIRCLE('',#4467,12.);
#4467 = AXIS2_PLACEMENT_2D('',#4468,#4469);
#4468 = CARTESIAN_POINT('',(1.42108547152E-14,0.));
#4469 = DIRECTION('',(1.,0.));
#4470 = ( GEOMETRIC_REPRESENTATION_CONTEXT(2) 
PARAMETRIC_REPRESENTATION_CONTEXT() REPRESENTATION_CONTEXT('2D SPACE',''
  ) );
#4471 = ADVANCED_FACE('',(#4472),#4486,.F.);
#4472 = FACE_BOUND('',#4473,.T.);
#4473 = EDGE_LOOP('',(#4474,#4504,#4526,#4527));
#4474 = ORIENTED_EDGE('',*,*,#4475,.T.);
#4475 = EDGE_CURVE('',#4476,#4478,#4480,.T.);
#4476 = VERTEX_POINT('',#4477);
#4477 = CARTESIAN_POINT('',(-35.,522.,120.5));
#4478 = VERTEX_POINT('',#4479);
#4479 = CARTESIAN_POINT('',(-35.,524.,120.5));
#4480 = SEAM_CURVE('',#4481,(#4485,#4497),.PCURVE_S1.);
#4481 = LINE('',#4482,#4483);
#4482 = CARTESIAN_POINT('',(-35.,522.,120.5));
#4483 = VECTOR('',#4484,1.);
#4484 = DIRECTION('',(0.,1.,0.));
#4485 = PCURVE('',#4486,#4491);
#4486 = CYLINDRICAL_SURFACE('',#4487,6.5);
#4487 = AXIS2_PLACEMENT_3D('',#4488,#4489,#4490);
#4488 = CARTESIAN_POINT('',(-35.,522.,114.));
#4489 = DIRECTION('',(-0.,-1.,-0.));
#4490 = DIRECTION('',(0.,0.,1.));
#4491 = DEFINITIONAL_REPRESENTATION('',(#4492),#4496);
#4492 = LINE('',#4493,#4494);
#4493 = CARTESIAN_POINT('',(-0.,0.));
#4494 = VECTOR('',#4495,1.);
#4495 = DIRECTION('',(-0.,-1.));
#4496 = ( GEOMETRIC_REPRESENTATION_CONTEXT(2) 
PARAMETRIC_REPRESENTATION_CONTEXT() REPRESENTATION_CONTEXT('2D SPACE',''
  ) );
#4497 = PCURVE('',#4486,#4498);
#4498 = DEFINITIONAL_REPRESENTATION('',(#4499),#4503);
#4499 = LINE('',#4500,#4501);
#4500 = CARTESIAN_POINT('',(-6.28318530718,0.));
#4501 = VECTOR('',#4502,1.);
#4502 = DIRECTION('',(-0.,-1.));
#4503 = ( GEOMETRIC_REPRESENTATION_CONTEXT(2) 
PARAMETRIC_REPRESENTATION_CONTEXT() REPRESENTATION_CONTEXT('2D SPACE',''
  ) );
#4504 = ORIENTED_EDGE('',*,*,#4505,.T.);
#4505 = EDGE_CURVE('',#4478,#4478,#4506,.T.);
#4506 = SURFACE_CURVE('',#4507,(#4512,#4519),.PCURVE_S1.);
#4507 = CIRCLE('',#4508,6.5);
#4508 = AXIS2_PLACEMENT_3D('',#4509,#4510,#4511);
#4509 = CARTESIAN_POINT('',(-35.,524.,114.));
#4510 = DIRECTION('',(0.,1.,0.));
#4511 = DIRECTION('',(0.,0.,1.));
#4512 = PCURVE('',#4486,#4513);
#4513 = DEFINITIONAL_REPRESENTATION('',(#4514),#4518);
#4514 = LINE('',#4515,#4516);
#4515 = CARTESIAN_POINT('',(-0.,-2.));
#4516 = VECTOR('',#4517,1.);
#4517 = DIRECTION('',(-1.,0.));
#4518 = ( GEOMETRIC_REPRESENTATION_CONTEXT(2) 
PARAMETRIC_REPRESENTATION_CONTEXT() REPRESENTATION_CONTEXT('2D SPACE',''
  ) );
#4519 = PCURVE('',#4432,#4520);
#4520 = DEFINITIONAL_REPRESENTATION('',(#4521),#4525);
#4521 = CIRCLE('',#4522,6.5);
#4522 = AXIS2_PLACEMENT_2D('',#4523,#4524);
#4523 = CARTESIAN_POINT('',(7.105427357601E-14,0.));
#4524 = DIRECTION('',(1.,0.));
#4525 = ( GEOMETRIC_REPRESENTATION_CONTEXT(2) 
PARAMETRIC_REPRESENTATION_CONTEXT() REPRESENTATION_CONTEXT('2D SPACE',''
  ) );
#4526 = ORIENTED_EDGE('',*,*,#4475,.F.);
#4527 = ORIENTED_EDGE('',*,*,#4528,.F.);
#4528 = EDGE_CURVE('',#4476,#4476,#4529,.T.);
#4529 = SURFACE_CURVE('',#4530,(#4535,#4542),.PCURVE_S1.);
#4530 = CIRCLE('',#4531,6.5);
#4531 = AXIS2_PLACEMENT_3D('',#4532,#4533,#4534);
#4532 = CARTESIAN_POINT('',(-35.,522.,114.));
#4533 = DIRECTION('',(0.,1.,0.));
#4534 = DIRECTION('',(0.,0.,1.));
#4535 = PCURVE('',#4486,#4536);
#4536 = DEFINITIONAL_REPRESENTATION('',(#4537),#4541);
#4537 = LINE('',#4538,#4539);
#4538 = CARTESIAN_POINT('',(-0.,0.));
#4539 = VECTOR('',#4540,1.);
#4540 = DIRECTION('',(-1.,0.));
#4541 = ( GEOMETRIC_REPRESENTATION_CONTEXT(2) 
PARAMETRIC_REPRESENTATION_CONTEXT() REPRESENTATION_CONTEXT('2D SPACE',''
  ) );
#4542 = PCURVE('',#4460,#4543);
#4543 = DEFINITIONAL_REPRESENTATION('',(#4544),#4548);
#4544 = CIRCLE('',#4545,6.5);
#4545 = AXIS2_PLACEMENT_2D('',#4546,#4547);
#4546 = CARTESIAN_POINT('',(7.105427357601E-14,0.));
#4547 = DIRECTION('',(1.,0.));
#4548 = ( GEOMETRIC_REPRESENTATION_CONTEXT(2) 
PARAMETRIC_REPRESENTATION_CONTEXT() REPRESENTATION_CONTEXT('2D SPACE',''
  ) );
#4549 = ADVANCED_FACE('',(#4550,#4553),#4460,.F.);
#4550 = FACE_BOUND('',#4551,.F.);
#4551 = EDGE_LOOP('',(#4552));
#4552 = ORIENTED_EDGE('',*,*,#4445,.T.);
#4553 = FACE_BOUND('',#4554,.F.);
#4554 = EDGE_LOOP('',(#4555));
#4555 = ORIENTED_EDGE('',*,*,#4528,.F.);
#4556 = ADVANCED_FACE('',(#4557,#4560),#4432,.T.);
#4557 = FACE_BOUND('',#4558,.T.);
#4558 = EDGE_LOOP('',(#4559));
#4559 = ORIENTED_EDGE('',*,*,#4417,.T.);
#4560 = FACE_BOUND('',#4561,.T.);
#4561 = EDGE_LOOP('',(#4562));
#4562 = ORIENTED_EDGE('',*,*,#4505,.F.);
#4563 = ( GEOMETRIC_REPRESENTATION_CONTEXT(3) 
GLOBAL_UNCERTAINTY_ASSIGNED_CONTEXT((#4567)) 
GLOBAL_UNIT_ASSIGNED_CONTEXT((#4564,#4565,#4566)) REPRESENTATION_CONTEXT
('Context #1','3D Context with UNIT and UNCERTAINTY') );
#4564 = ( LENGTH_UNIT() NAMED_UNIT(*) SI_UNIT(.MILLI.,.METRE.) );
#4565 = ( NAMED_UNIT(*) PLANE_ANGLE_UNIT() SI_UNIT($,.RADIAN.) );
#4566 = ( NAMED_UNIT(*) SI_UNIT($,.STERADIAN.) SOLID_ANGLE_UNIT() );
#4567 = UNCERTAINTY_MEASURE_WITH_UNIT(LENGTH_MEASURE(1.E-07),#4564,
  'distance_accuracy_value','confusion accuracy');
#4568 = CONTEXT_DEPENDENT_SHAPE_REPRESENTATION(#4569,#4571);
#4569 = ( REPRESENTATION_RELATIONSHIP('','',#4380,#10) 
REPRESENTATION_RELATIONSHIP_WITH_TRANSFORMATION(#4570) 
SHAPE_REPRESENTATION_RELATIONSHIP() );
#4570 = ITEM_DEFINED_TRANSFORMATION('','',#11,#47);
#4571 = PRODUCT_DEFINITION_SHAPE('Placement','Placement of an item',
  #4572);
#4572 = NEXT_ASSEMBLY_USAGE_OCCURRENCE('9','M12_nominal_washer_-35_114',
  '',#5,#4375,$);
#4573 = PRODUCT_RELATED_PRODUCT_CATEGORY('part',$,(#4377));
#4574 = SHAPE_DEFINITION_REPRESENTATION(#4575,#4581);
#4575 = PRODUCT_DEFINITION_SHAPE('','',#4576);
#4576 = PRODUCT_DEFINITION('design','',#4577,#4580);
#4577 = PRODUCT_DEFINITION_FORMATION('','',#4578);
#4578 = PRODUCT('M12_nominal_nut_-35_114','M12_nominal_nut_-35_114','',(
    #4579));
#4579 = PRODUCT_CONTEXT('',#2,'mechanical');
#4580 = PRODUCT_DEFINITION_CONTEXT('part definition',#2,'design');
#4581 = ADVANCED_BREP_SHAPE_REPRESENTATION('',(#11,#4582),#5152);
#4582 = MANIFOLD_SOLID_BREP('',#4583);
#4583 = CLOSED_SHELL('',(#4584,#4704,#4780,#4856,#4932,#5003,#5050,#5128
    ,#5140));
#4584 = ADVANCED_FACE('',(#4585),#4599,.F.);
#4585 = FACE_BOUND('',#4586,.F.);
#4586 = EDGE_LOOP('',(#4587,#4622,#4650,#4678));
#4587 = ORIENTED_EDGE('',*,*,#4588,.T.);
#4588 = EDGE_CURVE('',#4589,#4591,#4593,.T.);
#4589 = VERTEX_POINT('',#4590);
#4590 = CARTESIAN_POINT('',(-35.,524.,124.39230484541));
#4591 = VERTEX_POINT('',#4592);
#4592 = CARTESIAN_POINT('',(-35.,534.,124.39230484541));
#4593 = SURFACE_CURVE('',#4594,(#4598,#4610),.PCURVE_S1.);
#4594 = LINE('',#4595,#4596);
#4595 = CARTESIAN_POINT('',(-35.,524.,124.39230484541));
#4596 = VECTOR('',#4597,1.);
#4597 = DIRECTION('',(0.,1.,0.));
#4598 = PCURVE('',#4599,#4604);
#4599 = PLANE('',#4600);
#4600 = AXIS2_PLACEMENT_3D('',#4601,#4602,#4603);
#4601 = CARTESIAN_POINT('',(-35.,524.,124.39230484541));
#4602 = DIRECTION('',(-0.5,0.,-0.866025403784));
#4603 = DIRECTION('',(0.866025403784,0.,-0.5));
#4604 = DEFINITIONAL_REPRESENTATION('',(#4605),#4609);
#4605 = LINE('',#4606,#4607);
#4606 = CARTESIAN_POINT('',(0.,0.));
#4607 = VECTOR('',#4608,1.);
#4608 = DIRECTION('',(0.,-1.));
#4609 = ( GEOMETRIC_REPRESENTATION_CONTEXT(2) 
PARAMETRIC_REPRESENTATION_CONTEXT() REPRESENTATION_CONTEXT('2D SPACE',''
  ) );
#4610 = PCURVE('',#4611,#4616);
#4611 = PLANE('',#4612);
#4612 = AXIS2_PLACEMENT_3D('',#4613,#4614,#4615);
#4613 = CARTESIAN_POINT('',(-44.,524.,119.1961524227));
#4614 = DIRECTION('',(0.5,0.,-0.866025403784));
#4615 = DIRECTION('',(0.866025403784,0.,0.5));
#4616 = DEFINITIONAL_REPRESENTATION('',(#4617),#4621);
#4617 = LINE('',#4618,#4619);
#4618 = CARTESIAN_POINT('',(10.392304845413,0.));
#4619 = VECTOR('',#4620,1.);
#4620 = DIRECTION('',(0.,-1.));
#4621 = ( GEOMETRIC_REPRESENTATION_CONTEXT(2) 
PARAMETRIC_REPRESENTATION_CONTEXT() REPRESENTATION_CONTEXT('2D SPACE',''
  ) );
#4622 = ORIENTED_EDGE('',*,*,#4623,.T.);
#4623 = EDGE_CURVE('',#4591,#4624,#4626,.T.);
#4624 = VERTEX_POINT('',#4625);
#4625 = CARTESIAN_POINT('',(-26.,534.,119.1961524227));
#4626 = SURFACE_CURVE('',#4627,(#4631,#4638),.PCURVE_S1.);
#4627 = LINE('',#4628,#4629);
#4628 = CARTESIAN_POINT('',(-35.,534.,124.39230484541));
#4629 = VECTOR('',#4630,1.);
#4630 = DIRECTION('',(0.866025403784,0.,-0.5));
#4631 = PCURVE('',#4599,#4632);
#4632 = DEFINITIONAL_REPRESENTATION('',(#4633),#4637);
#4633 = LINE('',#4634,#4635);
#4634 = CARTESIAN_POINT('',(0.,-10.));
#4635 = VECTOR('',#4636,1.);
#4636 = DIRECTION('',(1.,0.));
#4637 = ( GEOMETRIC_REPRESENTATION_CONTEXT(2) 
PARAMETRIC_REPRESENTATION_CONTEXT() REPRESENTATION_CONTEXT('2D SPACE',''
  ) );
#4638 = PCURVE('',#4639,#4644);
#4639 = PLANE('',#4640);
#4640 = AXIS2_PLACEMENT_3D('',#4641,#4642,#4643);
#4641 = CARTESIAN_POINT('',(-35.,534.,114.));
#4642 = DIRECTION('',(0.,1.,0.));
#4643 = DIRECTION('',(0.,-0.,1.));
#4644 = DEFINITIONAL_REPRESENTATION('',(#4645),#4649);
#4645 = LINE('',#4646,#4647);
#4646 = CARTESIAN_POINT('',(10.392304845413,7.105427357601E-15));
#4647 = VECTOR('',#4648,1.);
#4648 = DIRECTION('',(-0.5,0.866025403784));
#4649 = ( GEOMETRIC_REPRESENTATION_CONTEXT(2) 
PARAMETRIC_REPRESENTATION_CONTEXT() REPRESENTATION_CONTEXT('2D SPACE',''
  ) );
#4650 = ORIENTED_EDGE('',*,*,#4651,.F.);
#4651 = EDGE_CURVE('',#4652,#4624,#4654,.T.);
#4652 = VERTEX_POINT('',#4653);
#4653 = CARTESIAN_POINT('',(-26.,524.,119.1961524227));
#4654 = SURFACE_CURVE('',#4655,(#4659,#4666),.PCURVE_S1.);
#4655 = LINE('',#4656,#4657);
#4656 = CARTESIAN_POINT('',(-26.,524.,119.1961524227));
#4657 = VECTOR('',#4658,1.);
#4658 = DIRECTION('',(0.,1.,0.));
#4659 = PCURVE('',#4599,#4660);
#4660 = DEFINITIONAL_REPRESENTATION('',(#4661),#4665);
#4661 = LINE('',#4662,#4663);
#4662 = CARTESIAN_POINT('',(10.392304845413,0.));
#4663 = VECTOR('',#4664,1.);
#4664 = DIRECTION('',(0.,-1.));
#4665 = ( GEOMETRIC_REPRESENTATION_CONTEXT(2) 
PARAMETRIC_REPRESENTATION_CONTEXT() REPRESENTATION_CONTEXT('2D SPACE',''
  ) );
#4666 = PCURVE('',#4667,#4672);
#4667 = PLANE('',#4668);
#4668 = AXIS2_PLACEMENT_3D('',#4669,#4670,#4671);
#4669 = CARTESIAN_POINT('',(-26.,524.,119.1961524227));
#4670 = DIRECTION('',(-1.,0.,-1.709300165674E-16));
#4671 = DIRECTION('',(1.709300165674E-16,0.,-1.));
#4672 = DEFINITIONAL_REPRESENTATION('',(#4673),#4677);
#4673 = LINE('',#4674,#4675);
#4674 = CARTESIAN_POINT('',(0.,0.));
#4675 = VECTOR('',#4676,1.);
#4676 = DIRECTION('',(0.,-1.));
#4677 = ( GEOMETRIC_REPRESENTATION_CONTEXT(2) 
PARAMETRIC_REPRESENTATION_CONTEXT() REPRESENTATION_CONTEXT('2D SPACE',''
  ) );
#4678 = ORIENTED_EDGE('',*,*,#4679,.F.);
#4679 = EDGE_CURVE('',#4589,#4652,#4680,.T.);
#4680 = SURFACE_CURVE('',#4681,(#4685,#4692),.PCURVE_S1.);
#4681 = LINE('',#4682,#4683);
#4682 = CARTESIAN_POINT('',(-35.,524.,124.39230484541));
#4683 = VECTOR('',#4684,1.);
#4684 = DIRECTION('',(0.866025403784,0.,-0.5));
#4685 = PCURVE('',#4599,#4686);
#4686 = DEFINITIONAL_REPRESENTATION('',(#4687),#4691);
#4687 = LINE('',#4688,#4689);
#4688 = CARTESIAN_POINT('',(0.,0.));
#4689 = VECTOR('',#4690,1.);
#4690 = DIRECTION('',(1.,0.));
#4691 = ( GEOMETRIC_REPRESENTATION_CONTEXT(2) 
PARAMETRIC_REPRESENTATION_CONTEXT() REPRESENTATION_CONTEXT('2D SPACE',''
  ) );
#4692 = PCURVE('',#4693,#4698);
#4693 = PLANE('',#4694);
#4694 = AXIS2_PLACEMENT_3D('',#4695,#4696,#4697);
#4695 = CARTESIAN_POINT('',(-35.,524.,114.));
#4696 = DIRECTION('',(0.,1.,0.));
#4697 = DIRECTION('',(0.,-0.,1.));
#4698 = DEFINITIONAL_REPRESENTATION('',(#4699),#4703);
#4699 = LINE('',#4700,#4701);
#4700 = CARTESIAN_POINT('',(10.392304845413,7.105427357601E-15));
#4701 = VECTOR('',#4702,1.);
#4702 = DIRECTION('',(-0.5,0.866025403784));
#4703 = ( GEOMETRIC_REPRESENTATION_CONTEXT(2) 
PARAMETRIC_REPRESENTATION_CONTEXT() REPRESENTATION_CONTEXT('2D SPACE',''
  ) );
#4704 = ADVANCED_FACE('',(#4705),#4667,.F.);
#4705 = FACE_BOUND('',#4706,.F.);
#4706 = EDGE_LOOP('',(#4707,#4708,#4731,#4759));
#4707 = ORIENTED_EDGE('',*,*,#4651,.T.);
#4708 = ORIENTED_EDGE('',*,*,#4709,.T.);
#4709 = EDGE_CURVE('',#4624,#4710,#4712,.T.);
#4710 = VERTEX_POINT('',#4711);
#4711 = CARTESIAN_POINT('',(-26.,534.,108.80384757729));
#4712 = SURFACE_CURVE('',#4713,(#4717,#4724),.PCURVE_S1.);
#4713 = LINE('',#4714,#4715);
#4714 = CARTESIAN_POINT('',(-26.,534.,119.1961524227));
#4715 = VECTOR('',#4716,1.);
#4716 = DIRECTION('',(1.709300165674E-16,0.,-1.));
#4717 = PCURVE('',#4667,#4718);
#4718 = DEFINITIONAL_REPRESENTATION('',(#4719),#4723);
#4719 = LINE('',#4720,#4721);
#4720 = CARTESIAN_POINT('',(0.,-10.));
#4721 = VECTOR('',#4722,1.);
#4722 = DIRECTION('',(1.,0.));
#4723 = ( GEOMETRIC_REPRESENTATION_CONTEXT(2) 
PARAMETRIC_REPRESENTATION_CONTEXT() REPRESENTATION_CONTEXT('2D SPACE',''
  ) );
#4724 = PCURVE('',#4639,#4725);
#4725 = DEFINITIONAL_REPRESENTATION('',(#4726),#4730);
#4726 = LINE('',#4727,#4728);
#4727 = CARTESIAN_POINT('',(5.196152422707,9.));
#4728 = VECTOR('',#4729,1.);
#4729 = DIRECTION('',(-1.,1.709300165674E-16));
#4730 = ( GEOMETRIC_REPRESENTATION_CONTEXT(2) 
PARAMETRIC_REPRESENTATION_CONTEXT() REPRESENTATION_CONTEXT('2D SPACE',''
  ) );
#4731 = ORIENTED_EDGE('',*,*,#4732,.F.);
#4732 = EDGE_CURVE('',#4733,#4710,#4735,.T.);
#4733 = VERTEX_POINT('',#4734);
#4734 = CARTESIAN_POINT('',(-26.,524.,108.80384757729));
#4735 = SURFACE_CURVE('',#4736,(#4740,#4747),.PCURVE_S1.);
#4736 = LINE('',#4737,#4738);
#4737 = CARTESIAN_POINT('',(-26.,524.,108.80384757729));
#4738 = VECTOR('',#4739,1.);
#4739 = DIRECTION('',(0.,1.,0.));
#4740 = PCURVE('',#4667,#4741);
#4741 = DEFINITIONAL_REPRESENTATION('',(#4742),#4746);
#4742 = LINE('',#4743,#4744);
#4743 = CARTESIAN_POINT('',(10.392304845413,0.));
#4744 = VECTOR('',#4745,1.);
#4745 = DIRECTION('',(0.,-1.));
#4746 = ( GEOMETRIC_REPRESENTATION_CONTEXT(2) 
PARAMETRIC_REPRESENTATION_CONTEXT() REPRESENTATION_CONTEXT('2D SPACE',''
  ) );
#4747 = PCURVE('',#4748,#4753);
#4748 = PLANE('',#4749);
#4749 = AXIS2_PLACEMENT_3D('',#4750,#4751,#4752);
#4750 = CARTESIAN_POINT('',(-26.,524.,108.80384757729));
#4751 = DIRECTION('',(-0.5,0.,0.866025403784));
#4752 = DIRECTION('',(-0.866025403784,0.,-0.5));
#4753 = DEFINITIONAL_REPRESENTATION('',(#4754),#4758);
#4754 = LINE('',#4755,#4756);
#4755 = CARTESIAN_POINT('',(0.,0.));
#4756 = VECTOR('',#4757,1.);
#4757 = DIRECTION('',(0.,-1.));
#4758 = ( GEOMETRIC_REPRESENTATION_CONTEXT(2) 
PARAMETRIC_REPRESENTATION_CONTEXT() REPRESENTATION_CONTEXT('2D SPACE',''
  ) );
#4759 = ORIENTED_EDGE('',*,*,#4760,.F.);
#4760 = EDGE_CURVE('',#4652,#4733,#4761,.T.);
#4761 = SURFACE_CURVE('',#4762,(#4766,#4773),.PCURVE_S1.);
#4762 = LINE('',#4763,#4764);
#4763 = CARTESIAN_POINT('',(-26.,524.,119.1961524227));
#4764 = VECTOR('',#4765,1.);
#4765 = DIRECTION('',(1.709300165674E-16,0.,-1.));
#4766 = PCURVE('',#4667,#4767);
#4767 = DEFINITIONAL_REPRESENTATION('',(#4768),#4772);
#4768 = LINE('',#4769,#4770);
#4769 = CARTESIAN_POINT('',(0.,0.));
#4770 = VECTOR('',#4771,1.);
#4771 = DIRECTION('',(1.,0.));
#4772 = ( GEOMETRIC_REPRESENTATION_CONTEXT(2) 
PARAMETRIC_REPRESENTATION_CONTEXT() REPRESENTATION_CONTEXT('2D SPACE',''
  ) );
#4773 = PCURVE('',#4693,#4774);
#4774 = DEFINITIONAL_REPRESENTATION('',(#4775),#4779);
#4775 = LINE('',#4776,#4777);
#4776 = CARTESIAN_POINT('',(5.196152422707,9.));
#4777 = VECTOR('',#4778,1.);
#4778 = DIRECTION('',(-1.,1.709300165674E-16));
#4779 = ( GEOMETRIC_REPRESENTATION_CONTEXT(2) 
PARAMETRIC_REPRESENTATION_CONTEXT() REPRESENTATION_CONTEXT('2D SPACE',''
  ) );
#4780 = ADVANCED_FACE('',(#4781),#4748,.F.);
#4781 = FACE_BOUND('',#4782,.F.);
#4782 = EDGE_LOOP('',(#4783,#4784,#4807,#4835));
#4783 = ORIENTED_EDGE('',*,*,#4732,.T.);
#4784 = ORIENTED_EDGE('',*,*,#4785,.T.);
#4785 = EDGE_CURVE('',#4710,#4786,#4788,.T.);
#4786 = VERTEX_POINT('',#4787);
#4787 = CARTESIAN_POINT('',(-35.,534.,103.60769515458));
#4788 = SURFACE_CURVE('',#4789,(#4793,#4800),.PCURVE_S1.);
#4789 = LINE('',#4790,#4791);
#4790 = CARTESIAN_POINT('',(-26.,534.,108.80384757729));
#4791 = VECTOR('',#4792,1.);
#4792 = DIRECTION('',(-0.866025403784,0.,-0.5));
#4793 = PCURVE('',#4748,#4794);
#4794 = DEFINITIONAL_REPRESENTATION('',(#4795),#4799);
#4795 = LINE('',#4796,#4797);
#4796 = CARTESIAN_POINT('',(0.,-10.));
#4797 = VECTOR('',#4798,1.);
#4798 = DIRECTION('',(1.,0.));
#4799 = ( GEOMETRIC_REPRESENTATION_CONTEXT(2) 
PARAMETRIC_REPRESENTATION_CONTEXT() REPRESENTATION_CONTEXT('2D SPACE',''
  ) );
#4800 = PCURVE('',#4639,#4801);
#4801 = DEFINITIONAL_REPRESENTATION('',(#4802),#4806);
#4802 = LINE('',#4803,#4804);
#4803 = CARTESIAN_POINT('',(-5.196152422707,9.));
#4804 = VECTOR('',#4805,1.);
#4805 = DIRECTION('',(-0.5,-0.866025403784));
#4806 = ( GEOMETRIC_REPRESENTATION_CONTEXT(2) 
PARAMETRIC_REPRESENTATION_CONTEXT() REPRESENTATION_CONTEXT('2D SPACE',''
  ) );
#4807 = ORIENTED_EDGE('',*,*,#4808,.F.);
#4808 = EDGE_CURVE('',#4809,#4786,#4811,.T.);
#4809 = VERTEX_POINT('',#4810);
#4810 = CARTESIAN_POINT('',(-35.,524.,103.60769515458));
#4811 = SURFACE_CURVE('',#4812,(#4816,#4823),.PCURVE_S1.);
#4812 = LINE('',#4813,#4814);
#4813 = CARTESIAN_POINT('',(-35.,524.,103.60769515458));
#4814 = VECTOR('',#4815,1.);
#4815 = DIRECTION('',(0.,1.,0.));
#4816 = PCURVE('',#4748,#4817);
#4817 = DEFINITIONAL_REPRESENTATION('',(#4818),#4822);
#4818 = LINE('',#4819,#4820);
#4819 = CARTESIAN_POINT('',(10.392304845413,0.));
#4820 = VECTOR('',#4821,1.);
#4821 = DIRECTION('',(0.,-1.));
#4822 = ( GEOMETRIC_REPRESENTATION_CONTEXT(2) 
PARAMETRIC_REPRESENTATION_CONTEXT() REPRESENTATION_CONTEXT('2D SPACE',''
  ) );
#4823 = PCURVE('',#4824,#4829);
#4824 = PLANE('',#4825);
#4825 = AXIS2_PLACEMENT_3D('',#4826,#4827,#4828);
#4826 = CARTESIAN_POINT('',(-35.,524.,103.60769515458));
#4827 = DIRECTION('',(0.5,-0.,0.866025403784));
#4828 = DIRECTION('',(-0.866025403784,0.,0.5));
#4829 = DEFINITIONAL_REPRESENTATION('',(#4830),#4834);
#4830 = LINE('',#4831,#4832);
#4831 = CARTESIAN_POINT('',(0.,0.));
#4832 = VECTOR('',#4833,1.);
#4833 = DIRECTION('',(0.,-1.));
#4834 = ( GEOMETRIC_REPRESENTATION_CONTEXT(2) 
PARAMETRIC_REPRESENTATION_CONTEXT() REPRESENTATION_CONTEXT('2D SPACE',''
  ) );
#4835 = ORIENTED_EDGE('',*,*,#4836,.F.);
#4836 = EDGE_CURVE('',#4733,#4809,#4837,.T.);
#4837 = SURFACE_CURVE('',#4838,(#4842,#4849),.PCURVE_S1.);
#4838 = LINE('',#4839,#4840);
#4839 = CARTESIAN_POINT('',(-26.,524.,108.80384757729));
#4840 = VECTOR('',#4841,1.);
#4841 = DIRECTION('',(-0.866025403784,0.,-0.5));
#4842 = PCURVE('',#4748,#4843);
#4843 = DEFINITIONAL_REPRESENTATION('',(#4844),#4848);
#4844 = LINE('',#4845,#4846);
#4845 = CARTESIAN_POINT('',(0.,0.));
#4846 = VECTOR('',#4847,1.);
#4847 = DIRECTION('',(1.,0.));
#4848 = ( GEOMETRIC_REPRESENTATION_CONTEXT(2) 
PARAMETRIC_REPRESENTATION_CONTEXT() REPRESENTATION_CONTEXT('2D SPACE',''
  ) );
#4849 = PCURVE('',#4693,#4850);
#4850 = DEFINITIONAL_REPRESENTATION('',(#4851),#4855);
#4851 = LINE('',#4852,#4853);
#4852 = CARTESIAN_POINT('',(-5.196152422707,9.));
#4853 = VECTOR('',#4854,1.);
#4854 = DIRECTION('',(-0.5,-0.866025403784));
#4855 = ( GEOMETRIC_REPRESENTATION_CONTEXT(2) 
PARAMETRIC_REPRESENTATION_CONTEXT() REPRESENTATION_CONTEXT('2D SPACE',''
  ) );
#4856 = ADVANCED_FACE('',(#4857),#4824,.F.);
#4857 = FACE_BOUND('',#4858,.F.);
#4858 = EDGE_LOOP('',(#4859,#4860,#4883,#4911));
#4859 = ORIENTED_EDGE('',*,*,#4808,.T.);
#4860 = ORIENTED_EDGE('',*,*,#4861,.T.);
#4861 = EDGE_CURVE('',#4786,#4862,#4864,.T.);
#4862 = VERTEX_POINT('',#4863);
#4863 = CARTESIAN_POINT('',(-44.,534.,108.80384757729));
#4864 = SURFACE_CURVE('',#4865,(#4869,#4876),.PCURVE_S1.);
#4865 = LINE('',#4866,#4867);
#4866 = CARTESIAN_POINT('',(-35.,534.,103.60769515458));
#4867 = VECTOR('',#4868,1.);
#4868 = DIRECTION('',(-0.866025403784,0.,0.5));
#4869 = PCURVE('',#4824,#4870);
#4870 = DEFINITIONAL_REPRESENTATION('',(#4871),#4875);
#4871 = LINE('',#4872,#4873);
#4872 = CARTESIAN_POINT('',(0.,-10.));
#4873 = VECTOR('',#4874,1.);
#4874 = DIRECTION('',(1.,0.));
#4875 = ( GEOMETRIC_REPRESENTATION_CONTEXT(2) 
PARAMETRIC_REPRESENTATION_CONTEXT() REPRESENTATION_CONTEXT('2D SPACE',''
  ) );
#4876 = PCURVE('',#4639,#4877);
#4877 = DEFINITIONAL_REPRESENTATION('',(#4878),#4882);
#4878 = LINE('',#4879,#4880);
#4879 = CARTESIAN_POINT('',(-10.39230484541,7.105427357601E-15));
#4880 = VECTOR('',#4881,1.);
#4881 = DIRECTION('',(0.5,-0.866025403784));
#4882 = ( GEOMETRIC_REPRESENTATION_CONTEXT(2) 
PARAMETRIC_REPRESENTATION_CONTEXT() REPRESENTATION_CONTEXT('2D SPACE',''
  ) );
#4883 = ORIENTED_EDGE('',*,*,#4884,.F.);
#4884 = EDGE_CURVE('',#4885,#4862,#4887,.T.);
#4885 = VERTEX_POINT('',#4886);
#4886 = CARTESIAN_POINT('',(-44.,524.,108.80384757729));
#4887 = SURFACE_CURVE('',#4888,(#4892,#4899),.PCURVE_S1.);
#4888 = LINE('',#4889,#4890);
#4889 = CARTESIAN_POINT('',(-44.,524.,108.80384757729));
#4890 = VECTOR('',#4891,1.);
#4891 = DIRECTION('',(0.,1.,0.));
#4892 = PCURVE('',#4824,#4893);
#4893 = DEFINITIONAL_REPRESENTATION('',(#4894),#4898);
#4894 = LINE('',#4895,#4896);
#4895 = CARTESIAN_POINT('',(10.392304845413,0.));
#4896 = VECTOR('',#4897,1.);
#4897 = DIRECTION('',(0.,-1.));
#4898 = ( GEOMETRIC_REPRESENTATION_CONTEXT(2) 
PARAMETRIC_REPRESENTATION_CONTEXT() REPRESENTATION_CONTEXT('2D SPACE',''
  ) );
#4899 = PCURVE('',#4900,#4905);
#4900 = PLANE('',#4901);
#4901 = AXIS2_PLACEMENT_3D('',#4902,#4903,#4904);
#4902 = CARTESIAN_POINT('',(-44.,524.,108.80384757729));
#4903 = DIRECTION('',(1.,-0.,6.837200662697E-16));
#4904 = DIRECTION('',(-6.837200662697E-16,0.,1.));
#4905 = DEFINITIONAL_REPRESENTATION('',(#4906),#4910);
#4906 = LINE('',#4907,#4908);
#4907 = CARTESIAN_POINT('',(0.,0.));
#4908 = VECTOR('',#4909,1.);
#4909 = DIRECTION('',(0.,-1.));
#4910 = ( GEOMETRIC_REPRESENTATION_CONTEXT(2) 
PARAMETRIC_REPRESENTATION_CONTEXT() REPRESENTATION_CONTEXT('2D SPACE',''
  ) );
#4911 = ORIENTED_EDGE('',*,*,#4912,.F.);
#4912 = EDGE_CURVE('',#4809,#4885,#4913,.T.);
#4913 = SURFACE_CURVE('',#4914,(#4918,#4925),.PCURVE_S1.);
#4914 = LINE('',#4915,#4916);
#4915 = CARTESIAN_POINT('',(-35.,524.,103.60769515458));
#4916 = VECTOR('',#4917,1.);
#4917 = DIRECTION('',(-0.866025403784,0.,0.5));
#4918 = PCURVE('',#4824,#4919);
#4919 = DEFINITIONAL_REPRESENTATION('',(#4920),#4924);
#4920 = LINE('',#4921,#4922);
#4921 = CARTESIAN_POINT('',(0.,0.));
#4922 = VECTOR('',#4923,1.);
#4923 = DIRECTION('',(1.,0.));
#4924 = ( GEOMETRIC_REPRESENTATION_CONTEXT(2) 
PARAMETRIC_REPRESENTATION_CONTEXT() REPRESENTATION_CONTEXT('2D SPACE',''
  ) );
#4925 = PCURVE('',#4693,#4926);
#4926 = DEFINITIONAL_REPRESENTATION('',(#4927),#4931);
#4927 = LINE('',#4928,#4929);
#4928 = CARTESIAN_POINT('',(-10.39230484541,7.105427357601E-15));
#4929 = VECTOR('',#4930,1.);
#4930 = DIRECTION('',(0.5,-0.866025403784));
#4931 = ( GEOMETRIC_REPRESENTATION_CONTEXT(2) 
PARAMETRIC_REPRESENTATION_CONTEXT() REPRESENTATION_CONTEXT('2D SPACE',''
  ) );
#4932 = ADVANCED_FACE('',(#4933),#4900,.F.);
#4933 = FACE_BOUND('',#4934,.F.);
#4934 = EDGE_LOOP('',(#4935,#4936,#4959,#4982));
#4935 = ORIENTED_EDGE('',*,*,#4884,.T.);
#4936 = ORIENTED_EDGE('',*,*,#4937,.T.);
#4937 = EDGE_CURVE('',#4862,#4938,#4940,.T.);
#4938 = VERTEX_POINT('',#4939);
#4939 = CARTESIAN_POINT('',(-44.,534.,119.1961524227));
#4940 = SURFACE_CURVE('',#4941,(#4945,#4952),.PCURVE_S1.);
#4941 = LINE('',#4942,#4943);
#4942 = CARTESIAN_POINT('',(-44.,534.,108.80384757729));
#4943 = VECTOR('',#4944,1.);
#4944 = DIRECTION('',(-6.837200662697E-16,0.,1.));
#4945 = PCURVE('',#4900,#4946);
#4946 = DEFINITIONAL_REPRESENTATION('',(#4947),#4951);
#4947 = LINE('',#4948,#4949);
#4948 = CARTESIAN_POINT('',(0.,-10.));
#4949 = VECTOR('',#4950,1.);
#4950 = DIRECTION('',(1.,0.));
#4951 = ( GEOMETRIC_REPRESENTATION_CONTEXT(2) 
PARAMETRIC_REPRESENTATION_CONTEXT() REPRESENTATION_CONTEXT('2D SPACE',''
  ) );
#4952 = PCURVE('',#4639,#4953);
#4953 = DEFINITIONAL_REPRESENTATION('',(#4954),#4958);
#4954 = LINE('',#4955,#4956);
#4955 = CARTESIAN_POINT('',(-5.196152422707,-9.));
#4956 = VECTOR('',#4957,1.);
#4957 = DIRECTION('',(1.,-6.837200662697E-16));
#4958 = ( GEOMETRIC_REPRESENTATION_CONTEXT(2) 
PARAMETRIC_REPRESENTATION_CONTEXT() REPRESENTATION_CONTEXT('2D SPACE',''
  ) );
#4959 = ORIENTED_EDGE('',*,*,#4960,.F.);
#4960 = EDGE_CURVE('',#4961,#4938,#4963,.T.);
#4961 = VERTEX_POINT('',#4962);
#4962 = CARTESIAN_POINT('',(-44.,524.,119.1961524227));
#4963 = SURFACE_CURVE('',#4964,(#4968,#4975),.PCURVE_S1.);
#4964 = LINE('',#4965,#4966);
#4965 = CARTESIAN_POINT('',(-44.,524.,119.1961524227));
#4966 = VECTOR('',#4967,1.);
#4967 = DIRECTION('',(0.,1.,0.));
#4968 = PCURVE('',#4900,#4969);
#4969 = DEFINITIONAL_REPRESENTATION('',(#4970),#4974);
#4970 = LINE('',#4971,#4972);
#4971 = CARTESIAN_POINT('',(10.392304845413,0.));
#4972 = VECTOR('',#4973,1.);
#4973 = DIRECTION('',(0.,-1.));
#4974 = ( GEOMETRIC_REPRESENTATION_CONTEXT(2) 
PARAMETRIC_REPRESENTATION_CONTEXT() REPRESENTATION_CONTEXT('2D SPACE',''
  ) );
#4975 = PCURVE('',#4611,#4976);
#4976 = DEFINITIONAL_REPRESENTATION('',(#4977),#4981);
#4977 = LINE('',#4978,#4979);
#4978 = CARTESIAN_POINT('',(0.,0.));
#4979 = VECTOR('',#4980,1.);
#4980 = DIRECTION('',(0.,-1.));
#4981 = ( GEOMETRIC_REPRESENTATION_CONTEXT(2) 
PARAMETRIC_REPRESENTATION_CONTEXT() REPRESENTATION_CONTEXT('2D SPACE',''
  ) );
#4982 = ORIENTED_EDGE('',*,*,#4983,.F.);
#4983 = EDGE_CURVE('',#4885,#4961,#4984,.T.);
#4984 = SURFACE_CURVE('',#4985,(#4989,#4996),.PCURVE_S1.);
#4985 = LINE('',#4986,#4987);
#4986 = CARTESIAN_POINT('',(-44.,524.,108.80384757729));
#4987 = VECTOR('',#4988,1.);
#4988 = DIRECTION('',(-6.837200662697E-16,0.,1.));
#4989 = PCURVE('',#4900,#4990);
#4990 = DEFINITIONAL_REPRESENTATION('',(#4991),#4995);
#4991 = LINE('',#4992,#4993);
#4992 = CARTESIAN_POINT('',(0.,0.));
#4993 = VECTOR('',#4994,1.);
#4994 = DIRECTION('',(1.,0.));
#4995 = ( GEOMETRIC_REPRESENTATION_CONTEXT(2) 
PARAMETRIC_REPRESENTATION_CONTEXT() REPRESENTATION_CONTEXT('2D SPACE',''
  ) );
#4996 = PCURVE('',#4693,#4997);
#4997 = DEFINITIONAL_REPRESENTATION('',(#4998),#5002);
#4998 = LINE('',#4999,#5000);
#4999 = CARTESIAN_POINT('',(-5.196152422707,-9.));
#5000 = VECTOR('',#5001,1.);
#5001 = DIRECTION('',(1.,-6.837200662697E-16));
#5002 = ( GEOMETRIC_REPRESENTATION_CONTEXT(2) 
PARAMETRIC_REPRESENTATION_CONTEXT() REPRESENTATION_CONTEXT('2D SPACE',''
  ) );
#5003 = ADVANCED_FACE('',(#5004),#4611,.F.);
#5004 = FACE_BOUND('',#5005,.F.);
#5005 = EDGE_LOOP('',(#5006,#5007,#5028,#5029));
#5006 = ORIENTED_EDGE('',*,*,#4960,.T.);
#5007 = ORIENTED_EDGE('',*,*,#5008,.T.);
#5008 = EDGE_CURVE('',#4938,#4591,#5009,.T.);
#5009 = SURFACE_CURVE('',#5010,(#5014,#5021),.PCURVE_S1.);
#5010 = LINE('',#5011,#5012);
#5011 = CARTESIAN_POINT('',(-44.,534.,119.1961524227));
#5012 = VECTOR('',#5013,1.);
#5013 = DIRECTION('',(0.866025403784,0.,0.5));
#5014 = PCURVE('',#4611,#5015);
#5015 = DEFINITIONAL_REPRESENTATION('',(#5016),#5020);
#5016 = LINE('',#5017,#5018);
#5017 = CARTESIAN_POINT('',(0.,-10.));
#5018 = VECTOR('',#5019,1.);
#5019 = DIRECTION('',(1.,0.));
#5020 = ( GEOMETRIC_REPRESENTATION_CONTEXT(2) 
PARAMETRIC_REPRESENTATION_CONTEXT() REPRESENTATION_CONTEXT('2D SPACE',''
  ) );
#5021 = PCURVE('',#4639,#5022);
#5022 = DEFINITIONAL_REPRESENTATION('',(#5023),#5027);
#5023 = LINE('',#5024,#5025);
#5024 = CARTESIAN_POINT('',(5.196152422707,-9.));
#5025 = VECTOR('',#5026,1.);
#5026 = DIRECTION('',(0.5,0.866025403784));
#5027 = ( GEOMETRIC_REPRESENTATION_CONTEXT(2) 
PARAMETRIC_REPRESENTATION_CONTEXT() REPRESENTATION_CONTEXT('2D SPACE',''
  ) );
#5028 = ORIENTED_EDGE('',*,*,#4588,.F.);
#5029 = ORIENTED_EDGE('',*,*,#5030,.F.);
#5030 = EDGE_CURVE('',#4961,#4589,#5031,.T.);
#5031 = SURFACE_CURVE('',#5032,(#5036,#5043),.PCURVE_S1.);
#5032 = LINE('',#5033,#5034);
#5033 = CARTESIAN_POINT('',(-44.,524.,119.1961524227));
#5034 = VECTOR('',#5035,1.);
#5035 = DIRECTION('',(0.866025403784,0.,0.5));
#5036 = PCURVE('',#4611,#5037);
#5037 = DEFINITIONAL_REPRESENTATION('',(#5038),#5042);
#5038 = LINE('',#5039,#5040);
#5039 = CARTESIAN_POINT('',(0.,0.));
#5040 = VECTOR('',#5041,1.);
#5041 = DIRECTION('',(1.,0.));
#5042 = ( GEOMETRIC_REPRESENTATION_CONTEXT(2) 
PARAMETRIC_REPRESENTATION_CONTEXT() REPRESENTATION_CONTEXT('2D SPACE',''
  ) );
#5043 = PCURVE('',#4693,#5044);
#5044 = DEFINITIONAL_REPRESENTATION('',(#5045),#5049);
#5045 = LINE('',#5046,#5047);
#5046 = CARTESIAN_POINT('',(5.196152422707,-9.));
#5047 = VECTOR('',#5048,1.);
#5048 = DIRECTION('',(0.5,0.866025403784));
#5049 = ( GEOMETRIC_REPRESENTATION_CONTEXT(2) 
PARAMETRIC_REPRESENTATION_CONTEXT() REPRESENTATION_CONTEXT('2D SPACE',''
  ) );
#5050 = ADVANCED_FACE('',(#5051),#5065,.F.);
#5051 = FACE_BOUND('',#5052,.T.);
#5052 = EDGE_LOOP('',(#5053,#5083,#5105,#5106));
#5053 = ORIENTED_EDGE('',*,*,#5054,.T.);
#5054 = EDGE_CURVE('',#5055,#5057,#5059,.T.);
#5055 = VERTEX_POINT('',#5056);
#5056 = CARTESIAN_POINT('',(-35.,524.,120.));
#5057 = VERTEX_POINT('',#5058);
#5058 = CARTESIAN_POINT('',(-35.,534.,120.));
#5059 = SEAM_CURVE('',#5060,(#5064,#5076),.PCURVE_S1.);
#5060 = LINE('',#5061,#5062);
#5061 = CARTESIAN_POINT('',(-35.,524.,120.));
#5062 = VECTOR('',#5063,1.);
#5063 = DIRECTION('',(0.,1.,0.));
#5064 = PCURVE('',#5065,#5070);
#5065 = CYLINDRICAL_SURFACE('',#5066,6.);
#5066 = AXIS2_PLACEMENT_3D('',#5067,#5068,#5069);
#5067 = CARTESIAN_POINT('',(-35.,524.,114.));
#5068 = DIRECTION('',(-0.,-1.,-0.));
#5069 = DIRECTION('',(0.,0.,1.));
#5070 = DEFINITIONAL_REPRESENTATION('',(#5071),#5075);
#5071 = LINE('',#5072,#5073);
#5072 = CARTESIAN_POINT('',(-0.,0.));
#5073 = VECTOR('',#5074,1.);
#5074 = DIRECTION('',(-0.,-1.));
#5075 = ( GEOMETRIC_REPRESENTATION_CONTEXT(2) 
PARAMETRIC_REPRESENTATION_CONTEXT() REPRESENTATION_CONTEXT('2D SPACE',''
  ) );
#5076 = PCURVE('',#5065,#5077);
#5077 = DEFINITIONAL_REPRESENTATION('',(#5078),#5082);
#5078 = LINE('',#5079,#5080);
#5079 = CARTESIAN_POINT('',(-6.28318530718,0.));
#5080 = VECTOR('',#5081,1.);
#5081 = DIRECTION('',(-0.,-1.));
#5082 = ( GEOMETRIC_REPRESENTATION_CONTEXT(2) 
PARAMETRIC_REPRESENTATION_CONTEXT() REPRESENTATION_CONTEXT('2D SPACE',''
  ) );
#5083 = ORIENTED_EDGE('',*,*,#5084,.T.);
#5084 = EDGE_CURVE('',#5057,#5057,#5085,.T.);
#5085 = SURFACE_CURVE('',#5086,(#5091,#5098),.PCURVE_S1.);
#5086 = CIRCLE('',#5087,6.);
#5087 = AXIS2_PLACEMENT_3D('',#5088,#5089,#5090);
#5088 = CARTESIAN_POINT('',(-35.,534.,114.));
#5089 = DIRECTION('',(0.,1.,0.));
#5090 = DIRECTION('',(0.,0.,1.));
#5091 = PCURVE('',#5065,#5092);
#5092 = DEFINITIONAL_REPRESENTATION('',(#5093),#5097);
#5093 = LINE('',#5094,#5095);
#5094 = CARTESIAN_POINT('',(-0.,-10.));
#5095 = VECTOR('',#5096,1.);
#5096 = DIRECTION('',(-1.,0.));
#5097 = ( GEOMETRIC_REPRESENTATION_CONTEXT(2) 
PARAMETRIC_REPRESENTATION_CONTEXT() REPRESENTATION_CONTEXT('2D SPACE',''
  ) );
#5098 = PCURVE('',#4639,#5099);
#5099 = DEFINITIONAL_REPRESENTATION('',(#5100),#5104);
#5100 = CIRCLE('',#5101,6.);
#5101 = AXIS2_PLACEMENT_2D('',#5102,#5103);
#5102 = CARTESIAN_POINT('',(-2.84217094304E-14,7.105427357601E-15));
#5103 = DIRECTION('',(1.,0.));
#5104 = ( GEOMETRIC_REPRESENTATION_CONTEXT(2) 
PARAMETRIC_REPRESENTATION_CONTEXT() REPRESENTATION_CONTEXT('2D SPACE',''
  ) );
#5105 = ORIENTED_EDGE('',*,*,#5054,.F.);
#5106 = ORIENTED_EDGE('',*,*,#5107,.F.);
#5107 = EDGE_CURVE('',#5055,#5055,#5108,.T.);
#5108 = SURFACE_CURVE('',#5109,(#5114,#5121),.PCURVE_S1.);
#5109 = CIRCLE('',#5110,6.);
#5110 = AXIS2_PLACEMENT_3D('',#5111,#5112,#5113);
#5111 = CARTESIAN_POINT('',(-35.,524.,114.));
#5112 = DIRECTION('',(0.,1.,0.));
#5113 = DIRECTION('',(0.,0.,1.));
#5114 = PCURVE('',#5065,#5115);
#5115 = DEFINITIONAL_REPRESENTATION('',(#5116),#5120);
#5116 = LINE('',#5117,#5118);
#5117 = CARTESIAN_POINT('',(-0.,0.));
#5118 = VECTOR('',#5119,1.);
#5119 = DIRECTION('',(-1.,0.));
#5120 = ( GEOMETRIC_REPRESENTATION_CONTEXT(2) 
PARAMETRIC_REPRESENTATION_CONTEXT() REPRESENTATION_CONTEXT('2D SPACE',''
  ) );
#5121 = PCURVE('',#4693,#5122);
#5122 = DEFINITIONAL_REPRESENTATION('',(#5123),#5127);
#5123 = CIRCLE('',#5124,6.);
#5124 = AXIS2_PLACEMENT_2D('',#5125,#5126);
#5125 = CARTESIAN_POINT('',(-2.84217094304E-14,7.105427357601E-15));
#5126 = DIRECTION('',(1.,0.));
#5127 = ( GEOMETRIC_REPRESENTATION_CONTEXT(2) 
PARAMETRIC_REPRESENTATION_CONTEXT() REPRESENTATION_CONTEXT('2D SPACE',''
  ) );
#5128 = ADVANCED_FACE('',(#5129,#5137),#4693,.F.);
#5129 = FACE_BOUND('',#5130,.F.);
#5130 = EDGE_LOOP('',(#5131,#5132,#5133,#5134,#5135,#5136));
#5131 = ORIENTED_EDGE('',*,*,#4679,.T.);
#5132 = ORIENTED_EDGE('',*,*,#4760,.T.);
#5133 = ORIENTED_EDGE('',*,*,#4836,.T.);
#5134 = ORIENTED_EDGE('',*,*,#4912,.T.);
#5135 = ORIENTED_EDGE('',*,*,#4983,.T.);
#5136 = ORIENTED_EDGE('',*,*,#5030,.T.);
#5137 = FACE_BOUND('',#5138,.F.);
#5138 = EDGE_LOOP('',(#5139));
#5139 = ORIENTED_EDGE('',*,*,#5107,.F.);
#5140 = ADVANCED_FACE('',(#5141,#5149),#4639,.T.);
#5141 = FACE_BOUND('',#5142,.T.);
#5142 = EDGE_LOOP('',(#5143,#5144,#5145,#5146,#5147,#5148));
#5143 = ORIENTED_EDGE('',*,*,#4623,.T.);
#5144 = ORIENTED_EDGE('',*,*,#4709,.T.);
#5145 = ORIENTED_EDGE('',*,*,#4785,.T.);
#5146 = ORIENTED_EDGE('',*,*,#4861,.T.);
#5147 = ORIENTED_EDGE('',*,*,#4937,.T.);
#5148 = ORIENTED_EDGE('',*,*,#5008,.T.);
#5149 = FACE_BOUND('',#5150,.T.);
#5150 = EDGE_LOOP('',(#5151));
#5151 = ORIENTED_EDGE('',*,*,#5084,.F.);
#5152 = ( GEOMETRIC_REPRESENTATION_CONTEXT(3) 
GLOBAL_UNCERTAINTY_ASSIGNED_CONTEXT((#5156)) 
GLOBAL_UNIT_ASSIGNED_CONTEXT((#5153,#5154,#5155)) REPRESENTATION_CONTEXT
('Context #1','3D Context with UNIT and UNCERTAINTY') );
#5153 = ( LENGTH_UNIT() NAMED_UNIT(*) SI_UNIT(.MILLI.,.METRE.) );
#5154 = ( NAMED_UNIT(*) PLANE_ANGLE_UNIT() SI_UNIT($,.RADIAN.) );
#5155 = ( NAMED_UNIT(*) SI_UNIT($,.STERADIAN.) SOLID_ANGLE_UNIT() );
#5156 = UNCERTAINTY_MEASURE_WITH_UNIT(LENGTH_MEASURE(1.E-07),#5153,
  'distance_accuracy_value','confusion accuracy');
#5157 = CONTEXT_DEPENDENT_SHAPE_REPRESENTATION(#5158,#5160);
#5158 = ( REPRESENTATION_RELATIONSHIP('','',#4581,#10) 
REPRESENTATION_RELATIONSHIP_WITH_TRANSFORMATION(#5159) 
SHAPE_REPRESENTATION_RELATIONSHIP() );
#5159 = ITEM_DEFINED_TRANSFORMATION('','',#11,#51);
#5160 = PRODUCT_DEFINITION_SHAPE('Placement','Placement of an item',
  #5161);
#5161 = NEXT_ASSEMBLY_USAGE_OCCURRENCE('10','M12_nominal_nut_-35_114',''
  ,#5,#4576,$);
#5162 = PRODUCT_RELATED_PRODUCT_CATEGORY('part',$,(#4578));
#5163 = SHAPE_DEFINITION_REPRESENTATION(#5164,#5170);
#5164 = PRODUCT_DEFINITION_SHAPE('','',#5165);
#5165 = PRODUCT_DEFINITION('design','',#5166,#5169);
#5166 = PRODUCT_DEFINITION_FORMATION('','',#5167);
#5167 = PRODUCT('M12_nominal_clamp_bolt_35_-114',
  'M12_nominal_clamp_bolt_35_-114','',(#5168));
#5168 = PRODUCT_CONTEXT('',#2,'mechanical');
#5169 = PRODUCT_DEFINITION_CONTEXT('part definition',#2,'design');
#5170 = ADVANCED_BREP_SHAPE_REPRESENTATION('',(#11,#5171),#5747);
#5171 = MANIFOLD_SOLID_BREP('',#5172);
#5172 = CLOSED_SHELL('',(#5173,#5293,#5369,#5445,#5523,#5627,#5654,#5681
    ,#5688,#5743));
#5173 = ADVANCED_FACE('',(#5174),#5188,.F.);
#5174 = FACE_BOUND('',#5175,.F.);
#5175 = EDGE_LOOP('',(#5176,#5211,#5239,#5267));
#5176 = ORIENTED_EDGE('',*,*,#5177,.T.);
#5177 = EDGE_CURVE('',#5178,#5180,#5182,.T.);
#5178 = VERTEX_POINT('',#5179);
#5179 = CARTESIAN_POINT('',(35.,390.5,-103.6076951545));
#5180 = VERTEX_POINT('',#5181);
#5181 = CARTESIAN_POINT('',(35.,398.,-103.6076951545));
#5182 = SURFACE_CURVE('',#5183,(#5187,#5199),.PCURVE_S1.);
#5183 = LINE('',#5184,#5185);
#5184 = CARTESIAN_POINT('',(35.,390.5,-103.6076951545));
#5185 = VECTOR('',#5186,1.);
#5186 = DIRECTION('',(0.,1.,0.));
#5187 = PCURVE('',#5188,#5193);
#5188 = PLANE('',#5189);
#5189 = AXIS2_PLACEMENT_3D('',#5190,#5191,#5192);
#5190 = CARTESIAN_POINT('',(35.,390.5,-103.6076951545));
#5191 = DIRECTION('',(-0.5,0.,-0.866025403784));
#5192 = DIRECTION('',(0.866025403784,0.,-0.5));
#5193 = DEFINITIONAL_REPRESENTATION('',(#5194),#5198);
#5194 = LINE('',#5195,#5196);
#5195 = CARTESIAN_POINT('',(0.,0.));
#5196 = VECTOR('',#5197,1.);
#5197 = DIRECTION('',(0.,-1.));
#5198 = ( GEOMETRIC_REPRESENTATION_CONTEXT(2) 
PARAMETRIC_REPRESENTATION_CONTEXT() REPRESENTATION_CONTEXT('2D SPACE',''
  ) );
#5199 = PCURVE('',#5200,#5205);
#5200 = PLANE('',#5201);
#5201 = AXIS2_PLACEMENT_3D('',#5202,#5203,#5204);
#5202 = CARTESIAN_POINT('',(26.,390.5,-108.8038475772));
#5203 = DIRECTION('',(0.5,0.,-0.866025403784));
#5204 = DIRECTION('',(0.866025403784,0.,0.5));
#5205 = DEFINITIONAL_REPRESENTATION('',(#5206),#5210);
#5206 = LINE('',#5207,#5208);
#5207 = CARTESIAN_POINT('',(10.392304845413,0.));
#5208 = VECTOR('',#5209,1.);
#5209 = DIRECTION('',(0.,-1.));
#5210 = ( GEOMETRIC_REPRESENTATION_CONTEXT(2) 
PARAMETRIC_REPRESENTATION_CONTEXT() REPRESENTATION_CONTEXT('2D SPACE',''
  ) );
#5211 = ORIENTED_EDGE('',*,*,#5212,.T.);
#5212 = EDGE_CURVE('',#5180,#5213,#5215,.T.);
#5213 = VERTEX_POINT('',#5214);
#5214 = CARTESIAN_POINT('',(44.,398.,-108.8038475772));
#5215 = SURFACE_CURVE('',#5216,(#5220,#5227),.PCURVE_S1.);
#5216 = LINE('',#5217,#5218);
#5217 = CARTESIAN_POINT('',(35.,398.,-103.6076951545));
#5218 = VECTOR('',#5219,1.);
#5219 = DIRECTION('',(0.866025403784,0.,-0.5));
#5220 = PCURVE('',#5188,#5221);
#5221 = DEFINITIONAL_REPRESENTATION('',(#5222),#5226);
#5222 = LINE('',#5223,#5224);
#5223 = CARTESIAN_POINT('',(0.,-7.5));
#5224 = VECTOR('',#5225,1.);
#5225 = DIRECTION('',(1.,0.));
#5226 = ( GEOMETRIC_REPRESENTATION_CONTEXT(2) 
PARAMETRIC_REPRESENTATION_CONTEXT() REPRESENTATION_CONTEXT('2D SPACE',''
  ) );
#5227 = PCURVE('',#5228,#5233);
#5228 = PLANE('',#5229);
#5229 = AXIS2_PLACEMENT_3D('',#5230,#5231,#5232);
#5230 = CARTESIAN_POINT('',(35.,398.,-114.));
#5231 = DIRECTION('',(0.,1.,0.));
#5232 = DIRECTION('',(0.,-0.,1.));
#5233 = DEFINITIONAL_REPRESENTATION('',(#5234),#5238);
#5234 = LINE('',#5235,#5236);
#5235 = CARTESIAN_POINT('',(10.392304845413,7.105427357601E-15));
#5236 = VECTOR('',#5237,1.);
#5237 = DIRECTION('',(-0.5,0.866025403784));
#5238 = ( GEOMETRIC_REPRESENTATION_CONTEXT(2) 
PARAMETRIC_REPRESENTATION_CONTEXT() REPRESENTATION_CONTEXT('2D SPACE',''
  ) );
#5239 = ORIENTED_EDGE('',*,*,#5240,.F.);
#5240 = EDGE_CURVE('',#5241,#5213,#5243,.T.);
#5241 = VERTEX_POINT('',#5242);
#5242 = CARTESIAN_POINT('',(44.,390.5,-108.8038475772));
#5243 = SURFACE_CURVE('',#5244,(#5248,#5255),.PCURVE_S1.);
#5244 = LINE('',#5245,#5246);
#5245 = CARTESIAN_POINT('',(44.,390.5,-108.8038475772));
#5246 = VECTOR('',#5247,1.);
#5247 = DIRECTION('',(0.,1.,0.));
#5248 = PCURVE('',#5188,#5249);
#5249 = DEFINITIONAL_REPRESENTATION('',(#5250),#5254);
#5250 = LINE('',#5251,#5252);
#5251 = CARTESIAN_POINT('',(10.392304845413,0.));
#5252 = VECTOR('',#5253,1.);
#5253 = DIRECTION('',(0.,-1.));
#5254 = ( GEOMETRIC_REPRESENTATION_CONTEXT(2) 
PARAMETRIC_REPRESENTATION_CONTEXT() REPRESENTATION_CONTEXT('2D SPACE',''
  ) );
#5255 = PCURVE('',#5256,#5261);
#5256 = PLANE('',#5257);
#5257 = AXIS2_PLACEMENT_3D('',#5258,#5259,#5260);
#5258 = CARTESIAN_POINT('',(44.,390.5,-108.8038475772));
#5259 = DIRECTION('',(-1.,0.,-1.709300165674E-16));
#5260 = DIRECTION('',(1.709300165674E-16,0.,-1.));
#5261 = DEFINITIONAL_REPRESENTATION('',(#5262),#5266);
#5262 = LINE('',#5263,#5264);
#5263 = CARTESIAN_POINT('',(0.,0.));
#5264 = VECTOR('',#5265,1.);
#5265 = DIRECTION('',(0.,-1.));
#5266 = ( GEOMETRIC_REPRESENTATION_CONTEXT(2) 
PARAMETRIC_REPRESENTATION_CONTEXT() REPRESENTATION_CONTEXT('2D SPACE',''
  ) );
#5267 = ORIENTED_EDGE('',*,*,#5268,.F.);
#5268 = EDGE_CURVE('',#5178,#5241,#5269,.T.);
#5269 = SURFACE_CURVE('',#5270,(#5274,#5281),.PCURVE_S1.);
#5270 = LINE('',#5271,#5272);
#5271 = CARTESIAN_POINT('',(35.,390.5,-103.6076951545));
#5272 = VECTOR('',#5273,1.);
#5273 = DIRECTION('',(0.866025403784,0.,-0.5));
#5274 = PCURVE('',#5188,#5275);
#5275 = DEFINITIONAL_REPRESENTATION('',(#5276),#5280);
#5276 = LINE('',#5277,#5278);
#5277 = CARTESIAN_POINT('',(0.,0.));
#5278 = VECTOR('',#5279,1.);
#5279 = DIRECTION('',(1.,0.));
#5280 = ( GEOMETRIC_REPRESENTATION_CONTEXT(2) 
PARAMETRIC_REPRESENTATION_CONTEXT() REPRESENTATION_CONTEXT('2D SPACE',''
  ) );
#5281 = PCURVE('',#5282,#5287);
#5282 = PLANE('',#5283);
#5283 = AXIS2_PLACEMENT_3D('',#5284,#5285,#5286);
#5284 = CARTESIAN_POINT('',(35.,390.5,-114.));
#5285 = DIRECTION('',(0.,1.,0.));
#5286 = DIRECTION('',(0.,-0.,1.));
#5287 = DEFINITIONAL_REPRESENTATION('',(#5288),#5292);
#5288 = LINE('',#5289,#5290);
#5289 = CARTESIAN_POINT('',(10.392304845413,7.105427357601E-15));
#5290 = VECTOR('',#5291,1.);
#5291 = DIRECTION('',(-0.5,0.866025403784));
#5292 = ( GEOMETRIC_REPRESENTATION_CONTEXT(2) 
PARAMETRIC_REPRESENTATION_CONTEXT() REPRESENTATION_CONTEXT('2D SPACE',''
  ) );
#5293 = ADVANCED_FACE('',(#5294),#5200,.F.);
#5294 = FACE_BOUND('',#5295,.F.);
#5295 = EDGE_LOOP('',(#5296,#5326,#5347,#5348));
#5296 = ORIENTED_EDGE('',*,*,#5297,.T.);
#5297 = EDGE_CURVE('',#5298,#5300,#5302,.T.);
#5298 = VERTEX_POINT('',#5299);
#5299 = CARTESIAN_POINT('',(26.,390.5,-108.8038475772));
#5300 = VERTEX_POINT('',#5301);
#5301 = CARTESIAN_POINT('',(26.,398.,-108.8038475772));
#5302 = SURFACE_CURVE('',#5303,(#5307,#5314),.PCURVE_S1.);
#5303 = LINE('',#5304,#5305);
#5304 = CARTESIAN_POINT('',(26.,390.5,-108.8038475772));
#5305 = VECTOR('',#5306,1.);
#5306 = DIRECTION('',(0.,1.,0.));
#5307 = PCURVE('',#5200,#5308);
#5308 = DEFINITIONAL_REPRESENTATION('',(#5309),#5313);
#5309 = LINE('',#5310,#5311);
#5310 = CARTESIAN_POINT('',(0.,0.));
#5311 = VECTOR('',#5312,1.);
#5312 = DIRECTION('',(0.,-1.));
#5313 = ( GEOMETRIC_REPRESENTATION_CONTEXT(2) 
PARAMETRIC_REPRESENTATION_CONTEXT() REPRESENTATION_CONTEXT('2D SPACE',''
  ) );
#5314 = PCURVE('',#5315,#5320);
#5315 = PLANE('',#5316);
#5316 = AXIS2_PLACEMENT_3D('',#5317,#5318,#5319);
#5317 = CARTESIAN_POINT('',(26.,390.5,-119.1961524227));
#5318 = DIRECTION('',(1.,-0.,6.837200662697E-16));
#5319 = DIRECTION('',(-6.837200662697E-16,0.,1.));
#5320 = DEFINITIONAL_REPRESENTATION('',(#5321),#5325);
#5321 = LINE('',#5322,#5323);
#5322 = CARTESIAN_POINT('',(10.392304845413,0.));
#5323 = VECTOR('',#5324,1.);
#5324 = DIRECTION('',(0.,-1.));
#5325 = ( GEOMETRIC_REPRESENTATION_CONTEXT(2) 
PARAMETRIC_REPRESENTATION_CONTEXT() REPRESENTATION_CONTEXT('2D SPACE',''
  ) );
#5326 = ORIENTED_EDGE('',*,*,#5327,.T.);
#5327 = EDGE_CURVE('',#5300,#5180,#5328,.T.);
#5328 = SURFACE_CURVE('',#5329,(#5333,#5340),.PCURVE_S1.);
#5329 = LINE('',#5330,#5331);
#5330 = CARTESIAN_POINT('',(26.,398.,-108.8038475772));
#5331 = VECTOR('',#5332,1.);
#5332 = DIRECTION('',(0.866025403784,0.,0.5));
#5333 = PCURVE('',#5200,#5334);
#5334 = DEFINITIONAL_REPRESENTATION('',(#5335),#5339);
#5335 = LINE('',#5336,#5337);
#5336 = CARTESIAN_POINT('',(0.,-7.5));
#5337 = VECTOR('',#5338,1.);
#5338 = DIRECTION('',(1.,0.));
#5339 = ( GEOMETRIC_REPRESENTATION_CONTEXT(2) 
PARAMETRIC_REPRESENTATION_CONTEXT() REPRESENTATION_CONTEXT('2D SPACE',''
  ) );
#5340 = PCURVE('',#5228,#5341);
#5341 = DEFINITIONAL_REPRESENTATION('',(#5342),#5346);
#5342 = LINE('',#5343,#5344);
#5343 = CARTESIAN_POINT('',(5.196152422707,-9.));
#5344 = VECTOR('',#5345,1.);
#5345 = DIRECTION('',(0.5,0.866025403784));
#5346 = ( GEOMETRIC_REPRESENTATION_CONTEXT(2) 
PARAMETRIC_REPRESENTATION_CONTEXT() REPRESENTATION_CONTEXT('2D SPACE',''
  ) );
#5347 = ORIENTED_EDGE('',*,*,#5177,.F.);
#5348 = ORIENTED_EDGE('',*,*,#5349,.F.);
#5349 = EDGE_CURVE('',#5298,#5178,#5350,.T.);
#5350 = SURFACE_CURVE('',#5351,(#5355,#5362),.PCURVE_S1.);
#5351 = LINE('',#5352,#5353);
#5352 = CARTESIAN_POINT('',(26.,390.5,-108.8038475772));
#5353 = VECTOR('',#5354,1.);
#5354 = DIRECTION('',(0.866025403784,0.,0.5));
#5355 = PCURVE('',#5200,#5356);
#5356 = DEFINITIONAL_REPRESENTATION('',(#5357),#5361);
#5357 = LINE('',#5358,#5359);
#5358 = CARTESIAN_POINT('',(0.,0.));
#5359 = VECTOR('',#5360,1.);
#5360 = DIRECTION('',(1.,0.));
#5361 = ( GEOMETRIC_REPRESENTATION_CONTEXT(2) 
PARAMETRIC_REPRESENTATION_CONTEXT() REPRESENTATION_CONTEXT('2D SPACE',''
  ) );
#5362 = PCURVE('',#5282,#5363);
#5363 = DEFINITIONAL_REPRESENTATION('',(#5364),#5368);
#5364 = LINE('',#5365,#5366);
#5365 = CARTESIAN_POINT('',(5.196152422707,-9.));
#5366 = VECTOR('',#5367,1.);
#5367 = DIRECTION('',(0.5,0.866025403784));
#5368 = ( GEOMETRIC_REPRESENTATION_CONTEXT(2) 
PARAMETRIC_REPRESENTATION_CONTEXT() REPRESENTATION_CONTEXT('2D SPACE',''
  ) );
#5369 = ADVANCED_FACE('',(#5370),#5256,.F.);
#5370 = FACE_BOUND('',#5371,.F.);
#5371 = EDGE_LOOP('',(#5372,#5373,#5396,#5424));
#5372 = ORIENTED_EDGE('',*,*,#5240,.T.);
#5373 = ORIENTED_EDGE('',*,*,#5374,.T.);
#5374 = EDGE_CURVE('',#5213,#5375,#5377,.T.);
#5375 = VERTEX_POINT('',#5376);
#5376 = CARTESIAN_POINT('',(44.,398.,-119.1961524227));
#5377 = SURFACE_CURVE('',#5378,(#5382,#5389),.PCURVE_S1.);
#5378 = LINE('',#5379,#5380);
#5379 = CARTESIAN_POINT('',(44.,398.,-108.8038475772));
#5380 = VECTOR('',#5381,1.);
#5381 = DIRECTION('',(1.709300165674E-16,0.,-1.));
#5382 = PCURVE('',#5256,#5383);
#5383 = DEFINITIONAL_REPRESENTATION('',(#5384),#5388);
#5384 = LINE('',#5385,#5386);
#5385 = CARTESIAN_POINT('',(0.,-7.5));
#5386 = VECTOR('',#5387,1.);
#5387 = DIRECTION('',(1.,0.));
#5388 = ( GEOMETRIC_REPRESENTATION_CONTEXT(2) 
PARAMETRIC_REPRESENTATION_CONTEXT() REPRESENTATION_CONTEXT('2D SPACE',''
  ) );
#5389 = PCURVE('',#5228,#5390);
#5390 = DEFINITIONAL_REPRESENTATION('',(#5391),#5395);
#5391 = LINE('',#5392,#5393);
#5392 = CARTESIAN_POINT('',(5.196152422707,9.));
#5393 = VECTOR('',#5394,1.);
#5394 = DIRECTION('',(-1.,1.709300165674E-16));
#5395 = ( GEOMETRIC_REPRESENTATION_CONTEXT(2) 
PARAMETRIC_REPRESENTATION_CONTEXT() REPRESENTATION_CONTEXT('2D SPACE',''
  ) );
#5396 = ORIENTED_EDGE('',*,*,#5397,.F.);
#5397 = EDGE_CURVE('',#5398,#5375,#5400,.T.);
#5398 = VERTEX_POINT('',#5399);
#5399 = CARTESIAN_POINT('',(44.,390.5,-119.1961524227));
#5400 = SURFACE_CURVE('',#5401,(#5405,#5412),.PCURVE_S1.);
#5401 = LINE('',#5402,#5403);
#5402 = CARTESIAN_POINT('',(44.,390.5,-119.1961524227));
#5403 = VECTOR('',#5404,1.);
#5404 = DIRECTION('',(0.,1.,0.));
#5405 = PCURVE('',#5256,#5406);
#5406 = DEFINITIONAL_REPRESENTATION('',(#5407),#5411);
#5407 = LINE('',#5408,#5409);
#5408 = CARTESIAN_POINT('',(10.392304845413,0.));
#5409 = VECTOR('',#5410,1.);
#5410 = DIRECTION('',(0.,-1.));
#5411 = ( GEOMETRIC_REPRESENTATION_CONTEXT(2) 
PARAMETRIC_REPRESENTATION_CONTEXT() REPRESENTATION_CONTEXT('2D SPACE',''
  ) );
#5412 = PCURVE('',#5413,#5418);
#5413 = PLANE('',#5414);
#5414 = AXIS2_PLACEMENT_3D('',#5415,#5416,#5417);
#5415 = CARTESIAN_POINT('',(44.,390.5,-119.1961524227));
#5416 = DIRECTION('',(-0.5,0.,0.866025403784));
#5417 = DIRECTION('',(-0.866025403784,0.,-0.5));
#5418 = DEFINITIONAL_REPRESENTATION('',(#5419),#5423);
#5419 = LINE('',#5420,#5421);
#5420 = CARTESIAN_POINT('',(0.,0.));
#5421 = VECTOR('',#5422,1.);
#5422 = DIRECTION('',(0.,-1.));
#5423 = ( GEOMETRIC_REPRESENTATION_CONTEXT(2) 
PARAMETRIC_REPRESENTATION_CONTEXT() REPRESENTATION_CONTEXT('2D SPACE',''
  ) );
#5424 = ORIENTED_EDGE('',*,*,#5425,.F.);
#5425 = EDGE_CURVE('',#5241,#5398,#5426,.T.);
#5426 = SURFACE_CURVE('',#5427,(#5431,#5438),.PCURVE_S1.);
#5427 = LINE('',#5428,#5429);
#5428 = CARTESIAN_POINT('',(44.,390.5,-108.8038475772));
#5429 = VECTOR('',#5430,1.);
#5430 = DIRECTION('',(1.709300165674E-16,0.,-1.));
#5431 = PCURVE('',#5256,#5432);
#5432 = DEFINITIONAL_REPRESENTATION('',(#5433),#5437);
#5433 = LINE('',#5434,#5435);
#5434 = CARTESIAN_POINT('',(0.,0.));
#5435 = VECTOR('',#5436,1.);
#5436 = DIRECTION('',(1.,0.));
#5437 = ( GEOMETRIC_REPRESENTATION_CONTEXT(2) 
PARAMETRIC_REPRESENTATION_CONTEXT() REPRESENTATION_CONTEXT('2D SPACE',''
  ) );
#5438 = PCURVE('',#5282,#5439);
#5439 = DEFINITIONAL_REPRESENTATION('',(#5440),#5444);
#5440 = LINE('',#5441,#5442);
#5441 = CARTESIAN_POINT('',(5.196152422707,9.));
#5442 = VECTOR('',#5443,1.);
#5443 = DIRECTION('',(-1.,1.709300165674E-16));
#5444 = ( GEOMETRIC_REPRESENTATION_CONTEXT(2) 
PARAMETRIC_REPRESENTATION_CONTEXT() REPRESENTATION_CONTEXT('2D SPACE',''
  ) );
#5445 = ADVANCED_FACE('',(#5446),#5282,.F.);
#5446 = FACE_BOUND('',#5447,.F.);
#5447 = EDGE_LOOP('',(#5448,#5449,#5450,#5473,#5501,#5522));
#5448 = ORIENTED_EDGE('',*,*,#5268,.T.);
#5449 = ORIENTED_EDGE('',*,*,#5425,.T.);
#5450 = ORIENTED_EDGE('',*,*,#5451,.T.);
#5451 = EDGE_CURVE('',#5398,#5452,#5454,.T.);
#5452 = VERTEX_POINT('',#5453);
#5453 = CARTESIAN_POINT('',(35.,390.5,-124.3923048454));
#5454 = SURFACE_CURVE('',#5455,(#5459,#5466),.PCURVE_S1.);
#5455 = LINE('',#5456,#5457);
#5456 = CARTESIAN_POINT('',(44.,390.5,-119.1961524227));
#5457 = VECTOR('',#5458,1.);
#5458 = DIRECTION('',(-0.866025403784,0.,-0.5));
#5459 = PCURVE('',#5282,#5460);
#5460 = DEFINITIONAL_REPRESENTATION('',(#5461),#5465);
#5461 = LINE('',#5462,#5463);
#5462 = CARTESIAN_POINT('',(-5.196152422707,9.));
#5463 = VECTOR('',#5464,1.);
#5464 = DIRECTION('',(-0.5,-0.866025403784));
#5465 = ( GEOMETRIC_REPRESENTATION_CONTEXT(2) 
PARAMETRIC_REPRESENTATION_CONTEXT() REPRESENTATION_CONTEXT('2D SPACE',''
  ) );
#5466 = PCURVE('',#5413,#5467);
#5467 = DEFINITIONAL_REPRESENTATION('',(#5468),#5472);
#5468 = LINE('',#5469,#5470);
#5469 = CARTESIAN_POINT('',(0.,0.));
#5470 = VECTOR('',#5471,1.);
#5471 = DIRECTION('',(1.,0.));
#5472 = ( GEOMETRIC_REPRESENTATION_CONTEXT(2) 
PARAMETRIC_REPRESENTATION_CONTEXT() REPRESENTATION_CONTEXT('2D SPACE',''
  ) );
#5473 = ORIENTED_EDGE('',*,*,#5474,.T.);
#5474 = EDGE_CURVE('',#5452,#5475,#5477,.T.);
#5475 = VERTEX_POINT('',#5476);
#5476 = CARTESIAN_POINT('',(26.,390.5,-119.1961524227));
#5477 = SURFACE_CURVE('',#5478,(#5482,#5489),.PCURVE_S1.);
#5478 = LINE('',#5479,#5480);
#5479 = CARTESIAN_POINT('',(35.,390.5,-124.3923048454));
#5480 = VECTOR('',#5481,1.);
#5481 = DIRECTION('',(-0.866025403784,0.,0.5));
#5482 = PCURVE('',#5282,#5483);
#5483 = DEFINITIONAL_REPRESENTATION('',(#5484),#5488);
#5484 = LINE('',#5485,#5486);
#5485 = CARTESIAN_POINT('',(-10.39230484541,7.105427357601E-15));
#5486 = VECTOR('',#5487,1.);
#5487 = DIRECTION('',(0.5,-0.866025403784));
#5488 = ( GEOMETRIC_REPRESENTATION_CONTEXT(2) 
PARAMETRIC_REPRESENTATION_CONTEXT() REPRESENTATION_CONTEXT('2D SPACE',''
  ) );
#5489 = PCURVE('',#5490,#5495);
#5490 = PLANE('',#5491);
#5491 = AXIS2_PLACEMENT_3D('',#5492,#5493,#5494);
#5492 = CARTESIAN_POINT('',(35.,390.5,-124.3923048454));
#5493 = DIRECTION('',(0.5,-0.,0.866025403784));
#5494 = DIRECTION('',(-0.866025403784,0.,0.5));
#5495 = DEFINITIONAL_REPRESENTATION('',(#5496),#5500);
#5496 = LINE('',#5497,#5498);
#5497 = CARTESIAN_POINT('',(0.,0.));
#5498 = VECTOR('',#5499,1.);
#5499 = DIRECTION('',(1.,0.));
#5500 = ( GEOMETRIC_REPRESENTATION_CONTEXT(2) 
PARAMETRIC_REPRESENTATION_CONTEXT() REPRESENTATION_CONTEXT('2D SPACE',''
  ) );
#5501 = ORIENTED_EDGE('',*,*,#5502,.T.);
#5502 = EDGE_CURVE('',#5475,#5298,#5503,.T.);
#5503 = SURFACE_CURVE('',#5504,(#5508,#5515),.PCURVE_S1.);
#5504 = LINE('',#5505,#5506);
#5505 = CARTESIAN_POINT('',(26.,390.5,-119.1961524227));
#5506 = VECTOR('',#5507,1.);
#5507 = DIRECTION('',(-6.837200662697E-16,0.,1.));
#5508 = PCURVE('',#5282,#5509);
#5509 = DEFINITIONAL_REPRESENTATION('',(#5510),#5514);
#5510 = LINE('',#5511,#5512);
#5511 = CARTESIAN_POINT('',(-5.196152422707,-9.));
#5512 = VECTOR('',#5513,1.);
#5513 = DIRECTION('',(1.,-6.837200662697E-16));
#5514 = ( GEOMETRIC_REPRESENTATION_CONTEXT(2) 
PARAMETRIC_REPRESENTATION_CONTEXT() REPRESENTATION_CONTEXT('2D SPACE',''
  ) );
#5515 = PCURVE('',#5315,#5516);
#5516 = DEFINITIONAL_REPRESENTATION('',(#5517),#5521);
#5517 = LINE('',#5518,#5519);
#5518 = CARTESIAN_POINT('',(0.,0.));
#5519 = VECTOR('',#5520,1.);
#5520 = DIRECTION('',(1.,0.));
#5521 = ( GEOMETRIC_REPRESENTATION_CONTEXT(2) 
PARAMETRIC_REPRESENTATION_CONTEXT() REPRESENTATION_CONTEXT('2D SPACE',''
  ) );
#5522 = ORIENTED_EDGE('',*,*,#5349,.T.);
#5523 = ADVANCED_FACE('',(#5524,#5596),#5228,.T.);
#5524 = FACE_BOUND('',#5525,.T.);
#5525 = EDGE_LOOP('',(#5526,#5527,#5528,#5551,#5574,#5595));
#5526 = ORIENTED_EDGE('',*,*,#5212,.T.);
#5527 = ORIENTED_EDGE('',*,*,#5374,.T.);
#5528 = ORIENTED_EDGE('',*,*,#5529,.T.);
#5529 = EDGE_CURVE('',#5375,#5530,#5532,.T.);
#5530 = VERTEX_POINT('',#5531);
#5531 = CARTESIAN_POINT('',(35.,398.,-124.3923048454));
#5532 = SURFACE_CURVE('',#5533,(#5537,#5544),.PCURVE_S1.);
#5533 = LINE('',#5534,#5535);
#5534 = CARTESIAN_POINT('',(44.,398.,-119.1961524227));
#5535 = VECTOR('',#5536,1.);
#5536 = DIRECTION('',(-0.866025403784,0.,-0.5));
#5537 = PCURVE('',#5228,#5538);
#5538 = DEFINITIONAL_REPRESENTATION('',(#5539),#5543);
#5539 = LINE('',#5540,#5541);
#5540 = CARTESIAN_POINT('',(-5.196152422707,9.));
#5541 = VECTOR('',#5542,1.);
#5542 = DIRECTION('',(-0.5,-0.866025403784));
#5543 = ( GEOMETRIC_REPRESENTATION_CONTEXT(2) 
PARAMETRIC_REPRESENTATION_CONTEXT() REPRESENTATION_CONTEXT('2D SPACE',''
  ) );
#5544 = PCURVE('',#5413,#5545);
#5545 = DEFINITIONAL_REPRESENTATION('',(#5546),#5550);
#5546 = LINE('',#5547,#5548);
#5547 = CARTESIAN_POINT('',(0.,-7.5));
#5548 = VECTOR('',#5549,1.);
#5549 = DIRECTION('',(1.,0.));
#5550 = ( GEOMETRIC_REPRESENTATION_CONTEXT(2) 
PARAMETRIC_REPRESENTATION_CONTEXT() REPRESENTATION_CONTEXT('2D SPACE',''
  ) );
#5551 = ORIENTED_EDGE('',*,*,#5552,.T.);
#5552 = EDGE_CURVE('',#5530,#5553,#5555,.T.);
#5553 = VERTEX_POINT('',#5554);
#5554 = CARTESIAN_POINT('',(26.,398.,-119.1961524227));
#5555 = SURFACE_CURVE('',#5556,(#5560,#5567),.PCURVE_S1.);
#5556 = LINE('',#5557,#5558);
#5557 = CARTESIAN_POINT('',(35.,398.,-124.3923048454));
#5558 = VECTOR('',#5559,1.);
#5559 = DIRECTION('',(-0.866025403784,0.,0.5));
#5560 = PCURVE('',#5228,#5561);
#5561 = DEFINITIONAL_REPRESENTATION('',(#5562),#5566);
#5562 = LINE('',#5563,#5564);
#5563 = CARTESIAN_POINT('',(-10.39230484541,7.105427357601E-15));
#5564 = VECTOR('',#5565,1.);
#5565 = DIRECTION('',(0.5,-0.866025403784));
#5566 = ( GEOMETRIC_REPRESENTATION_CONTEXT(2) 
PARAMETRIC_REPRESENTATION_CONTEXT() REPRESENTATION_CONTEXT('2D SPACE',''
  ) );
#5567 = PCURVE('',#5490,#5568);
#5568 = DEFINITIONAL_REPRESENTATION('',(#5569),#5573);
#5569 = LINE('',#5570,#5571);
#5570 = CARTESIAN_POINT('',(0.,-7.5));
#5571 = VECTOR('',#5572,1.);
#5572 = DIRECTION('',(1.,0.));
#5573 = ( GEOMETRIC_REPRESENTATION_CONTEXT(2) 
PARAMETRIC_REPRESENTATION_CONTEXT() REPRESENTATION_CONTEXT('2D SPACE',''
  ) );
#5574 = ORIENTED_EDGE('',*,*,#5575,.T.);
#5575 = EDGE_CURVE('',#5553,#5300,#5576,.T.);
#5576 = SURFACE_CURVE('',#5577,(#5581,#5588),.PCURVE_S1.);
#5577 = LINE('',#5578,#5579);
#5578 = CARTESIAN_POINT('',(26.,398.,-119.1961524227));
#5579 = VECTOR('',#5580,1.);
#5580 = DIRECTION('',(-6.837200662697E-16,0.,1.));
#5581 = PCURVE('',#5228,#5582);
#5582 = DEFINITIONAL_REPRESENTATION('',(#5583),#5587);
#5583 = LINE('',#5584,#5585);
#5584 = CARTESIAN_POINT('',(-5.196152422707,-9.));
#5585 = VECTOR('',#5586,1.);
#5586 = DIRECTION('',(1.,-6.837200662697E-16));
#5587 = ( GEOMETRIC_REPRESENTATION_CONTEXT(2) 
PARAMETRIC_REPRESENTATION_CONTEXT() REPRESENTATION_CONTEXT('2D SPACE',''
  ) );
#5588 = PCURVE('',#5315,#5589);
#5589 = DEFINITIONAL_REPRESENTATION('',(#5590),#5594);
#5590 = LINE('',#5591,#5592);
#5591 = CARTESIAN_POINT('',(0.,-7.5));
#5592 = VECTOR('',#5593,1.);
#5593 = DIRECTION('',(1.,0.));
#5594 = ( GEOMETRIC_REPRESENTATION_CONTEXT(2) 
PARAMETRIC_REPRESENTATION_CONTEXT() REPRESENTATION_CONTEXT('2D SPACE',''
  ) );
#5595 = ORIENTED_EDGE('',*,*,#5327,.T.);
#5596 = FACE_BOUND('',#5597,.T.);
#5597 = EDGE_LOOP('',(#5598));
#5598 = ORIENTED_EDGE('',*,*,#5599,.F.);
#5599 = EDGE_CURVE('',#5600,#5600,#5602,.T.);
#5600 = VERTEX_POINT('',#5601);
#5601 = CARTESIAN_POINT('',(35.,398.,-108.));
#5602 = SURFACE_CURVE('',#5603,(#5608,#5615),.PCURVE_S1.);
#5603 = CIRCLE('',#5604,6.);
#5604 = AXIS2_PLACEMENT_3D('',#5605,#5606,#5607);
#5605 = CARTESIAN_POINT('',(35.,398.,-114.));
#5606 = DIRECTION('',(0.,1.,0.));
#5607 = DIRECTION('',(0.,0.,1.));
#5608 = PCURVE('',#5228,#5609);
#5609 = DEFINITIONAL_REPRESENTATION('',(#5610),#5614);
#5610 = CIRCLE('',#5611,6.);
#5611 = AXIS2_PLACEMENT_2D('',#5612,#5613);
#5612 = CARTESIAN_POINT('',(0.,7.105427357601E-15));
#5613 = DIRECTION('',(1.,0.));
#5614 = ( GEOMETRIC_REPRESENTATION_CONTEXT(2) 
PARAMETRIC_REPRESENTATION_CONTEXT() REPRESENTATION_CONTEXT('2D SPACE',''
  ) );
#5615 = PCURVE('',#5616,#5621);
#5616 = CYLINDRICAL_SURFACE('',#5617,6.);
#5617 = AXIS2_PLACEMENT_3D('',#5618,#5619,#5620);
#5618 = CARTESIAN_POINT('',(35.,398.,-114.));
#5619 = DIRECTION('',(-0.,-1.,-0.));
#5620 = DIRECTION('',(0.,0.,1.));
#5621 = DEFINITIONAL_REPRESENTATION('',(#5622),#5626);
#5622 = LINE('',#5623,#5624);
#5623 = CARTESIAN_POINT('',(-0.,0.));
#5624 = VECTOR('',#5625,1.);
#5625 = DIRECTION('',(-1.,0.));
#5626 = ( GEOMETRIC_REPRESENTATION_CONTEXT(2) 
PARAMETRIC_REPRESENTATION_CONTEXT() REPRESENTATION_CONTEXT('2D SPACE',''
  ) );
#5627 = ADVANCED_FACE('',(#5628),#5315,.F.);
#5628 = FACE_BOUND('',#5629,.F.);
#5629 = EDGE_LOOP('',(#5630,#5651,#5652,#5653));
#5630 = ORIENTED_EDGE('',*,*,#5631,.T.);
#5631 = EDGE_CURVE('',#5475,#5553,#5632,.T.);
#5632 = SURFACE_CURVE('',#5633,(#5637,#5644),.PCURVE_S1.);
#5633 = LINE('',#5634,#5635);
#5634 = CARTESIAN_POINT('',(26.,390.5,-119.1961524227));
#5635 = VECTOR('',#5636,1.);
#5636 = DIRECTION('',(0.,1.,0.));
#5637 = PCURVE('',#5315,#5638);
#5638 = DEFINITIONAL_REPRESENTATION('',(#5639),#5643);
#5639 = LINE('',#5640,#5641);
#5640 = CARTESIAN_POINT('',(0.,0.));
#5641 = VECTOR('',#5642,1.);
#5642 = DIRECTION('',(0.,-1.));
#5643 = ( GEOMETRIC_REPRESENTATION_CONTEXT(2) 
PARAMETRIC_REPRESENTATION_CONTEXT() REPRESENTATION_CONTEXT('2D SPACE',''
  ) );
#5644 = PCURVE('',#5490,#5645);
#5645 = DEFINITIONAL_REPRESENTATION('',(#5646),#5650);
#5646 = LINE('',#5647,#5648);
#5647 = CARTESIAN_POINT('',(10.392304845413,0.));
#5648 = VECTOR('',#5649,1.);
#5649 = DIRECTION('',(0.,-1.));
#5650 = ( GEOMETRIC_REPRESENTATION_CONTEXT(2) 
PARAMETRIC_REPRESENTATION_CONTEXT() REPRESENTATION_CONTEXT('2D SPACE',''
  ) );
#5651 = ORIENTED_EDGE('',*,*,#5575,.T.);
#5652 = ORIENTED_EDGE('',*,*,#5297,.F.);
#5653 = ORIENTED_EDGE('',*,*,#5502,.F.);
#5654 = ADVANCED_FACE('',(#5655),#5413,.F.);
#5655 = FACE_BOUND('',#5656,.F.);
#5656 = EDGE_LOOP('',(#5657,#5658,#5659,#5680));
#5657 = ORIENTED_EDGE('',*,*,#5397,.T.);
#5658 = ORIENTED_EDGE('',*,*,#5529,.T.);
#5659 = ORIENTED_EDGE('',*,*,#5660,.F.);
#5660 = EDGE_CURVE('',#5452,#5530,#5661,.T.);
#5661 = SURFACE_CURVE('',#5662,(#5666,#5673),.PCURVE_S1.);
#5662 = LINE('',#5663,#5664);
#5663 = CARTESIAN_POINT('',(35.,390.5,-124.3923048454));
#5664 = VECTOR('',#5665,1.);
#5665 = DIRECTION('',(0.,1.,0.));
#5666 = PCURVE('',#5413,#5667);
#5667 = DEFINITIONAL_REPRESENTATION('',(#5668),#5672);
#5668 = LINE('',#5669,#5670);
#5669 = CARTESIAN_POINT('',(10.392304845413,0.));
#5670 = VECTOR('',#5671,1.);
#5671 = DIRECTION('',(0.,-1.));
#5672 = ( GEOMETRIC_REPRESENTATION_CONTEXT(2) 
PARAMETRIC_REPRESENTATION_CONTEXT() REPRESENTATION_CONTEXT('2D SPACE',''
  ) );
#5673 = PCURVE('',#5490,#5674);
#5674 = DEFINITIONAL_REPRESENTATION('',(#5675),#5679);
#5675 = LINE('',#5676,#5677);
#5676 = CARTESIAN_POINT('',(0.,0.));
#5677 = VECTOR('',#5678,1.);
#5678 = DIRECTION('',(0.,-1.));
#5679 = ( GEOMETRIC_REPRESENTATION_CONTEXT(2) 
PARAMETRIC_REPRESENTATION_CONTEXT() REPRESENTATION_CONTEXT('2D SPACE',''
  ) );
#5680 = ORIENTED_EDGE('',*,*,#5451,.F.);
#5681 = ADVANCED_FACE('',(#5682),#5490,.F.);
#5682 = FACE_BOUND('',#5683,.F.);
#5683 = EDGE_LOOP('',(#5684,#5685,#5686,#5687));
#5684 = ORIENTED_EDGE('',*,*,#5660,.T.);
#5685 = ORIENTED_EDGE('',*,*,#5552,.T.);
#5686 = ORIENTED_EDGE('',*,*,#5631,.F.);
#5687 = ORIENTED_EDGE('',*,*,#5474,.F.);
#5688 = ADVANCED_FACE('',(#5689),#5616,.T.);
#5689 = FACE_BOUND('',#5690,.F.);
#5690 = EDGE_LOOP('',(#5691,#5714,#5741,#5742));
#5691 = ORIENTED_EDGE('',*,*,#5692,.T.);
#5692 = EDGE_CURVE('',#5600,#5693,#5695,.T.);
#5693 = VERTEX_POINT('',#5694);
#5694 = CARTESIAN_POINT('',(35.,538.,-108.));
#5695 = SEAM_CURVE('',#5696,(#5700,#5707),.PCURVE_S1.);
#5696 = LINE('',#5697,#5698);
#5697 = CARTESIAN_POINT('',(35.,398.,-108.));
#5698 = VECTOR('',#5699,1.);
#5699 = DIRECTION('',(0.,1.,0.));
#5700 = PCURVE('',#5616,#5701);
#5701 = DEFINITIONAL_REPRESENTATION('',(#5702),#5706);
#5702 = LINE('',#5703,#5704);
#5703 = CARTESIAN_POINT('',(-0.,0.));
#5704 = VECTOR('',#5705,1.);
#5705 = DIRECTION('',(-0.,-1.));
#5706 = ( GEOMETRIC_REPRESENTATION_CONTEXT(2) 
PARAMETRIC_REPRESENTATION_CONTEXT() REPRESENTATION_CONTEXT('2D SPACE',''
  ) );
#5707 = PCURVE('',#5616,#5708);
#5708 = DEFINITIONAL_REPRESENTATION('',(#5709),#5713);
#5709 = LINE('',#5710,#5711);
#5710 = CARTESIAN_POINT('',(-6.28318530718,0.));
#5711 = VECTOR('',#5712,1.);
#5712 = DIRECTION('',(-0.,-1.));
#5713 = ( GEOMETRIC_REPRESENTATION_CONTEXT(2) 
PARAMETRIC_REPRESENTATION_CONTEXT() REPRESENTATION_CONTEXT('2D SPACE',''
  ) );
#5714 = ORIENTED_EDGE('',*,*,#5715,.T.);
#5715 = EDGE_CURVE('',#5693,#5693,#5716,.T.);
#5716 = SURFACE_CURVE('',#5717,(#5722,#5729),.PCURVE_S1.);
#5717 = CIRCLE('',#5718,6.);
#5718 = AXIS2_PLACEMENT_3D('',#5719,#5720,#5721);
#5719 = CARTESIAN_POINT('',(35.,538.,-114.));
#5720 = DIRECTION('',(0.,1.,0.));
#5721 = DIRECTION('',(0.,0.,1.));
#5722 = PCURVE('',#5616,#5723);
#5723 = DEFINITIONAL_REPRESENTATION('',(#5724),#5728);
#5724 = LINE('',#5725,#5726);
#5725 = CARTESIAN_POINT('',(-0.,-140.));
#5726 = VECTOR('',#5727,1.);
#5727 = DIRECTION('',(-1.,0.));
#5728 = ( GEOMETRIC_REPRESENTATION_CONTEXT(2) 
PARAMETRIC_REPRESENTATION_CONTEXT() REPRESENTATION_CONTEXT('2D SPACE',''
  ) );
#5729 = PCURVE('',#5730,#5735);
#5730 = PLANE('',#5731);
#5731 = AXIS2_PLACEMENT_3D('',#5732,#5733,#5734);
#5732 = CARTESIAN_POINT('',(35.,538.,-114.));
#5733 = DIRECTION('',(0.,1.,0.));
#5734 = DIRECTION('',(0.,-0.,1.));
#5735 = DEFINITIONAL_REPRESENTATION('',(#5736),#5740);
#5736 = CIRCLE('',#5737,6.);
#5737 = AXIS2_PLACEMENT_2D('',#5738,#5739);
#5738 = CARTESIAN_POINT('',(0.,0.));
#5739 = DIRECTION('',(1.,0.));
#5740 = ( GEOMETRIC_REPRESENTATION_CONTEXT(2) 
PARAMETRIC_REPRESENTATION_CONTEXT() REPRESENTATION_CONTEXT('2D SPACE',''
  ) );
#5741 = ORIENTED_EDGE('',*,*,#5692,.F.);
#5742 = ORIENTED_EDGE('',*,*,#5599,.F.);
#5743 = ADVANCED_FACE('',(#5744),#5730,.T.);
#5744 = FACE_BOUND('',#5745,.T.);
#5745 = EDGE_LOOP('',(#5746));
#5746 = ORIENTED_EDGE('',*,*,#5715,.T.);
#5747 = ( GEOMETRIC_REPRESENTATION_CONTEXT(3) 
GLOBAL_UNCERTAINTY_ASSIGNED_CONTEXT((#5751)) 
GLOBAL_UNIT_ASSIGNED_CONTEXT((#5748,#5749,#5750)) REPRESENTATION_CONTEXT
('Context #1','3D Context with UNIT and UNCERTAINTY') );
#5748 = ( LENGTH_UNIT() NAMED_UNIT(*) SI_UNIT(.MILLI.,.METRE.) );
#5749 = ( NAMED_UNIT(*) PLANE_ANGLE_UNIT() SI_UNIT($,.RADIAN.) );
#5750 = ( NAMED_UNIT(*) SI_UNIT($,.STERADIAN.) SOLID_ANGLE_UNIT() );
#5751 = UNCERTAINTY_MEASURE_WITH_UNIT(LENGTH_MEASURE(1.E-07),#5748,
  'distance_accuracy_value','confusion accuracy');
#5752 = CONTEXT_DEPENDENT_SHAPE_REPRESENTATION(#5753,#5755);
#5753 = ( REPRESENTATION_RELATIONSHIP('','',#5170,#10) 
REPRESENTATION_RELATIONSHIP_WITH_TRANSFORMATION(#5754) 
SHAPE_REPRESENTATION_RELATIONSHIP() );
#5754 = ITEM_DEFINED_TRANSFORMATION('','',#11,#55);
#5755 = PRODUCT_DEFINITION_SHAPE('Placement','Placement of an item',
  #5756);
#5756 = NEXT_ASSEMBLY_USAGE_OCCURRENCE('11',
  'M12_nominal_clamp_bolt_35_-114','',#5,#5165,$);
#5757 = PRODUCT_RELATED_PRODUCT_CATEGORY('part',$,(#5167));
#5758 = SHAPE_DEFINITION_REPRESENTATION(#5759,#5765);
#5759 = PRODUCT_DEFINITION_SHAPE('','',#5760);
#5760 = PRODUCT_DEFINITION('design','',#5761,#5764);
#5761 = PRODUCT_DEFINITION_FORMATION('','',#5762);
#5762 = PRODUCT('M12_nominal_washer_35_-114',
  'M12_nominal_washer_35_-114','',(#5763));
#5763 = PRODUCT_CONTEXT('',#2,'mechanical');
#5764 = PRODUCT_DEFINITION_CONTEXT('part definition',#2,'design');
#5765 = ADVANCED_BREP_SHAPE_REPRESENTATION('',(#11,#5766),#5948);
#5766 = MANIFOLD_SOLID_BREP('',#5767);
#5767 = CLOSED_SHELL('',(#5768,#5856,#5934,#5941));
#5768 = ADVANCED_FACE('',(#5769),#5783,.T.);
#5769 = FACE_BOUND('',#5770,.F.);
#5770 = EDGE_LOOP('',(#5771,#5801,#5828,#5829));
#5771 = ORIENTED_EDGE('',*,*,#5772,.T.);
#5772 = EDGE_CURVE('',#5773,#5775,#5777,.T.);
#5773 = VERTEX_POINT('',#5774);
#5774 = CARTESIAN_POINT('',(35.,522.,-102.));
#5775 = VERTEX_POINT('',#5776);
#5776 = CARTESIAN_POINT('',(35.,524.,-102.));
#5777 = SEAM_CURVE('',#5778,(#5782,#5794),.PCURVE_S1.);
#5778 = LINE('',#5779,#5780);
#5779 = CARTESIAN_POINT('',(35.,522.,-102.));
#5780 = VECTOR('',#5781,1.);
#5781 = DIRECTION('',(0.,1.,0.));
#5782 = PCURVE('',#5783,#5788);
#5783 = CYLINDRICAL_SURFACE('',#5784,12.);
#5784 = AXIS2_PLACEMENT_3D('',#5785,#5786,#5787);
#5785 = CARTESIAN_POINT('',(35.,522.,-114.));
#5786 = DIRECTION('',(-0.,-1.,-0.));
#5787 = DIRECTION('',(0.,0.,1.));
#5788 = DEFINITIONAL_REPRESENTATION('',(#5789),#5793);
#5789 = LINE('',#5790,#5791);
#5790 = CARTESIAN_POINT('',(-0.,0.));
#5791 = VECTOR('',#5792,1.);
#5792 = DIRECTION('',(-0.,-1.));
#5793 = ( GEOMETRIC_REPRESENTATION_CONTEXT(2) 
PARAMETRIC_REPRESENTATION_CONTEXT() REPRESENTATION_CONTEXT('2D SPACE',''
  ) );
#5794 = PCURVE('',#5783,#5795);
#5795 = DEFINITIONAL_REPRESENTATION('',(#5796),#5800);
#5796 = LINE('',#5797,#5798);
#5797 = CARTESIAN_POINT('',(-6.28318530718,0.));
#5798 = VECTOR('',#5799,1.);
#5799 = DIRECTION('',(-0.,-1.));
#5800 = ( GEOMETRIC_REPRESENTATION_CONTEXT(2) 
PARAMETRIC_REPRESENTATION_CONTEXT() REPRESENTATION_CONTEXT('2D SPACE',''
  ) );
#5801 = ORIENTED_EDGE('',*,*,#5802,.T.);
#5802 = EDGE_CURVE('',#5775,#5775,#5803,.T.);
#5803 = SURFACE_CURVE('',#5804,(#5809,#5816),.PCURVE_S1.);
#5804 = CIRCLE('',#5805,12.);
#5805 = AXIS2_PLACEMENT_3D('',#5806,#5807,#5808);
#5806 = CARTESIAN_POINT('',(35.,524.,-114.));
#5807 = DIRECTION('',(0.,1.,0.));
#5808 = DIRECTION('',(0.,0.,1.));
#5809 = PCURVE('',#5783,#5810);
#5810 = DEFINITIONAL_REPRESENTATION('',(#5811),#5815);
#5811 = LINE('',#5812,#5813);
#5812 = CARTESIAN_POINT('',(-0.,-2.));
#5813 = VECTOR('',#5814,1.);
#5814 = DIRECTION('',(-1.,0.));
#5815 = ( GEOMETRIC_REPRESENTATION_CONTEXT(2) 
PARAMETRIC_REPRESENTATION_CONTEXT() REPRESENTATION_CONTEXT('2D SPACE',''
  ) );
#5816 = PCURVE('',#5817,#5822);
#5817 = PLANE('',#5818);
#5818 = AXIS2_PLACEMENT_3D('',#5819,#5820,#5821);
#5819 = CARTESIAN_POINT('',(35.,524.,-114.));
#5820 = DIRECTION('',(0.,1.,0.));
#5821 = DIRECTION('',(0.,-0.,1.));
#5822 = DEFINITIONAL_REPRESENTATION('',(#5823),#5827);
#5823 = CIRCLE('',#5824,12.);
#5824 = AXIS2_PLACEMENT_2D('',#5825,#5826);
#5825 = CARTESIAN_POINT('',(-1.42108547152E-14,0.));
#5826 = DIRECTION('',(1.,0.));
#5827 = ( GEOMETRIC_REPRESENTATION_CONTEXT(2) 
PARAMETRIC_REPRESENTATION_CONTEXT() REPRESENTATION_CONTEXT('2D SPACE',''
  ) );
#5828 = ORIENTED_EDGE('',*,*,#5772,.F.);
#5829 = ORIENTED_EDGE('',*,*,#5830,.F.);
#5830 = EDGE_CURVE('',#5773,#5773,#5831,.T.);
#5831 = SURFACE_CURVE('',#5832,(#5837,#5844),.PCURVE_S1.);
#5832 = CIRCLE('',#5833,12.);
#5833 = AXIS2_PLACEMENT_3D('',#5834,#5835,#5836);
#5834 = CARTESIAN_POINT('',(35.,522.,-114.));
#5835 = DIRECTION('',(0.,1.,0.));
#5836 = DIRECTION('',(0.,0.,1.));
#5837 = PCURVE('',#5783,#5838);
#5838 = DEFINITIONAL_REPRESENTATION('',(#5839),#5843);
#5839 = LINE('',#5840,#5841);
#5840 = CARTESIAN_POINT('',(-0.,0.));
#5841 = VECTOR('',#5842,1.);
#5842 = DIRECTION('',(-1.,0.));
#5843 = ( GEOMETRIC_REPRESENTATION_CONTEXT(2) 
PARAMETRIC_REPRESENTATION_CONTEXT() REPRESENTATION_CONTEXT('2D SPACE',''
  ) );
#5844 = PCURVE('',#5845,#5850);
#5845 = PLANE('',#5846);
#5846 = AXIS2_PLACEMENT_3D('',#5847,#5848,#5849);
#5847 = CARTESIAN_POINT('',(35.,522.,-114.));
#5848 = DIRECTION('',(0.,1.,0.));
#5849 = DIRECTION('',(0.,-0.,1.));
#5850 = DEFINITIONAL_REPRESENTATION('',(#5851),#5855);
#5851 = CIRCLE('',#5852,12.);
#5852 = AXIS2_PLACEMENT_2D('',#5853,#5854);
#5853 = CARTESIAN_POINT('',(-1.42108547152E-14,0.));
#5854 = DIRECTION('',(1.,0.));
#5855 = ( GEOMETRIC_REPRESENTATION_CONTEXT(2) 
PARAMETRIC_REPRESENTATION_CONTEXT() REPRESENTATION_CONTEXT('2D SPACE',''
  ) );
#5856 = ADVANCED_FACE('',(#5857),#5871,.F.);
#5857 = FACE_BOUND('',#5858,.T.);
#5858 = EDGE_LOOP('',(#5859,#5889,#5911,#5912));
#5859 = ORIENTED_EDGE('',*,*,#5860,.T.);
#5860 = EDGE_CURVE('',#5861,#5863,#5865,.T.);
#5861 = VERTEX_POINT('',#5862);
#5862 = CARTESIAN_POINT('',(35.,522.,-107.5));
#5863 = VERTEX_POINT('',#5864);
#5864 = CARTESIAN_POINT('',(35.,524.,-107.5));
#5865 = SEAM_CURVE('',#5866,(#5870,#5882),.PCURVE_S1.);
#5866 = LINE('',#5867,#5868);
#5867 = CARTESIAN_POINT('',(35.,522.,-107.5));
#5868 = VECTOR('',#5869,1.);
#5869 = DIRECTION('',(0.,1.,0.));
#5870 = PCURVE('',#5871,#5876);
#5871 = CYLINDRICAL_SURFACE('',#5872,6.5);
#5872 = AXIS2_PLACEMENT_3D('',#5873,#5874,#5875);
#5873 = CARTESIAN_POINT('',(35.,522.,-114.));
#5874 = DIRECTION('',(-0.,-1.,-0.));
#5875 = DIRECTION('',(0.,0.,1.));
#5876 = DEFINITIONAL_REPRESENTATION('',(#5877),#5881);
#5877 = LINE('',#5878,#5879);
#5878 = CARTESIAN_POINT('',(-0.,0.));
#5879 = VECTOR('',#5880,1.);
#5880 = DIRECTION('',(-0.,-1.));
#5881 = ( GEOMETRIC_REPRESENTATION_CONTEXT(2) 
PARAMETRIC_REPRESENTATION_CONTEXT() REPRESENTATION_CONTEXT('2D SPACE',''
  ) );
#5882 = PCURVE('',#5871,#5883);
#5883 = DEFINITIONAL_REPRESENTATION('',(#5884),#5888);
#5884 = LINE('',#5885,#5886);
#5885 = CARTESIAN_POINT('',(-6.28318530718,0.));
#5886 = VECTOR('',#5887,1.);
#5887 = DIRECTION('',(-0.,-1.));
#5888 = ( GEOMETRIC_REPRESENTATION_CONTEXT(2) 
PARAMETRIC_REPRESENTATION_CONTEXT() REPRESENTATION_CONTEXT('2D SPACE',''
  ) );
#5889 = ORIENTED_EDGE('',*,*,#5890,.T.);
#5890 = EDGE_CURVE('',#5863,#5863,#5891,.T.);
#5891 = SURFACE_CURVE('',#5892,(#5897,#5904),.PCURVE_S1.);
#5892 = CIRCLE('',#5893,6.5);
#5893 = AXIS2_PLACEMENT_3D('',#5894,#5895,#5896);
#5894 = CARTESIAN_POINT('',(35.,524.,-114.));
#5895 = DIRECTION('',(0.,1.,0.));
#5896 = DIRECTION('',(0.,0.,1.));
#5897 = PCURVE('',#5871,#5898);
#5898 = DEFINITIONAL_REPRESENTATION('',(#5899),#5903);
#5899 = LINE('',#5900,#5901);
#5900 = CARTESIAN_POINT('',(-0.,-2.));
#5901 = VECTOR('',#5902,1.);
#5902 = DIRECTION('',(-1.,0.));
#5903 = ( GEOMETRIC_REPRESENTATION_CONTEXT(2) 
PARAMETRIC_REPRESENTATION_CONTEXT() REPRESENTATION_CONTEXT('2D SPACE',''
  ) );
#5904 = PCURVE('',#5817,#5905);
#5905 = DEFINITIONAL_REPRESENTATION('',(#5906),#5910);
#5906 = CIRCLE('',#5907,6.5);
#5907 = AXIS2_PLACEMENT_2D('',#5908,#5909);
#5908 = CARTESIAN_POINT('',(4.263256414561E-14,0.));
#5909 = DIRECTION('',(1.,0.));
#5910 = ( GEOMETRIC_REPRESENTATION_CONTEXT(2) 
PARAMETRIC_REPRESENTATION_CONTEXT() REPRESENTATION_CONTEXT('2D SPACE',''
  ) );
#5911 = ORIENTED_EDGE('',*,*,#5860,.F.);
#5912 = ORIENTED_EDGE('',*,*,#5913,.F.);
#5913 = EDGE_CURVE('',#5861,#5861,#5914,.T.);
#5914 = SURFACE_CURVE('',#5915,(#5920,#5927),.PCURVE_S1.);
#5915 = CIRCLE('',#5916,6.5);
#5916 = AXIS2_PLACEMENT_3D('',#5917,#5918,#5919);
#5917 = CARTESIAN_POINT('',(35.,522.,-114.));
#5918 = DIRECTION('',(0.,1.,0.));
#5919 = DIRECTION('',(0.,0.,1.));
#5920 = PCURVE('',#5871,#5921);
#5921 = DEFINITIONAL_REPRESENTATION('',(#5922),#5926);
#5922 = LINE('',#5923,#5924);
#5923 = CARTESIAN_POINT('',(-0.,0.));
#5924 = VECTOR('',#5925,1.);
#5925 = DIRECTION('',(-1.,0.));
#5926 = ( GEOMETRIC_REPRESENTATION_CONTEXT(2) 
PARAMETRIC_REPRESENTATION_CONTEXT() REPRESENTATION_CONTEXT('2D SPACE',''
  ) );
#5927 = PCURVE('',#5845,#5928);
#5928 = DEFINITIONAL_REPRESENTATION('',(#5929),#5933);
#5929 = CIRCLE('',#5930,6.5);
#5930 = AXIS2_PLACEMENT_2D('',#5931,#5932);
#5931 = CARTESIAN_POINT('',(4.263256414561E-14,0.));
#5932 = DIRECTION('',(1.,0.));
#5933 = ( GEOMETRIC_REPRESENTATION_CONTEXT(2) 
PARAMETRIC_REPRESENTATION_CONTEXT() REPRESENTATION_CONTEXT('2D SPACE',''
  ) );
#5934 = ADVANCED_FACE('',(#5935,#5938),#5845,.F.);
#5935 = FACE_BOUND('',#5936,.F.);
#5936 = EDGE_LOOP('',(#5937));
#5937 = ORIENTED_EDGE('',*,*,#5830,.T.);
#5938 = FACE_BOUND('',#5939,.F.);
#5939 = EDGE_LOOP('',(#5940));
#5940 = ORIENTED_EDGE('',*,*,#5913,.F.);
#5941 = ADVANCED_FACE('',(#5942,#5945),#5817,.T.);
#5942 = FACE_BOUND('',#5943,.T.);
#5943 = EDGE_LOOP('',(#5944));
#5944 = ORIENTED_EDGE('',*,*,#5802,.T.);
#5945 = FACE_BOUND('',#5946,.T.);
#5946 = EDGE_LOOP('',(#5947));
#5947 = ORIENTED_EDGE('',*,*,#5890,.F.);
#5948 = ( GEOMETRIC_REPRESENTATION_CONTEXT(3) 
GLOBAL_UNCERTAINTY_ASSIGNED_CONTEXT((#5952)) 
GLOBAL_UNIT_ASSIGNED_CONTEXT((#5949,#5950,#5951)) REPRESENTATION_CONTEXT
('Context #1','3D Context with UNIT and UNCERTAINTY') );
#5949 = ( LENGTH_UNIT() NAMED_UNIT(*) SI_UNIT(.MILLI.,.METRE.) );
#5950 = ( NAMED_UNIT(*) PLANE_ANGLE_UNIT() SI_UNIT($,.RADIAN.) );
#5951 = ( NAMED_UNIT(*) SI_UNIT($,.STERADIAN.) SOLID_ANGLE_UNIT() );
#5952 = UNCERTAINTY_MEASURE_WITH_UNIT(LENGTH_MEASURE(1.E-07),#5949,
  'distance_accuracy_value','confusion accuracy');
#5953 = CONTEXT_DEPENDENT_SHAPE_REPRESENTATION(#5954,#5956);
#5954 = ( REPRESENTATION_RELATIONSHIP('','',#5765,#10) 
REPRESENTATION_RELATIONSHIP_WITH_TRANSFORMATION(#5955) 
SHAPE_REPRESENTATION_RELATIONSHIP() );
#5955 = ITEM_DEFINED_TRANSFORMATION('','',#11,#59);
#5956 = PRODUCT_DEFINITION_SHAPE('Placement','Placement of an item',
  #5957);
#5957 = NEXT_ASSEMBLY_USAGE_OCCURRENCE('12','M12_nominal_washer_35_-114'
  ,'',#5,#5760,$);
#5958 = PRODUCT_RELATED_PRODUCT_CATEGORY('part',$,(#5762));
#5959 = SHAPE_DEFINITION_REPRESENTATION(#5960,#5966);
#5960 = PRODUCT_DEFINITION_SHAPE('','',#5961);
#5961 = PRODUCT_DEFINITION('design','',#5962,#5965);
#5962 = PRODUCT_DEFINITION_FORMATION('','',#5963);
#5963 = PRODUCT('M12_nominal_nut_35_-114','M12_nominal_nut_35_-114','',(
    #5964));
#5964 = PRODUCT_CONTEXT('',#2,'mechanical');
#5965 = PRODUCT_DEFINITION_CONTEXT('part definition',#2,'design');
#5966 = ADVANCED_BREP_SHAPE_REPRESENTATION('',(#11,#5967),#6537);
#5967 = MANIFOLD_SOLID_BREP('',#5968);
#5968 = CLOSED_SHELL('',(#5969,#6089,#6165,#6241,#6317,#6388,#6435,#6513
    ,#6525));
#5969 = ADVANCED_FACE('',(#5970),#5984,.F.);
#5970 = FACE_BOUND('',#5971,.F.);
#5971 = EDGE_LOOP('',(#5972,#6007,#6035,#6063));
#5972 = ORIENTED_EDGE('',*,*,#5973,.T.);
#5973 = EDGE_CURVE('',#5974,#5976,#5978,.T.);
#5974 = VERTEX_POINT('',#5975);
#5975 = CARTESIAN_POINT('',(35.,524.,-103.6076951545));
#5976 = VERTEX_POINT('',#5977);
#5977 = CARTESIAN_POINT('',(35.,534.,-103.6076951545));
#5978 = SURFACE_CURVE('',#5979,(#5983,#5995),.PCURVE_S1.);
#5979 = LINE('',#5980,#5981);
#5980 = CARTESIAN_POINT('',(35.,524.,-103.6076951545));
#5981 = VECTOR('',#5982,1.);
#5982 = DIRECTION('',(0.,1.,0.));
#5983 = PCURVE('',#5984,#5989);
#5984 = PLANE('',#5985);
#5985 = AXIS2_PLACEMENT_3D('',#5986,#5987,#5988);
#5986 = CARTESIAN_POINT('',(35.,524.,-103.6076951545));
#5987 = DIRECTION('',(-0.5,0.,-0.866025403784));
#5988 = DIRECTION('',(0.866025403784,0.,-0.5));
#5989 = DEFINITIONAL_REPRESENTATION('',(#5990),#5994);
#5990 = LINE('',#5991,#5992);
#5991 = CARTESIAN_POINT('',(0.,0.));
#5992 = VECTOR('',#5993,1.);
#5993 = DIRECTION('',(0.,-1.));
#5994 = ( GEOMETRIC_REPRESENTATION_CONTEXT(2) 
PARAMETRIC_REPRESENTATION_CONTEXT() REPRESENTATION_CONTEXT('2D SPACE',''
  ) );
#5995 = PCURVE('',#5996,#6001);
#5996 = PLANE('',#5997);
#5997 = AXIS2_PLACEMENT_3D('',#5998,#5999,#6000);
#5998 = CARTESIAN_POINT('',(26.,524.,-108.8038475772));
#5999 = DIRECTION('',(0.5,0.,-0.866025403784));
#6000 = DIRECTION('',(0.866025403784,0.,0.5));
#6001 = DEFINITIONAL_REPRESENTATION('',(#6002),#6006);
#6002 = LINE('',#6003,#6004);
#6003 = CARTESIAN_POINT('',(10.392304845413,0.));
#6004 = VECTOR('',#6005,1.);
#6005 = DIRECTION('',(0.,-1.));
#6006 = ( GEOMETRIC_REPRESENTATION_CONTEXT(2) 
PARAMETRIC_REPRESENTATION_CONTEXT() REPRESENTATION_CONTEXT('2D SPACE',''
  ) );
#6007 = ORIENTED_EDGE('',*,*,#6008,.T.);
#6008 = EDGE_CURVE('',#5976,#6009,#6011,.T.);
#6009 = VERTEX_POINT('',#6010);
#6010 = CARTESIAN_POINT('',(44.,534.,-108.8038475772));
#6011 = SURFACE_CURVE('',#6012,(#6016,#6023),.PCURVE_S1.);
#6012 = LINE('',#6013,#6014);
#6013 = CARTESIAN_POINT('',(35.,534.,-103.6076951545));
#6014 = VECTOR('',#6015,1.);
#6015 = DIRECTION('',(0.866025403784,0.,-0.5));
#6016 = PCURVE('',#5984,#6017);
#6017 = DEFINITIONAL_REPRESENTATION('',(#6018),#6022);
#6018 = LINE('',#6019,#6020);
#6019 = CARTESIAN_POINT('',(0.,-10.));
#6020 = VECTOR('',#6021,1.);
#6021 = DIRECTION('',(1.,0.));
#6022 = ( GEOMETRIC_REPRESENTATION_CONTEXT(2) 
PARAMETRIC_REPRESENTATION_CONTEXT() REPRESENTATION_CONTEXT('2D SPACE',''
  ) );
#6023 = PCURVE('',#6024,#6029);
#6024 = PLANE('',#6025);
#6025 = AXIS2_PLACEMENT_3D('',#6026,#6027,#6028);
#6026 = CARTESIAN_POINT('',(35.,534.,-114.));
#6027 = DIRECTION('',(0.,1.,0.));
#6028 = DIRECTION('',(0.,-0.,1.));
#6029 = DEFINITIONAL_REPRESENTATION('',(#6030),#6034);
#6030 = LINE('',#6031,#6032);
#6031 = CARTESIAN_POINT('',(10.392304845413,7.105427357601E-15));
#6032 = VECTOR('',#6033,1.);
#6033 = DIRECTION('',(-0.5,0.866025403784));
#6034 = ( GEOMETRIC_REPRESENTATION_CONTEXT(2) 
PARAMETRIC_REPRESENTATION_CONTEXT() REPRESENTATION_CONTEXT('2D SPACE',''
  ) );
#6035 = ORIENTED_EDGE('',*,*,#6036,.F.);
#6036 = EDGE_CURVE('',#6037,#6009,#6039,.T.);
#6037 = VERTEX_POINT('',#6038);
#6038 = CARTESIAN_POINT('',(44.,524.,-108.8038475772));
#6039 = SURFACE_CURVE('',#6040,(#6044,#6051),.PCURVE_S1.);
#6040 = LINE('',#6041,#6042);
#6041 = CARTESIAN_POINT('',(44.,524.,-108.8038475772));
#6042 = VECTOR('',#6043,1.);
#6043 = DIRECTION('',(0.,1.,0.));
#6044 = PCURVE('',#5984,#6045);
#6045 = DEFINITIONAL_REPRESENTATION('',(#6046),#6050);
#6046 = LINE('',#6047,#6048);
#6047 = CARTESIAN_POINT('',(10.392304845413,0.));
#6048 = VECTOR('',#6049,1.);
#6049 = DIRECTION('',(0.,-1.));
#6050 = ( GEOMETRIC_REPRESENTATION_CONTEXT(2) 
PARAMETRIC_REPRESENTATION_CONTEXT() REPRESENTATION_CONTEXT('2D SPACE',''
  ) );
#6051 = PCURVE('',#6052,#6057);
#6052 = PLANE('',#6053);
#6053 = AXIS2_PLACEMENT_3D('',#6054,#6055,#6056);
#6054 = CARTESIAN_POINT('',(44.,524.,-108.8038475772));
#6055 = DIRECTION('',(-1.,0.,-1.709300165674E-16));
#6056 = DIRECTION('',(1.709300165674E-16,0.,-1.));
#6057 = DEFINITIONAL_REPRESENTATION('',(#6058),#6062);
#6058 = LINE('',#6059,#6060);
#6059 = CARTESIAN_POINT('',(0.,0.));
#6060 = VECTOR('',#6061,1.);
#6061 = DIRECTION('',(0.,-1.));
#6062 = ( GEOMETRIC_REPRESENTATION_CONTEXT(2) 
PARAMETRIC_REPRESENTATION_CONTEXT() REPRESENTATION_CONTEXT('2D SPACE',''
  ) );
#6063 = ORIENTED_EDGE('',*,*,#6064,.F.);
#6064 = EDGE_CURVE('',#5974,#6037,#6065,.T.);
#6065 = SURFACE_CURVE('',#6066,(#6070,#6077),.PCURVE_S1.);
#6066 = LINE('',#6067,#6068);
#6067 = CARTESIAN_POINT('',(35.,524.,-103.6076951545));
#6068 = VECTOR('',#6069,1.);
#6069 = DIRECTION('',(0.866025403784,0.,-0.5));
#6070 = PCURVE('',#5984,#6071);
#6071 = DEFINITIONAL_REPRESENTATION('',(#6072),#6076);
#6072 = LINE('',#6073,#6074);
#6073 = CARTESIAN_POINT('',(0.,0.));
#6074 = VECTOR('',#6075,1.);
#6075 = DIRECTION('',(1.,0.));
#6076 = ( GEOMETRIC_REPRESENTATION_CONTEXT(2) 
PARAMETRIC_REPRESENTATION_CONTEXT() REPRESENTATION_CONTEXT('2D SPACE',''
  ) );
#6077 = PCURVE('',#6078,#6083);
#6078 = PLANE('',#6079);
#6079 = AXIS2_PLACEMENT_3D('',#6080,#6081,#6082);
#6080 = CARTESIAN_POINT('',(35.,524.,-114.));
#6081 = DIRECTION('',(0.,1.,0.));
#6082 = DIRECTION('',(0.,-0.,1.));
#6083 = DEFINITIONAL_REPRESENTATION('',(#6084),#6088);
#6084 = LINE('',#6085,#6086);
#6085 = CARTESIAN_POINT('',(10.392304845413,7.105427357601E-15));
#6086 = VECTOR('',#6087,1.);
#6087 = DIRECTION('',(-0.5,0.866025403784));
#6088 = ( GEOMETRIC_REPRESENTATION_CONTEXT(2) 
PARAMETRIC_REPRESENTATION_CONTEXT() REPRESENTATION_CONTEXT('2D SPACE',''
  ) );
#6089 = ADVANCED_FACE('',(#6090),#6052,.F.);
#6090 = FACE_BOUND('',#6091,.F.);
#6091 = EDGE_LOOP('',(#6092,#6093,#6116,#6144));
#6092 = ORIENTED_EDGE('',*,*,#6036,.T.);
#6093 = ORIENTED_EDGE('',*,*,#6094,.T.);
#6094 = EDGE_CURVE('',#6009,#6095,#6097,.T.);
#6095 = VERTEX_POINT('',#6096);
#6096 = CARTESIAN_POINT('',(44.,534.,-119.1961524227));
#6097 = SURFACE_CURVE('',#6098,(#6102,#6109),.PCURVE_S1.);
#6098 = LINE('',#6099,#6100);
#6099 = CARTESIAN_POINT('',(44.,534.,-108.8038475772));
#6100 = VECTOR('',#6101,1.);
#6101 = DIRECTION('',(1.709300165674E-16,0.,-1.));
#6102 = PCURVE('',#6052,#6103);
#6103 = DEFINITIONAL_REPRESENTATION('',(#6104),#6108);
#6104 = LINE('',#6105,#6106);
#6105 = CARTESIAN_POINT('',(0.,-10.));
#6106 = VECTOR('',#6107,1.);
#6107 = DIRECTION('',(1.,0.));
#6108 = ( GEOMETRIC_REPRESENTATION_CONTEXT(2) 
PARAMETRIC_REPRESENTATION_CONTEXT() REPRESENTATION_CONTEXT('2D SPACE',''
  ) );
#6109 = PCURVE('',#6024,#6110);
#6110 = DEFINITIONAL_REPRESENTATION('',(#6111),#6115);
#6111 = LINE('',#6112,#6113);
#6112 = CARTESIAN_POINT('',(5.196152422707,9.));
#6113 = VECTOR('',#6114,1.);
#6114 = DIRECTION('',(-1.,1.709300165674E-16));
#6115 = ( GEOMETRIC_REPRESENTATION_CONTEXT(2) 
PARAMETRIC_REPRESENTATION_CONTEXT() REPRESENTATION_CONTEXT('2D SPACE',''
  ) );
#6116 = ORIENTED_EDGE('',*,*,#6117,.F.);
#6117 = EDGE_CURVE('',#6118,#6095,#6120,.T.);
#6118 = VERTEX_POINT('',#6119);
#6119 = CARTESIAN_POINT('',(44.,524.,-119.1961524227));
#6120 = SURFACE_CURVE('',#6121,(#6125,#6132),.PCURVE_S1.);
#6121 = LINE('',#6122,#6123);
#6122 = CARTESIAN_POINT('',(44.,524.,-119.1961524227));
#6123 = VECTOR('',#6124,1.);
#6124 = DIRECTION('',(0.,1.,0.));
#6125 = PCURVE('',#6052,#6126);
#6126 = DEFINITIONAL_REPRESENTATION('',(#6127),#6131);
#6127 = LINE('',#6128,#6129);
#6128 = CARTESIAN_POINT('',(10.392304845413,0.));
#6129 = VECTOR('',#6130,1.);
#6130 = DIRECTION('',(0.,-1.));
#6131 = ( GEOMETRIC_REPRESENTATION_CONTEXT(2) 
PARAMETRIC_REPRESENTATION_CONTEXT() REPRESENTATION_CONTEXT('2D SPACE',''
  ) );
#6132 = PCURVE('',#6133,#6138);
#6133 = PLANE('',#6134);
#6134 = AXIS2_PLACEMENT_3D('',#6135,#6136,#6137);
#6135 = CARTESIAN_POINT('',(44.,524.,-119.1961524227));
#6136 = DIRECTION('',(-0.5,0.,0.866025403784));
#6137 = DIRECTION('',(-0.866025403784,0.,-0.5));
#6138 = DEFINITIONAL_REPRESENTATION('',(#6139),#6143);
#6139 = LINE('',#6140,#6141);
#6140 = CARTESIAN_POINT('',(0.,0.));
#6141 = VECTOR('',#6142,1.);
#6142 = DIRECTION('',(0.,-1.));
#6143 = ( GEOMETRIC_REPRESENTATION_CONTEXT(2) 
PARAMETRIC_REPRESENTATION_CONTEXT() REPRESENTATION_CONTEXT('2D SPACE',''
  ) );
#6144 = ORIENTED_EDGE('',*,*,#6145,.F.);
#6145 = EDGE_CURVE('',#6037,#6118,#6146,.T.);
#6146 = SURFACE_CURVE('',#6147,(#6151,#6158),.PCURVE_S1.);
#6147 = LINE('',#6148,#6149);
#6148 = CARTESIAN_POINT('',(44.,524.,-108.8038475772));
#6149 = VECTOR('',#6150,1.);
#6150 = DIRECTION('',(1.709300165674E-16,0.,-1.));
#6151 = PCURVE('',#6052,#6152);
#6152 = DEFINITIONAL_REPRESENTATION('',(#6153),#6157);
#6153 = LINE('',#6154,#6155);
#6154 = CARTESIAN_POINT('',(0.,0.));
#6155 = VECTOR('',#6156,1.);
#6156 = DIRECTION('',(1.,0.));
#6157 = ( GEOMETRIC_REPRESENTATION_CONTEXT(2) 
PARAMETRIC_REPRESENTATION_CONTEXT() REPRESENTATION_CONTEXT('2D SPACE',''
  ) );
#6158 = PCURVE('',#6078,#6159);
#6159 = DEFINITIONAL_REPRESENTATION('',(#6160),#6164);
#6160 = LINE('',#6161,#6162);
#6161 = CARTESIAN_POINT('',(5.196152422707,9.));
#6162 = VECTOR('',#6163,1.);
#6163 = DIRECTION('',(-1.,1.709300165674E-16));
#6164 = ( GEOMETRIC_REPRESENTATION_CONTEXT(2) 
PARAMETRIC_REPRESENTATION_CONTEXT() REPRESENTATION_CONTEXT('2D SPACE',''
  ) );
#6165 = ADVANCED_FACE('',(#6166),#6133,.F.);
#6166 = FACE_BOUND('',#6167,.F.);
#6167 = EDGE_LOOP('',(#6168,#6169,#6192,#6220));
#6168 = ORIENTED_EDGE('',*,*,#6117,.T.);
#6169 = ORIENTED_EDGE('',*,*,#6170,.T.);
#6170 = EDGE_CURVE('',#6095,#6171,#6173,.T.);
#6171 = VERTEX_POINT('',#6172);
#6172 = CARTESIAN_POINT('',(35.,534.,-124.3923048454));
#6173 = SURFACE_CURVE('',#6174,(#6178,#6185),.PCURVE_S1.);
#6174 = LINE('',#6175,#6176);
#6175 = CARTESIAN_POINT('',(44.,534.,-119.1961524227));
#6176 = VECTOR('',#6177,1.);
#6177 = DIRECTION('',(-0.866025403784,0.,-0.5));
#6178 = PCURVE('',#6133,#6179);
#6179 = DEFINITIONAL_REPRESENTATION('',(#6180),#6184);
#6180 = LINE('',#6181,#6182);
#6181 = CARTESIAN_POINT('',(0.,-10.));
#6182 = VECTOR('',#6183,1.);
#6183 = DIRECTION('',(1.,0.));
#6184 = ( GEOMETRIC_REPRESENTATION_CONTEXT(2) 
PARAMETRIC_REPRESENTATION_CONTEXT() REPRESENTATION_CONTEXT('2D SPACE',''
  ) );
#6185 = PCURVE('',#6024,#6186);
#6186 = DEFINITIONAL_REPRESENTATION('',(#6187),#6191);
#6187 = LINE('',#6188,#6189);
#6188 = CARTESIAN_POINT('',(-5.196152422707,9.));
#6189 = VECTOR('',#6190,1.);
#6190 = DIRECTION('',(-0.5,-0.866025403784));
#6191 = ( GEOMETRIC_REPRESENTATION_CONTEXT(2) 
PARAMETRIC_REPRESENTATION_CONTEXT() REPRESENTATION_CONTEXT('2D SPACE',''
  ) );
#6192 = ORIENTED_EDGE('',*,*,#6193,.F.);
#6193 = EDGE_CURVE('',#6194,#6171,#6196,.T.);
#6194 = VERTEX_POINT('',#6195);
#6195 = CARTESIAN_POINT('',(35.,524.,-124.3923048454));
#6196 = SURFACE_CURVE('',#6197,(#6201,#6208),.PCURVE_S1.);
#6197 = LINE('',#6198,#6199);
#6198 = CARTESIAN_POINT('',(35.,524.,-124.3923048454));
#6199 = VECTOR('',#6200,1.);
#6200 = DIRECTION('',(0.,1.,0.));
#6201 = PCURVE('',#6133,#6202);
#6202 = DEFINITIONAL_REPRESENTATION('',(#6203),#6207);
#6203 = LINE('',#6204,#6205);
#6204 = CARTESIAN_POINT('',(10.392304845413,0.));
#6205 = VECTOR('',#6206,1.);
#6206 = DIRECTION('',(0.,-1.));
#6207 = ( GEOMETRIC_REPRESENTATION_CONTEXT(2) 
PARAMETRIC_REPRESENTATION_CONTEXT() REPRESENTATION_CONTEXT('2D SPACE',''
  ) );
#6208 = PCURVE('',#6209,#6214);
#6209 = PLANE('',#6210);
#6210 = AXIS2_PLACEMENT_3D('',#6211,#6212,#6213);
#6211 = CARTESIAN_POINT('',(35.,524.,-124.3923048454));
#6212 = DIRECTION('',(0.5,-0.,0.866025403784));
#6213 = DIRECTION('',(-0.866025403784,0.,0.5));
#6214 = DEFINITIONAL_REPRESENTATION('',(#6215),#6219);
#6215 = LINE('',#6216,#6217);
#6216 = CARTESIAN_POINT('',(0.,0.));
#6217 = VECTOR('',#6218,1.);
#6218 = DIRECTION('',(0.,-1.));
#6219 = ( GEOMETRIC_REPRESENTATION_CONTEXT(2) 
PARAMETRIC_REPRESENTATION_CONTEXT() REPRESENTATION_CONTEXT('2D SPACE',''
  ) );
#6220 = ORIENTED_EDGE('',*,*,#6221,.F.);
#6221 = EDGE_CURVE('',#6118,#6194,#6222,.T.);
#6222 = SURFACE_CURVE('',#6223,(#6227,#6234),.PCURVE_S1.);
#6223 = LINE('',#6224,#6225);
#6224 = CARTESIAN_POINT('',(44.,524.,-119.1961524227));
#6225 = VECTOR('',#6226,1.);
#6226 = DIRECTION('',(-0.866025403784,0.,-0.5));
#6227 = PCURVE('',#6133,#6228);
#6228 = DEFINITIONAL_REPRESENTATION('',(#6229),#6233);
#6229 = LINE('',#6230,#6231);
#6230 = CARTESIAN_POINT('',(0.,0.));
#6231 = VECTOR('',#6232,1.);
#6232 = DIRECTION('',(1.,0.));
#6233 = ( GEOMETRIC_REPRESENTATION_CONTEXT(2) 
PARAMETRIC_REPRESENTATION_CONTEXT() REPRESENTATION_CONTEXT('2D SPACE',''
  ) );
#6234 = PCURVE('',#6078,#6235);
#6235 = DEFINITIONAL_REPRESENTATION('',(#6236),#6240);
#6236 = LINE('',#6237,#6238);
#6237 = CARTESIAN_POINT('',(-5.196152422707,9.));
#6238 = VECTOR('',#6239,1.);
#6239 = DIRECTION('',(-0.5,-0.866025403784));
#6240 = ( GEOMETRIC_REPRESENTATION_CONTEXT(2) 
PARAMETRIC_REPRESENTATION_CONTEXT() REPRESENTATION_CONTEXT('2D SPACE',''
  ) );
#6241 = ADVANCED_FACE('',(#6242),#6209,.F.);
#6242 = FACE_BOUND('',#6243,.F.);
#6243 = EDGE_LOOP('',(#6244,#6245,#6268,#6296));
#6244 = ORIENTED_EDGE('',*,*,#6193,.T.);
#6245 = ORIENTED_EDGE('',*,*,#6246,.T.);
#6246 = EDGE_CURVE('',#6171,#6247,#6249,.T.);
#6247 = VERTEX_POINT('',#6248);
#6248 = CARTESIAN_POINT('',(26.,534.,-119.1961524227));
#6249 = SURFACE_CURVE('',#6250,(#6254,#6261),.PCURVE_S1.);
#6250 = LINE('',#6251,#6252);
#6251 = CARTESIAN_POINT('',(35.,534.,-124.3923048454));
#6252 = VECTOR('',#6253,1.);
#6253 = DIRECTION('',(-0.866025403784,0.,0.5));
#6254 = PCURVE('',#6209,#6255);
#6255 = DEFINITIONAL_REPRESENTATION('',(#6256),#6260);
#6256 = LINE('',#6257,#6258);
#6257 = CARTESIAN_POINT('',(0.,-10.));
#6258 = VECTOR('',#6259,1.);
#6259 = DIRECTION('',(1.,0.));
#6260 = ( GEOMETRIC_REPRESENTATION_CONTEXT(2) 
PARAMETRIC_REPRESENTATION_CONTEXT() REPRESENTATION_CONTEXT('2D SPACE',''
  ) );
#6261 = PCURVE('',#6024,#6262);
#6262 = DEFINITIONAL_REPRESENTATION('',(#6263),#6267);
#6263 = LINE('',#6264,#6265);
#6264 = CARTESIAN_POINT('',(-10.39230484541,7.105427357601E-15));
#6265 = VECTOR('',#6266,1.);
#6266 = DIRECTION('',(0.5,-0.866025403784));
#6267 = ( GEOMETRIC_REPRESENTATION_CONTEXT(2) 
PARAMETRIC_REPRESENTATION_CONTEXT() REPRESENTATION_CONTEXT('2D SPACE',''
  ) );
#6268 = ORIENTED_EDGE('',*,*,#6269,.F.);
#6269 = EDGE_CURVE('',#6270,#6247,#6272,.T.);
#6270 = VERTEX_POINT('',#6271);
#6271 = CARTESIAN_POINT('',(26.,524.,-119.1961524227));
#6272 = SURFACE_CURVE('',#6273,(#6277,#6284),.PCURVE_S1.);
#6273 = LINE('',#6274,#6275);
#6274 = CARTESIAN_POINT('',(26.,524.,-119.1961524227));
#6275 = VECTOR('',#6276,1.);
#6276 = DIRECTION('',(0.,1.,0.));
#6277 = PCURVE('',#6209,#6278);
#6278 = DEFINITIONAL_REPRESENTATION('',(#6279),#6283);
#6279 = LINE('',#6280,#6281);
#6280 = CARTESIAN_POINT('',(10.392304845413,0.));
#6281 = VECTOR('',#6282,1.);
#6282 = DIRECTION('',(0.,-1.));
#6283 = ( GEOMETRIC_REPRESENTATION_CONTEXT(2) 
PARAMETRIC_REPRESENTATION_CONTEXT() REPRESENTATION_CONTEXT('2D SPACE',''
  ) );
#6284 = PCURVE('',#6285,#6290);
#6285 = PLANE('',#6286);
#6286 = AXIS2_PLACEMENT_3D('',#6287,#6288,#6289);
#6287 = CARTESIAN_POINT('',(26.,524.,-119.1961524227));
#6288 = DIRECTION('',(1.,-0.,6.837200662697E-16));
#6289 = DIRECTION('',(-6.837200662697E-16,0.,1.));
#6290 = DEFINITIONAL_REPRESENTATION('',(#6291),#6295);
#6291 = LINE('',#6292,#6293);
#6292 = CARTESIAN_POINT('',(0.,0.));
#6293 = VECTOR('',#6294,1.);
#6294 = DIRECTION('',(0.,-1.));
#6295 = ( GEOMETRIC_REPRESENTATION_CONTEXT(2) 
PARAMETRIC_REPRESENTATION_CONTEXT() REPRESENTATION_CONTEXT('2D SPACE',''
  ) );
#6296 = ORIENTED_EDGE('',*,*,#6297,.F.);
#6297 = EDGE_CURVE('',#6194,#6270,#6298,.T.);
#6298 = SURFACE_CURVE('',#6299,(#6303,#6310),.PCURVE_S1.);
#6299 = LINE('',#6300,#6301);
#6300 = CARTESIAN_POINT('',(35.,524.,-124.3923048454));
#6301 = VECTOR('',#6302,1.);
#6302 = DIRECTION('',(-0.866025403784,0.,0.5));
#6303 = PCURVE('',#6209,#6304);
#6304 = DEFINITIONAL_REPRESENTATION('',(#6305),#6309);
#6305 = LINE('',#6306,#6307);
#6306 = CARTESIAN_POINT('',(0.,0.));
#6307 = VECTOR('',#6308,1.);
#6308 = DIRECTION('',(1.,0.));
#6309 = ( GEOMETRIC_REPRESENTATION_CONTEXT(2) 
PARAMETRIC_REPRESENTATION_CONTEXT() REPRESENTATION_CONTEXT('2D SPACE',''
  ) );
#6310 = PCURVE('',#6078,#6311);
#6311 = DEFINITIONAL_REPRESENTATION('',(#6312),#6316);
#6312 = LINE('',#6313,#6314);
#6313 = CARTESIAN_POINT('',(-10.39230484541,7.105427357601E-15));
#6314 = VECTOR('',#6315,1.);
#6315 = DIRECTION('',(0.5,-0.866025403784));
#6316 = ( GEOMETRIC_REPRESENTATION_CONTEXT(2) 
PARAMETRIC_REPRESENTATION_CONTEXT() REPRESENTATION_CONTEXT('2D SPACE',''
  ) );
#6317 = ADVANCED_FACE('',(#6318),#6285,.F.);
#6318 = FACE_BOUND('',#6319,.F.);
#6319 = EDGE_LOOP('',(#6320,#6321,#6344,#6367));
#6320 = ORIENTED_EDGE('',*,*,#6269,.T.);
#6321 = ORIENTED_EDGE('',*,*,#6322,.T.);
#6322 = EDGE_CURVE('',#6247,#6323,#6325,.T.);
#6323 = VERTEX_POINT('',#6324);
#6324 = CARTESIAN_POINT('',(26.,534.,-108.8038475772));
#6325 = SURFACE_CURVE('',#6326,(#6330,#6337),.PCURVE_S1.);
#6326 = LINE('',#6327,#6328);
#6327 = CARTESIAN_POINT('',(26.,534.,-119.1961524227));
#6328 = VECTOR('',#6329,1.);
#6329 = DIRECTION('',(-6.837200662697E-16,0.,1.));
#6330 = PCURVE('',#6285,#6331);
#6331 = DEFINITIONAL_REPRESENTATION('',(#6332),#6336);
#6332 = LINE('',#6333,#6334);
#6333 = CARTESIAN_POINT('',(0.,-10.));
#6334 = VECTOR('',#6335,1.);
#6335 = DIRECTION('',(1.,0.));
#6336 = ( GEOMETRIC_REPRESENTATION_CONTEXT(2) 
PARAMETRIC_REPRESENTATION_CONTEXT() REPRESENTATION_CONTEXT('2D SPACE',''
  ) );
#6337 = PCURVE('',#6024,#6338);
#6338 = DEFINITIONAL_REPRESENTATION('',(#6339),#6343);
#6339 = LINE('',#6340,#6341);
#6340 = CARTESIAN_POINT('',(-5.196152422707,-9.));
#6341 = VECTOR('',#6342,1.);
#6342 = DIRECTION('',(1.,-6.837200662697E-16));
#6343 = ( GEOMETRIC_REPRESENTATION_CONTEXT(2) 
PARAMETRIC_REPRESENTATION_CONTEXT() REPRESENTATION_CONTEXT('2D SPACE',''
  ) );
#6344 = ORIENTED_EDGE('',*,*,#6345,.F.);
#6345 = EDGE_CURVE('',#6346,#6323,#6348,.T.);
#6346 = VERTEX_POINT('',#6347);
#6347 = CARTESIAN_POINT('',(26.,524.,-108.8038475772));
#6348 = SURFACE_CURVE('',#6349,(#6353,#6360),.PCURVE_S1.);
#6349 = LINE('',#6350,#6351);
#6350 = CARTESIAN_POINT('',(26.,524.,-108.8038475772));
#6351 = VECTOR('',#6352,1.);
#6352 = DIRECTION('',(0.,1.,0.));
#6353 = PCURVE('',#6285,#6354);
#6354 = DEFINITIONAL_REPRESENTATION('',(#6355),#6359);
#6355 = LINE('',#6356,#6357);
#6356 = CARTESIAN_POINT('',(10.392304845413,0.));
#6357 = VECTOR('',#6358,1.);
#6358 = DIRECTION('',(0.,-1.));
#6359 = ( GEOMETRIC_REPRESENTATION_CONTEXT(2) 
PARAMETRIC_REPRESENTATION_CONTEXT() REPRESENTATION_CONTEXT('2D SPACE',''
  ) );
#6360 = PCURVE('',#5996,#6361);
#6361 = DEFINITIONAL_REPRESENTATION('',(#6362),#6366);
#6362 = LINE('',#6363,#6364);
#6363 = CARTESIAN_POINT('',(0.,0.));
#6364 = VECTOR('',#6365,1.);
#6365 = DIRECTION('',(0.,-1.));
#6366 = ( GEOMETRIC_REPRESENTATION_CONTEXT(2) 
PARAMETRIC_REPRESENTATION_CONTEXT() REPRESENTATION_CONTEXT('2D SPACE',''
  ) );
#6367 = ORIENTED_EDGE('',*,*,#6368,.F.);
#6368 = EDGE_CURVE('',#6270,#6346,#6369,.T.);
#6369 = SURFACE_CURVE('',#6370,(#6374,#6381),.PCURVE_S1.);
#6370 = LINE('',#6371,#6372);
#6371 = CARTESIAN_POINT('',(26.,524.,-119.1961524227));
#6372 = VECTOR('',#6373,1.);
#6373 = DIRECTION('',(-6.837200662697E-16,0.,1.));
#6374 = PCURVE('',#6285,#6375);
#6375 = DEFINITIONAL_REPRESENTATION('',(#6376),#6380);
#6376 = LINE('',#6377,#6378);
#6377 = CARTESIAN_POINT('',(0.,0.));
#6378 = VECTOR('',#6379,1.);
#6379 = DIRECTION('',(1.,0.));
#6380 = ( GEOMETRIC_REPRESENTATION_CONTEXT(2) 
PARAMETRIC_REPRESENTATION_CONTEXT() REPRESENTATION_CONTEXT('2D SPACE',''
  ) );
#6381 = PCURVE('',#6078,#6382);
#6382 = DEFINITIONAL_REPRESENTATION('',(#6383),#6387);
#6383 = LINE('',#6384,#6385);
#6384 = CARTESIAN_POINT('',(-5.196152422707,-9.));
#6385 = VECTOR('',#6386,1.);
#6386 = DIRECTION('',(1.,-6.837200662697E-16));
#6387 = ( GEOMETRIC_REPRESENTATION_CONTEXT(2) 
PARAMETRIC_REPRESENTATION_CONTEXT() REPRESENTATION_CONTEXT('2D SPACE',''
  ) );
#6388 = ADVANCED_FACE('',(#6389),#5996,.F.);
#6389 = FACE_BOUND('',#6390,.F.);
#6390 = EDGE_LOOP('',(#6391,#6392,#6413,#6414));
#6391 = ORIENTED_EDGE('',*,*,#6345,.T.);
#6392 = ORIENTED_EDGE('',*,*,#6393,.T.);
#6393 = EDGE_CURVE('',#6323,#5976,#6394,.T.);
#6394 = SURFACE_CURVE('',#6395,(#6399,#6406),.PCURVE_S1.);
#6395 = LINE('',#6396,#6397);
#6396 = CARTESIAN_POINT('',(26.,534.,-108.8038475772));
#6397 = VECTOR('',#6398,1.);
#6398 = DIRECTION('',(0.866025403784,0.,0.5));
#6399 = PCURVE('',#5996,#6400);
#6400 = DEFINITIONAL_REPRESENTATION('',(#6401),#6405);
#6401 = LINE('',#6402,#6403);
#6402 = CARTESIAN_POINT('',(0.,-10.));
#6403 = VECTOR('',#6404,1.);
#6404 = DIRECTION('',(1.,0.));
#6405 = ( GEOMETRIC_REPRESENTATION_CONTEXT(2) 
PARAMETRIC_REPRESENTATION_CONTEXT() REPRESENTATION_CONTEXT('2D SPACE',''
  ) );
#6406 = PCURVE('',#6024,#6407);
#6407 = DEFINITIONAL_REPRESENTATION('',(#6408),#6412);
#6408 = LINE('',#6409,#6410);
#6409 = CARTESIAN_POINT('',(5.196152422707,-9.));
#6410 = VECTOR('',#6411,1.);
#6411 = DIRECTION('',(0.5,0.866025403784));
#6412 = ( GEOMETRIC_REPRESENTATION_CONTEXT(2) 
PARAMETRIC_REPRESENTATION_CONTEXT() REPRESENTATION_CONTEXT('2D SPACE',''
  ) );
#6413 = ORIENTED_EDGE('',*,*,#5973,.F.);
#6414 = ORIENTED_EDGE('',*,*,#6415,.F.);
#6415 = EDGE_CURVE('',#6346,#5974,#6416,.T.);
#6416 = SURFACE_CURVE('',#6417,(#6421,#6428),.PCURVE_S1.);
#6417 = LINE('',#6418,#6419);
#6418 = CARTESIAN_POINT('',(26.,524.,-108.8038475772));
#6419 = VECTOR('',#6420,1.);
#6420 = DIRECTION('',(0.866025403784,0.,0.5));
#6421 = PCURVE('',#5996,#6422);
#6422 = DEFINITIONAL_REPRESENTATION('',(#6423),#6427);
#6423 = LINE('',#6424,#6425);
#6424 = CARTESIAN_POINT('',(0.,0.));
#6425 = VECTOR('',#6426,1.);
#6426 = DIRECTION('',(1.,0.));
#6427 = ( GEOMETRIC_REPRESENTATION_CONTEXT(2) 
PARAMETRIC_REPRESENTATION_CONTEXT() REPRESENTATION_CONTEXT('2D SPACE',''
  ) );
#6428 = PCURVE('',#6078,#6429);
#6429 = DEFINITIONAL_REPRESENTATION('',(#6430),#6434);
#6430 = LINE('',#6431,#6432);
#6431 = CARTESIAN_POINT('',(5.196152422707,-9.));
#6432 = VECTOR('',#6433,1.);
#6433 = DIRECTION('',(0.5,0.866025403784));
#6434 = ( GEOMETRIC_REPRESENTATION_CONTEXT(2) 
PARAMETRIC_REPRESENTATION_CONTEXT() REPRESENTATION_CONTEXT('2D SPACE',''
  ) );
#6435 = ADVANCED_FACE('',(#6436),#6450,.F.);
#6436 = FACE_BOUND('',#6437,.T.);
#6437 = EDGE_LOOP('',(#6438,#6468,#6490,#6491));
#6438 = ORIENTED_EDGE('',*,*,#6439,.T.);
#6439 = EDGE_CURVE('',#6440,#6442,#6444,.T.);
#6440 = VERTEX_POINT('',#6441);
#6441 = CARTESIAN_POINT('',(35.,524.,-108.));
#6442 = VERTEX_POINT('',#6443);
#6443 = CARTESIAN_POINT('',(35.,534.,-108.));
#6444 = SEAM_CURVE('',#6445,(#6449,#6461),.PCURVE_S1.);
#6445 = LINE('',#6446,#6447);
#6446 = CARTESIAN_POINT('',(35.,524.,-108.));
#6447 = VECTOR('',#6448,1.);
#6448 = DIRECTION('',(0.,1.,0.));
#6449 = PCURVE('',#6450,#6455);
#6450 = CYLINDRICAL_SURFACE('',#6451,6.);
#6451 = AXIS2_PLACEMENT_3D('',#6452,#6453,#6454);
#6452 = CARTESIAN_POINT('',(35.,524.,-114.));
#6453 = DIRECTION('',(-0.,-1.,-0.));
#6454 = DIRECTION('',(0.,0.,1.));
#6455 = DEFINITIONAL_REPRESENTATION('',(#6456),#6460);
#6456 = LINE('',#6457,#6458);
#6457 = CARTESIAN_POINT('',(-0.,0.));
#6458 = VECTOR('',#6459,1.);
#6459 = DIRECTION('',(-0.,-1.));
#6460 = ( GEOMETRIC_REPRESENTATION_CONTEXT(2) 
PARAMETRIC_REPRESENTATION_CONTEXT() REPRESENTATION_CONTEXT('2D SPACE',''
  ) );
#6461 = PCURVE('',#6450,#6462);
#6462 = DEFINITIONAL_REPRESENTATION('',(#6463),#6467);
#6463 = LINE('',#6464,#6465);
#6464 = CARTESIAN_POINT('',(-6.28318530718,0.));
#6465 = VECTOR('',#6466,1.);
#6466 = DIRECTION('',(-0.,-1.));
#6467 = ( GEOMETRIC_REPRESENTATION_CONTEXT(2) 
PARAMETRIC_REPRESENTATION_CONTEXT() REPRESENTATION_CONTEXT('2D SPACE',''
  ) );
#6468 = ORIENTED_EDGE('',*,*,#6469,.T.);
#6469 = EDGE_CURVE('',#6442,#6442,#6470,.T.);
#6470 = SURFACE_CURVE('',#6471,(#6476,#6483),.PCURVE_S1.);
#6471 = CIRCLE('',#6472,6.);
#6472 = AXIS2_PLACEMENT_3D('',#6473,#6474,#6475);
#6473 = CARTESIAN_POINT('',(35.,534.,-114.));
#6474 = DIRECTION('',(0.,1.,0.));
#6475 = DIRECTION('',(0.,0.,1.));
#6476 = PCURVE('',#6450,#6477);
#6477 = DEFINITIONAL_REPRESENTATION('',(#6478),#6482);
#6478 = LINE('',#6479,#6480);
#6479 = CARTESIAN_POINT('',(-0.,-10.));
#6480 = VECTOR('',#6481,1.);
#6481 = DIRECTION('',(-1.,0.));
#6482 = ( GEOMETRIC_REPRESENTATION_CONTEXT(2) 
PARAMETRIC_REPRESENTATION_CONTEXT() REPRESENTATION_CONTEXT('2D SPACE',''
  ) );
#6483 = PCURVE('',#6024,#6484);
#6484 = DEFINITIONAL_REPRESENTATION('',(#6485),#6489);
#6485 = CIRCLE('',#6486,6.);
#6486 = AXIS2_PLACEMENT_2D('',#6487,#6488);
#6487 = CARTESIAN_POINT('',(0.,7.105427357601E-15));
#6488 = DIRECTION('',(1.,0.));
#6489 = ( GEOMETRIC_REPRESENTATION_CONTEXT(2) 
PARAMETRIC_REPRESENTATION_CONTEXT() REPRESENTATION_CONTEXT('2D SPACE',''
  ) );
#6490 = ORIENTED_EDGE('',*,*,#6439,.F.);
#6491 = ORIENTED_EDGE('',*,*,#6492,.F.);
#6492 = EDGE_CURVE('',#6440,#6440,#6493,.T.);
#6493 = SURFACE_CURVE('',#6494,(#6499,#6506),.PCURVE_S1.);
#6494 = CIRCLE('',#6495,6.);
#6495 = AXIS2_PLACEMENT_3D('',#6496,#6497,#6498);
#6496 = CARTESIAN_POINT('',(35.,524.,-114.));
#6497 = DIRECTION('',(0.,1.,0.));
#6498 = DIRECTION('',(0.,0.,1.));
#6499 = PCURVE('',#6450,#6500);
#6500 = DEFINITIONAL_REPRESENTATION('',(#6501),#6505);
#6501 = LINE('',#6502,#6503);
#6502 = CARTESIAN_POINT('',(-0.,0.));
#6503 = VECTOR('',#6504,1.);
#6504 = DIRECTION('',(-1.,0.));
#6505 = ( GEOMETRIC_REPRESENTATION_CONTEXT(2) 
PARAMETRIC_REPRESENTATION_CONTEXT() REPRESENTATION_CONTEXT('2D SPACE',''
  ) );
#6506 = PCURVE('',#6078,#6507);
#6507 = DEFINITIONAL_REPRESENTATION('',(#6508),#6512);
#6508 = CIRCLE('',#6509,6.);
#6509 = AXIS2_PLACEMENT_2D('',#6510,#6511);
#6510 = CARTESIAN_POINT('',(0.,7.105427357601E-15));
#6511 = DIRECTION('',(1.,0.));
#6512 = ( GEOMETRIC_REPRESENTATION_CONTEXT(2) 
PARAMETRIC_REPRESENTATION_CONTEXT() REPRESENTATION_CONTEXT('2D SPACE',''
  ) );
#6513 = ADVANCED_FACE('',(#6514,#6522),#6078,.F.);
#6514 = FACE_BOUND('',#6515,.F.);
#6515 = EDGE_LOOP('',(#6516,#6517,#6518,#6519,#6520,#6521));
#6516 = ORIENTED_EDGE('',*,*,#6064,.T.);
#6517 = ORIENTED_EDGE('',*,*,#6145,.T.);
#6518 = ORIENTED_EDGE('',*,*,#6221,.T.);
#6519 = ORIENTED_EDGE('',*,*,#6297,.T.);
#6520 = ORIENTED_EDGE('',*,*,#6368,.T.);
#6521 = ORIENTED_EDGE('',*,*,#6415,.T.);
#6522 = FACE_BOUND('',#6523,.F.);
#6523 = EDGE_LOOP('',(#6524));
#6524 = ORIENTED_EDGE('',*,*,#6492,.F.);
#6525 = ADVANCED_FACE('',(#6526,#6534),#6024,.T.);
#6526 = FACE_BOUND('',#6527,.T.);
#6527 = EDGE_LOOP('',(#6528,#6529,#6530,#6531,#6532,#6533));
#6528 = ORIENTED_EDGE('',*,*,#6008,.T.);
#6529 = ORIENTED_EDGE('',*,*,#6094,.T.);
#6530 = ORIENTED_EDGE('',*,*,#6170,.T.);
#6531 = ORIENTED_EDGE('',*,*,#6246,.T.);
#6532 = ORIENTED_EDGE('',*,*,#6322,.T.);
#6533 = ORIENTED_EDGE('',*,*,#6393,.T.);
#6534 = FACE_BOUND('',#6535,.T.);
#6535 = EDGE_LOOP('',(#6536));
#6536 = ORIENTED_EDGE('',*,*,#6469,.F.);
#6537 = ( GEOMETRIC_REPRESENTATION_CONTEXT(3) 
GLOBAL_UNCERTAINTY_ASSIGNED_CONTEXT((#6541)) 
GLOBAL_UNIT_ASSIGNED_CONTEXT((#6538,#6539,#6540)) REPRESENTATION_CONTEXT
('Context #1','3D Context with UNIT and UNCERTAINTY') );
#6538 = ( LENGTH_UNIT() NAMED_UNIT(*) SI_UNIT(.MILLI.,.METRE.) );
#6539 = ( NAMED_UNIT(*) PLANE_ANGLE_UNIT() SI_UNIT($,.RADIAN.) );
#6540 = ( NAMED_UNIT(*) SI_UNIT($,.STERADIAN.) SOLID_ANGLE_UNIT() );
#6541 = UNCERTAINTY_MEASURE_WITH_UNIT(LENGTH_MEASURE(1.E-07),#6538,
  'distance_accuracy_value','confusion accuracy');
#6542 = CONTEXT_DEPENDENT_SHAPE_REPRESENTATION(#6543,#6545);
#6543 = ( REPRESENTATION_RELATIONSHIP('','',#5966,#10) 
REPRESENTATION_RELATIONSHIP_WITH_TRANSFORMATION(#6544) 
SHAPE_REPRESENTATION_RELATIONSHIP() );
#6544 = ITEM_DEFINED_TRANSFORMATION('','',#11,#63);
#6545 = PRODUCT_DEFINITION_SHAPE('Placement','Placement of an item',
  #6546);
#6546 = NEXT_ASSEMBLY_USAGE_OCCURRENCE('13','M12_nominal_nut_35_-114',''
  ,#5,#5961,$);
#6547 = PRODUCT_RELATED_PRODUCT_CATEGORY('part',$,(#5963));
#6548 = SHAPE_DEFINITION_REPRESENTATION(#6549,#6555);
#6549 = PRODUCT_DEFINITION_SHAPE('','',#6550);
#6550 = PRODUCT_DEFINITION('design','',#6551,#6554);
#6551 = PRODUCT_DEFINITION_FORMATION('','',#6552);
#6552 = PRODUCT('M12_nominal_clamp_bolt_35_114',
  'M12_nominal_clamp_bolt_35_114','',(#6553));
#6553 = PRODUCT_CONTEXT('',#2,'mechanical');
#6554 = PRODUCT_DEFINITION_CONTEXT('part definition',#2,'design');
#6555 = ADVANCED_BREP_SHAPE_REPRESENTATION('',(#11,#6556),#7132);
#6556 = MANIFOLD_SOLID_BREP('',#6557);
#6557 = CLOSED_SHELL('',(#6558,#6678,#6754,#6830,#6908,#7012,#7039,#7066
    ,#7073,#7128));
#6558 = ADVANCED_FACE('',(#6559),#6573,.F.);
#6559 = FACE_BOUND('',#6560,.F.);
#6560 = EDGE_LOOP('',(#6561,#6596,#6624,#6652));
#6561 = ORIENTED_EDGE('',*,*,#6562,.T.);
#6562 = EDGE_CURVE('',#6563,#6565,#6567,.T.);
#6563 = VERTEX_POINT('',#6564);
#6564 = CARTESIAN_POINT('',(35.,390.5,124.39230484541));
#6565 = VERTEX_POINT('',#6566);
#6566 = CARTESIAN_POINT('',(35.,398.,124.39230484541));
#6567 = SURFACE_CURVE('',#6568,(#6572,#6584),.PCURVE_S1.);
#6568 = LINE('',#6569,#6570);
#6569 = CARTESIAN_POINT('',(35.,390.5,124.39230484541));
#6570 = VECTOR('',#6571,1.);
#6571 = DIRECTION('',(0.,1.,0.));
#6572 = PCURVE('',#6573,#6578);
#6573 = PLANE('',#6574);
#6574 = AXIS2_PLACEMENT_3D('',#6575,#6576,#6577);
#6575 = CARTESIAN_POINT('',(35.,390.5,124.39230484541));
#6576 = DIRECTION('',(-0.5,0.,-0.866025403784));
#6577 = DIRECTION('',(0.866025403784,0.,-0.5));
#6578 = DEFINITIONAL_REPRESENTATION('',(#6579),#6583);
#6579 = LINE('',#6580,#6581);
#6580 = CARTESIAN_POINT('',(0.,0.));
#6581 = VECTOR('',#6582,1.);
#6582 = DIRECTION('',(0.,-1.));
#6583 = ( GEOMETRIC_REPRESENTATION_CONTEXT(2) 
PARAMETRIC_REPRESENTATION_CONTEXT() REPRESENTATION_CONTEXT('2D SPACE',''
  ) );
#6584 = PCURVE('',#6585,#6590);
#6585 = PLANE('',#6586);
#6586 = AXIS2_PLACEMENT_3D('',#6587,#6588,#6589);
#6587 = CARTESIAN_POINT('',(26.,390.5,119.1961524227));
#6588 = DIRECTION('',(0.5,0.,-0.866025403784));
#6589 = DIRECTION('',(0.866025403784,0.,0.5));
#6590 = DEFINITIONAL_REPRESENTATION('',(#6591),#6595);
#6591 = LINE('',#6592,#6593);
#6592 = CARTESIAN_POINT('',(10.392304845413,0.));
#6593 = VECTOR('',#6594,1.);
#6594 = DIRECTION('',(0.,-1.));
#6595 = ( GEOMETRIC_REPRESENTATION_CONTEXT(2) 
PARAMETRIC_REPRESENTATION_CONTEXT() REPRESENTATION_CONTEXT('2D SPACE',''
  ) );
#6596 = ORIENTED_EDGE('',*,*,#6597,.T.);
#6597 = EDGE_CURVE('',#6565,#6598,#6600,.T.);
#6598 = VERTEX_POINT('',#6599);
#6599 = CARTESIAN_POINT('',(44.,398.,119.1961524227));
#6600 = SURFACE_CURVE('',#6601,(#6605,#6612),.PCURVE_S1.);
#6601 = LINE('',#6602,#6603);
#6602 = CARTESIAN_POINT('',(35.,398.,124.39230484541));
#6603 = VECTOR('',#6604,1.);
#6604 = DIRECTION('',(0.866025403784,0.,-0.5));
#6605 = PCURVE('',#6573,#6606);
#6606 = DEFINITIONAL_REPRESENTATION('',(#6607),#6611);
#6607 = LINE('',#6608,#6609);
#6608 = CARTESIAN_POINT('',(0.,-7.5));
#6609 = VECTOR('',#6610,1.);
#6610 = DIRECTION('',(1.,0.));
#6611 = ( GEOMETRIC_REPRESENTATION_CONTEXT(2) 
PARAMETRIC_REPRESENTATION_CONTEXT() REPRESENTATION_CONTEXT('2D SPACE',''
  ) );
#6612 = PCURVE('',#6613,#6618);
#6613 = PLANE('',#6614);
#6614 = AXIS2_PLACEMENT_3D('',#6615,#6616,#6617);
#6615 = CARTESIAN_POINT('',(35.,398.,114.));
#6616 = DIRECTION('',(0.,1.,0.));
#6617 = DIRECTION('',(0.,-0.,1.));
#6618 = DEFINITIONAL_REPRESENTATION('',(#6619),#6623);
#6619 = LINE('',#6620,#6621);
#6620 = CARTESIAN_POINT('',(10.392304845413,7.105427357601E-15));
#6621 = VECTOR('',#6622,1.);
#6622 = DIRECTION('',(-0.5,0.866025403784));
#6623 = ( GEOMETRIC_REPRESENTATION_CONTEXT(2) 
PARAMETRIC_REPRESENTATION_CONTEXT() REPRESENTATION_CONTEXT('2D SPACE',''
  ) );
#6624 = ORIENTED_EDGE('',*,*,#6625,.F.);
#6625 = EDGE_CURVE('',#6626,#6598,#6628,.T.);
#6626 = VERTEX_POINT('',#6627);
#6627 = CARTESIAN_POINT('',(44.,390.5,119.1961524227));
#6628 = SURFACE_CURVE('',#6629,(#6633,#6640),.PCURVE_S1.);
#6629 = LINE('',#6630,#6631);
#6630 = CARTESIAN_POINT('',(44.,390.5,119.1961524227));
#6631 = VECTOR('',#6632,1.);
#6632 = DIRECTION('',(0.,1.,0.));
#6633 = PCURVE('',#6573,#6634);
#6634 = DEFINITIONAL_REPRESENTATION('',(#6635),#6639);
#6635 = LINE('',#6636,#6637);
#6636 = CARTESIAN_POINT('',(10.392304845413,0.));
#6637 = VECTOR('',#6638,1.);
#6638 = DIRECTION('',(0.,-1.));
#6639 = ( GEOMETRIC_REPRESENTATION_CONTEXT(2) 
PARAMETRIC_REPRESENTATION_CONTEXT() REPRESENTATION_CONTEXT('2D SPACE',''
  ) );
#6640 = PCURVE('',#6641,#6646);
#6641 = PLANE('',#6642);
#6642 = AXIS2_PLACEMENT_3D('',#6643,#6644,#6645);
#6643 = CARTESIAN_POINT('',(44.,390.5,119.1961524227));
#6644 = DIRECTION('',(-1.,0.,-1.709300165674E-16));
#6645 = DIRECTION('',(1.709300165674E-16,0.,-1.));
#6646 = DEFINITIONAL_REPRESENTATION('',(#6647),#6651);
#6647 = LINE('',#6648,#6649);
#6648 = CARTESIAN_POINT('',(0.,0.));
#6649 = VECTOR('',#6650,1.);
#6650 = DIRECTION('',(0.,-1.));
#6651 = ( GEOMETRIC_REPRESENTATION_CONTEXT(2) 
PARAMETRIC_REPRESENTATION_CONTEXT() REPRESENTATION_CONTEXT('2D SPACE',''
  ) );
#6652 = ORIENTED_EDGE('',*,*,#6653,.F.);
#6653 = EDGE_CURVE('',#6563,#6626,#6654,.T.);
#6654 = SURFACE_CURVE('',#6655,(#6659,#6666),.PCURVE_S1.);
#6655 = LINE('',#6656,#6657);
#6656 = CARTESIAN_POINT('',(35.,390.5,124.39230484541));
#6657 = VECTOR('',#6658,1.);
#6658 = DIRECTION('',(0.866025403784,0.,-0.5));
#6659 = PCURVE('',#6573,#6660);
#6660 = DEFINITIONAL_REPRESENTATION('',(#6661),#6665);
#6661 = LINE('',#6662,#6663);
#6662 = CARTESIAN_POINT('',(0.,0.));
#6663 = VECTOR('',#6664,1.);
#6664 = DIRECTION('',(1.,0.));
#6665 = ( GEOMETRIC_REPRESENTATION_CONTEXT(2) 
PARAMETRIC_REPRESENTATION_CONTEXT() REPRESENTATION_CONTEXT('2D SPACE',''
  ) );
#6666 = PCURVE('',#6667,#6672);
#6667 = PLANE('',#6668);
#6668 = AXIS2_PLACEMENT_3D('',#6669,#6670,#6671);
#6669 = CARTESIAN_POINT('',(35.,390.5,114.));
#6670 = DIRECTION('',(0.,1.,0.));
#6671 = DIRECTION('',(0.,-0.,1.));
#6672 = DEFINITIONAL_REPRESENTATION('',(#6673),#6677);
#6673 = LINE('',#6674,#6675);
#6674 = CARTESIAN_POINT('',(10.392304845413,7.105427357601E-15));
#6675 = VECTOR('',#6676,1.);
#6676 = DIRECTION('',(-0.5,0.866025403784));
#6677 = ( GEOMETRIC_REPRESENTATION_CONTEXT(2) 
PARAMETRIC_REPRESENTATION_CONTEXT() REPRESENTATION_CONTEXT('2D SPACE',''
  ) );
#6678 = ADVANCED_FACE('',(#6679),#6585,.F.);
#6679 = FACE_BOUND('',#6680,.F.);
#6680 = EDGE_LOOP('',(#6681,#6711,#6732,#6733));
#6681 = ORIENTED_EDGE('',*,*,#6682,.T.);
#6682 = EDGE_CURVE('',#6683,#6685,#6687,.T.);
#6683 = VERTEX_POINT('',#6684);
#6684 = CARTESIAN_POINT('',(26.,390.5,119.1961524227));
#6685 = VERTEX_POINT('',#6686);
#6686 = CARTESIAN_POINT('',(26.,398.,119.1961524227));
#6687 = SURFACE_CURVE('',#6688,(#6692,#6699),.PCURVE_S1.);
#6688 = LINE('',#6689,#6690);
#6689 = CARTESIAN_POINT('',(26.,390.5,119.1961524227));
#6690 = VECTOR('',#6691,1.);
#6691 = DIRECTION('',(0.,1.,0.));
#6692 = PCURVE('',#6585,#6693);
#6693 = DEFINITIONAL_REPRESENTATION('',(#6694),#6698);
#6694 = LINE('',#6695,#6696);
#6695 = CARTESIAN_POINT('',(0.,0.));
#6696 = VECTOR('',#6697,1.);
#6697 = DIRECTION('',(0.,-1.));
#6698 = ( GEOMETRIC_REPRESENTATION_CONTEXT(2) 
PARAMETRIC_REPRESENTATION_CONTEXT() REPRESENTATION_CONTEXT('2D SPACE',''
  ) );
#6699 = PCURVE('',#6700,#6705);
#6700 = PLANE('',#6701);
#6701 = AXIS2_PLACEMENT_3D('',#6702,#6703,#6704);
#6702 = CARTESIAN_POINT('',(26.,390.5,108.80384757729));
#6703 = DIRECTION('',(1.,-0.,6.837200662697E-16));
#6704 = DIRECTION('',(-6.837200662697E-16,0.,1.));
#6705 = DEFINITIONAL_REPRESENTATION('',(#6706),#6710);
#6706 = LINE('',#6707,#6708);
#6707 = CARTESIAN_POINT('',(10.392304845413,0.));
#6708 = VECTOR('',#6709,1.);
#6709 = DIRECTION('',(0.,-1.));
#6710 = ( GEOMETRIC_REPRESENTATION_CONTEXT(2) 
PARAMETRIC_REPRESENTATION_CONTEXT() REPRESENTATION_CONTEXT('2D SPACE',''
  ) );
#6711 = ORIENTED_EDGE('',*,*,#6712,.T.);
#6712 = EDGE_CURVE('',#6685,#6565,#6713,.T.);
#6713 = SURFACE_CURVE('',#6714,(#6718,#6725),.PCURVE_S1.);
#6714 = LINE('',#6715,#6716);
#6715 = CARTESIAN_POINT('',(26.,398.,119.1961524227));
#6716 = VECTOR('',#6717,1.);
#6717 = DIRECTION('',(0.866025403784,0.,0.5));
#6718 = PCURVE('',#6585,#6719);
#6719 = DEFINITIONAL_REPRESENTATION('',(#6720),#6724);
#6720 = LINE('',#6721,#6722);
#6721 = CARTESIAN_POINT('',(0.,-7.5));
#6722 = VECTOR('',#6723,1.);
#6723 = DIRECTION('',(1.,0.));
#6724 = ( GEOMETRIC_REPRESENTATION_CONTEXT(2) 
PARAMETRIC_REPRESENTATION_CONTEXT() REPRESENTATION_CONTEXT('2D SPACE',''
  ) );
#6725 = PCURVE('',#6613,#6726);
#6726 = DEFINITIONAL_REPRESENTATION('',(#6727),#6731);
#6727 = LINE('',#6728,#6729);
#6728 = CARTESIAN_POINT('',(5.196152422707,-9.));
#6729 = VECTOR('',#6730,1.);
#6730 = DIRECTION('',(0.5,0.866025403784));
#6731 = ( GEOMETRIC_REPRESENTATION_CONTEXT(2) 
PARAMETRIC_REPRESENTATION_CONTEXT() REPRESENTATION_CONTEXT('2D SPACE',''
  ) );
#6732 = ORIENTED_EDGE('',*,*,#6562,.F.);
#6733 = ORIENTED_EDGE('',*,*,#6734,.F.);
#6734 = EDGE_CURVE('',#6683,#6563,#6735,.T.);
#6735 = SURFACE_CURVE('',#6736,(#6740,#6747),.PCURVE_S1.);
#6736 = LINE('',#6737,#6738);
#6737 = CARTESIAN_POINT('',(26.,390.5,119.1961524227));
#6738 = VECTOR('',#6739,1.);
#6739 = DIRECTION('',(0.866025403784,0.,0.5));
#6740 = PCURVE('',#6585,#6741);
#6741 = DEFINITIONAL_REPRESENTATION('',(#6742),#6746);
#6742 = LINE('',#6743,#6744);
#6743 = CARTESIAN_POINT('',(0.,0.));
#6744 = VECTOR('',#6745,1.);
#6745 = DIRECTION('',(1.,0.));
#6746 = ( GEOMETRIC_REPRESENTATION_CONTEXT(2) 
PARAMETRIC_REPRESENTATION_CONTEXT() REPRESENTATION_CONTEXT('2D SPACE',''
  ) );
#6747 = PCURVE('',#6667,#6748);
#6748 = DEFINITIONAL_REPRESENTATION('',(#6749),#6753);
#6749 = LINE('',#6750,#6751);
#6750 = CARTESIAN_POINT('',(5.196152422707,-9.));
#6751 = VECTOR('',#6752,1.);
#6752 = DIRECTION('',(0.5,0.866025403784));
#6753 = ( GEOMETRIC_REPRESENTATION_CONTEXT(2) 
PARAMETRIC_REPRESENTATION_CONTEXT() REPRESENTATION_CONTEXT('2D SPACE',''
  ) );
#6754 = ADVANCED_FACE('',(#6755),#6641,.F.);
#6755 = FACE_BOUND('',#6756,.F.);
#6756 = EDGE_LOOP('',(#6757,#6758,#6781,#6809));
#6757 = ORIENTED_EDGE('',*,*,#6625,.T.);
#6758 = ORIENTED_EDGE('',*,*,#6759,.T.);
#6759 = EDGE_CURVE('',#6598,#6760,#6762,.T.);
#6760 = VERTEX_POINT('',#6761);
#6761 = CARTESIAN_POINT('',(44.,398.,108.80384757729));
#6762 = SURFACE_CURVE('',#6763,(#6767,#6774),.PCURVE_S1.);
#6763 = LINE('',#6764,#6765);
#6764 = CARTESIAN_POINT('',(44.,398.,119.1961524227));
#6765 = VECTOR('',#6766,1.);
#6766 = DIRECTION('',(1.709300165674E-16,0.,-1.));
#6767 = PCURVE('',#6641,#6768);
#6768 = DEFINITIONAL_REPRESENTATION('',(#6769),#6773);
#6769 = LINE('',#6770,#6771);
#6770 = CARTESIAN_POINT('',(0.,-7.5));
#6771 = VECTOR('',#6772,1.);
#6772 = DIRECTION('',(1.,0.));
#6773 = ( GEOMETRIC_REPRESENTATION_CONTEXT(2) 
PARAMETRIC_REPRESENTATION_CONTEXT() REPRESENTATION_CONTEXT('2D SPACE',''
  ) );
#6774 = PCURVE('',#6613,#6775);
#6775 = DEFINITIONAL_REPRESENTATION('',(#6776),#6780);
#6776 = LINE('',#6777,#6778);
#6777 = CARTESIAN_POINT('',(5.196152422707,9.));
#6778 = VECTOR('',#6779,1.);
#6779 = DIRECTION('',(-1.,1.709300165674E-16));
#6780 = ( GEOMETRIC_REPRESENTATION_CONTEXT(2) 
PARAMETRIC_REPRESENTATION_CONTEXT() REPRESENTATION_CONTEXT('2D SPACE',''
  ) );
#6781 = ORIENTED_EDGE('',*,*,#6782,.F.);
#6782 = EDGE_CURVE('',#6783,#6760,#6785,.T.);
#6783 = VERTEX_POINT('',#6784);
#6784 = CARTESIAN_POINT('',(44.,390.5,108.80384757729));
#6785 = SURFACE_CURVE('',#6786,(#6790,#6797),.PCURVE_S1.);
#6786 = LINE('',#6787,#6788);
#6787 = CARTESIAN_POINT('',(44.,390.5,108.80384757729));
#6788 = VECTOR('',#6789,1.);
#6789 = DIRECTION('',(0.,1.,0.));
#6790 = PCURVE('',#6641,#6791);
#6791 = DEFINITIONAL_REPRESENTATION('',(#6792),#6796);
#6792 = LINE('',#6793,#6794);
#6793 = CARTESIAN_POINT('',(10.392304845413,0.));
#6794 = VECTOR('',#6795,1.);
#6795 = DIRECTION('',(0.,-1.));
#6796 = ( GEOMETRIC_REPRESENTATION_CONTEXT(2) 
PARAMETRIC_REPRESENTATION_CONTEXT() REPRESENTATION_CONTEXT('2D SPACE',''
  ) );
#6797 = PCURVE('',#6798,#6803);
#6798 = PLANE('',#6799);
#6799 = AXIS2_PLACEMENT_3D('',#6800,#6801,#6802);
#6800 = CARTESIAN_POINT('',(44.,390.5,108.80384757729));
#6801 = DIRECTION('',(-0.5,0.,0.866025403784));
#6802 = DIRECTION('',(-0.866025403784,0.,-0.5));
#6803 = DEFINITIONAL_REPRESENTATION('',(#6804),#6808);
#6804 = LINE('',#6805,#6806);
#6805 = CARTESIAN_POINT('',(0.,0.));
#6806 = VECTOR('',#6807,1.);
#6807 = DIRECTION('',(0.,-1.));
#6808 = ( GEOMETRIC_REPRESENTATION_CONTEXT(2) 
PARAMETRIC_REPRESENTATION_CONTEXT() REPRESENTATION_CONTEXT('2D SPACE',''
  ) );
#6809 = ORIENTED_EDGE('',*,*,#6810,.F.);
#6810 = EDGE_CURVE('',#6626,#6783,#6811,.T.);
#6811 = SURFACE_CURVE('',#6812,(#6816,#6823),.PCURVE_S1.);
#6812 = LINE('',#6813,#6814);
#6813 = CARTESIAN_POINT('',(44.,390.5,119.1961524227));
#6814 = VECTOR('',#6815,1.);
#6815 = DIRECTION('',(1.709300165674E-16,0.,-1.));
#6816 = PCURVE('',#6641,#6817);
#6817 = DEFINITIONAL_REPRESENTATION('',(#6818),#6822);
#6818 = LINE('',#6819,#6820);
#6819 = CARTESIAN_POINT('',(0.,0.));
#6820 = VECTOR('',#6821,1.);
#6821 = DIRECTION('',(1.,0.));
#6822 = ( GEOMETRIC_REPRESENTATION_CONTEXT(2) 
PARAMETRIC_REPRESENTATION_CONTEXT() REPRESENTATION_CONTEXT('2D SPACE',''
  ) );
#6823 = PCURVE('',#6667,#6824);
#6824 = DEFINITIONAL_REPRESENTATION('',(#6825),#6829);
#6825 = LINE('',#6826,#6827);
#6826 = CARTESIAN_POINT('',(5.196152422707,9.));
#6827 = VECTOR('',#6828,1.);
#6828 = DIRECTION('',(-1.,1.709300165674E-16));
#6829 = ( GEOMETRIC_REPRESENTATION_CONTEXT(2) 
PARAMETRIC_REPRESENTATION_CONTEXT() REPRESENTATION_CONTEXT('2D SPACE',''
  ) );
#6830 = ADVANCED_FACE('',(#6831),#6667,.F.);
#6831 = FACE_BOUND('',#6832,.F.);
#6832 = EDGE_LOOP('',(#6833,#6834,#6835,#6858,#6886,#6907));
#6833 = ORIENTED_EDGE('',*,*,#6653,.T.);
#6834 = ORIENTED_EDGE('',*,*,#6810,.T.);
#6835 = ORIENTED_EDGE('',*,*,#6836,.T.);
#6836 = EDGE_CURVE('',#6783,#6837,#6839,.T.);
#6837 = VERTEX_POINT('',#6838);
#6838 = CARTESIAN_POINT('',(35.,390.5,103.60769515458));
#6839 = SURFACE_CURVE('',#6840,(#6844,#6851),.PCURVE_S1.);
#6840 = LINE('',#6841,#6842);
#6841 = CARTESIAN_POINT('',(44.,390.5,108.80384757729));
#6842 = VECTOR('',#6843,1.);
#6843 = DIRECTION('',(-0.866025403784,0.,-0.5));
#6844 = PCURVE('',#6667,#6845);
#6845 = DEFINITIONAL_REPRESENTATION('',(#6846),#6850);
#6846 = LINE('',#6847,#6848);
#6847 = CARTESIAN_POINT('',(-5.196152422707,9.));
#6848 = VECTOR('',#6849,1.);
#6849 = DIRECTION('',(-0.5,-0.866025403784));
#6850 = ( GEOMETRIC_REPRESENTATION_CONTEXT(2) 
PARAMETRIC_REPRESENTATION_CONTEXT() REPRESENTATION_CONTEXT('2D SPACE',''
  ) );
#6851 = PCURVE('',#6798,#6852);
#6852 = DEFINITIONAL_REPRESENTATION('',(#6853),#6857);
#6853 = LINE('',#6854,#6855);
#6854 = CARTESIAN_POINT('',(0.,0.));
#6855 = VECTOR('',#6856,1.);
#6856 = DIRECTION('',(1.,0.));
#6857 = ( GEOMETRIC_REPRESENTATION_CONTEXT(2) 
PARAMETRIC_REPRESENTATION_CONTEXT() REPRESENTATION_CONTEXT('2D SPACE',''
  ) );
#6858 = ORIENTED_EDGE('',*,*,#6859,.T.);
#6859 = EDGE_CURVE('',#6837,#6860,#6862,.T.);
#6860 = VERTEX_POINT('',#6861);
#6861 = CARTESIAN_POINT('',(26.,390.5,108.80384757729));
#6862 = SURFACE_CURVE('',#6863,(#6867,#6874),.PCURVE_S1.);
#6863 = LINE('',#6864,#6865);
#6864 = CARTESIAN_POINT('',(35.,390.5,103.60769515458));
#6865 = VECTOR('',#6866,1.);
#6866 = DIRECTION('',(-0.866025403784,0.,0.5));
#6867 = PCURVE('',#6667,#6868);
#6868 = DEFINITIONAL_REPRESENTATION('',(#6869),#6873);
#6869 = LINE('',#6870,#6871);
#6870 = CARTESIAN_POINT('',(-10.39230484541,7.105427357601E-15));
#6871 = VECTOR('',#6872,1.);
#6872 = DIRECTION('',(0.5,-0.866025403784));
#6873 = ( GEOMETRIC_REPRESENTATION_CONTEXT(2) 
PARAMETRIC_REPRESENTATION_CONTEXT() REPRESENTATION_CONTEXT('2D SPACE',''
  ) );
#6874 = PCURVE('',#6875,#6880);
#6875 = PLANE('',#6876);
#6876 = AXIS2_PLACEMENT_3D('',#6877,#6878,#6879);
#6877 = CARTESIAN_POINT('',(35.,390.5,103.60769515458));
#6878 = DIRECTION('',(0.5,-0.,0.866025403784));
#6879 = DIRECTION('',(-0.866025403784,0.,0.5));
#6880 = DEFINITIONAL_REPRESENTATION('',(#6881),#6885);
#6881 = LINE('',#6882,#6883);
#6882 = CARTESIAN_POINT('',(0.,0.));
#6883 = VECTOR('',#6884,1.);
#6884 = DIRECTION('',(1.,0.));
#6885 = ( GEOMETRIC_REPRESENTATION_CONTEXT(2) 
PARAMETRIC_REPRESENTATION_CONTEXT() REPRESENTATION_CONTEXT('2D SPACE',''
  ) );
#6886 = ORIENTED_EDGE('',*,*,#6887,.T.);
#6887 = EDGE_CURVE('',#6860,#6683,#6888,.T.);
#6888 = SURFACE_CURVE('',#6889,(#6893,#6900),.PCURVE_S1.);
#6889 = LINE('',#6890,#6891);
#6890 = CARTESIAN_POINT('',(26.,390.5,108.80384757729));
#6891 = VECTOR('',#6892,1.);
#6892 = DIRECTION('',(-6.837200662697E-16,0.,1.));
#6893 = PCURVE('',#6667,#6894);
#6894 = DEFINITIONAL_REPRESENTATION('',(#6895),#6899);
#6895 = LINE('',#6896,#6897);
#6896 = CARTESIAN_POINT('',(-5.196152422707,-9.));
#6897 = VECTOR('',#6898,1.);
#6898 = DIRECTION('',(1.,-6.837200662697E-16));
#6899 = ( GEOMETRIC_REPRESENTATION_CONTEXT(2) 
PARAMETRIC_REPRESENTATION_CONTEXT() REPRESENTATION_CONTEXT('2D SPACE',''
  ) );
#6900 = PCURVE('',#6700,#6901);
#6901 = DEFINITIONAL_REPRESENTATION('',(#6902),#6906);
#6902 = LINE('',#6903,#6904);
#6903 = CARTESIAN_POINT('',(0.,0.));
#6904 = VECTOR('',#6905,1.);
#6905 = DIRECTION('',(1.,0.));
#6906 = ( GEOMETRIC_REPRESENTATION_CONTEXT(2) 
PARAMETRIC_REPRESENTATION_CONTEXT() REPRESENTATION_CONTEXT('2D SPACE',''
  ) );
#6907 = ORIENTED_EDGE('',*,*,#6734,.T.);
#6908 = ADVANCED_FACE('',(#6909,#6981),#6613,.T.);
#6909 = FACE_BOUND('',#6910,.T.);
#6910 = EDGE_LOOP('',(#6911,#6912,#6913,#6936,#6959,#6980));
#6911 = ORIENTED_EDGE('',*,*,#6597,.T.);
#6912 = ORIENTED_EDGE('',*,*,#6759,.T.);
#6913 = ORIENTED_EDGE('',*,*,#6914,.T.);
#6914 = EDGE_CURVE('',#6760,#6915,#6917,.T.);
#6915 = VERTEX_POINT('',#6916);
#6916 = CARTESIAN_POINT('',(35.,398.,103.60769515458));
#6917 = SURFACE_CURVE('',#6918,(#6922,#6929),.PCURVE_S1.);
#6918 = LINE('',#6919,#6920);
#6919 = CARTESIAN_POINT('',(44.,398.,108.80384757729));
#6920 = VECTOR('',#6921,1.);
#6921 = DIRECTION('',(-0.866025403784,0.,-0.5));
#6922 = PCURVE('',#6613,#6923);
#6923 = DEFINITIONAL_REPRESENTATION('',(#6924),#6928);
#6924 = LINE('',#6925,#6926);
#6925 = CARTESIAN_POINT('',(-5.196152422707,9.));
#6926 = VECTOR('',#6927,1.);
#6927 = DIRECTION('',(-0.5,-0.866025403784));
#6928 = ( GEOMETRIC_REPRESENTATION_CONTEXT(2) 
PARAMETRIC_REPRESENTATION_CONTEXT() REPRESENTATION_CONTEXT('2D SPACE',''
  ) );
#6929 = PCURVE('',#6798,#6930);
#6930 = DEFINITIONAL_REPRESENTATION('',(#6931),#6935);
#6931 = LINE('',#6932,#6933);
#6932 = CARTESIAN_POINT('',(0.,-7.5));
#6933 = VECTOR('',#6934,1.);
#6934 = DIRECTION('',(1.,0.));
#6935 = ( GEOMETRIC_REPRESENTATION_CONTEXT(2) 
PARAMETRIC_REPRESENTATION_CONTEXT() REPRESENTATION_CONTEXT('2D SPACE',''
  ) );
#6936 = ORIENTED_EDGE('',*,*,#6937,.T.);
#6937 = EDGE_CURVE('',#6915,#6938,#6940,.T.);
#6938 = VERTEX_POINT('',#6939);
#6939 = CARTESIAN_POINT('',(26.,398.,108.80384757729));
#6940 = SURFACE_CURVE('',#6941,(#6945,#6952),.PCURVE_S1.);
#6941 = LINE('',#6942,#6943);
#6942 = CARTESIAN_POINT('',(35.,398.,103.60769515458));
#6943 = VECTOR('',#6944,1.);
#6944 = DIRECTION('',(-0.866025403784,0.,0.5));
#6945 = PCURVE('',#6613,#6946);
#6946 = DEFINITIONAL_REPRESENTATION('',(#6947),#6951);
#6947 = LINE('',#6948,#6949);
#6948 = CARTESIAN_POINT('',(-10.39230484541,7.105427357601E-15));
#6949 = VECTOR('',#6950,1.);
#6950 = DIRECTION('',(0.5,-0.866025403784));
#6951 = ( GEOMETRIC_REPRESENTATION_CONTEXT(2) 
PARAMETRIC_REPRESENTATION_CONTEXT() REPRESENTATION_CONTEXT('2D SPACE',''
  ) );
#6952 = PCURVE('',#6875,#6953);
#6953 = DEFINITIONAL_REPRESENTATION('',(#6954),#6958);
#6954 = LINE('',#6955,#6956);
#6955 = CARTESIAN_POINT('',(0.,-7.5));
#6956 = VECTOR('',#6957,1.);
#6957 = DIRECTION('',(1.,0.));
#6958 = ( GEOMETRIC_REPRESENTATION_CONTEXT(2) 
PARAMETRIC_REPRESENTATION_CONTEXT() REPRESENTATION_CONTEXT('2D SPACE',''
  ) );
#6959 = ORIENTED_EDGE('',*,*,#6960,.T.);
#6960 = EDGE_CURVE('',#6938,#6685,#6961,.T.);
#6961 = SURFACE_CURVE('',#6962,(#6966,#6973),.PCURVE_S1.);
#6962 = LINE('',#6963,#6964);
#6963 = CARTESIAN_POINT('',(26.,398.,108.80384757729));
#6964 = VECTOR('',#6965,1.);
#6965 = DIRECTION('',(-6.837200662697E-16,0.,1.));
#6966 = PCURVE('',#6613,#6967);
#6967 = DEFINITIONAL_REPRESENTATION('',(#6968),#6972);
#6968 = LINE('',#6969,#6970);
#6969 = CARTESIAN_POINT('',(-5.196152422707,-9.));
#6970 = VECTOR('',#6971,1.);
#6971 = DIRECTION('',(1.,-6.837200662697E-16));
#6972 = ( GEOMETRIC_REPRESENTATION_CONTEXT(2) 
PARAMETRIC_REPRESENTATION_CONTEXT() REPRESENTATION_CONTEXT('2D SPACE',''
  ) );
#6973 = PCURVE('',#6700,#6974);
#6974 = DEFINITIONAL_REPRESENTATION('',(#6975),#6979);
#6975 = LINE('',#6976,#6977);
#6976 = CARTESIAN_POINT('',(0.,-7.5));
#6977 = VECTOR('',#6978,1.);
#6978 = DIRECTION('',(1.,0.));
#6979 = ( GEOMETRIC_REPRESENTATION_CONTEXT(2) 
PARAMETRIC_REPRESENTATION_CONTEXT() REPRESENTATION_CONTEXT('2D SPACE',''
  ) );
#6980 = ORIENTED_EDGE('',*,*,#6712,.T.);
#6981 = FACE_BOUND('',#6982,.T.);
#6982 = EDGE_LOOP('',(#6983));
#6983 = ORIENTED_EDGE('',*,*,#6984,.F.);
#6984 = EDGE_CURVE('',#6985,#6985,#6987,.T.);
#6985 = VERTEX_POINT('',#6986);
#6986 = CARTESIAN_POINT('',(35.,398.,120.));
#6987 = SURFACE_CURVE('',#6988,(#6993,#7000),.PCURVE_S1.);
#6988 = CIRCLE('',#6989,6.);
#6989 = AXIS2_PLACEMENT_3D('',#6990,#6991,#6992);
#6990 = CARTESIAN_POINT('',(35.,398.,114.));
#6991 = DIRECTION('',(0.,1.,0.));
#6992 = DIRECTION('',(0.,0.,1.));
#6993 = PCURVE('',#6613,#6994);
#6994 = DEFINITIONAL_REPRESENTATION('',(#6995),#6999);
#6995 = CIRCLE('',#6996,6.);
#6996 = AXIS2_PLACEMENT_2D('',#6997,#6998);
#6997 = CARTESIAN_POINT('',(1.42108547152E-14,7.105427357601E-15));
#6998 = DIRECTION('',(1.,0.));
#6999 = ( GEOMETRIC_REPRESENTATION_CONTEXT(2) 
PARAMETRIC_REPRESENTATION_CONTEXT() REPRESENTATION_CONTEXT('2D SPACE',''
  ) );
#7000 = PCURVE('',#7001,#7006);
#7001 = CYLINDRICAL_SURFACE('',#7002,6.);
#7002 = AXIS2_PLACEMENT_3D('',#7003,#7004,#7005);
#7003 = CARTESIAN_POINT('',(35.,398.,114.));
#7004 = DIRECTION('',(-0.,-1.,-0.));
#7005 = DIRECTION('',(0.,0.,1.));
#7006 = DEFINITIONAL_REPRESENTATION('',(#7007),#7011);
#7007 = LINE('',#7008,#7009);
#7008 = CARTESIAN_POINT('',(-0.,0.));
#7009 = VECTOR('',#7010,1.);
#7010 = DIRECTION('',(-1.,0.));
#7011 = ( GEOMETRIC_REPRESENTATION_CONTEXT(2) 
PARAMETRIC_REPRESENTATION_CONTEXT() REPRESENTATION_CONTEXT('2D SPACE',''
  ) );
#7012 = ADVANCED_FACE('',(#7013),#6700,.F.);
#7013 = FACE_BOUND('',#7014,.F.);
#7014 = EDGE_LOOP('',(#7015,#7036,#7037,#7038));
#7015 = ORIENTED_EDGE('',*,*,#7016,.T.);
#7016 = EDGE_CURVE('',#6860,#6938,#7017,.T.);
#7017 = SURFACE_CURVE('',#7018,(#7022,#7029),.PCURVE_S1.);
#7018 = LINE('',#7019,#7020);
#7019 = CARTESIAN_POINT('',(26.,390.5,108.80384757729));
#7020 = VECTOR('',#7021,1.);
#7021 = DIRECTION('',(0.,1.,0.));
#7022 = PCURVE('',#6700,#7023);
#7023 = DEFINITIONAL_REPRESENTATION('',(#7024),#7028);
#7024 = LINE('',#7025,#7026);
#7025 = CARTESIAN_POINT('',(0.,0.));
#7026 = VECTOR('',#7027,1.);
#7027 = DIRECTION('',(0.,-1.));
#7028 = ( GEOMETRIC_REPRESENTATION_CONTEXT(2) 
PARAMETRIC_REPRESENTATION_CONTEXT() REPRESENTATION_CONTEXT('2D SPACE',''
  ) );
#7029 = PCURVE('',#6875,#7030);
#7030 = DEFINITIONAL_REPRESENTATION('',(#7031),#7035);
#7031 = LINE('',#7032,#7033);
#7032 = CARTESIAN_POINT('',(10.392304845413,0.));
#7033 = VECTOR('',#7034,1.);
#7034 = DIRECTION('',(0.,-1.));
#7035 = ( GEOMETRIC_REPRESENTATION_CONTEXT(2) 
PARAMETRIC_REPRESENTATION_CONTEXT() REPRESENTATION_CONTEXT('2D SPACE',''
  ) );
#7036 = ORIENTED_EDGE('',*,*,#6960,.T.);
#7037 = ORIENTED_EDGE('',*,*,#6682,.F.);
#7038 = ORIENTED_EDGE('',*,*,#6887,.F.);
#7039 = ADVANCED_FACE('',(#7040),#6798,.F.);
#7040 = FACE_BOUND('',#7041,.F.);
#7041 = EDGE_LOOP('',(#7042,#7043,#7044,#7065));
#7042 = ORIENTED_EDGE('',*,*,#6782,.T.);
#7043 = ORIENTED_EDGE('',*,*,#6914,.T.);
#7044 = ORIENTED_EDGE('',*,*,#7045,.F.);
#7045 = EDGE_CURVE('',#6837,#6915,#7046,.T.);
#7046 = SURFACE_CURVE('',#7047,(#7051,#7058),.PCURVE_S1.);
#7047 = LINE('',#7048,#7049);
#7048 = CARTESIAN_POINT('',(35.,390.5,103.60769515458));
#7049 = VECTOR('',#7050,1.);
#7050 = DIRECTION('',(0.,1.,0.));
#7051 = PCURVE('',#6798,#7052);
#7052 = DEFINITIONAL_REPRESENTATION('',(#7053),#7057);
#7053 = LINE('',#7054,#7055);
#7054 = CARTESIAN_POINT('',(10.392304845413,0.));
#7055 = VECTOR('',#7056,1.);
#7056 = DIRECTION('',(0.,-1.));
#7057 = ( GEOMETRIC_REPRESENTATION_CONTEXT(2) 
PARAMETRIC_REPRESENTATION_CONTEXT() REPRESENTATION_CONTEXT('2D SPACE',''
  ) );
#7058 = PCURVE('',#6875,#7059);
#7059 = DEFINITIONAL_REPRESENTATION('',(#7060),#7064);
#7060 = LINE('',#7061,#7062);
#7061 = CARTESIAN_POINT('',(0.,0.));
#7062 = VECTOR('',#7063,1.);
#7063 = DIRECTION('',(0.,-1.));
#7064 = ( GEOMETRIC_REPRESENTATION_CONTEXT(2) 
PARAMETRIC_REPRESENTATION_CONTEXT() REPRESENTATION_CONTEXT('2D SPACE',''
  ) );
#7065 = ORIENTED_EDGE('',*,*,#6836,.F.);
#7066 = ADVANCED_FACE('',(#7067),#6875,.F.);
#7067 = FACE_BOUND('',#7068,.F.);
#7068 = EDGE_LOOP('',(#7069,#7070,#7071,#7072));
#7069 = ORIENTED_EDGE('',*,*,#7045,.T.);
#7070 = ORIENTED_EDGE('',*,*,#6937,.T.);
#7071 = ORIENTED_EDGE('',*,*,#7016,.F.);
#7072 = ORIENTED_EDGE('',*,*,#6859,.F.);
#7073 = ADVANCED_FACE('',(#7074),#7001,.T.);
#7074 = FACE_BOUND('',#7075,.F.);
#7075 = EDGE_LOOP('',(#7076,#7099,#7126,#7127));
#7076 = ORIENTED_EDGE('',*,*,#7077,.T.);
#7077 = EDGE_CURVE('',#6985,#7078,#7080,.T.);
#7078 = VERTEX_POINT('',#7079);
#7079 = CARTESIAN_POINT('',(35.,538.,120.));
#7080 = SEAM_CURVE('',#7081,(#7085,#7092),.PCURVE_S1.);
#7081 = LINE('',#7082,#7083);
#7082 = CARTESIAN_POINT('',(35.,398.,120.));
#7083 = VECTOR('',#7084,1.);
#7084 = DIRECTION('',(0.,1.,0.));
#7085 = PCURVE('',#7001,#7086);
#7086 = DEFINITIONAL_REPRESENTATION('',(#7087),#7091);
#7087 = LINE('',#7088,#7089);
#7088 = CARTESIAN_POINT('',(-0.,0.));
#7089 = VECTOR('',#7090,1.);
#7090 = DIRECTION('',(-0.,-1.));
#7091 = ( GEOMETRIC_REPRESENTATION_CONTEXT(2) 
PARAMETRIC_REPRESENTATION_CONTEXT() REPRESENTATION_CONTEXT('2D SPACE',''
  ) );
#7092 = PCURVE('',#7001,#7093);
#7093 = DEFINITIONAL_REPRESENTATION('',(#7094),#7098);
#7094 = LINE('',#7095,#7096);
#7095 = CARTESIAN_POINT('',(-6.28318530718,0.));
#7096 = VECTOR('',#7097,1.);
#7097 = DIRECTION('',(-0.,-1.));
#7098 = ( GEOMETRIC_REPRESENTATION_CONTEXT(2) 
PARAMETRIC_REPRESENTATION_CONTEXT() REPRESENTATION_CONTEXT('2D SPACE',''
  ) );
#7099 = ORIENTED_EDGE('',*,*,#7100,.T.);
#7100 = EDGE_CURVE('',#7078,#7078,#7101,.T.);
#7101 = SURFACE_CURVE('',#7102,(#7107,#7114),.PCURVE_S1.);
#7102 = CIRCLE('',#7103,6.);
#7103 = AXIS2_PLACEMENT_3D('',#7104,#7105,#7106);
#7104 = CARTESIAN_POINT('',(35.,538.,114.));
#7105 = DIRECTION('',(0.,1.,0.));
#7106 = DIRECTION('',(0.,0.,1.));
#7107 = PCURVE('',#7001,#7108);
#7108 = DEFINITIONAL_REPRESENTATION('',(#7109),#7113);
#7109 = LINE('',#7110,#7111);
#7110 = CARTESIAN_POINT('',(-0.,-140.));
#7111 = VECTOR('',#7112,1.);
#7112 = DIRECTION('',(-1.,0.));
#7113 = ( GEOMETRIC_REPRESENTATION_CONTEXT(2) 
PARAMETRIC_REPRESENTATION_CONTEXT() REPRESENTATION_CONTEXT('2D SPACE',''
  ) );
#7114 = PCURVE('',#7115,#7120);
#7115 = PLANE('',#7116);
#7116 = AXIS2_PLACEMENT_3D('',#7117,#7118,#7119);
#7117 = CARTESIAN_POINT('',(35.,538.,114.));
#7118 = DIRECTION('',(0.,1.,0.));
#7119 = DIRECTION('',(0.,-0.,1.));
#7120 = DEFINITIONAL_REPRESENTATION('',(#7121),#7125);
#7121 = CIRCLE('',#7122,6.);
#7122 = AXIS2_PLACEMENT_2D('',#7123,#7124);
#7123 = CARTESIAN_POINT('',(0.,0.));
#7124 = DIRECTION('',(1.,0.));
#7125 = ( GEOMETRIC_REPRESENTATION_CONTEXT(2) 
PARAMETRIC_REPRESENTATION_CONTEXT() REPRESENTATION_CONTEXT('2D SPACE',''
  ) );
#7126 = ORIENTED_EDGE('',*,*,#7077,.F.);
#7127 = ORIENTED_EDGE('',*,*,#6984,.F.);
#7128 = ADVANCED_FACE('',(#7129),#7115,.T.);
#7129 = FACE_BOUND('',#7130,.T.);
#7130 = EDGE_LOOP('',(#7131));
#7131 = ORIENTED_EDGE('',*,*,#7100,.T.);
#7132 = ( GEOMETRIC_REPRESENTATION_CONTEXT(3) 
GLOBAL_UNCERTAINTY_ASSIGNED_CONTEXT((#7136)) 
GLOBAL_UNIT_ASSIGNED_CONTEXT((#7133,#7134,#7135)) REPRESENTATION_CONTEXT
('Context #1','3D Context with UNIT and UNCERTAINTY') );
#7133 = ( LENGTH_UNIT() NAMED_UNIT(*) SI_UNIT(.MILLI.,.METRE.) );
#7134 = ( NAMED_UNIT(*) PLANE_ANGLE_UNIT() SI_UNIT($,.RADIAN.) );
#7135 = ( NAMED_UNIT(*) SI_UNIT($,.STERADIAN.) SOLID_ANGLE_UNIT() );
#7136 = UNCERTAINTY_MEASURE_WITH_UNIT(LENGTH_MEASURE(1.E-07),#7133,
  'distance_accuracy_value','confusion accuracy');
#7137 = CONTEXT_DEPENDENT_SHAPE_REPRESENTATION(#7138,#7140);
#7138 = ( REPRESENTATION_RELATIONSHIP('','',#6555,#10) 
REPRESENTATION_RELATIONSHIP_WITH_TRANSFORMATION(#7139) 
SHAPE_REPRESENTATION_RELATIONSHIP() );
#7139 = ITEM_DEFINED_TRANSFORMATION('','',#11,#67);
#7140 = PRODUCT_DEFINITION_SHAPE('Placement','Placement of an item',
  #7141);
#7141 = NEXT_ASSEMBLY_USAGE_OCCURRENCE('14',
  'M12_nominal_clamp_bolt_35_114','',#5,#6550,$);
#7142 = PRODUCT_RELATED_PRODUCT_CATEGORY('part',$,(#6552));
#7143 = SHAPE_DEFINITION_REPRESENTATION(#7144,#7150);
#7144 = PRODUCT_DEFINITION_SHAPE('','',#7145);
#7145 = PRODUCT_DEFINITION('design','',#7146,#7149);
#7146 = PRODUCT_DEFINITION_FORMATION('','',#7147);
#7147 = PRODUCT('M12_nominal_washer_35_114','M12_nominal_washer_35_114',
  '',(#7148));
#7148 = PRODUCT_CONTEXT('',#2,'mechanical');
#7149 = PRODUCT_DEFINITION_CONTEXT('part definition',#2,'design');
#7150 = ADVANCED_BREP_SHAPE_REPRESENTATION('',(#11,#7151),#7333);
#7151 = MANIFOLD_SOLID_BREP('',#7152);
#7152 = CLOSED_SHELL('',(#7153,#7241,#7319,#7326));
#7153 = ADVANCED_FACE('',(#7154),#7168,.T.);
#7154 = FACE_BOUND('',#7155,.F.);
#7155 = EDGE_LOOP('',(#7156,#7186,#7213,#7214));
#7156 = ORIENTED_EDGE('',*,*,#7157,.T.);
#7157 = EDGE_CURVE('',#7158,#7160,#7162,.T.);
#7158 = VERTEX_POINT('',#7159);
#7159 = CARTESIAN_POINT('',(35.,522.,126.));
#7160 = VERTEX_POINT('',#7161);
#7161 = CARTESIAN_POINT('',(35.,524.,126.));
#7162 = SEAM_CURVE('',#7163,(#7167,#7179),.PCURVE_S1.);
#7163 = LINE('',#7164,#7165);
#7164 = CARTESIAN_POINT('',(35.,522.,126.));
#7165 = VECTOR('',#7166,1.);
#7166 = DIRECTION('',(0.,1.,0.));
#7167 = PCURVE('',#7168,#7173);
#7168 = CYLINDRICAL_SURFACE('',#7169,12.);
#7169 = AXIS2_PLACEMENT_3D('',#7170,#7171,#7172);
#7170 = CARTESIAN_POINT('',(35.,522.,114.));
#7171 = DIRECTION('',(-0.,-1.,-0.));
#7172 = DIRECTION('',(0.,0.,1.));
#7173 = DEFINITIONAL_REPRESENTATION('',(#7174),#7178);
#7174 = LINE('',#7175,#7176);
#7175 = CARTESIAN_POINT('',(-0.,0.));
#7176 = VECTOR('',#7177,1.);
#7177 = DIRECTION('',(-0.,-1.));
#7178 = ( GEOMETRIC_REPRESENTATION_CONTEXT(2) 
PARAMETRIC_REPRESENTATION_CONTEXT() REPRESENTATION_CONTEXT('2D SPACE',''
  ) );
#7179 = PCURVE('',#7168,#7180);
#7180 = DEFINITIONAL_REPRESENTATION('',(#7181),#7185);
#7181 = LINE('',#7182,#7183);
#7182 = CARTESIAN_POINT('',(-6.28318530718,0.));
#7183 = VECTOR('',#7184,1.);
#7184 = DIRECTION('',(-0.,-1.));
#7185 = ( GEOMETRIC_REPRESENTATION_CONTEXT(2) 
PARAMETRIC_REPRESENTATION_CONTEXT() REPRESENTATION_CONTEXT('2D SPACE',''
  ) );
#7186 = ORIENTED_EDGE('',*,*,#7187,.T.);
#7187 = EDGE_CURVE('',#7160,#7160,#7188,.T.);
#7188 = SURFACE_CURVE('',#7189,(#7194,#7201),.PCURVE_S1.);
#7189 = CIRCLE('',#7190,12.);
#7190 = AXIS2_PLACEMENT_3D('',#7191,#7192,#7193);
#7191 = CARTESIAN_POINT('',(35.,524.,114.));
#7192 = DIRECTION('',(0.,1.,0.));
#7193 = DIRECTION('',(0.,0.,1.));
#7194 = PCURVE('',#7168,#7195);
#7195 = DEFINITIONAL_REPRESENTATION('',(#7196),#7200);
#7196 = LINE('',#7197,#7198);
#7197 = CARTESIAN_POINT('',(-0.,-2.));
#7198 = VECTOR('',#7199,1.);
#7199 = DIRECTION('',(-1.,0.));
#7200 = ( GEOMETRIC_REPRESENTATION_CONTEXT(2) 
PARAMETRIC_REPRESENTATION_CONTEXT() REPRESENTATION_CONTEXT('2D SPACE',''
  ) );
#7201 = PCURVE('',#7202,#7207);
#7202 = PLANE('',#7203);
#7203 = AXIS2_PLACEMENT_3D('',#7204,#7205,#7206);
#7204 = CARTESIAN_POINT('',(35.,524.,114.));
#7205 = DIRECTION('',(0.,1.,0.));
#7206 = DIRECTION('',(0.,-0.,1.));
#7207 = DEFINITIONAL_REPRESENTATION('',(#7208),#7212);
#7208 = CIRCLE('',#7209,12.);
#7209 = AXIS2_PLACEMENT_2D('',#7210,#7211);
#7210 = CARTESIAN_POINT('',(1.42108547152E-14,0.));
#7211 = DIRECTION('',(1.,0.));
#7212 = ( GEOMETRIC_REPRESENTATION_CONTEXT(2) 
PARAMETRIC_REPRESENTATION_CONTEXT() REPRESENTATION_CONTEXT('2D SPACE',''
  ) );
#7213 = ORIENTED_EDGE('',*,*,#7157,.F.);
#7214 = ORIENTED_EDGE('',*,*,#7215,.F.);
#7215 = EDGE_CURVE('',#7158,#7158,#7216,.T.);
#7216 = SURFACE_CURVE('',#7217,(#7222,#7229),.PCURVE_S1.);
#7217 = CIRCLE('',#7218,12.);
#7218 = AXIS2_PLACEMENT_3D('',#7219,#7220,#7221);
#7219 = CARTESIAN_POINT('',(35.,522.,114.));
#7220 = DIRECTION('',(0.,1.,0.));
#7221 = DIRECTION('',(0.,0.,1.));
#7222 = PCURVE('',#7168,#7223);
#7223 = DEFINITIONAL_REPRESENTATION('',(#7224),#7228);
#7224 = LINE('',#7225,#7226);
#7225 = CARTESIAN_POINT('',(-0.,0.));
#7226 = VECTOR('',#7227,1.);
#7227 = DIRECTION('',(-1.,0.));
#7228 = ( GEOMETRIC_REPRESENTATION_CONTEXT(2) 
PARAMETRIC_REPRESENTATION_CONTEXT() REPRESENTATION_CONTEXT('2D SPACE',''
  ) );
#7229 = PCURVE('',#7230,#7235);
#7230 = PLANE('',#7231);
#7231 = AXIS2_PLACEMENT_3D('',#7232,#7233,#7234);
#7232 = CARTESIAN_POINT('',(35.,522.,114.));
#7233 = DIRECTION('',(0.,1.,0.));
#7234 = DIRECTION('',(0.,-0.,1.));
#7235 = DEFINITIONAL_REPRESENTATION('',(#7236),#7240);
#7236 = CIRCLE('',#7237,12.);
#7237 = AXIS2_PLACEMENT_2D('',#7238,#7239);
#7238 = CARTESIAN_POINT('',(1.42108547152E-14,0.));
#7239 = DIRECTION('',(1.,0.));
#7240 = ( GEOMETRIC_REPRESENTATION_CONTEXT(2) 
PARAMETRIC_REPRESENTATION_CONTEXT() REPRESENTATION_CONTEXT('2D SPACE',''
  ) );
#7241 = ADVANCED_FACE('',(#7242),#7256,.F.);
#7242 = FACE_BOUND('',#7243,.T.);
#7243 = EDGE_LOOP('',(#7244,#7274,#7296,#7297));
#7244 = ORIENTED_EDGE('',*,*,#7245,.T.);
#7245 = EDGE_CURVE('',#7246,#7248,#7250,.T.);
#7246 = VERTEX_POINT('',#7247);
#7247 = CARTESIAN_POINT('',(35.,522.,120.5));
#7248 = VERTEX_POINT('',#7249);
#7249 = CARTESIAN_POINT('',(35.,524.,120.5));
#7250 = SEAM_CURVE('',#7251,(#7255,#7267),.PCURVE_S1.);
#7251 = LINE('',#7252,#7253);
#7252 = CARTESIAN_POINT('',(35.,522.,120.5));
#7253 = VECTOR('',#7254,1.);
#7254 = DIRECTION('',(0.,1.,0.));
#7255 = PCURVE('',#7256,#7261);
#7256 = CYLINDRICAL_SURFACE('',#7257,6.5);
#7257 = AXIS2_PLACEMENT_3D('',#7258,#7259,#7260);
#7258 = CARTESIAN_POINT('',(35.,522.,114.));
#7259 = DIRECTION('',(-0.,-1.,-0.));
#7260 = DIRECTION('',(0.,0.,1.));
#7261 = DEFINITIONAL_REPRESENTATION('',(#7262),#7266);
#7262 = LINE('',#7263,#7264);
#7263 = CARTESIAN_POINT('',(-0.,0.));
#7264 = VECTOR('',#7265,1.);
#7265 = DIRECTION('',(-0.,-1.));
#7266 = ( GEOMETRIC_REPRESENTATION_CONTEXT(2) 
PARAMETRIC_REPRESENTATION_CONTEXT() REPRESENTATION_CONTEXT('2D SPACE',''
  ) );
#7267 = PCURVE('',#7256,#7268);
#7268 = DEFINITIONAL_REPRESENTATION('',(#7269),#7273);
#7269 = LINE('',#7270,#7271);
#7270 = CARTESIAN_POINT('',(-6.28318530718,0.));
#7271 = VECTOR('',#7272,1.);
#7272 = DIRECTION('',(-0.,-1.));
#7273 = ( GEOMETRIC_REPRESENTATION_CONTEXT(2) 
PARAMETRIC_REPRESENTATION_CONTEXT() REPRESENTATION_CONTEXT('2D SPACE',''
  ) );
#7274 = ORIENTED_EDGE('',*,*,#7275,.T.);
#7275 = EDGE_CURVE('',#7248,#7248,#7276,.T.);
#7276 = SURFACE_CURVE('',#7277,(#7282,#7289),.PCURVE_S1.);
#7277 = CIRCLE('',#7278,6.5);
#7278 = AXIS2_PLACEMENT_3D('',#7279,#7280,#7281);
#7279 = CARTESIAN_POINT('',(35.,524.,114.));
#7280 = DIRECTION('',(0.,1.,0.));
#7281 = DIRECTION('',(0.,0.,1.));
#7282 = PCURVE('',#7256,#7283);
#7283 = DEFINITIONAL_REPRESENTATION('',(#7284),#7288);
#7284 = LINE('',#7285,#7286);
#7285 = CARTESIAN_POINT('',(-0.,-2.));
#7286 = VECTOR('',#7287,1.);
#7287 = DIRECTION('',(-1.,0.));
#7288 = ( GEOMETRIC_REPRESENTATION_CONTEXT(2) 
PARAMETRIC_REPRESENTATION_CONTEXT() REPRESENTATION_CONTEXT('2D SPACE',''
  ) );
#7289 = PCURVE('',#7202,#7290);
#7290 = DEFINITIONAL_REPRESENTATION('',(#7291),#7295);
#7291 = CIRCLE('',#7292,6.5);
#7292 = AXIS2_PLACEMENT_2D('',#7293,#7294);
#7293 = CARTESIAN_POINT('',(7.105427357601E-14,0.));
#7294 = DIRECTION('',(1.,0.));
#7295 = ( GEOMETRIC_REPRESENTATION_CONTEXT(2) 
PARAMETRIC_REPRESENTATION_CONTEXT() REPRESENTATION_CONTEXT('2D SPACE',''
  ) );
#7296 = ORIENTED_EDGE('',*,*,#7245,.F.);
#7297 = ORIENTED_EDGE('',*,*,#7298,.F.);
#7298 = EDGE_CURVE('',#7246,#7246,#7299,.T.);
#7299 = SURFACE_CURVE('',#7300,(#7305,#7312),.PCURVE_S1.);
#7300 = CIRCLE('',#7301,6.5);
#7301 = AXIS2_PLACEMENT_3D('',#7302,#7303,#7304);
#7302 = CARTESIAN_POINT('',(35.,522.,114.));
#7303 = DIRECTION('',(0.,1.,0.));
#7304 = DIRECTION('',(0.,0.,1.));
#7305 = PCURVE('',#7256,#7306);
#7306 = DEFINITIONAL_REPRESENTATION('',(#7307),#7311);
#7307 = LINE('',#7308,#7309);
#7308 = CARTESIAN_POINT('',(-0.,0.));
#7309 = VECTOR('',#7310,1.);
#7310 = DIRECTION('',(-1.,0.));
#7311 = ( GEOMETRIC_REPRESENTATION_CONTEXT(2) 
PARAMETRIC_REPRESENTATION_CONTEXT() REPRESENTATION_CONTEXT('2D SPACE',''
  ) );
#7312 = PCURVE('',#7230,#7313);
#7313 = DEFINITIONAL_REPRESENTATION('',(#7314),#7318);
#7314 = CIRCLE('',#7315,6.5);
#7315 = AXIS2_PLACEMENT_2D('',#7316,#7317);
#7316 = CARTESIAN_POINT('',(7.105427357601E-14,0.));
#7317 = DIRECTION('',(1.,0.));
#7318 = ( GEOMETRIC_REPRESENTATION_CONTEXT(2) 
PARAMETRIC_REPRESENTATION_CONTEXT() REPRESENTATION_CONTEXT('2D SPACE',''
  ) );
#7319 = ADVANCED_FACE('',(#7320,#7323),#7230,.F.);
#7320 = FACE_BOUND('',#7321,.F.);
#7321 = EDGE_LOOP('',(#7322));
#7322 = ORIENTED_EDGE('',*,*,#7215,.T.);
#7323 = FACE_BOUND('',#7324,.F.);
#7324 = EDGE_LOOP('',(#7325));
#7325 = ORIENTED_EDGE('',*,*,#7298,.F.);
#7326 = ADVANCED_FACE('',(#7327,#7330),#7202,.T.);
#7327 = FACE_BOUND('',#7328,.T.);
#7328 = EDGE_LOOP('',(#7329));
#7329 = ORIENTED_EDGE('',*,*,#7187,.T.);
#7330 = FACE_BOUND('',#7331,.T.);
#7331 = EDGE_LOOP('',(#7332));
#7332 = ORIENTED_EDGE('',*,*,#7275,.F.);
#7333 = ( GEOMETRIC_REPRESENTATION_CONTEXT(3) 
GLOBAL_UNCERTAINTY_ASSIGNED_CONTEXT((#7337)) 
GLOBAL_UNIT_ASSIGNED_CONTEXT((#7334,#7335,#7336)) REPRESENTATION_CONTEXT
('Context #1','3D Context with UNIT and UNCERTAINTY') );
#7334 = ( LENGTH_UNIT() NAMED_UNIT(*) SI_UNIT(.MILLI.,.METRE.) );
#7335 = ( NAMED_UNIT(*) PLANE_ANGLE_UNIT() SI_UNIT($,.RADIAN.) );
#7336 = ( NAMED_UNIT(*) SI_UNIT($,.STERADIAN.) SOLID_ANGLE_UNIT() );
#7337 = UNCERTAINTY_MEASURE_WITH_UNIT(LENGTH_MEASURE(1.E-07),#7334,
  'distance_accuracy_value','confusion accuracy');
#7338 = CONTEXT_DEPENDENT_SHAPE_REPRESENTATION(#7339,#7341);
#7339 = ( REPRESENTATION_RELATIONSHIP('','',#7150,#10) 
REPRESENTATION_RELATIONSHIP_WITH_TRANSFORMATION(#7340) 
SHAPE_REPRESENTATION_RELATIONSHIP() );
#7340 = ITEM_DEFINED_TRANSFORMATION('','',#11,#71);
#7341 = PRODUCT_DEFINITION_SHAPE('Placement','Placement of an item',
  #7342);
#7342 = NEXT_ASSEMBLY_USAGE_OCCURRENCE('15','M12_nominal_washer_35_114',
  '',#5,#7145,$);
#7343 = PRODUCT_RELATED_PRODUCT_CATEGORY('part',$,(#7147));
#7344 = SHAPE_DEFINITION_REPRESENTATION(#7345,#7351);
#7345 = PRODUCT_DEFINITION_SHAPE('','',#7346);
#7346 = PRODUCT_DEFINITION('design','',#7347,#7350);
#7347 = PRODUCT_DEFINITION_FORMATION('','',#7348);
#7348 = PRODUCT('M12_nominal_nut_35_114','M12_nominal_nut_35_114','',(
    #7349));
#7349 = PRODUCT_CONTEXT('',#2,'mechanical');
#7350 = PRODUCT_DEFINITION_CONTEXT('part definition',#2,'design');
#7351 = ADVANCED_BREP_SHAPE_REPRESENTATION('',(#11,#7352),#7922);
#7352 = MANIFOLD_SOLID_BREP('',#7353);
#7353 = CLOSED_SHELL('',(#7354,#7474,#7550,#7626,#7702,#7773,#7820,#7898
    ,#7910));
#7354 = ADVANCED_FACE('',(#7355),#7369,.F.);
#7355 = FACE_BOUND('',#7356,.F.);
#7356 = EDGE_LOOP('',(#7357,#7392,#7420,#7448));
#7357 = ORIENTED_EDGE('',*,*,#7358,.T.);
#7358 = EDGE_CURVE('',#7359,#7361,#7363,.T.);
#7359 = VERTEX_POINT('',#7360);
#7360 = CARTESIAN_POINT('',(35.,524.,124.39230484541));
#7361 = VERTEX_POINT('',#7362);
#7362 = CARTESIAN_POINT('',(35.,534.,124.39230484541));
#7363 = SURFACE_CURVE('',#7364,(#7368,#7380),.PCURVE_S1.);
#7364 = LINE('',#7365,#7366);
#7365 = CARTESIAN_POINT('',(35.,524.,124.39230484541));
#7366 = VECTOR('',#7367,1.);
#7367 = DIRECTION('',(0.,1.,0.));
#7368 = PCURVE('',#7369,#7374);
#7369 = PLANE('',#7370);
#7370 = AXIS2_PLACEMENT_3D('',#7371,#7372,#7373);
#7371 = CARTESIAN_POINT('',(35.,524.,124.39230484541));
#7372 = DIRECTION('',(-0.5,0.,-0.866025403784));
#7373 = DIRECTION('',(0.866025403784,0.,-0.5));
#7374 = DEFINITIONAL_REPRESENTATION('',(#7375),#7379);
#7375 = LINE('',#7376,#7377);
#7376 = CARTESIAN_POINT('',(0.,0.));
#7377 = VECTOR('',#7378,1.);
#7378 = DIRECTION('',(0.,-1.));
#7379 = ( GEOMETRIC_REPRESENTATION_CONTEXT(2) 
PARAMETRIC_REPRESENTATION_CONTEXT() REPRESENTATION_CONTEXT('2D SPACE',''
  ) );
#7380 = PCURVE('',#7381,#7386);
#7381 = PLANE('',#7382);
#7382 = AXIS2_PLACEMENT_3D('',#7383,#7384,#7385);
#7383 = CARTESIAN_POINT('',(26.,524.,119.1961524227));
#7384 = DIRECTION('',(0.5,0.,-0.866025403784));
#7385 = DIRECTION('',(0.866025403784,0.,0.5));
#7386 = DEFINITIONAL_REPRESENTATION('',(#7387),#7391);
#7387 = LINE('',#7388,#7389);
#7388 = CARTESIAN_POINT('',(10.392304845413,0.));
#7389 = VECTOR('',#7390,1.);
#7390 = DIRECTION('',(0.,-1.));
#7391 = ( GEOMETRIC_REPRESENTATION_CONTEXT(2) 
PARAMETRIC_REPRESENTATION_CONTEXT() REPRESENTATION_CONTEXT('2D SPACE',''
  ) );
#7392 = ORIENTED_EDGE('',*,*,#7393,.T.);
#7393 = EDGE_CURVE('',#7361,#7394,#7396,.T.);
#7394 = VERTEX_POINT('',#7395);
#7395 = CARTESIAN_POINT('',(44.,534.,119.1961524227));
#7396 = SURFACE_CURVE('',#7397,(#7401,#7408),.PCURVE_S1.);
#7397 = LINE('',#7398,#7399);
#7398 = CARTESIAN_POINT('',(35.,534.,124.39230484541));
#7399 = VECTOR('',#7400,1.);
#7400 = DIRECTION('',(0.866025403784,0.,-0.5));
#7401 = PCURVE('',#7369,#7402);
#7402 = DEFINITIONAL_REPRESENTATION('',(#7403),#7407);
#7403 = LINE('',#7404,#7405);
#7404 = CARTESIAN_POINT('',(0.,-10.));
#7405 = VECTOR('',#7406,1.);
#7406 = DIRECTION('',(1.,0.));
#7407 = ( GEOMETRIC_REPRESENTATION_CONTEXT(2) 
PARAMETRIC_REPRESENTATION_CONTEXT() REPRESENTATION_CONTEXT('2D SPACE',''
  ) );
#7408 = PCURVE('',#7409,#7414);
#7409 = PLANE('',#7410);
#7410 = AXIS2_PLACEMENT_3D('',#7411,#7412,#7413);
#7411 = CARTESIAN_POINT('',(35.,534.,114.));
#7412 = DIRECTION('',(0.,1.,0.));
#7413 = DIRECTION('',(0.,-0.,1.));
#7414 = DEFINITIONAL_REPRESENTATION('',(#7415),#7419);
#7415 = LINE('',#7416,#7417);
#7416 = CARTESIAN_POINT('',(10.392304845413,7.105427357601E-15));
#7417 = VECTOR('',#7418,1.);
#7418 = DIRECTION('',(-0.5,0.866025403784));
#7419 = ( GEOMETRIC_REPRESENTATION_CONTEXT(2) 
PARAMETRIC_REPRESENTATION_CONTEXT() REPRESENTATION_CONTEXT('2D SPACE',''
  ) );
#7420 = ORIENTED_EDGE('',*,*,#7421,.F.);
#7421 = EDGE_CURVE('',#7422,#7394,#7424,.T.);
#7422 = VERTEX_POINT('',#7423);
#7423 = CARTESIAN_POINT('',(44.,524.,119.1961524227));
#7424 = SURFACE_CURVE('',#7425,(#7429,#7436),.PCURVE_S1.);
#7425 = LINE('',#7426,#7427);
#7426 = CARTESIAN_POINT('',(44.,524.,119.1961524227));
#7427 = VECTOR('',#7428,1.);
#7428 = DIRECTION('',(0.,1.,0.));
#7429 = PCURVE('',#7369,#7430);
#7430 = DEFINITIONAL_REPRESENTATION('',(#7431),#7435);
#7431 = LINE('',#7432,#7433);
#7432 = CARTESIAN_POINT('',(10.392304845413,0.));
#7433 = VECTOR('',#7434,1.);
#7434 = DIRECTION('',(0.,-1.));
#7435 = ( GEOMETRIC_REPRESENTATION_CONTEXT(2) 
PARAMETRIC_REPRESENTATION_CONTEXT() REPRESENTATION_CONTEXT('2D SPACE',''
  ) );
#7436 = PCURVE('',#7437,#7442);
#7437 = PLANE('',#7438);
#7438 = AXIS2_PLACEMENT_3D('',#7439,#7440,#7441);
#7439 = CARTESIAN_POINT('',(44.,524.,119.1961524227));
#7440 = DIRECTION('',(-1.,0.,-1.709300165674E-16));
#7441 = DIRECTION('',(1.709300165674E-16,0.,-1.));
#7442 = DEFINITIONAL_REPRESENTATION('',(#7443),#7447);
#7443 = LINE('',#7444,#7445);
#7444 = CARTESIAN_POINT('',(0.,0.));
#7445 = VECTOR('',#7446,1.);
#7446 = DIRECTION('',(0.,-1.));
#7447 = ( GEOMETRIC_REPRESENTATION_CONTEXT(2) 
PARAMETRIC_REPRESENTATION_CONTEXT() REPRESENTATION_CONTEXT('2D SPACE',''
  ) );
#7448 = ORIENTED_EDGE('',*,*,#7449,.F.);
#7449 = EDGE_CURVE('',#7359,#7422,#7450,.T.);
#7450 = SURFACE_CURVE('',#7451,(#7455,#7462),.PCURVE_S1.);
#7451 = LINE('',#7452,#7453);
#7452 = CARTESIAN_POINT('',(35.,524.,124.39230484541));
#7453 = VECTOR('',#7454,1.);
#7454 = DIRECTION('',(0.866025403784,0.,-0.5));
#7455 = PCURVE('',#7369,#7456);
#7456 = DEFINITIONAL_REPRESENTATION('',(#7457),#7461);
#7457 = LINE('',#7458,#7459);
#7458 = CARTESIAN_POINT('',(0.,0.));
#7459 = VECTOR('',#7460,1.);
#7460 = DIRECTION('',(1.,0.));
#7461 = ( GEOMETRIC_REPRESENTATION_CONTEXT(2) 
PARAMETRIC_REPRESENTATION_CONTEXT() REPRESENTATION_CONTEXT('2D SPACE',''
  ) );
#7462 = PCURVE('',#7463,#7468);
#7463 = PLANE('',#7464);
#7464 = AXIS2_PLACEMENT_3D('',#7465,#7466,#7467);
#7465 = CARTESIAN_POINT('',(35.,524.,114.));
#7466 = DIRECTION('',(0.,1.,0.));
#7467 = DIRECTION('',(0.,-0.,1.));
#7468 = DEFINITIONAL_REPRESENTATION('',(#7469),#7473);
#7469 = LINE('',#7470,#7471);
#7470 = CARTESIAN_POINT('',(10.392304845413,7.105427357601E-15));
#7471 = VECTOR('',#7472,1.);
#7472 = DIRECTION('',(-0.5,0.866025403784));
#7473 = ( GEOMETRIC_REPRESENTATION_CONTEXT(2) 
PARAMETRIC_REPRESENTATION_CONTEXT() REPRESENTATION_CONTEXT('2D SPACE',''
  ) );
#7474 = ADVANCED_FACE('',(#7475),#7437,.F.);
#7475 = FACE_BOUND('',#7476,.F.);
#7476 = EDGE_LOOP('',(#7477,#7478,#7501,#7529));
#7477 = ORIENTED_EDGE('',*,*,#7421,.T.);
#7478 = ORIENTED_EDGE('',*,*,#7479,.T.);
#7479 = EDGE_CURVE('',#7394,#7480,#7482,.T.);
#7480 = VERTEX_POINT('',#7481);
#7481 = CARTESIAN_POINT('',(44.,534.,108.80384757729));
#7482 = SURFACE_CURVE('',#7483,(#7487,#7494),.PCURVE_S1.);
#7483 = LINE('',#7484,#7485);
#7484 = CARTESIAN_POINT('',(44.,534.,119.1961524227));
#7485 = VECTOR('',#7486,1.);
#7486 = DIRECTION('',(1.709300165674E-16,0.,-1.));
#7487 = PCURVE('',#7437,#7488);
#7488 = DEFINITIONAL_REPRESENTATION('',(#7489),#7493);
#7489 = LINE('',#7490,#7491);
#7490 = CARTESIAN_POINT('',(0.,-10.));
#7491 = VECTOR('',#7492,1.);
#7492 = DIRECTION('',(1.,0.));
#7493 = ( GEOMETRIC_REPRESENTATION_CONTEXT(2) 
PARAMETRIC_REPRESENTATION_CONTEXT() REPRESENTATION_CONTEXT('2D SPACE',''
  ) );
#7494 = PCURVE('',#7409,#7495);
#7495 = DEFINITIONAL_REPRESENTATION('',(#7496),#7500);
#7496 = LINE('',#7497,#7498);
#7497 = CARTESIAN_POINT('',(5.196152422707,9.));
#7498 = VECTOR('',#7499,1.);
#7499 = DIRECTION('',(-1.,1.709300165674E-16));
#7500 = ( GEOMETRIC_REPRESENTATION_CONTEXT(2) 
PARAMETRIC_REPRESENTATION_CONTEXT() REPRESENTATION_CONTEXT('2D SPACE',''
  ) );
#7501 = ORIENTED_EDGE('',*,*,#7502,.F.);
#7502 = EDGE_CURVE('',#7503,#7480,#7505,.T.);
#7503 = VERTEX_POINT('',#7504);
#7504 = CARTESIAN_POINT('',(44.,524.,108.80384757729));
#7505 = SURFACE_CURVE('',#7506,(#7510,#7517),.PCURVE_S1.);
#7506 = LINE('',#7507,#7508);
#7507 = CARTESIAN_POINT('',(44.,524.,108.80384757729));
#7508 = VECTOR('',#7509,1.);
#7509 = DIRECTION('',(0.,1.,0.));
#7510 = PCURVE('',#7437,#7511);
#7511 = DEFINITIONAL_REPRESENTATION('',(#7512),#7516);
#7512 = LINE('',#7513,#7514);
#7513 = CARTESIAN_POINT('',(10.392304845413,0.));
#7514 = VECTOR('',#7515,1.);
#7515 = DIRECTION('',(0.,-1.));
#7516 = ( GEOMETRIC_REPRESENTATION_CONTEXT(2) 
PARAMETRIC_REPRESENTATION_CONTEXT() REPRESENTATION_CONTEXT('2D SPACE',''
  ) );
#7517 = PCURVE('',#7518,#7523);
#7518 = PLANE('',#7519);
#7519 = AXIS2_PLACEMENT_3D('',#7520,#7521,#7522);
#7520 = CARTESIAN_POINT('',(44.,524.,108.80384757729));
#7521 = DIRECTION('',(-0.5,0.,0.866025403784));
#7522 = DIRECTION('',(-0.866025403784,0.,-0.5));
#7523 = DEFINITIONAL_REPRESENTATION('',(#7524),#7528);
#7524 = LINE('',#7525,#7526);
#7525 = CARTESIAN_POINT('',(0.,0.));
#7526 = VECTOR('',#7527,1.);
#7527 = DIRECTION('',(0.,-1.));
#7528 = ( GEOMETRIC_REPRESENTATION_CONTEXT(2) 
PARAMETRIC_REPRESENTATION_CONTEXT() REPRESENTATION_CONTEXT('2D SPACE',''
  ) );
#7529 = ORIENTED_EDGE('',*,*,#7530,.F.);
#7530 = EDGE_CURVE('',#7422,#7503,#7531,.T.);
#7531 = SURFACE_CURVE('',#7532,(#7536,#7543),.PCURVE_S1.);
#7532 = LINE('',#7533,#7534);
#7533 = CARTESIAN_POINT('',(44.,524.,119.1961524227));
#7534 = VECTOR('',#7535,1.);
#7535 = DIRECTION('',(1.709300165674E-16,0.,-1.));
#7536 = PCURVE('',#7437,#7537);
#7537 = DEFINITIONAL_REPRESENTATION('',(#7538),#7542);
#7538 = LINE('',#7539,#7540);
#7539 = CARTESIAN_POINT('',(0.,0.));
#7540 = VECTOR('',#7541,1.);
#7541 = DIRECTION('',(1.,0.));
#7542 = ( GEOMETRIC_REPRESENTATION_CONTEXT(2) 
PARAMETRIC_REPRESENTATION_CONTEXT() REPRESENTATION_CONTEXT('2D SPACE',''
  ) );
#7543 = PCURVE('',#7463,#7544);
#7544 = DEFINITIONAL_REPRESENTATION('',(#7545),#7549);
#7545 = LINE('',#7546,#7547);
#7546 = CARTESIAN_POINT('',(5.196152422707,9.));
#7547 = VECTOR('',#7548,1.);
#7548 = DIRECTION('',(-1.,1.709300165674E-16));
#7549 = ( GEOMETRIC_REPRESENTATION_CONTEXT(2) 
PARAMETRIC_REPRESENTATION_CONTEXT() REPRESENTATION_CONTEXT('2D SPACE',''
  ) );
#7550 = ADVANCED_FACE('',(#7551),#7518,.F.);
#7551 = FACE_BOUND('',#7552,.F.);
#7552 = EDGE_LOOP('',(#7553,#7554,#7577,#7605));
#7553 = ORIENTED_EDGE('',*,*,#7502,.T.);
#7554 = ORIENTED_EDGE('',*,*,#7555,.T.);
#7555 = EDGE_CURVE('',#7480,#7556,#7558,.T.);
#7556 = VERTEX_POINT('',#7557);
#7557 = CARTESIAN_POINT('',(35.,534.,103.60769515458));
#7558 = SURFACE_CURVE('',#7559,(#7563,#7570),.PCURVE_S1.);
#7559 = LINE('',#7560,#7561);
#7560 = CARTESIAN_POINT('',(44.,534.,108.80384757729));
#7561 = VECTOR('',#7562,1.);
#7562 = DIRECTION('',(-0.866025403784,0.,-0.5));
#7563 = PCURVE('',#7518,#7564);
#7564 = DEFINITIONAL_REPRESENTATION('',(#7565),#7569);
#7565 = LINE('',#7566,#7567);
#7566 = CARTESIAN_POINT('',(0.,-10.));
#7567 = VECTOR('',#7568,1.);
#7568 = DIRECTION('',(1.,0.));
#7569 = ( GEOMETRIC_REPRESENTATION_CONTEXT(2) 
PARAMETRIC_REPRESENTATION_CONTEXT() REPRESENTATION_CONTEXT('2D SPACE',''
  ) );
#7570 = PCURVE('',#7409,#7571);
#7571 = DEFINITIONAL_REPRESENTATION('',(#7572),#7576);
#7572 = LINE('',#7573,#7574);
#7573 = CARTESIAN_POINT('',(-5.196152422707,9.));
#7574 = VECTOR('',#7575,1.);
#7575 = DIRECTION('',(-0.5,-0.866025403784));
#7576 = ( GEOMETRIC_REPRESENTATION_CONTEXT(2) 
PARAMETRIC_REPRESENTATION_CONTEXT() REPRESENTATION_CONTEXT('2D SPACE',''
  ) );
#7577 = ORIENTED_EDGE('',*,*,#7578,.F.);
#7578 = EDGE_CURVE('',#7579,#7556,#7581,.T.);
#7579 = VERTEX_POINT('',#7580);
#7580 = CARTESIAN_POINT('',(35.,524.,103.60769515458));
#7581 = SURFACE_CURVE('',#7582,(#7586,#7593),.PCURVE_S1.);
#7582 = LINE('',#7583,#7584);
#7583 = CARTESIAN_POINT('',(35.,524.,103.60769515458));
#7584 = VECTOR('',#7585,1.);
#7585 = DIRECTION('',(0.,1.,0.));
#7586 = PCURVE('',#7518,#7587);
#7587 = DEFINITIONAL_REPRESENTATION('',(#7588),#7592);
#7588 = LINE('',#7589,#7590);
#7589 = CARTESIAN_POINT('',(10.392304845413,0.));
#7590 = VECTOR('',#7591,1.);
#7591 = DIRECTION('',(0.,-1.));
#7592 = ( GEOMETRIC_REPRESENTATION_CONTEXT(2) 
PARAMETRIC_REPRESENTATION_CONTEXT() REPRESENTATION_CONTEXT('2D SPACE',''
  ) );
#7593 = PCURVE('',#7594,#7599);
#7594 = PLANE('',#7595);
#7595 = AXIS2_PLACEMENT_3D('',#7596,#7597,#7598);
#7596 = CARTESIAN_POINT('',(35.,524.,103.60769515458));
#7597 = DIRECTION('',(0.5,-0.,0.866025403784));
#7598 = DIRECTION('',(-0.866025403784,0.,0.5));
#7599 = DEFINITIONAL_REPRESENTATION('',(#7600),#7604);
#7600 = LINE('',#7601,#7602);
#7601 = CARTESIAN_POINT('',(0.,0.));
#7602 = VECTOR('',#7603,1.);
#7603 = DIRECTION('',(0.,-1.));
#7604 = ( GEOMETRIC_REPRESENTATION_CONTEXT(2) 
PARAMETRIC_REPRESENTATION_CONTEXT() REPRESENTATION_CONTEXT('2D SPACE',''
  ) );
#7605 = ORIENTED_EDGE('',*,*,#7606,.F.);
#7606 = EDGE_CURVE('',#7503,#7579,#7607,.T.);
#7607 = SURFACE_CURVE('',#7608,(#7612,#7619),.PCURVE_S1.);
#7608 = LINE('',#7609,#7610);
#7609 = CARTESIAN_POINT('',(44.,524.,108.80384757729));
#7610 = VECTOR('',#7611,1.);
#7611 = DIRECTION('',(-0.866025403784,0.,-0.5));
#7612 = PCURVE('',#7518,#7613);
#7613 = DEFINITIONAL_REPRESENTATION('',(#7614),#7618);
#7614 = LINE('',#7615,#7616);
#7615 = CARTESIAN_POINT('',(0.,0.));
#7616 = VECTOR('',#7617,1.);
#7617 = DIRECTION('',(1.,0.));
#7618 = ( GEOMETRIC_REPRESENTATION_CONTEXT(2) 
PARAMETRIC_REPRESENTATION_CONTEXT() REPRESENTATION_CONTEXT('2D SPACE',''
  ) );
#7619 = PCURVE('',#7463,#7620);
#7620 = DEFINITIONAL_REPRESENTATION('',(#7621),#7625);
#7621 = LINE('',#7622,#7623);
#7622 = CARTESIAN_POINT('',(-5.196152422707,9.));
#7623 = VECTOR('',#7624,1.);
#7624 = DIRECTION('',(-0.5,-0.866025403784));
#7625 = ( GEOMETRIC_REPRESENTATION_CONTEXT(2) 
PARAMETRIC_REPRESENTATION_CONTEXT() REPRESENTATION_CONTEXT('2D SPACE',''
  ) );
#7626 = ADVANCED_FACE('',(#7627),#7594,.F.);
#7627 = FACE_BOUND('',#7628,.F.);
#7628 = EDGE_LOOP('',(#7629,#7630,#7653,#7681));
#7629 = ORIENTED_EDGE('',*,*,#7578,.T.);
#7630 = ORIENTED_EDGE('',*,*,#7631,.T.);
#7631 = EDGE_CURVE('',#7556,#7632,#7634,.T.);
#7632 = VERTEX_POINT('',#7633);
#7633 = CARTESIAN_POINT('',(26.,534.,108.80384757729));
#7634 = SURFACE_CURVE('',#7635,(#7639,#7646),.PCURVE_S1.);
#7635 = LINE('',#7636,#7637);
#7636 = CARTESIAN_POINT('',(35.,534.,103.60769515458));
#7637 = VECTOR('',#7638,1.);
#7638 = DIRECTION('',(-0.866025403784,0.,0.5));
#7639 = PCURVE('',#7594,#7640);
#7640 = DEFINITIONAL_REPRESENTATION('',(#7641),#7645);
#7641 = LINE('',#7642,#7643);
#7642 = CARTESIAN_POINT('',(0.,-10.));
#7643 = VECTOR('',#7644,1.);
#7644 = DIRECTION('',(1.,0.));
#7645 = ( GEOMETRIC_REPRESENTATION_CONTEXT(2) 
PARAMETRIC_REPRESENTATION_CONTEXT() REPRESENTATION_CONTEXT('2D SPACE',''
  ) );
#7646 = PCURVE('',#7409,#7647);
#7647 = DEFINITIONAL_REPRESENTATION('',(#7648),#7652);
#7648 = LINE('',#7649,#7650);
#7649 = CARTESIAN_POINT('',(-10.39230484541,7.105427357601E-15));
#7650 = VECTOR('',#7651,1.);
#7651 = DIRECTION('',(0.5,-0.866025403784));
#7652 = ( GEOMETRIC_REPRESENTATION_CONTEXT(2) 
PARAMETRIC_REPRESENTATION_CONTEXT() REPRESENTATION_CONTEXT('2D SPACE',''
  ) );
#7653 = ORIENTED_EDGE('',*,*,#7654,.F.);
#7654 = EDGE_CURVE('',#7655,#7632,#7657,.T.);
#7655 = VERTEX_POINT('',#7656);
#7656 = CARTESIAN_POINT('',(26.,524.,108.80384757729));
#7657 = SURFACE_CURVE('',#7658,(#7662,#7669),.PCURVE_S1.);
#7658 = LINE('',#7659,#7660);
#7659 = CARTESIAN_POINT('',(26.,524.,108.80384757729));
#7660 = VECTOR('',#7661,1.);
#7661 = DIRECTION('',(0.,1.,0.));
#7662 = PCURVE('',#7594,#7663);
#7663 = DEFINITIONAL_REPRESENTATION('',(#7664),#7668);
#7664 = LINE('',#7665,#7666);
#7665 = CARTESIAN_POINT('',(10.392304845413,0.));
#7666 = VECTOR('',#7667,1.);
#7667 = DIRECTION('',(0.,-1.));
#7668 = ( GEOMETRIC_REPRESENTATION_CONTEXT(2) 
PARAMETRIC_REPRESENTATION_CONTEXT() REPRESENTATION_CONTEXT('2D SPACE',''
  ) );
#7669 = PCURVE('',#7670,#7675);
#7670 = PLANE('',#7671);
#7671 = AXIS2_PLACEMENT_3D('',#7672,#7673,#7674);
#7672 = CARTESIAN_POINT('',(26.,524.,108.80384757729));
#7673 = DIRECTION('',(1.,-0.,6.837200662697E-16));
#7674 = DIRECTION('',(-6.837200662697E-16,0.,1.));
#7675 = DEFINITIONAL_REPRESENTATION('',(#7676),#7680);
#7676 = LINE('',#7677,#7678);
#7677 = CARTESIAN_POINT('',(0.,0.));
#7678 = VECTOR('',#7679,1.);
#7679 = DIRECTION('',(0.,-1.));
#7680 = ( GEOMETRIC_REPRESENTATION_CONTEXT(2) 
PARAMETRIC_REPRESENTATION_CONTEXT() REPRESENTATION_CONTEXT('2D SPACE',''
  ) );
#7681 = ORIENTED_EDGE('',*,*,#7682,.F.);
#7682 = EDGE_CURVE('',#7579,#7655,#7683,.T.);
#7683 = SURFACE_CURVE('',#7684,(#7688,#7695),.PCURVE_S1.);
#7684 = LINE('',#7685,#7686);
#7685 = CARTESIAN_POINT('',(35.,524.,103.60769515458));
#7686 = VECTOR('',#7687,1.);
#7687 = DIRECTION('',(-0.866025403784,0.,0.5));
#7688 = PCURVE('',#7594,#7689);
#7689 = DEFINITIONAL_REPRESENTATION('',(#7690),#7694);
#7690 = LINE('',#7691,#7692);
#7691 = CARTESIAN_POINT('',(0.,0.));
#7692 = VECTOR('',#7693,1.);
#7693 = DIRECTION('',(1.,0.));
#7694 = ( GEOMETRIC_REPRESENTATION_CONTEXT(2) 
PARAMETRIC_REPRESENTATION_CONTEXT() REPRESENTATION_CONTEXT('2D SPACE',''
  ) );
#7695 = PCURVE('',#7463,#7696);
#7696 = DEFINITIONAL_REPRESENTATION('',(#7697),#7701);
#7697 = LINE('',#7698,#7699);
#7698 = CARTESIAN_POINT('',(-10.39230484541,7.105427357601E-15));
#7699 = VECTOR('',#7700,1.);
#7700 = DIRECTION('',(0.5,-0.866025403784));
#7701 = ( GEOMETRIC_REPRESENTATION_CONTEXT(2) 
PARAMETRIC_REPRESENTATION_CONTEXT() REPRESENTATION_CONTEXT('2D SPACE',''
  ) );
#7702 = ADVANCED_FACE('',(#7703),#7670,.F.);
#7703 = FACE_BOUND('',#7704,.F.);
#7704 = EDGE_LOOP('',(#7705,#7706,#7729,#7752));
#7705 = ORIENTED_EDGE('',*,*,#7654,.T.);
#7706 = ORIENTED_EDGE('',*,*,#7707,.T.);
#7707 = EDGE_CURVE('',#7632,#7708,#7710,.T.);
#7708 = VERTEX_POINT('',#7709);
#7709 = CARTESIAN_POINT('',(26.,534.,119.1961524227));
#7710 = SURFACE_CURVE('',#7711,(#7715,#7722),.PCURVE_S1.);
#7711 = LINE('',#7712,#7713);
#7712 = CARTESIAN_POINT('',(26.,534.,108.80384757729));
#7713 = VECTOR('',#7714,1.);
#7714 = DIRECTION('',(-6.837200662697E-16,0.,1.));
#7715 = PCURVE('',#7670,#7716);
#7716 = DEFINITIONAL_REPRESENTATION('',(#7717),#7721);
#7717 = LINE('',#7718,#7719);
#7718 = CARTESIAN_POINT('',(0.,-10.));
#7719 = VECTOR('',#7720,1.);
#7720 = DIRECTION('',(1.,0.));
#7721 = ( GEOMETRIC_REPRESENTATION_CONTEXT(2) 
PARAMETRIC_REPRESENTATION_CONTEXT() REPRESENTATION_CONTEXT('2D SPACE',''
  ) );
#7722 = PCURVE('',#7409,#7723);
#7723 = DEFINITIONAL_REPRESENTATION('',(#7724),#7728);
#7724 = LINE('',#7725,#7726);
#7725 = CARTESIAN_POINT('',(-5.196152422707,-9.));
#7726 = VECTOR('',#7727,1.);
#7727 = DIRECTION('',(1.,-6.837200662697E-16));
#7728 = ( GEOMETRIC_REPRESENTATION_CONTEXT(2) 
PARAMETRIC_REPRESENTATION_CONTEXT() REPRESENTATION_CONTEXT('2D SPACE',''
  ) );
#7729 = ORIENTED_EDGE('',*,*,#7730,.F.);
#7730 = EDGE_CURVE('',#7731,#7708,#7733,.T.);
#7731 = VERTEX_POINT('',#7732);
#7732 = CARTESIAN_POINT('',(26.,524.,119.1961524227));
#7733 = SURFACE_CURVE('',#7734,(#7738,#7745),.PCURVE_S1.);
#7734 = LINE('',#7735,#7736);
#7735 = CARTESIAN_POINT('',(26.,524.,119.1961524227));
#7736 = VECTOR('',#7737,1.);
#7737 = DIRECTION('',(0.,1.,0.));
#7738 = PCURVE('',#7670,#7739);
#7739 = DEFINITIONAL_REPRESENTATION('',(#7740),#7744);
#7740 = LINE('',#7741,#7742);
#7741 = CARTESIAN_POINT('',(10.392304845413,0.));
#7742 = VECTOR('',#7743,1.);
#7743 = DIRECTION('',(0.,-1.));
#7744 = ( GEOMETRIC_REPRESENTATION_CONTEXT(2) 
PARAMETRIC_REPRESENTATION_CONTEXT() REPRESENTATION_CONTEXT('2D SPACE',''
  ) );
#7745 = PCURVE('',#7381,#7746);
#7746 = DEFINITIONAL_REPRESENTATION('',(#7747),#7751);
#7747 = LINE('',#7748,#7749);
#7748 = CARTESIAN_POINT('',(0.,0.));
#7749 = VECTOR('',#7750,1.);
#7750 = DIRECTION('',(0.,-1.));
#7751 = ( GEOMETRIC_REPRESENTATION_CONTEXT(2) 
PARAMETRIC_REPRESENTATION_CONTEXT() REPRESENTATION_CONTEXT('2D SPACE',''
  ) );
#7752 = ORIENTED_EDGE('',*,*,#7753,.F.);
#7753 = EDGE_CURVE('',#7655,#7731,#7754,.T.);
#7754 = SURFACE_CURVE('',#7755,(#7759,#7766),.PCURVE_S1.);
#7755 = LINE('',#7756,#7757);
#7756 = CARTESIAN_POINT('',(26.,524.,108.80384757729));
#7757 = VECTOR('',#7758,1.);
#7758 = DIRECTION('',(-6.837200662697E-16,0.,1.));
#7759 = PCURVE('',#7670,#7760);
#7760 = DEFINITIONAL_REPRESENTATION('',(#7761),#7765);
#7761 = LINE('',#7762,#7763);
#7762 = CARTESIAN_POINT('',(0.,0.));
#7763 = VECTOR('',#7764,1.);
#7764 = DIRECTION('',(1.,0.));
#7765 = ( GEOMETRIC_REPRESENTATION_CONTEXT(2) 
PARAMETRIC_REPRESENTATION_CONTEXT() REPRESENTATION_CONTEXT('2D SPACE',''
  ) );
#7766 = PCURVE('',#7463,#7767);
#7767 = DEFINITIONAL_REPRESENTATION('',(#7768),#7772);
#7768 = LINE('',#7769,#7770);
#7769 = CARTESIAN_POINT('',(-5.196152422707,-9.));
#7770 = VECTOR('',#7771,1.);
#7771 = DIRECTION('',(1.,-6.837200662697E-16));
#7772 = ( GEOMETRIC_REPRESENTATION_CONTEXT(2) 
PARAMETRIC_REPRESENTATION_CONTEXT() REPRESENTATION_CONTEXT('2D SPACE',''
  ) );
#7773 = ADVANCED_FACE('',(#7774),#7381,.F.);
#7774 = FACE_BOUND('',#7775,.F.);
#7775 = EDGE_LOOP('',(#7776,#7777,#7798,#7799));
#7776 = ORIENTED_EDGE('',*,*,#7730,.T.);
#7777 = ORIENTED_EDGE('',*,*,#7778,.T.);
#7778 = EDGE_CURVE('',#7708,#7361,#7779,.T.);
#7779 = SURFACE_CURVE('',#7780,(#7784,#7791),.PCURVE_S1.);
#7780 = LINE('',#7781,#7782);
#7781 = CARTESIAN_POINT('',(26.,534.,119.1961524227));
#7782 = VECTOR('',#7783,1.);
#7783 = DIRECTION('',(0.866025403784,0.,0.5));
#7784 = PCURVE('',#7381,#7785);
#7785 = DEFINITIONAL_REPRESENTATION('',(#7786),#7790);
#7786 = LINE('',#7787,#7788);
#7787 = CARTESIAN_POINT('',(0.,-10.));
#7788 = VECTOR('',#7789,1.);
#7789 = DIRECTION('',(1.,0.));
#7790 = ( GEOMETRIC_REPRESENTATION_CONTEXT(2) 
PARAMETRIC_REPRESENTATION_CONTEXT() REPRESENTATION_CONTEXT('2D SPACE',''
  ) );
#7791 = PCURVE('',#7409,#7792);
#7792 = DEFINITIONAL_REPRESENTATION('',(#7793),#7797);
#7793 = LINE('',#7794,#7795);
#7794 = CARTESIAN_POINT('',(5.196152422707,-9.));
#7795 = VECTOR('',#7796,1.);
#7796 = DIRECTION('',(0.5,0.866025403784));
#7797 = ( GEOMETRIC_REPRESENTATION_CONTEXT(2) 
PARAMETRIC_REPRESENTATION_CONTEXT() REPRESENTATION_CONTEXT('2D SPACE',''
  ) );
#7798 = ORIENTED_EDGE('',*,*,#7358,.F.);
#7799 = ORIENTED_EDGE('',*,*,#7800,.F.);
#7800 = EDGE_CURVE('',#7731,#7359,#7801,.T.);
#7801 = SURFACE_CURVE('',#7802,(#7806,#7813),.PCURVE_S1.);
#7802 = LINE('',#7803,#7804);
#7803 = CARTESIAN_POINT('',(26.,524.,119.1961524227));
#7804 = VECTOR('',#7805,1.);
#7805 = DIRECTION('',(0.866025403784,0.,0.5));
#7806 = PCURVE('',#7381,#7807);
#7807 = DEFINITIONAL_REPRESENTATION('',(#7808),#7812);
#7808 = LINE('',#7809,#7810);
#7809 = CARTESIAN_POINT('',(0.,0.));
#7810 = VECTOR('',#7811,1.);
#7811 = DIRECTION('',(1.,0.));
#7812 = ( GEOMETRIC_REPRESENTATION_CONTEXT(2) 
PARAMETRIC_REPRESENTATION_CONTEXT() REPRESENTATION_CONTEXT('2D SPACE',''
  ) );
#7813 = PCURVE('',#7463,#7814);
#7814 = DEFINITIONAL_REPRESENTATION('',(#7815),#7819);
#7815 = LINE('',#7816,#7817);
#7816 = CARTESIAN_POINT('',(5.196152422707,-9.));
#7817 = VECTOR('',#7818,1.);
#7818 = DIRECTION('',(0.5,0.866025403784));
#7819 = ( GEOMETRIC_REPRESENTATION_CONTEXT(2) 
PARAMETRIC_REPRESENTATION_CONTEXT() REPRESENTATION_CONTEXT('2D SPACE',''
  ) );
#7820 = ADVANCED_FACE('',(#7821),#7835,.F.);
#7821 = FACE_BOUND('',#7822,.T.);
#7822 = EDGE_LOOP('',(#7823,#7853,#7875,#7876));
#7823 = ORIENTED_EDGE('',*,*,#7824,.T.);
#7824 = EDGE_CURVE('',#7825,#7827,#7829,.T.);
#7825 = VERTEX_POINT('',#7826);
#7826 = CARTESIAN_POINT('',(35.,524.,120.));
#7827 = VERTEX_POINT('',#7828);
#7828 = CARTESIAN_POINT('',(35.,534.,120.));
#7829 = SEAM_CURVE('',#7830,(#7834,#7846),.PCURVE_S1.);
#7830 = LINE('',#7831,#7832);
#7831 = CARTESIAN_POINT('',(35.,524.,120.));
#7832 = VECTOR('',#7833,1.);
#7833 = DIRECTION('',(0.,1.,0.));
#7834 = PCURVE('',#7835,#7840);
#7835 = CYLINDRICAL_SURFACE('',#7836,6.);
#7836 = AXIS2_PLACEMENT_3D('',#7837,#7838,#7839);
#7837 = CARTESIAN_POINT('',(35.,524.,114.));
#7838 = DIRECTION('',(-0.,-1.,-0.));
#7839 = DIRECTION('',(0.,0.,1.));
#7840 = DEFINITIONAL_REPRESENTATION('',(#7841),#7845);
#7841 = LINE('',#7842,#7843);
#7842 = CARTESIAN_POINT('',(-0.,0.));
#7843 = VECTOR('',#7844,1.);
#7844 = DIRECTION('',(-0.,-1.));
#7845 = ( GEOMETRIC_REPRESENTATION_CONTEXT(2) 
PARAMETRIC_REPRESENTATION_CONTEXT() REPRESENTATION_CONTEXT('2D SPACE',''
  ) );
#7846 = PCURVE('',#7835,#7847);
#7847 = DEFINITIONAL_REPRESENTATION('',(#7848),#7852);
#7848 = LINE('',#7849,#7850);
#7849 = CARTESIAN_POINT('',(-6.28318530718,0.));
#7850 = VECTOR('',#7851,1.);
#7851 = DIRECTION('',(-0.,-1.));
#7852 = ( GEOMETRIC_REPRESENTATION_CONTEXT(2) 
PARAMETRIC_REPRESENTATION_CONTEXT() REPRESENTATION_CONTEXT('2D SPACE',''
  ) );
#7853 = ORIENTED_EDGE('',*,*,#7854,.T.);
#7854 = EDGE_CURVE('',#7827,#7827,#7855,.T.);
#7855 = SURFACE_CURVE('',#7856,(#7861,#7868),.PCURVE_S1.);
#7856 = CIRCLE('',#7857,6.);
#7857 = AXIS2_PLACEMENT_3D('',#7858,#7859,#7860);
#7858 = CARTESIAN_POINT('',(35.,534.,114.));
#7859 = DIRECTION('',(0.,1.,0.));
#7860 = DIRECTION('',(0.,0.,1.));
#7861 = PCURVE('',#7835,#7862);
#7862 = DEFINITIONAL_REPRESENTATION('',(#7863),#7867);
#7863 = LINE('',#7864,#7865);
#7864 = CARTESIAN_POINT('',(-0.,-10.));
#7865 = VECTOR('',#7866,1.);
#7866 = DIRECTION('',(-1.,0.));
#7867 = ( GEOMETRIC_REPRESENTATION_CONTEXT(2) 
PARAMETRIC_REPRESENTATION_CONTEXT() REPRESENTATION_CONTEXT('2D SPACE',''
  ) );
#7868 = PCURVE('',#7409,#7869);
#7869 = DEFINITIONAL_REPRESENTATION('',(#7870),#7874);
#7870 = CIRCLE('',#7871,6.);
#7871 = AXIS2_PLACEMENT_2D('',#7872,#7873);
#7872 = CARTESIAN_POINT('',(1.42108547152E-14,7.105427357601E-15));
#7873 = DIRECTION('',(1.,0.));
#7874 = ( GEOMETRIC_REPRESENTATION_CONTEXT(2) 
PARAMETRIC_REPRESENTATION_CONTEXT() REPRESENTATION_CONTEXT('2D SPACE',''
  ) );
#7875 = ORIENTED_EDGE('',*,*,#7824,.F.);
#7876 = ORIENTED_EDGE('',*,*,#7877,.F.);
#7877 = EDGE_CURVE('',#7825,#7825,#7878,.T.);
#7878 = SURFACE_CURVE('',#7879,(#7884,#7891),.PCURVE_S1.);
#7879 = CIRCLE('',#7880,6.);
#7880 = AXIS2_PLACEMENT_3D('',#7881,#7882,#7883);
#7881 = CARTESIAN_POINT('',(35.,524.,114.));
#7882 = DIRECTION('',(0.,1.,0.));
#7883 = DIRECTION('',(0.,0.,1.));
#7884 = PCURVE('',#7835,#7885);
#7885 = DEFINITIONAL_REPRESENTATION('',(#7886),#7890);
#7886 = LINE('',#7887,#7888);
#7887 = CARTESIAN_POINT('',(-0.,0.));
#7888 = VECTOR('',#7889,1.);
#7889 = DIRECTION('',(-1.,0.));
#7890 = ( GEOMETRIC_REPRESENTATION_CONTEXT(2) 
PARAMETRIC_REPRESENTATION_CONTEXT() REPRESENTATION_CONTEXT('2D SPACE',''
  ) );
#7891 = PCURVE('',#7463,#7892);
#7892 = DEFINITIONAL_REPRESENTATION('',(#7893),#7897);
#7893 = CIRCLE('',#7894,6.);
#7894 = AXIS2_PLACEMENT_2D('',#7895,#7896);
#7895 = CARTESIAN_POINT('',(1.42108547152E-14,7.105427357601E-15));
#7896 = DIRECTION('',(1.,0.));
#7897 = ( GEOMETRIC_REPRESENTATION_CONTEXT(2) 
PARAMETRIC_REPRESENTATION_CONTEXT() REPRESENTATION_CONTEXT('2D SPACE',''
  ) );
#7898 = ADVANCED_FACE('',(#7899,#7907),#7463,.F.);
#7899 = FACE_BOUND('',#7900,.F.);
#7900 = EDGE_LOOP('',(#7901,#7902,#7903,#7904,#7905,#7906));
#7901 = ORIENTED_EDGE('',*,*,#7449,.T.);
#7902 = ORIENTED_EDGE('',*,*,#7530,.T.);
#7903 = ORIENTED_EDGE('',*,*,#7606,.T.);
#7904 = ORIENTED_EDGE('',*,*,#7682,.T.);
#7905 = ORIENTED_EDGE('',*,*,#7753,.T.);
#7906 = ORIENTED_EDGE('',*,*,#7800,.T.);
#7907 = FACE_BOUND('',#7908,.F.);
#7908 = EDGE_LOOP('',(#7909));
#7909 = ORIENTED_EDGE('',*,*,#7877,.F.);
#7910 = ADVANCED_FACE('',(#7911,#7919),#7409,.T.);
#7911 = FACE_BOUND('',#7912,.T.);
#7912 = EDGE_LOOP('',(#7913,#7914,#7915,#7916,#7917,#7918));
#7913 = ORIENTED_EDGE('',*,*,#7393,.T.);
#7914 = ORIENTED_EDGE('',*,*,#7479,.T.);
#7915 = ORIENTED_EDGE('',*,*,#7555,.T.);
#7916 = ORIENTED_EDGE('',*,*,#7631,.T.);
#7917 = ORIENTED_EDGE('',*,*,#7707,.T.);
#7918 = ORIENTED_EDGE('',*,*,#7778,.T.);
#7919 = FACE_BOUND('',#7920,.T.);
#7920 = EDGE_LOOP('',(#7921));
#7921 = ORIENTED_EDGE('',*,*,#7854,.F.);
#7922 = ( GEOMETRIC_REPRESENTATION_CONTEXT(3) 
GLOBAL_UNCERTAINTY_ASSIGNED_CONTEXT((#7926)) 
GLOBAL_UNIT_ASSIGNED_CONTEXT((#7923,#7924,#7925)) REPRESENTATION_CONTEXT
('Context #1','3D Context with UNIT and UNCERTAINTY') );
#7923 = ( LENGTH_UNIT() NAMED_UNIT(*) SI_UNIT(.MILLI.,.METRE.) );
#7924 = ( NAMED_UNIT(*) PLANE_ANGLE_UNIT() SI_UNIT($,.RADIAN.) );
#7925 = ( NAMED_UNIT(*) SI_UNIT($,.STERADIAN.) SOLID_ANGLE_UNIT() );
#7926 = UNCERTAINTY_MEASURE_WITH_UNIT(LENGTH_MEASURE(1.E-07),#7923,
  'distance_accuracy_value','confusion accuracy');
#7927 = CONTEXT_DEPENDENT_SHAPE_REPRESENTATION(#7928,#7930);
#7928 = ( REPRESENTATION_RELATIONSHIP('','',#7351,#10) 
REPRESENTATION_RELATIONSHIP_WITH_TRANSFORMATION(#7929) 
SHAPE_REPRESENTATION_RELATIONSHIP() );
#7929 = ITEM_DEFINED_TRANSFORMATION('','',#11,#75);
#7930 = PRODUCT_DEFINITION_SHAPE('Placement','Placement of an item',
  #7931);
#7931 = NEXT_ASSEMBLY_USAGE_OCCURRENCE('16','M12_nominal_nut_35_114','',
  #5,#7346,$);
#7932 = PRODUCT_RELATED_PRODUCT_CATEGORY('part',$,(#7348));
ENDSEC;
END-ISO-10303-21;
