ISO-10303-21;
HEADER;
FILE_DESCRIPTION(('Open CASCADE Model'),'2;1');
FILE_NAME('Open CASCADE Shape Model','2026-10-09T04:12:14',('Author'),(
    'Open CASCADE'),'Open CASCADE STEP processor 7.8','Open CASCADE 7.8'
  ,'Unknown');
FILE_SCHEMA(('AUTOMOTIVE_DESIGN { 1 0 10303 214 1 1 1 1 }'));
ENDSEC;
DATA;
#1 = APPLICATION_PROTOCOL_DEFINITION('international standard',
  'automotive_design',2000,#2);
#2 = APPLICATION_CONTEXT(
  'core data for automotive mechanical design processes');
#3 = SHAPE_DEFINITION_REPRESENTATION(#4,#10);
#4 = PRODUCT_DEFINITION_SHAPE('','',#5);
#5 = PRODUCT_DEFINITION('design','',#6,#9);
#6 = PRODUCT_DEFINITION_FORMATION('','',#7);
#7 = PRODUCT('Open CASCADE STEP translator 7.8 2',
  'Open CASCADE STEP translator 7.8 2','',(#8));
#8 = PRODUCT_CONTEXT('',#2,'mechanical');
#9 = PRODUCT_DEFINITION_CONTEXT('part definition',#2,'design');
#10 = ADVANCED_BREP_SHAPE_REPRESENTATION('',(#11,#15),#6707);
#11 = AXIS2_PLACEMENT_3D('',#12,#13,#14);
#12 = CARTESIAN_POINT('',(0.,0.,0.));
#13 = DIRECTION('',(0.,0.,1.));
#14 = DIRECTION('',(1.,0.,-0.));
#15 = BREP_WITH_VOIDS('',#16,(#3096,#3487,#4804));
#16 = CLOSED_SHELL('',(#17,#594,#633,#667,#1239,#1266,#2722,#2810,#2896,
    #2935,#2969,#3008,#3042,#3069));
#17 = ADVANCED_FACE('',(#18,#105),#31,.T.);
#18 = FACE_BOUND('',#19,.F.);
#19 = EDGE_LOOP('',(#20,#54,#77,#104));
#20 = ORIENTED_EDGE('',*,*,#21,.F.);
#21 = EDGE_CURVE('',#22,#22,#24,.T.);
#22 = VERTEX_POINT('',#23);
#23 = CARTESIAN_POINT('',(-210.,550.,95.));
#24 = SURFACE_CURVE('',#25,(#30,#42),.PCURVE_S1.);
#25 = CIRCLE('',#26,25.);
#26 = AXIS2_PLACEMENT_3D('',#27,#28,#29);
#27 = CARTESIAN_POINT('',(-210.,550.,70.));
#28 = DIRECTION('',(1.,0.,-0.));
#29 = DIRECTION('',(0.,0.,1.));
#30 = PCURVE('',#31,#36);
#31 = CYLINDRICAL_SURFACE('',#32,25.);
#32 = AXIS2_PLACEMENT_3D('',#33,#34,#35);
#33 = CARTESIAN_POINT('',(-210.,550.,70.));
#34 = DIRECTION('',(-1.,-0.,0.));
#35 = DIRECTION('',(0.,0.,1.));
#36 = DEFINITIONAL_REPRESENTATION('',(#37),#41);
#37 = LINE('',#38,#39);
#38 = CARTESIAN_POINT('',(-0.,0.));
#39 = VECTOR('',#40,1.);
#40 = DIRECTION('',(-1.,0.));
#41 = ( GEOMETRIC_REPRESENTATION_CONTEXT(2) 
PARAMETRIC_REPRESENTATION_CONTEXT() REPRESENTATION_CONTEXT('2D SPACE',''
  ) );
#42 = PCURVE('',#43,#48);
#43 = PLANE('',#44);
#44 = AXIS2_PLACEMENT_3D('',#45,#46,#47);
#45 = CARTESIAN_POINT('',(-210.,550.,70.));
#46 = DIRECTION('',(1.,0.,0.));
#47 = DIRECTION('',(-0.,0.,1.));
#48 = DEFINITIONAL_REPRESENTATION('',(#49),#53);
#49 = CIRCLE('',#50,25.);
#50 = AXIS2_PLACEMENT_2D('',#51,#52);
#51 = CARTESIAN_POINT('',(1.42108547152E-14,0.));
#52 = DIRECTION('',(1.,0.));
#53 = ( GEOMETRIC_REPRESENTATION_CONTEXT(2) 
PARAMETRIC_REPRESENTATION_CONTEXT() REPRESENTATION_CONTEXT('2D SPACE',''
  ) );
#54 = ORIENTED_EDGE('',*,*,#55,.T.);
#55 = EDGE_CURVE('',#22,#56,#58,.T.);
#56 = VERTEX_POINT('',#57);
#57 = CARTESIAN_POINT('',(-130.,550.,95.));
#58 = SEAM_CURVE('',#59,(#63,#70),.PCURVE_S1.);
#59 = LINE('',#60,#61);
#60 = CARTESIAN_POINT('',(-210.,550.,95.));
#61 = VECTOR('',#62,1.);
#62 = DIRECTION('',(1.,0.,0.));
#63 = PCURVE('',#31,#64);
#64 = DEFINITIONAL_REPRESENTATION('',(#65),#69);
#65 = LINE('',#66,#67);
#66 = CARTESIAN_POINT('',(-6.28318530718,0.));
#67 = VECTOR('',#68,1.);
#68 = DIRECTION('',(-0.,-1.));
#69 = ( GEOMETRIC_REPRESENTATION_CONTEXT(2) 
PARAMETRIC_REPRESENTATION_CONTEXT() REPRESENTATION_CONTEXT('2D SPACE',''
  ) );
#70 = PCURVE('',#31,#71);
#71 = DEFINITIONAL_REPRESENTATION('',(#72),#76);
#72 = LINE('',#73,#74);
#73 = CARTESIAN_POINT('',(-0.,0.));
#74 = VECTOR('',#75,1.);
#75 = DIRECTION('',(-0.,-1.));
#76 = ( GEOMETRIC_REPRESENTATION_CONTEXT(2) 
PARAMETRIC_REPRESENTATION_CONTEXT() REPRESENTATION_CONTEXT('2D SPACE',''
  ) );
#77 = ORIENTED_EDGE('',*,*,#78,.T.);
#78 = EDGE_CURVE('',#56,#56,#79,.T.);
#79 = SURFACE_CURVE('',#80,(#85,#92),.PCURVE_S1.);
#80 = CIRCLE('',#81,25.);
#81 = AXIS2_PLACEMENT_3D('',#82,#83,#84);
#82 = CARTESIAN_POINT('',(-130.,550.,70.));
#83 = DIRECTION('',(1.,0.,-0.));
#84 = DIRECTION('',(0.,0.,1.));
#85 = PCURVE('',#31,#86);
#86 = DEFINITIONAL_REPRESENTATION('',(#87),#91);
#87 = LINE('',#88,#89);
#88 = CARTESIAN_POINT('',(-0.,-80.));
#89 = VECTOR('',#90,1.);
#90 = DIRECTION('',(-1.,0.));
#91 = ( GEOMETRIC_REPRESENTATION_CONTEXT(2) 
PARAMETRIC_REPRESENTATION_CONTEXT() REPRESENTATION_CONTEXT('2D SPACE',''
  ) );
#92 = PCURVE('',#93,#98);
#93 = PLANE('',#94);
#94 = AXIS2_PLACEMENT_3D('',#95,#96,#97);
#95 = CARTESIAN_POINT('',(-130.,550.,70.));
#96 = DIRECTION('',(1.,0.,0.));
#97 = DIRECTION('',(-0.,0.,1.));
#98 = DEFINITIONAL_REPRESENTATION('',(#99),#103);
#99 = CIRCLE('',#100,25.);
#100 = AXIS2_PLACEMENT_2D('',#101,#102);
#101 = CARTESIAN_POINT('',(1.42108547152E-14,0.));
#102 = DIRECTION('',(1.,0.));
#103 = ( GEOMETRIC_REPRESENTATION_CONTEXT(2) 
PARAMETRIC_REPRESENTATION_CONTEXT() REPRESENTATION_CONTEXT('2D SPACE',''
  ) );
#104 = ORIENTED_EDGE('',*,*,#55,.F.);
#105 = FACE_BOUND('',#106,.F.);
#106 = EDGE_LOOP('',(#107));
#107 = ORIENTED_EDGE('',*,*,#108,.T.);
#108 = EDGE_CURVE('',#109,#109,#111,.T.);
#109 = VERTEX_POINT('',#110);
#110 = CARTESIAN_POINT('',(-138.4569807123,569.21850282117,
    54.010967843154));
#111 = SURFACE_CURVE('',#112,(#269,#429),.PCURVE_S1.);
#112 = B_SPLINE_CURVE_WITH_KNOTS('',8,(#113,#114,#115,#116,#117,#118,
    #119,#120,#121,#122,#123,#124,#125,#126,#127,#128,#129,#130,#131,
    #132,#133,#134,#135,#136,#137,#138,#139,#140,#141,#142,#143,#144,
    #145,#146,#147,#148,#149,#150,#151,#152,#153,#154,#155,#156,#157,
    #158,#159,#160,#161,#162,#163,#164,#165,#166,#167,#168,#169,#170,
    #171,#172,#173,#174,#175,#176,#177,#178,#179,#180,#181,#182,#183,
    #184,#185,#186,#187,#188,#189,#190,#191,#192,#193,#194,#195,#196,
    #197,#198,#199,#200,#201,#202,#203,#204,#205,#206,#207,#208,#209,
    #210,#211,#212,#213,#214,#215,#216,#217,#218,#219,#220,#221,#222,
    #223,#224,#225,#226,#227,#228,#229,#230,#231,#232,#233,#234,#235,
    #236,#237,#238,#239,#240,#241,#242,#243,#244,#245,#246,#247,#248,
    #249,#250,#251,#252,#253,#254,#255,#256,#257,#258,#259,#260,#261,
    #262,#263,#264,#265,#266,#267,#268),.UNSPECIFIED.,.T.,.F.,(9,7,7,7,7
    ,7,7,7,7,7,7,7,7,7,7,7,7,7,7,7,7,7,9),(0.,2.398753074266E-02,
    0.115632597659,0.146496589557,0.259753724754,0.316431646012,
    0.371346999762,0.405855398346,0.428913095691,0.467397440608,
    0.493602557845,0.528922814032,0.56336427797,0.618530040567,
    0.674665010501,0.78874864679,0.88442883521,0.907386659898,
    0.939529240906,0.955587954391,0.967262299904,0.980074075171,1.),
  .UNSPECIFIED.);
#113 = CARTESIAN_POINT('',(-138.4569807123,569.21850282117,
    54.010967843155));
#114 = CARTESIAN_POINT('',(-138.6019245181,568.99511883812,
    53.742464680094));
#115 = CARTESIAN_POINT('',(-138.7561478548,568.77418800153,
    53.485630250121));
#116 = CARTESIAN_POINT('',(-138.9184923359,568.55598287807,
    53.239870489004));
#117 = CARTESIAN_POINT('',(-139.087947056,568.34069814971,
    53.004588406072));
#118 = CARTESIAN_POINT('',(-139.2636463626,568.1284543699,
    52.779187304463));
#119 = CARTESIAN_POINT('',(-139.4448676275,567.91930171973,
    52.563074001364));
#120 = CARTESIAN_POINT('',(-139.6310290177,567.71322376408,
    52.35566204826));
#121 = CARTESIAN_POINT('',(-140.550102719,566.7342583268,51.394992733734
    ));
#122 = CARTESIAN_POINT('',(-141.3550627544,565.99048359645,
    50.740804398064));
#123 = CARTESIAN_POINT('',(-142.2056816259,565.28695113709,
    50.17791249955));
#124 = CARTESIAN_POINT('',(-143.0819048475,564.62640411494,
    49.691133737718));
#125 = CARTESIAN_POINT('',(-143.9731550461,564.00733855156,
    49.266906029498));
#126 = CARTESIAN_POINT('',(-144.8776884828,563.42524057394,
    48.893475933177));
#127 = CARTESIAN_POINT('',(-145.8017330522,562.87405898722,
    48.561176791086));
#128 = CARTESIAN_POINT('',(-147.0798384648,562.17229705586,
    48.162497174777));
#129 = CARTESIAN_POINT('',(-147.4037115808,561.99944000016,
    48.066468658549));
#130 = CARTESIAN_POINT('',(-147.7293848802,561.83055391407,
    47.974660347316));
#131 = CARTESIAN_POINT('',(-148.0567992545,561.66567653046,
    47.886896810128));
#132 = CARTESIAN_POINT('',(-148.3859137027,561.5048525605,47.8030175289)
  );
#133 = CARTESIAN_POINT('',(-148.7167056824,561.34813445005,
    47.722875681174));
#134 = CARTESIAN_POINT('',(-149.0491714612,561.19558313611,
    47.64633692289));
#135 = CARTESIAN_POINT('',(-150.6095268492,560.5030211083,
    47.305185017475));
#136 = CARTESIAN_POINT('',(-151.8559312519,560.01695796357,
    47.084510456515));
#137 = CARTESIAN_POINT('',(-153.1236075136,559.59194940361,
    46.904752516227));
#138 = CARTESIAN_POINT('',(-154.414245675,559.23406127305,46.76244297785
    ));
#139 = CARTESIAN_POINT('',(-155.7282657266,558.95322968875,
    46.656163095529));
#140 = CARTESIAN_POINT('',(-157.0643323519,558.76344695671,
    46.586395625279));
#141 = CARTESIAN_POINT('',(-158.4196511178,558.6826097716,
    46.556130090964));
#142 = CARTESIAN_POINT('',(-160.4758156776,558.75632132896,
    46.583605632555));
#143 = CARTESIAN_POINT('',(-161.1669731639,558.81351116469,
    46.604956560659));
#144 = CARTESIAN_POINT('',(-161.8609971995,558.90613471947,
    46.639704173632));
#145 = CARTESIAN_POINT('',(-162.5556052297,559.03674871703,
    46.689270009076));
#146 = CARTESIAN_POINT('',(-163.248715806,559.20761623366,
    46.755403006177));
#147 = CARTESIAN_POINT('',(-163.9383937517,559.4206754882,
    46.840296535231));
#148 = CARTESIAN_POINT('',(-164.622761475,559.67749911918,
    46.946707002334));
#149 = CARTESIAN_POINT('',(-165.9559344911,560.2716051311,
    47.205355810118));
#150 = CARTESIAN_POINT('',(-166.6036001264,560.6054313974,
    47.355759128726));
#151 = CARTESIAN_POINT('',(-167.2394269718,560.98064402257,
    47.531879009343));
#152 = CARTESIAN_POINT('',(-167.8602412029,561.39624186625,
    47.736544313974));
#153 = CARTESIAN_POINT('',(-168.463017823,561.85028030833,
    47.972776684203));
#154 = CARTESIAN_POINT('',(-169.0447843397,562.33990529655,
    48.243671349842));
#155 = CARTESIAN_POINT('',(-169.6025514375,562.86142977842,
    48.552230809441));
#156 = CARTESIAN_POINT('',(-170.4667699985,563.75543358525,
    49.120460955975));
#157 = CARTESIAN_POINT('',(-170.789475668,564.11116387596,
    49.355615055561));
#158 = CARTESIAN_POINT('',(-171.1006199101,564.47649694447,
    49.607286577896));
#159 = CARTESIAN_POINT('',(-171.3994395458,564.8501930638,49.87607112051
    ));
#160 = CARTESIAN_POINT('',(-171.6851724315,565.23092151416,
    50.162503115976));
#161 = CARTESIAN_POINT('',(-171.9570543214,565.61727559938,
    50.467040960883));
#162 = CARTESIAN_POINT('',(-172.2143157298,566.00778766347,
    50.790052144816));
#163 = CARTESIAN_POINT('',(-172.6177859831,566.66364196193,
    51.360145146127));
#164 = CARTESIAN_POINT('',(-172.7725315503,566.92754173506,
    51.596874906618));
#165 = CARTESIAN_POINT('',(-172.920144895,567.19213144744,
    51.842015463067));
#166 = CARTESIAN_POINT('',(-173.0603669031,567.45689605997,
    52.095569606542));
#167 = CARTESIAN_POINT('',(-173.1929489663,567.72131993823,
    52.357513472489));
#168 = CARTESIAN_POINT('',(-173.3176520014,567.98488931708,
    52.627794896333));
#169 = CARTESIAN_POINT('',(-173.4342454704,568.24709476545,
    52.906331769069));
#170 = CARTESIAN_POINT('',(-173.7231988113,568.94195108416,
    53.671490046429));
#171 = CARTESIAN_POINT('',(-173.8808145574,569.37159363806,
    54.17300783473));
#172 = CARTESIAN_POINT('',(-174.0139996952,569.79338897465,
    54.696410981083));
#173 = CARTESIAN_POINT('',(-174.1216793852,570.20453150803,
    55.240210720919));
#174 = CARTESIAN_POINT('',(-174.2030388746,570.60245358793,
    55.80259316801));
#175 = CARTESIAN_POINT('',(-174.2575127666,570.9848822151,
    56.381438957547));
#176 = CARTESIAN_POINT('',(-174.2847825769,571.34988128865,
    56.974351666094));
#177 = CARTESIAN_POINT('',(-174.2847825769,571.93147961991,
    57.990210084697));
#178 = CARTESIAN_POINT('',(-174.2721385323,572.15812118118,
    58.40676551066));
#179 = CARTESIAN_POINT('',(-174.2468576285,572.3753045003,
    58.827476901872));
#180 = CARTESIAN_POINT('',(-174.2090084194,572.58261821672,
    59.251413559582));
#181 = CARTESIAN_POINT('',(-174.1587201576,572.77974239521,
    59.677605276972));
#182 = CARTESIAN_POINT('',(-174.096183065,572.9664501272,60.105050048514
    ));
#183 = CARTESIAN_POINT('',(-174.021649544,573.14260751644,
    60.532722682391));
#184 = CARTESIAN_POINT('',(-173.8192348677,573.5313262385,
    61.534924701548));
#185 = CARTESIAN_POINT('',(-173.6818652564,573.73514070102,
    62.108544393613));
#186 = CARTESIAN_POINT('',(-173.5240073645,573.91978546717,
    62.678533439378));
#187 = CARTESIAN_POINT('',(-173.3464099902,574.08563274658,
    63.242987703505));
#188 = CARTESIAN_POINT('',(-173.1498927461,574.23324579357,
    63.800029576848));
#189 = CARTESIAN_POINT('',(-172.9353500543,574.36336272683,
    64.347831081197));
#190 = CARTESIAN_POINT('',(-172.70375725,574.47687530312,64.884639370043
    ));
#191 = CARTESIAN_POINT('',(-172.2147602589,574.67029348694,
    65.919928288842));
#192 = CARTESIAN_POINT('',(-171.9579998733,574.75102097938,
    66.419329744453));
#193 = CARTESIAN_POINT('',(-171.686671212,574.81797163745,66.90584262873
    ));
#194 = CARTESIAN_POINT('',(-171.4015395531,574.87219944069,
    67.37839304829));
#195 = CARTESIAN_POINT('',(-171.1033649895,574.91480559526,
    67.836004955584));
#196 = CARTESIAN_POINT('',(-170.7929055414,574.94691829626,
    68.27780552466));
#197 = CARTESIAN_POINT('',(-170.4709202688,574.96967249012,
    68.703030526925));
#198 = CARTESIAN_POINT('',(-169.6052016928,575.00744211779,
    69.764532297378));
#199 = CARTESIAN_POINT('',(-169.045388895,575.00952852949,
    70.372898871542));
#200 = CARTESIAN_POINT('',(-168.4617113261,574.99517606362,
    70.934051336499));
#201 = CARTESIAN_POINT('',(-167.8570423385,574.96889834488,
    71.446571992031));
#202 = CARTESIAN_POINT('',(-167.2342193394,574.9348316372,
    71.909715076339));
#203 = CARTESIAN_POINT('',(-166.5961305457,574.89657925543,
    72.323404144154));
#204 = CARTESIAN_POINT('',(-165.9458217374,574.85710242931,
    72.688220064002));
#205 = CARTESIAN_POINT('',(-164.6158454046,574.77961453735,
    73.328121039772));
#206 = CARTESIAN_POINT('',(-163.9379656701,574.74176413328,
    73.60050545202));
#207 = CARTESIAN_POINT('',(-163.2548762825,574.70744860767,
    73.825193184994));
#208 = CARTESIAN_POINT('',(-162.5684091502,574.67820395508,
    74.004853945263));
#209 = CARTESIAN_POINT('',(-161.8804536249,574.65492052299,
    74.142188899863));
#210 = CARTESIAN_POINT('',(-161.193041079,574.63795979255,
    74.239954757191));
#211 = CARTESIAN_POINT('',(-160.5083973313,574.62726562769,
    74.30099464807));
#212 = CARTESIAN_POINT('',(-158.4481418684,574.61272377765,
    74.383719567246));
#213 = CARTESIAN_POINT('',(-157.0825107998,574.62729618288,
    74.299984909166));
#214 = CARTESIAN_POINT('',(-155.7363854858,574.6633770071,
    74.100401334672));
#215 = CARTESIAN_POINT('',(-154.4126402964,574.71432760589,
    73.802338753273));
#216 = CARTESIAN_POINT('',(-153.1126503841,574.77332607137,
    73.418396660246));
#217 = CARTESIAN_POINT('',(-151.8359750359,574.83398308275,
    72.956581558838));
#218 = CARTESIAN_POINT('',(-150.5808600269,574.89011000391,
    72.420393742169));
#219 = CARTESIAN_POINT('',(-148.3107382574,574.97167607928,
    71.296065599632));
#220 = CARTESIAN_POINT('',(-147.2999715508,575.00023440186,
    70.735366397878));
#221 = CARTESIAN_POINT('',(-146.3073898659,575.01636044648,
    70.125447464431));
#222 = CARTESIAN_POINT('',(-145.3288385418,575.01580388015,
    69.462011793534));
#223 = CARTESIAN_POINT('',(-144.3641370938,574.99302628786,
    68.739512093207));
#224 = CARTESIAN_POINT('',(-143.4181593204,574.9405518125,
    67.952335350099));
#225 = CARTESIAN_POINT('',(-142.5017632996,574.84851507236,
    67.095777326446));
#226 = CARTESIAN_POINT('',(-141.424476987,574.66985727146,
    65.944264416455));
#227 = CARTESIAN_POINT('',(-141.2183382024,574.63222034866,
    65.716842428905));
#228 = CARTESIAN_POINT('',(-141.0145976406,574.59129264393,
    65.484550573266));
#229 = CARTESIAN_POINT('',(-140.8134002201,574.54682632069,65.2471303542
    ));
#230 = CARTESIAN_POINT('',(-140.6149656884,574.49855102476,
    65.004344166944));
#231 = CARTESIAN_POINT('',(-140.4195882078,574.44617299789,
    64.755975765467));
#232 = CARTESIAN_POINT('',(-140.2276359399,574.38937419135,
    64.501830730618));
#233 = CARTESIAN_POINT('',(-139.7762178738,574.24161908128,
    63.877587202721));
#234 = CARTESIAN_POINT('',(-139.5204067327,574.14606903399,
    63.501695170383));
#235 = CARTESIAN_POINT('',(-139.2730132541,574.04010534135,
    63.113131017369));
#236 = CARTESIAN_POINT('',(-139.0353839681,573.92254350172,
    62.711116619632));
#237 = CARTESIAN_POINT('',(-138.8093221638,573.79206938665,
    62.295049331748));
#238 = CARTESIAN_POINT('',(-138.5970962,573.64724199796,61.864523948165)
  );
#239 = CARTESIAN_POINT('',(-138.4014498512,573.4865000031,
    61.419352846943));
#240 = CARTESIAN_POINT('',(-138.1377659121,573.21907784941,
    60.729879952578));
#241 = CARTESIAN_POINT('',(-138.0547963483,573.12552736339,
    60.496359905721));
#242 = CARTESIAN_POINT('',(-137.9772585943,573.02743878526,
    60.259377108538));
#243 = CARTESIAN_POINT('',(-137.9056750827,572.92474046875,
    60.019279094497));
#244 = CARTESIAN_POINT('',(-137.8405384081,572.81737151486,
    59.776407680346));
#245 = CARTESIAN_POINT('',(-137.7823116514,572.7052823599,
    59.531098649053));
#246 = CARTESIAN_POINT('',(-137.7314287048,572.58843536344,
    59.283681432745));
#247 = CARTESIAN_POINT('',(-137.6569370103,572.37838297932,
    58.853313742143));
#248 = CARTESIAN_POINT('',(-137.6296919256,572.28748142614,
    58.671304500465));
#249 = CARTESIAN_POINT('',(-137.6067404381,572.19418932184,
    58.488769074938));
#250 = CARTESIAN_POINT('',(-137.588228417,572.09860822828,58.30601640799
    ));
#251 = CARTESIAN_POINT('',(-137.5742665048,572.00085268406,
    58.123346380157));
#252 = CARTESIAN_POINT('',(-137.5649301168,571.90105020458,
    57.941049810086));
#253 = CARTESIAN_POINT('',(-137.560259442,571.79934128203,
    57.759408454535));
#254 = CARTESIAN_POINT('',(-137.560259442,571.58233721145,
    57.380374677917));
#255 = CARTESIAN_POINT('',(-137.5658846236,571.46677421324,
    57.183329440209));
#256 = CARTESIAN_POINT('',(-137.5771263106,571.34939389401,
    56.987907535242));
#257 = CARTESIAN_POINT('',(-137.5939262785,571.23042037787,
    56.794447724523));
#258 = CARTESIAN_POINT('',(-137.6161766586,571.1100983048,
    56.603279464814));
#259 = CARTESIAN_POINT('',(-137.6437198416,570.98869272556,
    56.414723081881));
#260 = CARTESIAN_POINT('',(-137.6763483811,570.86648899669,
    56.229089944242));
#261 = CARTESIAN_POINT('',(-137.7720603476,570.5529652826,
    55.762987815643));
#262 = CARTESIAN_POINT('',(-137.841916712,570.3611999331,55.487473050744
    ));
#263 = CARTESIAN_POINT('',(-137.9225582535,570.16897784768,
    55.220240222099));
#264 = CARTESIAN_POINT('',(-138.0131411098,569.9767905601,
    54.961377650291));
#265 = CARTESIAN_POINT('',(-138.1127925198,569.7851385208,
    54.710960919376));
#266 = CARTESIAN_POINT('',(-138.2206100487,569.59452970041,
    54.46905369967));
#267 = CARTESIAN_POINT('',(-138.3356608143,569.40547819331,
    54.235708570533));
#268 = CARTESIAN_POINT('',(-138.4569807123,569.21850282117,
    54.010967843155));
#269 = PCURVE('',#31,#270);
#270 = DEFINITIONAL_REPRESENTATION('',(#271),#428);
#271 = B_SPLINE_CURVE_WITH_KNOTS('',8,(#272,#273,#274,#275,#276,#277,
    #278,#279,#280,#281,#282,#283,#284,#285,#286,#287,#288,#289,#290,
    #291,#292,#293,#294,#295,#296,#297,#298,#299,#300,#301,#302,#303,
    #304,#305,#306,#307,#308,#309,#310,#311,#312,#313,#314,#315,#316,
    #317,#318,#319,#320,#321,#322,#323,#324,#325,#326,#327,#328,#329,
    #330,#331,#332,#333,#334,#335,#336,#337,#338,#339,#340,#341,#342,
    #343,#344,#345,#346,#347,#348,#349,#350,#351,#352,#353,#354,#355,
    #356,#357,#358,#359,#360,#361,#362,#363,#364,#365,#366,#367,#368,
    #369,#370,#371,#372,#373,#374,#375,#376,#377,#378,#379,#380,#381,
    #382,#383,#384,#385,#386,#387,#388,#389,#390,#391,#392,#393,#394,
    #395,#396,#397,#398,#399,#400,#401,#402,#403,#404,#405,#406,#407,
    #408,#409,#410,#411,#412,#413,#414,#415,#416,#417,#418,#419,#420,
    #421,#422,#423,#424,#425,#426,#427),.UNSPECIFIED.,.T.,.F.,(9,7,7,7,7
    ,7,7,7,7,7,7,7,7,7,7,7,7,7,7,7,7,7,9),(0.,2.398753074266E-02,
    0.115632597659,0.146496589557,0.259753724754,0.316431646012,
    0.371346999762,0.405855398346,0.428913095691,0.467397440608,
    0.493602557845,0.528922814032,0.56336427797,0.618530040567,
    0.674665010501,0.78874864679,0.88442883521,0.907386659898,
    0.939529240906,0.955587954391,0.967262299904,0.980074075171,1.),
  .UNSPECIFIED.);
#272 = CARTESIAN_POINT('',(-4.018461542195,-71.54301928765));
#273 = CARTESIAN_POINT('',(-4.004490466219,-71.39807548186));
#274 = CARTESIAN_POINT('',(-3.990940949771,-71.24385214513));
#275 = CARTESIAN_POINT('',(-3.977797565407,-71.08150766409));
#276 = CARTESIAN_POINT('',(-3.965043816423,-70.91205294398));
#277 = CARTESIAN_POINT('',(-3.952662146029,-70.73635363731));
#278 = CARTESIAN_POINT('',(-3.940633946515,-70.55513237243));
#279 = CARTESIAN_POINT('',(-3.928939568419,-70.36897098222));
#280 = CARTESIAN_POINT('',(-3.874075972339,-69.44989728095));
#281 = CARTESIAN_POINT('',(-3.834513468442,-68.64493724554));
#282 = CARTESIAN_POINT('',(-3.798532349739,-67.79431837406));
#283 = CARTESIAN_POINT('',(-3.765755269165,-66.91809515245));
#284 = CARTESIAN_POINT('',(-3.735766315822,-66.0268449538));
#285 = CARTESIAN_POINT('',(-3.708121434174,-65.12231151719));
#286 = CARTESIAN_POINT('',(-3.682385978522,-64.1982669478));
#287 = CARTESIAN_POINT('',(-3.650101858716,-62.92016153512));
#288 = CARTESIAN_POINT('',(-3.642192625867,-62.59628841919));
#289 = CARTESIAN_POINT('',(-3.634504068619,-62.27061511972));
#290 = CARTESIAN_POINT('',(-3.627033399538,-61.94320074542));
#291 = CARTESIAN_POINT('',(-3.619778530218,-61.61408629726));
#292 = CARTESIAN_POINT('',(-3.612738052875,-61.2832943175));
#293 = CARTESIAN_POINT('',(-3.605911221929,-60.95082853875));
#294 = CARTESIAN_POINT('',(-3.575030113531,-59.39047315077));
#295 = CARTESIAN_POINT('',(-3.553688277632,-58.14406874802));
#296 = CARTESIAN_POINT('',(-3.535238625796,-56.87639248636));
#297 = CARTESIAN_POINT('',(-3.51983809244,-55.5857543249));
#298 = CARTESIAN_POINT('',(-3.50782755261,-54.27173427329));
#299 = CARTESIAN_POINT('',(-3.499739527728,-52.93566764808));
#300 = CARTESIAN_POINT('',(-3.49628686166,-51.58034888218));
#301 = CARTESIAN_POINT('',(-3.499433491367,-49.52418432235));
#302 = CARTESIAN_POINT('',(-3.501875331238,-48.83302683601));
#303 = CARTESIAN_POINT('',(-3.505832335054,-48.13900280047));
#304 = CARTESIAN_POINT('',(-3.511420397101,-47.44439477021));
#305 = CARTESIAN_POINT('',(-3.51874884706,-46.75128419393));
#306 = CARTESIAN_POINT('',(-3.527921696976,-46.06160624828));
#307 = CARTESIAN_POINT('',(-3.539039784184,-45.37723852498));
#308 = CARTESIAN_POINT('',(-3.564958461902,-44.04406550889));
#309 = CARTESIAN_POINT('',(-3.579603026514,-43.39639987355));
#310 = CARTESIAN_POINT('',(-3.596179207277,-42.76057302811));
#311 = CARTESIAN_POINT('',(-3.6147025699,-42.139758797));
#312 = CARTESIAN_POINT('',(-3.635163803941,-41.53698217692));
#313 = CARTESIAN_POINT('',(-3.657531972643,-40.95521566021));
#314 = CARTESIAN_POINT('',(-3.681758320879,-40.39744856249));
#315 = CARTESIAN_POINT('',(-3.724130543971,-39.53323000145));
#316 = CARTESIAN_POINT('',(-3.741184987568,-39.21052433196));
#317 = CARTESIAN_POINT('',(-3.758924609117,-38.89938008986));
#318 = CARTESIAN_POINT('',(-3.777329474961,-38.60056045417));
#319 = CARTESIAN_POINT('',(-3.796377950361,-38.31482756847));
#320 = CARTESIAN_POINT('',(-3.816046999542,-38.04294567856));
#321 = CARTESIAN_POINT('',(-3.836312485738,-37.78568427014));
#322 = CARTESIAN_POINT('',(-3.871072253078,-37.38221401685));
#323 = CARTESIAN_POINT('',(-3.885251306358,-37.22746844964));
#324 = CARTESIAN_POINT('',(-3.899676003685,-37.07985510498));
#325 = CARTESIAN_POINT('',(-3.914335628353,-36.93963309687));
#326 = CARTESIAN_POINT('',(-3.929219361112,-36.80705103369));
#327 = CARTESIAN_POINT('',(-3.944316266938,-36.68234799852));
#328 = CARTESIAN_POINT('',(-3.959615281815,-36.56575452953));
#329 = CARTESIAN_POINT('',(-4.000958576179,-36.27680118861));
#330 = CARTESIAN_POINT('',(-4.027363073508,-36.11918544252));
#331 = CARTESIAN_POINT('',(-4.05423091576,-35.98600030479));
#332 = CARTESIAN_POINT('',(-4.081473691054,-35.87832061476));
#333 = CARTESIAN_POINT('',(-4.109002868218,-35.79696112535));
#334 = CARTESIAN_POINT('',(-4.136729906852,-35.74248723335));
#335 = CARTESIAN_POINT('',(-4.1645659606,-35.71521742302));
#336 = CARTESIAN_POINT('',(-4.211388603765,-35.71521742302));
#337 = CARTESIAN_POINT('',(-4.230352956909,-35.72786146762));
#338 = CARTESIAN_POINT('',(-4.249283999225,-35.75314237142));
#339 = CARTESIAN_POINT('',(-4.268151637498,-35.79099158056));
#340 = CARTESIAN_POINT('',(-4.286925840819,-35.8412798424));
#341 = CARTESIAN_POINT('',(-4.305576593564,-35.90381693493));
#342 = CARTESIAN_POINT('',(-4.324073879673,-35.97835045598));
#343 = CARTESIAN_POINT('',(-4.367071761148,-36.18076513226));
#344 = CARTESIAN_POINT('',(-4.391411913372,-36.31813474354));
#345 = CARTESIAN_POINT('',(-4.415362295714,-36.47599263545));
#346 = CARTESIAN_POINT('',(-4.438877531688,-36.65359000977));
#347 = CARTESIAN_POINT('',(-4.461912518385,-36.85010725388));
#348 = CARTESIAN_POINT('',(-4.484422510573,-37.06464994566));
#349 = CARTESIAN_POINT('',(-4.506363498019,-37.29624274997));
#350 = CARTESIAN_POINT('',(-4.548491564469,-37.78523974108));
#351 = CARTESIAN_POINT('',(-4.56872085767,-38.04200012668));
#352 = CARTESIAN_POINT('',(-4.588355953304,-38.31332878794));
#353 = CARTESIAN_POINT('',(-4.607372843996,-38.59846044684));
#354 = CARTESIAN_POINT('',(-4.625748614427,-38.89663501045));
#355 = CARTESIAN_POINT('',(-4.643461738429,-39.20709445852));
#356 = CARTESIAN_POINT('',(-4.66049237608,-39.5290797311));
#357 = CARTESIAN_POINT('',(-4.702979316256,-40.39479830714));
#358 = CARTESIAN_POINT('',(-4.727301557513,-40.95461110497));
#359 = CARTESIAN_POINT('',(-4.74974031447,-41.53828867382));
#360 = CARTESIAN_POINT('',(-4.770256548226,-42.14295766143));
#361 = CARTESIAN_POINT('',(-4.788825243716,-42.76578066058));
#362 = CARTESIAN_POINT('',(-4.805439921077,-43.40386945429));
#363 = CARTESIAN_POINT('',(-4.820116558605,-44.05417826258));
#364 = CARTESIAN_POINT('',(-4.845899580373,-45.38415459535));
#365 = CARTESIAN_POINT('',(-4.856897974209,-46.06203432989));
#366 = CARTESIAN_POINT('',(-4.865988600994,-46.74512371746));
#367 = CARTESIAN_POINT('',(-4.873269296573,-47.43159084973));
#368 = CARTESIAN_POINT('',(-4.878841041525,-48.11954637508));
#369 = CARTESIAN_POINT('',(-4.882810021338,-48.80695892099));
#370 = CARTESIAN_POINT('',(-4.885288828524,-49.49160266866));
#371 = CARTESIAN_POINT('',(-4.888648561288,-51.55185813155));
#372 = CARTESIAN_POINT('',(-4.885248855298,-52.91748920015));
#373 = CARTESIAN_POINT('',(-4.877136106184,-54.26361451416));
#374 = CARTESIAN_POINT('',(-4.865040872076,-55.58735970353));
#375 = CARTESIAN_POINT('',(-4.849508306653,-56.8873496159));
#376 = CARTESIAN_POINT('',(-4.83088602521,-58.16402496405));
#377 = CARTESIAN_POINT('',(-4.809332295906,-59.41913997304));
#378 = CARTESIAN_POINT('',(-4.764240978839,-61.68926174259));
#379 = CARTESIAN_POINT('',(-4.741789145108,-62.70002844919));
#380 = CARTESIAN_POINT('',(-4.71739639497,-63.69261013404));
#381 = CARTESIAN_POINT('',(-4.690880178666,-64.67116145812));
#382 = CARTESIAN_POINT('',(-4.661996652311,-65.63586290615));
#383 = CARTESIAN_POINT('',(-4.630479108302,-66.5818406795));
#384 = CARTESIAN_POINT('',(-4.596057431772,-67.49823670039));
#385 = CARTESIAN_POINT('',(-4.549445835074,-68.57552301291));
#386 = CARTESIAN_POINT('',(-4.54022569515,-68.78166179758));
#387 = CARTESIAN_POINT('',(-4.530791758259,-68.9854023593));
#388 = CARTESIAN_POINT('',(-4.521130966172,-69.18659977986));
#389 = CARTESIAN_POINT('',(-4.51123068333,-69.38503431157));
#390 = CARTESIAN_POINT('',(-4.501078638821,-69.58041179219));
#391 = CARTESIAN_POINT('',(-4.49066286835,-69.77236406002));
#392 = CARTESIAN_POINT('',(-4.4650032018,-70.22378212611));
#393 = CARTESIAN_POINT('',(-4.449491469156,-70.47959326724));
#394 = CARTESIAN_POINT('',(-4.433385427749,-70.72698674588));
#395 = CARTESIAN_POINT('',(-4.416637205614,-70.96461603187));
#396 = CARTESIAN_POINT('',(-4.39920240387,-71.19067783614));
#397 = CARTESIAN_POINT('',(-4.381040213559,-71.4029038));
#398 = CARTESIAN_POINT('',(-4.362113334792,-71.5985501487));
#399 = CARTESIAN_POINT('',(-4.332532598348,-71.8622340878));
#400 = CARTESIAN_POINT('',(-4.322470740045,-71.94520365164));
#401 = CARTESIAN_POINT('',(-4.312212647236,-72.02274140567));
#402 = CARTESIAN_POINT('',(-4.301768525537,-72.09432491724));
#403 = CARTESIAN_POINT('',(-4.291148276839,-72.15946159186));
#404 = CARTESIAN_POINT('',(-4.280361513876,-72.21768834855));
#405 = CARTESIAN_POINT('',(-4.269417574809,-72.26857129517));
#406 = CARTESIAN_POINT('',(-4.250261861168,-72.34306298969));
#407 = CARTESIAN_POINT('',(-4.242124367771,-72.3703080744));
#408 = CARTESIAN_POINT('',(-4.233925194095,-72.39325956187));
#409 = CARTESIAN_POINT('',(-4.225676366274,-72.41177158292));
#410 = CARTESIAN_POINT('',(-4.21738980008,-72.42573349517));
#411 = CARTESIAN_POINT('',(-4.209077300931,-72.4350698831));
#412 = CARTESIAN_POINT('',(-4.200750563884,-72.43974055799));
#413 = CARTESIAN_POINT('',(-4.183280252131,-72.43974055799));
#414 = CARTESIAN_POINT('',(-4.174143431851,-72.43411537634));
#415 = CARTESIAN_POINT('',(-4.165025680632,-72.42287368937));
#416 = CARTESIAN_POINT('',(-4.155942053559,-72.40607372147));
#417 = CARTESIAN_POINT('',(-4.146907735558,-72.38382334135));
#418 = CARTESIAN_POINT('',(-4.137938083972,-72.35628015837));
#419 = CARTESIAN_POINT('',(-4.129048671151,-72.32365161883));
#420 = CARTESIAN_POINT('',(-4.106579196263,-72.22793965234));
#421 = CARTESIAN_POINT('',(-4.093153624596,-72.15808328793));
#422 = CARTESIAN_POINT('',(-4.079988830641,-72.07744174648));
#423 = CARTESIAN_POINT('',(-4.067095427672,-71.98685889015));
#424 = CARTESIAN_POINT('',(-4.054484418945,-71.88720748019));
#425 = CARTESIAN_POINT('',(-4.042167193016,-71.77938995123));
#426 = CARTESIAN_POINT('',(-4.030155519061,-71.66433918561));
#427 = CARTESIAN_POINT('',(-4.018461542195,-71.54301928765));
#428 = ( GEOMETRIC_REPRESENTATION_CONTEXT(2) 
PARAMETRIC_REPRESENTATION_CONTEXT() REPRESENTATION_CONTEXT('2D SPACE',''
  ) );
#429 = PCURVE('',#430,#435);
#430 = CYLINDRICAL_SURFACE('',#431,16.);
#431 = AXIS2_PLACEMENT_3D('',#432,#433,#434);
#432 = CARTESIAN_POINT('',(-170.,550.,70.));
#433 = DIRECTION('',(-0.490657783129,-0.756190230469,0.432933338055));
#434 = DIRECTION('',(0.838882261035,-0.544312917466,0.));
#435 = DEFINITIONAL_REPRESENTATION('',(#436),#593);
#436 = B_SPLINE_CURVE_WITH_KNOTS('',8,(#437,#438,#439,#440,#441,#442,
    #443,#444,#445,#446,#447,#448,#449,#450,#451,#452,#453,#454,#455,
    #456,#457,#458,#459,#460,#461,#462,#463,#464,#465,#466,#467,#468,
    #469,#470,#471,#472,#473,#474,#475,#476,#477,#478,#479,#480,#481,
    #482,#483,#484,#485,#486,#487,#488,#489,#490,#491,#492,#493,#494,
    #495,#496,#497,#498,#499,#500,#501,#502,#503,#504,#505,#506,#507,
    #508,#509,#510,#511,#512,#513,#514,#515,#516,#517,#518,#519,#520,
    #521,#522,#523,#524,#525,#526,#527,#528,#529,#530,#531,#532,#533,
    #534,#535,#536,#537,#538,#539,#540,#541,#542,#543,#544,#545,#546,
    #547,#548,#549,#550,#551,#552,#553,#554,#555,#556,#557,#558,#559,
    #560,#561,#562,#563,#564,#565,#566,#567,#568,#569,#570,#571,#572,
    #573,#574,#575,#576,#577,#578,#579,#580,#581,#582,#583,#584,#585,
    #586,#587,#588,#589,#590,#591,#592),.UNSPECIFIED.,.F.,.F.,(9,7,7,7,7
    ,7,7,7,7,7,7,7,7,7,7,7,7,7,7,7,7,7,9),(0.,2.398753074266E-02,
    0.115632597659,0.146496589557,0.259753724754,0.316431646012,
    0.371346999762,0.405855398346,0.428913095691,0.467397440608,
    0.493602557845,0.528922814032,0.56336427797,0.618530040567,
    0.674665010501,0.78874864679,0.88442883521,0.907386659898,
    0.939529240906,0.955587954391,0.967262299904,0.980074075171,1.),
  .UNSPECIFIED.);
#437 = CARTESIAN_POINT('',(0.,-36.93185705839));
#438 = CARTESIAN_POINT('',(-2.233253223725E-02,-36.808062437));
#439 = CARTESIAN_POINT('',(-4.408866645444E-02,-36.67651800335));
#440 = CARTESIAN_POINT('',(-6.529552767278E-02,-36.53825543132));
#441 = CARTESIAN_POINT('',(-8.598079386386E-02,-36.3941764032));
#442 = CARTESIAN_POINT('',(-0.106173056064,-36.24505514944));
#443 = CARTESIAN_POINT('',(-0.125902178492,-36.09154098834));
#444 = CARTESIAN_POINT('',(-0.145199658657,-35.93416086574));
#445 = CARTESIAN_POINT('',(-0.236304429277,-35.15883187442));
#446 = CARTESIAN_POINT('',(-0.303779081053,-34.48465672305));
#447 = CARTESIAN_POINT('',(-0.367129665493,-33.77898424928));
#448 = CARTESIAN_POINT('',(-0.426949733053,-33.06030205518));
#449 = CARTESIAN_POINT('',(-0.483895628383,-32.33853419527));
#450 = CARTESIAN_POINT('',(-0.538745943997,-31.61621135877));
#451 = CARTESIAN_POINT('',(-0.592429604909,-30.88988694457));
#452 = CARTESIAN_POINT('',(-0.664084064641,-29.90471075667));
#453 = CARTESIAN_POINT('',(-0.68202827755,-29.65666102089));
#454 = CARTESIAN_POINT('',(-0.69987895127,-29.40890375203));
#455 = CARTESIAN_POINT('',(-0.717650024802,-29.16157243537));
#456 = CARTESIAN_POINT('',(-0.735355262502,-28.91479049215));
#457 = CARTESIAN_POINT('',(-0.753008462888,-28.66867220627));
#458 = CARTESIAN_POINT('',(-0.770623667458,-28.42332365118));
#459 = CARTESIAN_POINT('',(-0.852769098751,-27.28171052939));
#460 = CARTESIAN_POINT('',(-0.916872463525,-26.39813368112));
#461 = CARTESIAN_POINT('',(-0.981267349402,-25.53257434109));
#462 = CARTESIAN_POINT('',(-1.046608628287,-24.6902917175));
#463 = CARTESIAN_POINT('',(-1.113505338802,-23.87920755577));
#464 = CARTESIAN_POINT('',(-1.182579786541,-23.11034888322));
#465 = CARTESIAN_POINT('',(-1.25452159276,-22.39732585128));
#466 = CARTESIAN_POINT('',(-1.368105287254,-21.43229758822));
#467 = CARTESIAN_POINT('',(-1.407018244834,-21.12717865467));
#468 = CARTESIAN_POINT('',(-1.446969177898,-20.84164798711));
#469 = CARTESIAN_POINT('',(-1.487987495123,-20.57814347717));
#470 = CARTESIAN_POINT('',(-1.530121772514,-20.33864054593));
#471 = CARTESIAN_POINT('',(-1.573439212694,-20.12460478193));
#472 = CARTESIAN_POINT('',(-1.618026563593,-19.93695331395));
#473 = CARTESIAN_POINT('',(-1.708528982933,-19.62010106768));
#474 = CARTESIAN_POINT('',(-1.754252182297,-19.4896404333));
#475 = CARTESIAN_POINT('',(-1.801132301466,-19.38515099656));
#476 = CARTESIAN_POINT('',(-1.849151527815,-19.30620825786));
#477 = CARTESIAN_POINT('',(-1.898297644664,-19.25151778329));
#478 = CARTESIAN_POINT('',(-1.94856093966,-19.21903981473));
#479 = CARTESIAN_POINT('',(-1.999932755341,-19.20615308837));
#480 = CARTESIAN_POINT('',(-2.085376589232,-19.21214869568));
#481 = CARTESIAN_POINT('',(-2.118772126541,-19.22100436851));
#482 = CARTESIAN_POINT('',(-2.152585449296,-19.23564332946));
#483 = CARTESIAN_POINT('',(-2.18681197816,-19.25524471481));
#484 = CARTESIAN_POINT('',(-2.221447714648,-19.27894482525));
#485 = CARTESIAN_POINT('',(-2.256489207639,-19.30585645886));
#486 = CARTESIAN_POINT('',(-2.291933519883,-19.33508824418));
#487 = CARTESIAN_POINT('',(-2.35172875997,-19.38626077118));
#488 = CARTESIAN_POINT('',(-2.375860010108,-19.40740387907));
#489 = CARTESIAN_POINT('',(-2.400165736336,-19.4289268788));
#490 = CARTESIAN_POINT('',(-2.424640289356,-19.45056623081));
#491 = CARTESIAN_POINT('',(-2.449278478744,-19.47206433078));
#492 = CARTESIAN_POINT('',(-2.47407547254,-19.4931725663));
#493 = CARTESIAN_POINT('',(-2.499026696836,-19.51365437363));
#494 = CARTESIAN_POINT('',(-2.56602250959,-19.56605820057));
#495 = CARTESIAN_POINT('',(-2.608365938947,-19.59649053968));
#496 = CARTESIAN_POINT('',(-2.651078735153,-19.62350105674));
#497 = CARTESIAN_POINT('',(-2.694087721028,-19.64614010921));
#498 = CARTESIAN_POINT('',(-2.73732412602,-19.66365112173));
#499 = CARTESIAN_POINT('',(-2.780721845161,-19.67551023448));
#500 = CARTESIAN_POINT('',(-2.824215661481,-19.68144714526));
#501 = CARTESIAN_POINT('',(-2.897376041426,-19.68144714526));
#502 = CARTESIAN_POINT('',(-2.927007841816,-19.67869444755));
#503 = CARTESIAN_POINT('',(-2.95661101778,-19.67319063695));
#504 = CARTESIAN_POINT('',(-2.986161924419,-19.66499394066));
#505 = CARTESIAN_POINT('',(-3.01563678106,-19.65421904283));
#506 = CARTESIAN_POINT('',(-3.045011368774,-19.64103482512));
#507 = CARTESIAN_POINT('',(-3.074260731511,-19.62566003312));
#508 = CARTESIAN_POINT('',(-3.142578476057,-19.58503500392));
#509 = CARTESIAN_POINT('',(-3.181506501717,-19.55821989018));
#510 = CARTESIAN_POINT('',(-3.220122790803,-19.52853340151));
#511 = CARTESIAN_POINT('',(-3.258405738166,-19.49671395918));
#512 = CARTESIAN_POINT('',(-3.296331915431,-19.46359822087));
#513 = CARTESIAN_POINT('',(-3.333875705952,-19.43009688229));
#514 = CARTESIAN_POINT('',(-3.37100895986,-19.39716459108));
#515 = CARTESIAN_POINT('',(-3.443479463564,-19.33514462423));
#516 = CARTESIAN_POINT('',(-3.478859374591,-19.30596390773));
#517 = CARTESIAN_POINT('',(-3.513837956913,-19.27909321372));
#518 = CARTESIAN_POINT('',(-3.548412287275,-19.25541898587));
#519 = CARTESIAN_POINT('',(-3.582578931108,-19.23582356352));
#520 = CARTESIAN_POINT('',(-3.616333909116,-19.22116602371));
#521 = CARTESIAN_POINT('',(-3.649672663866,-19.2122630232));
#522 = CARTESIAN_POINT('',(-3.735314597222,-19.20603609915));
#523 = CARTESIAN_POINT('',(-3.786882025566,-19.21890815793));
#524 = CARTESIAN_POINT('',(-3.837306450506,-19.25149929564));
#525 = CARTESIAN_POINT('',(-3.886596522998,-19.30642660821));
#526 = CARTESIAN_POINT('',(-3.934755922604,-19.38574856724));
#527 = CARTESIAN_POINT('',(-3.981782802015,-19.49080593377));
#528 = CARTESIAN_POINT('',(-4.027667226428,-19.6220920478));
#529 = CARTESIAN_POINT('',(-4.117889781835,-19.9390252345));
#530 = CARTESIAN_POINT('',(-4.162043977872,-20.12508580367));
#531 = CARTESIAN_POINT('',(-4.204953159341,-20.33702505278));
#532 = CARTESIAN_POINT('',(-4.246701116346,-20.57394984085));
#533 = CARTESIAN_POINT('',(-4.28735278115,-20.8344369896));
#534 = CARTESIAN_POINT('',(-4.326955096544,-21.11656966785));
#535 = CARTESIAN_POINT('',(-4.365536504181,-21.41798242462));
#536 = CARTESIAN_POINT('',(-4.479455973762,-22.38205202238));
#537 = CARTESIAN_POINT('',(-4.551973524017,-23.09938057058));
#538 = CARTESIAN_POINT('',(-4.621572243288,-23.87355778287));
#539 = CARTESIAN_POINT('',(-4.688957132606,-24.69063323627));
#540 = CARTESIAN_POINT('',(-4.754763867783,-25.53931879992));
#541 = CARTESIAN_POINT('',(-4.819614491594,-26.41153288885));
#542 = CARTESIAN_POINT('',(-4.884178942795,-27.30194104748));
#543 = CARTESIAN_POINT('',(-5.003764923692,-28.96423256751));
#544 = CARTESIAN_POINT('',(-5.058102569333,-29.72451402062));
#545 = CARTESIAN_POINT('',(-5.11295148433,-30.48778054688));
#546 = CARTESIAN_POINT('',(-5.168968463462,-31.2547169198));
#547 = CARTESIAN_POINT('',(-5.226745415545,-32.02362520792));
#548 = CARTESIAN_POINT('',(-5.286817265963,-32.78889093448));
#549 = CARTESIAN_POINT('',(-5.349682753373,-33.53976301525));
#550 = CARTESIAN_POINT('',(-5.431716668648,-34.43177097344));
#551 = CARTESIAN_POINT('',(-5.447812064062,-34.60291245944));
#552 = CARTESIAN_POINT('',(-5.46415169126,-34.77249710977));
#553 = CARTESIAN_POINT('',(-5.480757423564,-34.94037831886));
#554 = CARTESIAN_POINT('',(-5.497649946305,-35.10634669361));
#555 = CARTESIAN_POINT('',(-5.514849041205,-35.27012938404));
#556 = CARTESIAN_POINT('',(-5.532373870768,-35.43138941391));
#557 = CARTESIAN_POINT('',(-5.575261677252,-35.81140606503));
#558 = CARTESIAN_POINT('',(-5.600961111361,-36.02740397247));
#559 = CARTESIAN_POINT('',(-5.6274245421,-36.23688317492));
#560 = CARTESIAN_POINT('',(-5.65472838325,-36.43862415414));
#561 = CARTESIAN_POINT('',(-5.682943440723,-36.63100928653));
#562 = CARTESIAN_POINT('',(-5.71213632229,-36.81201134248));
#563 = CARTESIAN_POINT('',(-5.742371301592,-36.97918463093));
#564 = CARTESIAN_POINT('',(-5.789371040335,-37.20483698956));
#565 = CARTESIAN_POINT('',(-5.805317329101,-37.27590330163));
#566 = CARTESIAN_POINT('',(-5.821535945874,-37.34237193307));
#567 = CARTESIAN_POINT('',(-5.838012519734,-37.40378191121));
#568 = CARTESIAN_POINT('',(-5.85473379607,-37.45969750564));
#569 = CARTESIAN_POINT('',(-5.871687566964,-37.50970865084));
#570 = CARTESIAN_POINT('',(-5.888862601568,-37.5534313688));
#571 = CARTESIAN_POINT('',(-5.918887813038,-37.61746225862));
#572 = CARTESIAN_POINT('',(-5.93163150321,-37.64088927359));
#573 = CARTESIAN_POINT('',(-5.944462246608,-37.66062969279));
#574 = CARTESIAN_POINT('',(-5.957362919079,-37.67655499297));
#575 = CARTESIAN_POINT('',(-5.970316672723,-37.68856767128));
#576 = CARTESIAN_POINT('',(-5.983306935889,-37.69660124532));
#577 = CARTESIAN_POINT('',(-5.996317413178,-37.70062025312));
#578 = CARTESIAN_POINT('',(-6.023614775292,-37.70062025312));
#579 = CARTESIAN_POINT('',(-6.037891057062,-37.69578005621));
#580 = CARTESIAN_POINT('',(-6.052140164443,-37.686107042));
#581 = CARTESIAN_POINT('',(-6.066341185573,-37.67165259804));
#582 = CARTESIAN_POINT('',(-6.080472920099,-37.6525120125));
#583 = CARTESIAN_POINT('',(-6.094513736237,-37.62882436672));
#584 = CARTESIAN_POINT('',(-6.108441427834,-37.60077242788));
#585 = CARTESIAN_POINT('',(-6.143682967933,-37.51851818738));
#586 = CARTESIAN_POINT('',(-6.16477527184,-37.4585110615));
#587 = CARTESIAN_POINT('',(-6.185500938447,-37.38928119901));
#588 = CARTESIAN_POINT('',(-6.205849126733,-37.31157610355));
#589 = CARTESIAN_POINT('',(-6.225807161891,-37.22616971511));
#590 = CARTESIAN_POINT('',(-6.245360497877,-37.13386137768));
#591 = CARTESIAN_POINT('',(-6.264492679942,-37.03547480702));
#592 = CARTESIAN_POINT('',(-6.28318530718,-36.93185705839));
#593 = ( GEOMETRIC_REPRESENTATION_CONTEXT(2) 
PARAMETRIC_REPRESENTATION_CONTEXT() REPRESENTATION_CONTEXT('2D SPACE',''
  ) );
#594 = ADVANCED_FACE('',(#595,#598),#43,.F.);
#595 = FACE_BOUND('',#596,.F.);
#596 = EDGE_LOOP('',(#597));
#597 = ORIENTED_EDGE('',*,*,#21,.T.);
#598 = FACE_BOUND('',#599,.F.);
#599 = EDGE_LOOP('',(#600));
#600 = ORIENTED_EDGE('',*,*,#601,.T.);
#601 = EDGE_CURVE('',#602,#602,#604,.T.);
#602 = VERTEX_POINT('',#603);
#603 = CARTESIAN_POINT('',(-210.,550.,87.5));
#604 = SURFACE_CURVE('',#605,(#610,#621),.PCURVE_S1.);
#605 = CIRCLE('',#606,17.5);
#606 = AXIS2_PLACEMENT_3D('',#607,#608,#609);
#607 = CARTESIAN_POINT('',(-210.,550.,70.));
#608 = DIRECTION('',(-1.,-0.,0.));
#609 = DIRECTION('',(0.,0.,1.));
#610 = PCURVE('',#43,#611);
#611 = DEFINITIONAL_REPRESENTATION('',(#612),#620);
#612 = ( BOUNDED_CURVE() B_SPLINE_CURVE(2,(#613,#614,#615,#616,#617,#618
,#619),.UNSPECIFIED.,.T.,.F.) B_SPLINE_CURVE_WITH_KNOTS((1,2,2,2,2,1),(
    -2.094395102393,0.,2.094395102393,4.188790204786,6.28318530718,
8.377580409573),.UNSPECIFIED.) CURVE() GEOMETRIC_REPRESENTATION_ITEM() 
RATIONAL_B_SPLINE_CURVE((1.,0.5,1.,0.5,1.,0.5,1.)) REPRESENTATION_ITEM(
  '') );
#613 = CARTESIAN_POINT('',(17.5,0.));
#614 = CARTESIAN_POINT('',(17.5,-30.31088913245));
#615 = CARTESIAN_POINT('',(-8.75,-15.15544456622));
#616 = CARTESIAN_POINT('',(-35.,-4.286263797016E-15));
#617 = CARTESIAN_POINT('',(-8.75,15.155444566228));
#618 = CARTESIAN_POINT('',(17.5,30.310889132455));
#619 = CARTESIAN_POINT('',(17.5,0.));
#620 = ( GEOMETRIC_REPRESENTATION_CONTEXT(2) 
PARAMETRIC_REPRESENTATION_CONTEXT() REPRESENTATION_CONTEXT('2D SPACE',''
  ) );
#621 = PCURVE('',#622,#627);
#622 = CYLINDRICAL_SURFACE('',#623,17.5);
#623 = AXIS2_PLACEMENT_3D('',#624,#625,#626);
#624 = CARTESIAN_POINT('',(-225.,550.,70.));
#625 = DIRECTION('',(-1.,-0.,0.));
#626 = DIRECTION('',(0.,0.,1.));
#627 = DEFINITIONAL_REPRESENTATION('',(#628),#632);
#628 = LINE('',#629,#630);
#629 = CARTESIAN_POINT('',(-6.28318530718,-15.));
#630 = VECTOR('',#631,1.);
#631 = DIRECTION('',(1.,-0.));
#632 = ( GEOMETRIC_REPRESENTATION_CONTEXT(2) 
PARAMETRIC_REPRESENTATION_CONTEXT() REPRESENTATION_CONTEXT('2D SPACE',''
  ) );
#633 = ADVANCED_FACE('',(#634,#637),#93,.T.);
#634 = FACE_BOUND('',#635,.T.);
#635 = EDGE_LOOP('',(#636));
#636 = ORIENTED_EDGE('',*,*,#78,.T.);
#637 = FACE_BOUND('',#638,.T.);
#638 = EDGE_LOOP('',(#639));
#639 = ORIENTED_EDGE('',*,*,#640,.T.);
#640 = EDGE_CURVE('',#641,#641,#643,.T.);
#641 = VERTEX_POINT('',#642);
#642 = CARTESIAN_POINT('',(-130.,550.,87.5));
#643 = SURFACE_CURVE('',#644,(#649,#660),.PCURVE_S1.);
#644 = CIRCLE('',#645,17.5);
#645 = AXIS2_PLACEMENT_3D('',#646,#647,#648);
#646 = CARTESIAN_POINT('',(-130.,550.,70.));
#647 = DIRECTION('',(-1.,-0.,0.));
#648 = DIRECTION('',(0.,0.,1.));
#649 = PCURVE('',#93,#650);
#650 = DEFINITIONAL_REPRESENTATION('',(#651),#659);
#651 = ( BOUNDED_CURVE() B_SPLINE_CURVE(2,(#652,#653,#654,#655,#656,#657
,#658),.UNSPECIFIED.,.T.,.F.) B_SPLINE_CURVE_WITH_KNOTS((1,2,2,2,2,1),(
    -2.094395102393,0.,2.094395102393,4.188790204786,6.28318530718,
8.377580409573),.UNSPECIFIED.) CURVE() GEOMETRIC_REPRESENTATION_ITEM() 
RATIONAL_B_SPLINE_CURVE((1.,0.5,1.,0.5,1.,0.5,1.)) REPRESENTATION_ITEM(
  '') );
#652 = CARTESIAN_POINT('',(17.5,0.));
#653 = CARTESIAN_POINT('',(17.5,-30.31088913245));
#654 = CARTESIAN_POINT('',(-8.75,-15.15544456622));
#655 = CARTESIAN_POINT('',(-35.,-4.286263797016E-15));
#656 = CARTESIAN_POINT('',(-8.75,15.155444566228));
#657 = CARTESIAN_POINT('',(17.5,30.310889132455));
#658 = CARTESIAN_POINT('',(17.5,0.));
#659 = ( GEOMETRIC_REPRESENTATION_CONTEXT(2) 
PARAMETRIC_REPRESENTATION_CONTEXT() REPRESENTATION_CONTEXT('2D SPACE',''
  ) );
#660 = PCURVE('',#622,#661);
#661 = DEFINITIONAL_REPRESENTATION('',(#662),#666);
#662 = LINE('',#663,#664);
#663 = CARTESIAN_POINT('',(-6.28318530718,-95.));
#664 = VECTOR('',#665,1.);
#665 = DIRECTION('',(1.,-0.));
#666 = ( GEOMETRIC_REPRESENTATION_CONTEXT(2) 
PARAMETRIC_REPRESENTATION_CONTEXT() REPRESENTATION_CONTEXT('2D SPACE',''
  ) );
#667 = ADVANCED_FACE('',(#668),#430,.T.);
#668 = FACE_BOUND('',#669,.F.);
#669 = EDGE_LOOP('',(#670,#693,#694,#695,#732,#1177,#1211));
#670 = ORIENTED_EDGE('',*,*,#671,.F.);
#671 = EDGE_CURVE('',#109,#672,#674,.T.);
#672 = VERTEX_POINT('',#673);
#673 = CARTESIAN_POINT('',(-1.42108547152E-12,782.60514368371,
    -68.15695631479));
#674 = SEAM_CURVE('',#675,(#679,#686),.PCURVE_S1.);
#675 = LINE('',#676,#677);
#676 = CARTESIAN_POINT('',(-156.5778838234,541.29099332054,70.));
#677 = VECTOR('',#678,1.);
#678 = DIRECTION('',(0.490657783129,0.756190230469,-0.432933338055));
#679 = PCURVE('',#430,#680);
#680 = DEFINITIONAL_REPRESENTATION('',(#681),#685);
#681 = LINE('',#682,#683);
#682 = CARTESIAN_POINT('',(-6.28318530718,0.));
#683 = VECTOR('',#684,1.);
#684 = DIRECTION('',(-0.,-1.));
#685 = ( GEOMETRIC_REPRESENTATION_CONTEXT(2) 
PARAMETRIC_REPRESENTATION_CONTEXT() REPRESENTATION_CONTEXT('2D SPACE',''
  ) );
#686 = PCURVE('',#430,#687);
#687 = DEFINITIONAL_REPRESENTATION('',(#688),#692);
#688 = LINE('',#689,#690);
#689 = CARTESIAN_POINT('',(-0.,0.));
#690 = VECTOR('',#691,1.);
#691 = DIRECTION('',(-0.,-1.));
#692 = ( GEOMETRIC_REPRESENTATION_CONTEXT(2) 
PARAMETRIC_REPRESENTATION_CONTEXT() REPRESENTATION_CONTEXT('2D SPACE',''
  ) );
#693 = ORIENTED_EDGE('',*,*,#108,.F.);
#694 = ORIENTED_EDGE('',*,*,#671,.T.);
#695 = ORIENTED_EDGE('',*,*,#696,.F.);
#696 = EDGE_CURVE('',#697,#672,#699,.T.);
#697 = VERTEX_POINT('',#698);
#698 = CARTESIAN_POINT('',(-1.555073299297E-08,787.01042257999,
    -79.27818362525));
#699 = SURFACE_CURVE('',#700,(#705,#716),.PCURVE_S1.);
#700 = ELLIPSE('',#701,32.609286044502,16.);
#701 = AXIS2_PLACEMENT_3D('',#702,#703,#704);
#702 = CARTESIAN_POINT('',(0.,812.,-80.));
#703 = DIRECTION('',(-1.,0.,0.));
#704 = DIRECTION('',(0.,-0.867835175415,0.496852199665));
#705 = PCURVE('',#430,#706);
#706 = DEFINITIONAL_REPRESENTATION('',(#707),#715);
#707 = B_SPLINE_CURVE_WITH_KNOTS('',6,(#708,#709,#710,#711,#712,#713,
    #714),.UNSPECIFIED.,.F.,.F.,(7,7),(5.454163561029,6.009332085439),
  .PIECEWISE_BEZIER_KNOTS.);
#708 = CARTESIAN_POINT('',(-0.555168524411,-327.2771213846));
#709 = CARTESIAN_POINT('',(-0.462640437009,-325.3387556087));
#710 = CARTESIAN_POINT('',(-0.370112349607,-323.5976103414));
#711 = CARTESIAN_POINT('',(-0.277584262205,-322.0835548272));
#712 = CARTESIAN_POINT('',(-0.185056174804,-320.8214029567));
#713 = CARTESIAN_POINT('',(-9.252808740179E-02,-319.8293370837));
#714 = CARTESIAN_POINT('',(2.13162820728E-14,-319.118312615));
#715 = ( GEOMETRIC_REPRESENTATION_CONTEXT(2) 
PARAMETRIC_REPRESENTATION_CONTEXT() REPRESENTATION_CONTEXT('2D SPACE',''
  ) );
#716 = PCURVE('',#717,#722);
#717 = CYLINDRICAL_SURFACE('',#718,16.);
#718 = AXIS2_PLACEMENT_3D('',#719,#720,#721);
#719 = CARTESIAN_POINT('',(170.,550.,70.));
#720 = DIRECTION('',(0.490657783129,-0.756190230469,0.432933338055));
#721 = DIRECTION('',(0.838882261035,0.544312917466,0.));
#722 = DEFINITIONAL_REPRESENTATION('',(#723),#731);
#723 = B_SPLINE_CURVE_WITH_KNOTS('',6,(#724,#725,#726,#727,#728,#729,
    #730),.UNSPECIFIED.,.F.,.F.,(7,7),(5.454163561029,6.009332085439),
  .PIECEWISE_BEZIER_KNOTS.);
#724 = CARTESIAN_POINT('',(-2.586424129179,-327.2771213846));
#725 = CARTESIAN_POINT('',(-2.678952216581,-325.3387556087));
#726 = CARTESIAN_POINT('',(-2.771480303983,-323.5976103414));
#727 = CARTESIAN_POINT('',(-2.864008391384,-322.0835548272));
#728 = CARTESIAN_POINT('',(-2.956536478786,-320.8214029567));
#729 = CARTESIAN_POINT('',(-3.049064566188,-319.8293370837));
#730 = CARTESIAN_POINT('',(-3.14159265359,-319.118312615));
#731 = ( GEOMETRIC_REPRESENTATION_CONTEXT(2) 
PARAMETRIC_REPRESENTATION_CONTEXT() REPRESENTATION_CONTEXT('2D SPACE',''
  ) );
#732 = ORIENTED_EDGE('',*,*,#733,.T.);
#733 = EDGE_CURVE('',#697,#734,#736,.T.);
#734 = VERTEX_POINT('',#735);
#735 = CARTESIAN_POINT('',(-5.851384186212E-10,798.7259081168,
    -58.81513548105));
#736 = SURFACE_CURVE('',#737,(#880,#1026),.PCURVE_S1.);
#737 = B_SPLINE_CURVE_WITH_KNOTS('',8,(#738,#739,#740,#741,#742,#743,
    #744,#745,#746,#747,#748,#749,#750,#751,#752,#753,#754,#755,#756,
    #757,#758,#759,#760,#761,#762,#763,#764,#765,#766,#767,#768,#769,
    #770,#771,#772,#773,#774,#775,#776,#777,#778,#779,#780,#781,#782,
    #783,#784,#785,#786,#787,#788,#789,#790,#791,#792,#793,#794,#795,
    #796,#797,#798,#799,#800,#801,#802,#803,#804,#805,#806,#807,#808,
    #809,#810,#811,#812,#813,#814,#815,#816,#817,#818,#819,#820,#821,
    #822,#823,#824,#825,#826,#827,#828,#829,#830,#831,#832,#833,#834,
    #835,#836,#837,#838,#839,#840,#841,#842,#843,#844,#845,#846,#847,
    #848,#849,#850,#851,#852,#853,#854,#855,#856,#857,#858,#859,#860,
    #861,#862,#863,#864,#865,#866,#867,#868,#869,#870,#871,#872,#873,
    #874,#875,#876,#877,#878,#879),.UNSPECIFIED.,.T.,.F.,(9,7,7,7,7,7,7,
    7,7,7,7,7,7,7,7,7,7,7,7,7,9),(0.,4.627550661329E-02,
    9.522654128942E-02,0.133257057525,0.18352900267,0.291987335659,
    0.389293758594,0.412407917011,0.444769868671,0.472586196887,
    0.492980636584,0.531581461011,0.633456518974,0.763557808652,
    0.819284698211,0.873616104335,0.908548057959,0.931441234715,
    0.944179554919,0.969669510968,1.),.UNSPECIFIED.);
#738 = CARTESIAN_POINT('',(3.81300007291,788.48164967844,-71.52136814383
    ));
#739 = CARTESIAN_POINT('',(3.63862571068,788.21290801429,-72.26681395519
    ));
#740 = CARTESIAN_POINT('',(3.42950007128,787.97684655811,-73.00624878962
    ));
#741 = CARTESIAN_POINT('',(3.187258438322,787.77259718152,
    -73.73581972234));
#742 = CARTESIAN_POINT('',(2.913636076401,787.59880743922,
    -74.45176479747));
#743 = CARTESIAN_POINT('',(2.610474905421,787.45369001185,
    -75.15047109544));
#744 = CARTESIAN_POINT('',(2.279736430409,787.33509033708,
    -75.82854038758));
#745 = CARTESIAN_POINT('',(1.923520926787,787.24057242879,
    -76.48286237799));
#746 = CARTESIAN_POINT('',(1.142727303947,787.09024980758,-77.7748283488
    ));
#747 = CARTESIAN_POINT('',(0.714765811761,787.03687942513,
    -78.41034926718));
#748 = CARTESIAN_POINT('',(0.262382528527,787.00438146891,
    -79.01445766943));
#749 = CARTESIAN_POINT('',(-0.212264837856,786.98955930133,
    -79.58482493357));
#750 = CARTESIAN_POINT('',(-0.707047414256,786.98919769357,
    -80.11962290867));
#751 = CARTESIAN_POINT('',(-1.219863450048,787.00019231231,
    -80.61753465704));
#752 = CARTESIAN_POINT('',(-1.748622473885,787.01966091476,
    -81.07774746374));
#753 = CARTESIAN_POINT('',(-2.71276077121,787.06475058895,
    -81.82792420527));
#754 = CARTESIAN_POINT('',(-3.142407127907,787.08801821344,
    -82.13277073976));
#755 = CARTESIAN_POINT('',(-3.57918035919,787.11362818306,
    -82.41438412284));
#756 = CARTESIAN_POINT('',(-4.02211317114,787.14048986212,
    -82.67284986817));
#757 = CARTESIAN_POINT('',(-4.470231106173,787.16765222303,
    -82.90840860787));
#758 = CARTESIAN_POINT('',(-4.922537803313,787.19431461869,
    -83.12144418258));
#759 = CARTESIAN_POINT('',(-5.377999418893,787.21982902584,
    -83.31247381087));
#760 = CARTESIAN_POINT('',(-6.44032836422,787.27524017831,
    -83.70641986891));
#761 = CARTESIAN_POINT('',(-7.048090741087,787.3038700134,
    -83.89312960605));
#762 = CARTESIAN_POINT('',(-7.657747612286,787.32851218299,
    -84.04443255954));
#763 = CARTESIAN_POINT('',(-8.268229760725,787.34851779832,
    -84.16240065879));
#764 = CARTESIAN_POINT('',(-8.878437454581,787.36357937089,
    -84.24904372664));
#765 = CARTESIAN_POINT('',(-9.487213278757,787.37365955379,
    -84.30633476207));
#766 = CARTESIAN_POINT('',(-10.09331682143,787.37892941718,
    -84.33623153126));
#767 = CARTESIAN_POINT('',(-11.99435771192,787.38141381364,
    -84.35032295059));
#768 = CARTESIAN_POINT('',(-13.27869682074,787.36225007877,
    -84.2416020054));
#769 = CARTESIAN_POINT('',(-14.54506308858,787.32529227345,
    -84.03300853583));
#770 = CARTESIAN_POINT('',(-15.79126801006,787.27613320452,
    -83.73846028246));
#771 = CARTESIAN_POINT('',(-17.0163829605,787.22046460899,-83.368077144)
  );
#772 = CARTESIAN_POINT('',(-18.22088834575,787.16365347286,
    -82.92831294331));
#773 = CARTESIAN_POINT('',(-19.40621344057,787.1109594515,
    -82.42203446809));
#774 = CARTESIAN_POINT('',(-21.62028023292,787.03029815445,
    -81.33420061655));
#775 = CARTESIAN_POINT('',(-22.6418676131,787.00073635618,
    -80.77100653497));
#776 = CARTESIAN_POINT('',(-23.64471915392,786.98363756191,
    -80.15783429539));
#777 = CARTESIAN_POINT('',(-24.63323403025,786.9833272964,
    -79.49034230224));
#778 = CARTESIAN_POINT('',(-25.60778679465,787.00544269618,
    -78.76281275775));
#779 = CARTESIAN_POINT('',(-26.56355308008,787.05762882653,
    -77.96939321525));
#780 = CARTESIAN_POINT('',(-27.48948592074,787.15003369315,
    -77.10513104757));
#781 = CARTESIAN_POINT('',(-28.57551351553,787.33014115348,
    -75.94427456821));
#782 = CARTESIAN_POINT('',(-28.7816506779,787.36777750054,
    -75.71685493354));
#783 = CARTESIAN_POINT('',(-28.98539428832,787.40870549507,
    -75.48456024354));
#784 = CARTESIAN_POINT('',(-29.18659672302,787.45317273198,
    -75.24713448945));
#785 = CARTESIAN_POINT('',(-29.38503602732,787.50144920992,
    -75.00434242188));
#786 = CARTESIAN_POINT('',(-29.58041633097,787.55382821165,
    -74.75597001289));
#787 = CARTESIAN_POINT('',(-29.77236826337,787.61062718446,
    -74.50182491801));
#788 = CARTESIAN_POINT('',(-30.22378024744,787.7583803038,
    -73.87758980063));
#789 = CARTESIAN_POINT('',(-30.47959038563,787.85392985415,
    -73.50169947127));
#790 = CARTESIAN_POINT('',(-30.72698356156,787.9598932023,
    -73.11313618877));
#791 = CARTESIAN_POINT('',(-30.96461307077,788.07745488012,
    -72.71112190671));
#792 = CARTESIAN_POINT('',(-31.19067545605,788.20792904197,
    -72.29505406635));
#793 = CARTESIAN_POINT('',(-31.40290220078,788.35275670708,
    -71.8645275538));
#794 = CARTESIAN_POINT('',(-31.59854938579,788.51349922315,
    -71.41935484179));
#795 = CARTESIAN_POINT('',(-31.92552297338,788.84510827486,
    -70.5643940634));
#796 = CARTESIAN_POINT('',(-32.06316310331,789.01253663286,
    -70.15544040628));
#797 = CARTESIAN_POINT('',(-32.18354267613,789.19417473194,
    -69.73593023964));
#798 = CARTESIAN_POINT('',(-32.28355283296,789.38991720297,
    -69.30885177313));
#799 = CARTESIAN_POINT('',(-32.36072019402,789.59945137903,
    -68.87701426004));
#800 = CARTESIAN_POINT('',(-32.41319421114,789.82223126182,
    -68.44307005021));
#801 = CARTESIAN_POINT('',(-32.43974055799,790.05746567645,
    -68.00951896703));
#802 = CARTESIAN_POINT('',(-32.43974055799,790.48496365124,
    -67.2628225044));
#803 = CARTESIAN_POINT('',(-32.42547027684,790.6706290358,
    -66.95071619263));
#804 = CARTESIAN_POINT('',(-32.39704985998,790.8604142703,
    -66.64350055886));
#805 = CARTESIAN_POINT('',(-32.3548482596,791.05351663409,
    -66.34224427813));
#806 = CARTESIAN_POINT('',(-32.29948427003,791.24903019832,
    -66.04796566865));
#807 = CARTESIAN_POINT('',(-32.23182823447,791.44594369634,-65.761639183
    ));
#808 = CARTESIAN_POINT('',(-32.15300442327,791.64313925021,
    -65.48420293661));
#809 = CARTESIAN_POINT('',(-31.89668012747,792.21084202709,
    -64.71000973105));
#810 = CARTESIAN_POINT('',(-31.69365451453,792.57947471756,
    -64.23779773298));
#811 = CARTESIAN_POINT('',(-31.46167293264,792.94320877837,
    -63.79777860478));
#812 = CARTESIAN_POINT('',(-31.20615973059,793.30046654261,
    -63.38770095124));
#813 = CARTESIAN_POINT('',(-30.93164039071,793.6501588605,
    -63.00526554294));
#814 = CARTESIAN_POINT('',(-30.64176718917,793.991659457,-62.64816815124
    ));
#815 = CARTESIAN_POINT('',(-30.33933804403,794.3247687092,
    -62.31413433136));
#816 = CARTESIAN_POINT('',(-29.20016304166,795.50713599731,
    -61.17438184562));
#817 = CARTESIAN_POINT('',(-28.28264525943,796.32561755476,
    -60.47546559909));
#818 = CARTESIAN_POINT('',(-27.31369707326,797.0943819731,
    -59.88366421505));
#819 = CARTESIAN_POINT('',(-26.31820899837,797.81012937832,
    -59.37958341322));
#820 = CARTESIAN_POINT('',(-25.30825162029,798.47517729542,
    -58.94632086176));
#821 = CARTESIAN_POINT('',(-24.28414636989,799.09550473115,
    -58.56965665331));
#822 = CARTESIAN_POINT('',(-23.23597679652,799.67840527879,
    -58.23842797422));
#823 = CARTESIAN_POINT('',(-20.75527488259,800.9292230114,
    -57.57077310693));
#824 = CARTESIAN_POINT('',(-19.33585503508,801.55621080353,
    -57.26886913384));
#825 = CARTESIAN_POINT('',(-17.88907397919,802.10694901306,
    -57.02602456159));
#826 = CARTESIAN_POINT('',(-16.41185287512,802.57538717157,
    -56.83491709788));
#827 = CARTESIAN_POINT('',(-14.90248151915,802.94898798495,
    -56.69206438879));
#828 = CARTESIAN_POINT('',(-13.36243440729,803.20791678187,
    -56.59711514907));
#829 = CARTESIAN_POINT('',(-11.79598607624,803.32512061812,
    -56.55324863448));
#830 = CARTESIAN_POINT('',(-9.530625253037,803.24390957231,
    -56.58351956548));
#831 = CARTESIAN_POINT('',(-8.845952908794,803.18755820622,
    -56.6045573401));
#832 = CARTESIAN_POINT('',(-8.158410091446,803.09645120355,
    -56.63873406923));
#833 = CARTESIAN_POINT('',(-7.470234563347,802.96809625823,
    -56.68743148507));
#834 = CARTESIAN_POINT('',(-6.78346585252,802.80028694893,
    -56.75234470573));
#835 = CARTESIAN_POINT('',(-6.099997754724,802.59113151383,
    -56.83559423887));
#836 = CARTESIAN_POINT('',(-5.421662828979,802.33909036938,
    -56.93983938877));
#837 = CARTESIAN_POINT('',(-4.09584563451,801.75436835573,
    -57.19372757135));
#838 = CARTESIAN_POINT('',(-3.44927615129,801.42442039927,
    -57.34192741117));
#839 = CARTESIAN_POINT('',(-2.814074556437,801.05316666665,
    -57.51557706531));
#840 = CARTESIAN_POINT('',(-2.193458446041,800.6415250136,
    -57.71749159971));
#841 = CARTESIAN_POINT('',(-1.590540666115,800.19139767161,
    -57.95066519288));
#842 = CARTESIAN_POINT('',(-1.008409586406,799.70566492941,
    -58.2181342885));
#843 = CARTESIAN_POINT('',(-0.450176865716,799.1881252113,
    -58.52277632724));
#844 = CARTESIAN_POINT('',(0.422529657819,798.29315502276,
    -59.08842273247));
#845 = CARTESIAN_POINT('',(0.752920004942,797.93162765369,
    -59.32620142907));
#846 = CARTESIAN_POINT('',(1.071369471183,797.5599934146,-59.58108855678
    ));
#847 = CARTESIAN_POINT('',(1.377070323606,797.1795576088,-59.85372081161
    ));
#848 = CARTESIAN_POINT('',(1.669214663977,796.79172633403,
    -60.14466877138));
#849 = CARTESIAN_POINT('',(1.94699212602,796.39798854452,-60.45442153827
    ));
#850 = CARTESIAN_POINT('',(2.209587572683,795.99989811305,
    -60.78337138138));
#851 = CARTESIAN_POINT('',(2.617786027353,795.3363579662,-61.36014520859
    ));
#852 = CARTESIAN_POINT('',(2.772531623317,795.07245813954,
    -61.59687501963));
#853 = CARTESIAN_POINT('',(2.920144982277,794.80786839363,
    -61.84201561178));
#854 = CARTESIAN_POINT('',(3.060366991597,794.54310376864,
    -62.09556977326));
#855 = CARTESIAN_POINT('',(3.192949044597,794.27867989974,
    -62.35751363655));
#856 = CARTESIAN_POINT('',(3.317652060149,794.01511055246,-62.627795034)
  );
#857 = CARTESIAN_POINT('',(3.434245502266,793.75290515807,
    -62.90633185327));
#858 = CARTESIAN_POINT('',(3.602745395432,793.34770750542,
    -63.35252530298));
#859 = CARTESIAN_POINT('',(3.660400720574,793.20343590104,
    -63.51455068838));
#860 = CARTESIAN_POINT('',(3.715429394326,793.05985060721,
    -63.67905251555));
#861 = CARTESIAN_POINT('',(3.767790780473,792.91704894678,
    -63.84599335959));
#862 = CARTESIAN_POINT('',(3.817446522247,792.77512636613,
    -64.01533232917));
#863 = CARTESIAN_POINT('',(3.864360477203,792.63417630722,
    -64.18702499163));
#864 = CARTESIAN_POINT('',(3.908498652084,792.49429007962,
    -64.36102329801));
#865 = CARTESIAN_POINT('',(4.032533312565,792.07794501758,
    -64.88996416838));
#866 = CARTESIAN_POINT('',(4.10400877372,791.80490346861,-65.25173652413
    ));
#867 = CARTESIAN_POINT('',(4.16396376196,791.53724810239,-65.62205647925
    ));
#868 = CARTESIAN_POINT('',(4.21216574566,791.27574074868,-66.00032207005
    ));
#869 = CARTESIAN_POINT('',(4.248439514736,791.02108100836,
    -66.38586860408));
#870 = CARTESIAN_POINT('',(4.272666108436,790.77389962052,
    -66.77797262337));
#871 = CARTESIAN_POINT('',(4.284782576971,790.53475323845,
    -67.17585669207));
#872 = CARTESIAN_POINT('',(4.284782576971,790.02969094301,-68.0580321681
    ));
#873 = CARTESIAN_POINT('',(4.267627339024,789.76744407803,
    -68.54415941947));
#874 = CARTESIAN_POINT('',(4.233334309416,789.51815324381,
    -69.03569749637));
#875 = CARTESIAN_POINT('',(4.182029701502,789.28243165594,-69.5311847817
    ));
#876 = CARTESIAN_POINT('',(4.113946892326,789.06072605685,
    -70.02909152051));
#877 = CARTESIAN_POINT('',(4.029427078565,788.85331417683,
    -70.52783620555));
#878 = CARTESIAN_POINT('',(3.928922191768,788.66030612044,-71.0258041352
    ));
#879 = CARTESIAN_POINT('',(3.81300007291,788.48164967844,-71.52136814383
    ));
#880 = PCURVE('',#430,#881);
#881 = DEFINITIONAL_REPRESENTATION('',(#882),#1025);
#882 = B_SPLINE_CURVE_WITH_KNOTS('',8,(#883,#884,#885,#886,#887,#888,
    #889,#890,#891,#892,#893,#894,#895,#896,#897,#898,#899,#900,#901,
    #902,#903,#904,#905,#906,#907,#908,#909,#910,#911,#912,#913,#914,
    #915,#916,#917,#918,#919,#920,#921,#922,#923,#924,#925,#926,#927,
    #928,#929,#930,#931,#932,#933,#934,#935,#936,#937,#938,#939,#940,
    #941,#942,#943,#944,#945,#946,#947,#948,#949,#950,#951,#952,#953,
    #954,#955,#956,#957,#958,#959,#960,#961,#962,#963,#964,#965,#966,
    #967,#968,#969,#970,#971,#972,#973,#974,#975,#976,#977,#978,#979,
    #980,#981,#982,#983,#984,#985,#986,#987,#988,#989,#990,#991,#992,
    #993,#994,#995,#996,#997,#998,#999,#1000,#1001,#1002,#1003,#1004,
    #1005,#1006,#1007,#1008,#1009,#1010,#1011,#1012,#1013,#1014,#1015,
    #1016,#1017,#1018,#1019,#1020,#1021,#1022,#1023,#1024),
  .UNSPECIFIED.,.F.,.F.,(9,7,7,7,7,7,7,7,7,7,7,7,7,7,7,7,7,7,7,7,9),(0.,
    4.627550661329E-02,9.522654128942E-02,0.133257057525,0.18352900267,
    0.291987335659,0.389293758594,0.412407917011,0.444769868671,
    0.472586196887,0.492980636584,0.531581461011,0.633456518974,
    0.763557808652,0.819284698211,0.873616104335,0.908548057959,
    0.931441234715,0.944179554919,0.969669510968,1.),.UNSPECIFIED.);
#883 = CARTESIAN_POINT('',(0.,-326.8895132441));
#884 = CARTESIAN_POINT('',(-5.066608399784E-02,-326.9234636286));
#885 = CARTESIAN_POINT('',(-0.100763543531,-326.9624731302));
#886 = CARTESIAN_POINT('',(-0.150269097534,-327.0050195837));
#887 = CARTESIAN_POINT('',(-0.199155480577,-327.0493030281));
#888 = CARTESIAN_POINT('',(-0.247390781878,-327.0933115091));
#889 = CARTESIAN_POINT('',(-0.294937884912,-327.1349069888));
#890 = CARTESIAN_POINT('',(-0.341754007612,-327.1719313641));
#891 = CARTESIAN_POINT('',(-0.436488378565,-327.2344915388));
#892 = CARTESIAN_POINT('',(-0.484389256311,-327.2592889326));
#893 = CARTESIAN_POINT('',(-0.531474911869,-327.2742875839));
#894 = CARTESIAN_POINT('',(-0.577729402465,-327.2771207846));
#895 = CARTESIAN_POINT('',(-0.623139009526,-327.2656102908));
#896 = CARTESIAN_POINT('',(-0.66769200808,-327.2378697301));
#897 = CARTESIAN_POINT('',(-0.711378103129,-327.1923934332));
#898 = CARTESIAN_POINT('',(-0.787446579052,-327.0782043656));
#899 = CARTESIAN_POINT('',(-0.820156817477,-327.0169680148));
#900 = CARTESIAN_POINT('',(-0.852317302718,-326.9439476602));
#901 = CARTESIAN_POINT('',(-0.883927330304,-326.8588302058));
#902 = CARTESIAN_POINT('',(-0.914985791119,-326.7614787967));
#903 = CARTESIAN_POINT('',(-0.945490451894,-326.6519430409));
#904 = CARTESIAN_POINT('',(-0.975437161908,-326.5304640944));
#905 = CARTESIAN_POINT('',(-1.043658359939,-326.2216778832));
#906 = CARTESIAN_POINT('',(-1.08146896294,-326.0259570141));
#907 = CARTESIAN_POINT('',(-1.118331899081,-325.8109623858));
#908 = CARTESIAN_POINT('',(-1.154312907651,-325.577624942));
#909 = CARTESIAN_POINT('',(-1.189465410467,-325.3271218743));
#910 = CARTESIAN_POINT('',(-1.22383207528,-325.0608470131));
#911 = CARTESIAN_POINT('',(-1.257444895204,-324.7803859198));
#912 = CARTESIAN_POINT('',(-1.361257770787,-323.8556047323));
#913 = CARTESIAN_POINT('',(-1.428999180189,-323.1638734016));
#914 = CARTESIAN_POINT('',(-1.494278037941,-322.4242667376));
#915 = CARTESIAN_POINT('',(-1.557679253789,-321.6481132273));
#916 = CARTESIAN_POINT('',(-1.619738906888,-320.8445537851));
#917 = CARTESIAN_POINT('',(-1.680987043366,-320.0202052335));
#918 = CARTESIAN_POINT('',(-1.741990945516,-319.1795847158));
#919 = CARTESIAN_POINT('',(-1.858467084541,-317.5612807863));
#920 = CARTESIAN_POINT('',(-1.913299070048,-316.7938511503));
#921 = CARTESIAN_POINT('',(-1.968620251222,-316.0234015909));
#922 = CARTESIAN_POINT('',(-2.025107327974,-315.2491649166));
#923 = CARTESIAN_POINT('',(-2.083372840504,-314.4727446727));
#924 = CARTESIAN_POINT('',(-2.143972069243,-313.6997553768));
#925 = CARTESIAN_POINT('',(-2.207423739589,-312.941146974));
#926 = CARTESIAN_POINT('',(-2.290123291846,-312.0419011133));
#927 = CARTESIAN_POINT('',(-2.306218529191,-311.8707610066));
#928 = CARTESIAN_POINT('',(-2.322558363546,-311.7011738524));
#929 = CARTESIAN_POINT('',(-2.339164486261,-311.5332884777));
#930 = CARTESIAN_POINT('',(-2.356057416873,-311.3673161093));
#931 = CARTESIAN_POINT('',(-2.373256785714,-311.2035310359));
#932 = CARTESIAN_POINT('',(-2.390781616525,-311.0422712704));
#933 = CARTESIAN_POINT('',(-2.433668845177,-310.6622597393));
#934 = CARTESIAN_POINT('',(-2.459368164074,-310.4462626854));
#935 = CARTESIAN_POINT('',(-2.48583153691,-310.2367837479));
#936 = CARTESIAN_POINT('',(-2.513135371093,-310.0350425869));
#937 = CARTESIAN_POINT('',(-2.541350466184,-309.8426569656));
#938 = CARTESIAN_POINT('',(-2.570543423868,-309.6616542467));
#939 = CARTESIAN_POINT('',(-2.600778512017,-309.4944802447));
#940 = CARTESIAN_POINT('',(-2.659059168949,-309.2146666106));
#941 = CARTESIAN_POINT('',(-2.687018807326,-309.0966904264));
#942 = CARTESIAN_POINT('',(-2.715825327439,-308.9933582712));
#943 = CARTESIAN_POINT('',(-2.745327741295,-308.9074095476));
#944 = CARTESIAN_POINT('',(-2.775391201876,-308.8410376221));
#945 = CARTESIAN_POINT('',(-2.805891747157,-308.7958858928));
#946 = CARTESIAN_POINT('',(-2.836712229704,-308.7730439697));
#947 = CARTESIAN_POINT('',(-2.890488027501,-308.7730439697));
#948 = CARTESIAN_POINT('',(-2.913182097182,-308.7853229167));
#949 = CARTESIAN_POINT('',(-2.935756766519,-308.8097774659));
#950 = CARTESIAN_POINT('',(-2.958146731016,-308.8460822433));
#951 = CARTESIAN_POINT('',(-2.980284740603,-308.8936894422));
#952 = CARTESIAN_POINT('',(-3.002100101595,-308.9518291848));
#953 = CARTESIAN_POINT('',(-3.023517196061,-309.0195106524));
#954 = CARTESIAN_POINT('',(-3.084081418213,-309.239395408));
#955 = CARTESIAN_POINT('',(-3.122048095864,-309.4133316277));
#956 = CARTESIAN_POINT('',(-3.158454689163,-309.6117083897));
#957 = CARTESIAN_POINT('',(-3.193396411129,-309.8296964747));
#958 = CARTESIAN_POINT('',(-3.226969165478,-310.063256402));
#959 = CARTESIAN_POINT('',(-3.25927426953,-310.3091249934));
#960 = CARTESIAN_POINT('',(-3.29042178472,-310.5647937928));
#961 = CARTESIAN_POINT('',(-3.400000349514,-311.524396618));
#962 = CARTESIAN_POINT('',(-3.473933713901,-312.2909274729));
#963 = CARTESIAN_POINT('',(-3.54310886552,-313.0914710359));
#964 = CARTESIAN_POINT('',(-3.608273498071,-313.902922819));
#965 = CARTESIAN_POINT('',(-3.670257202726,-314.7137952022));
#966 = CARTESIAN_POINT('',(-3.7300550516,-315.5222954676));
#967 = CARTESIAN_POINT('',(-3.788858902907,-316.3339717886));
#968 = CARTESIAN_POINT('',(-3.92366753779,-318.2079535894));
#969 = CARTESIAN_POINT('',(-3.997797113606,-319.2478207333));
#970 = CARTESIAN_POINT('',(-4.071658230565,-320.2690224611));
#971 = CARTESIAN_POINT('',(-4.146288705817,-321.2653240601));
#972 = CARTESIAN_POINT('',(-4.222623569075,-322.2265764485));
#973 = CARTESIAN_POINT('',(-4.30159108109,-323.1369052857));
#974 = CARTESIAN_POINT('',(-4.384202325655,-323.9751324705));
#975 = CARTESIAN_POINT('',(-4.509342140186,-325.0383436858));
#976 = CARTESIAN_POINT('',(-4.54788315172,-325.3407791019));
#977 = CARTESIAN_POINT('',(-4.587444766071,-325.6240293565));
#978 = CARTESIAN_POINT('',(-4.628054613308,-325.8857100146));
#979 = CARTESIAN_POINT('',(-4.669758983739,-326.1238857648));
#980 = CARTESIAN_POINT('',(-4.712622269464,-326.3371149082));
#981 = CARTESIAN_POINT('',(-4.756727803384,-326.5244853686));
#982 = CARTESIAN_POINT('',(-4.846494195528,-326.8427634782));
#983 = CARTESIAN_POINT('',(-4.892003188469,-326.9746650576));
#984 = CARTESIAN_POINT('',(-4.938678364746,-327.0807719428));
#985 = CARTESIAN_POINT('',(-4.986499856751,-327.1614182046));
#986 = CARTESIAN_POINT('',(-5.035449605312,-327.2178112294));
#987 = CARTESIAN_POINT('',(-5.085507838611,-327.2519283086));
#988 = CARTESIAN_POINT('',(-5.13665056024,-327.2663607539));
#989 = CARTESIAN_POINT('',(-5.222403899869,-327.2626804752));
#990 = CARTESIAN_POINT('',(-5.256402137064,-327.2543479308));
#991 = CARTESIAN_POINT('',(-5.290835069993,-327.2399205941));
#992 = CARTESIAN_POINT('',(-5.325697894689,-327.2202648491));
#993 = CARTESIAN_POINT('',(-5.360986285919,-327.1962945939));
#994 = CARTESIAN_POINT('',(-5.396696495308,-327.1689498972));
#995 = CARTESIAN_POINT('',(-5.432825449464,-327.1391756554));
#996 = CARTESIAN_POINT('',(-5.493321420113,-327.087403446));
#997 = CARTESIAN_POINT('',(-5.517452675168,-327.0662603336));
#998 = CARTESIAN_POINT('',(-5.541758404548,-327.044737331));
#999 = CARTESIAN_POINT('',(-5.56623295884,-327.023097978));
#1000 = CARTESIAN_POINT('',(-5.590871147518,-327.0015998789));
#1001 = CARTESIAN_POINT('',(-5.615668138514,-326.9804916462));
#1002 = CARTESIAN_POINT('',(-5.640619357798,-326.9600098434));
#1003 = CARTESIAN_POINT('',(-5.679687213029,-326.9294511407));
#1004 = CARTESIAN_POINT('',(-5.693699521454,-326.9187895879));
#1005 = CARTESIAN_POINT('',(-5.707755329014,-326.9084303637));
#1006 = CARTESIAN_POINT('',(-5.721852718176,-326.8984109217));
#1007 = CARTESIAN_POINT('',(-5.73598982598,-326.8887669143));
#1008 = CARTESIAN_POINT('',(-5.750164830929,-326.8795320313));
#1009 = CARTESIAN_POINT('',(-5.764375939881,-326.8707378393));
#1010 = CARTESIAN_POINT('',(-5.807127136122,-326.845756479));
#1011 = CARTESIAN_POINT('',(-5.835775086513,-326.8309784321));
#1012 = CARTESIAN_POINT('',(-5.864540815899,-326.818321295));
#1013 = CARTESIAN_POINT('',(-5.893400847812,-326.8079864523));
#1014 = CARTESIAN_POINT('',(-5.922332372068,-326.8001291996));
#1015 = CARTESIAN_POINT('',(-5.951312974121,-326.7948549177));
#1016 = CARTESIAN_POINT('',(-5.98032036123,-326.7922170775));
#1017 = CARTESIAN_POINT('',(-6.04385312507,-326.7922170775));
#1018 = CARTESIAN_POINT('',(-6.078364140795,-326.7959519029));
#1019 = CARTESIAN_POINT('',(-6.112829000787,-326.803417688));
#1020 = CARTESIAN_POINT('',(-6.147211914966,-326.8145072854));
#1021 = CARTESIAN_POINT('',(-6.18147680595,-326.8290107436));
#1022 = CARTESIAN_POINT('',(-6.215586689321,-326.8466208031));
#1023 = CARTESIAN_POINT('',(-6.249503063206,-326.8669434095));
#1024 = CARTESIAN_POINT('',(-6.28318530718,-326.8895132441));
#1025 = ( GEOMETRIC_REPRESENTATION_CONTEXT(2) 
PARAMETRIC_REPRESENTATION_CONTEXT() REPRESENTATION_CONTEXT('2D SPACE',''
  ) );
#1026 = PCURVE('',#1027,#1032);
#1027 = CYLINDRICAL_SURFACE('',#1028,25.);
#1028 = AXIS2_PLACEMENT_3D('',#1029,#1030,#1031);
#1029 = CARTESIAN_POINT('',(-50.,812.,-80.));
#1030 = DIRECTION('',(-1.,-0.,0.));
#1031 = DIRECTION('',(0.,0.,1.));
#1032 = DEFINITIONAL_REPRESENTATION('',(#1033),#1176);
#1033 = B_SPLINE_CURVE_WITH_KNOTS('',8,(#1034,#1035,#1036,#1037,#1038,
    #1039,#1040,#1041,#1042,#1043,#1044,#1045,#1046,#1047,#1048,#1049,
    #1050,#1051,#1052,#1053,#1054,#1055,#1056,#1057,#1058,#1059,#1060,
    #1061,#1062,#1063,#1064,#1065,#1066,#1067,#1068,#1069,#1070,#1071,
    #1072,#1073,#1074,#1075,#1076,#1077,#1078,#1079,#1080,#1081,#1082,
    #1083,#1084,#1085,#1086,#1087,#1088,#1089,#1090,#1091,#1092,#1093,
    #1094,#1095,#1096,#1097,#1098,#1099,#1100,#1101,#1102,#1103,#1104,
    #1105,#1106,#1107,#1108,#1109,#1110,#1111,#1112,#1113,#1114,#1115,
    #1116,#1117,#1118,#1119,#1120,#1121,#1122,#1123,#1124,#1125,#1126,
    #1127,#1128,#1129,#1130,#1131,#1132,#1133,#1134,#1135,#1136,#1137,
    #1138,#1139,#1140,#1141,#1142,#1143,#1144,#1145,#1146,#1147,#1148,
    #1149,#1150,#1151,#1152,#1153,#1154,#1155,#1156,#1157,#1158,#1159,
    #1160,#1161,#1162,#1163,#1164,#1165,#1166,#1167,#1168,#1169,#1170,
    #1171,#1172,#1173,#1174,#1175),.UNSPECIFIED.,.T.,.F.,(9,7,7,7,7,7,7,
    7,7,7,7,7,7,7,7,7,7,7,7,7,9),(0.,4.627550661329E-02,
    9.522654128942E-02,0.133257057525,0.18352900267,0.291987335659,
    0.389293758594,0.412407917011,0.444769868671,0.472586196887,
    0.492980636584,0.531581461011,0.633456518974,0.763557808652,
    0.819284698211,0.873616104335,0.908548057959,0.931441234715,
    0.944179554919,0.969669510968,1.),.UNSPECIFIED.);
#1034 = CARTESIAN_POINT('',(-1.224788151487,-53.81300007291));
#1035 = CARTESIAN_POINT('',(-1.256484499282,-53.63862571068));
#1036 = CARTESIAN_POINT('',(-1.28751133073,-53.42950007128));
#1037 = CARTESIAN_POINT('',(-1.317783934422,-53.18725843832));
#1038 = CARTESIAN_POINT('',(-1.347219060884,-52.9136360764));
#1039 = CARTESIAN_POINT('',(-1.375734203873,-52.61047490542));
#1040 = CARTESIAN_POINT('',(-1.403248116759,-52.2797364304));
#1041 = CARTESIAN_POINT('',(-1.429682564005,-51.92352092678));
#1042 = CARTESIAN_POINT('',(-1.481709833166,-51.14272730394));
#1043 = CARTESIAN_POINT('',(-1.507207030821,-50.71476581176));
#1044 = CARTESIAN_POINT('',(-1.531388882708,-50.26238252852));
#1045 = CARTESIAN_POINT('',(-1.554195214942,-49.78773516214));
#1046 = CARTESIAN_POINT('',(-1.575575342447,-49.29295258574));
#1047 = CARTESIAN_POINT('',(-1.595489748942,-48.78013654995));
#1048 = CARTESIAN_POINT('',(-1.613911802204,-48.25137752611));
#1049 = CARTESIAN_POINT('',(-1.643973025659,-47.28723922879));
#1050 = CARTESIAN_POINT('',(-1.656200757907,-46.85759287209));
#1051 = CARTESIAN_POINT('',(-1.667509927334,-46.42081964081));
#1052 = CARTESIAN_POINT('',(-1.677902748071,-45.97788682886));
#1053 = CARTESIAN_POINT('',(-1.687386567961,-45.52976889382));
#1054 = CARTESIAN_POINT('',(-1.695973968502,-45.07746219668));
#1055 = CARTESIAN_POINT('',(-1.703682819177,-44.6220005811));
#1056 = CARTESIAN_POINT('',(-1.71959577704,-43.55967163578));
#1057 = CARTESIAN_POINT('',(-1.727150886804,-42.95190925891));
#1058 = CARTESIAN_POINT('',(-1.733282405079,-42.34225238771));
#1059 = CARTESIAN_POINT('',(-1.73806843243,-41.73177023927));
#1060 = CARTESIAN_POINT('',(-1.741586134088,-41.12156254541));
#1061 = CARTESIAN_POINT('',(-1.743912950925,-40.51278672124));
#1062 = CARTESIAN_POINT('',(-1.745127267672,-39.90668317856));
#1063 = CARTESIAN_POINT('',(-1.745699617669,-38.00564228807));
#1064 = CARTESIAN_POINT('',(-1.74128374734,-36.72130317925));
#1065 = CARTESIAN_POINT('',(-1.732810005377,-35.4549369114));
#1066 = CARTESIAN_POINT('',(-1.720865803331,-34.20873198994));
#1067 = CARTESIAN_POINT('',(-1.705888798481,-32.98361703949));
#1068 = CARTESIAN_POINT('',(-1.688159773758,-31.77911165424));
#1069 = CARTESIAN_POINT('',(-1.667808224477,-30.59378655942));
#1070 = CARTESIAN_POINT('',(-1.624175416025,-28.37971976707));
#1071 = CARTESIAN_POINT('',(-1.601621891822,-27.35813238689));
#1072 = CARTESIAN_POINT('',(-1.577098175589,-26.35528084607));
#1073 = CARTESIAN_POINT('',(-1.550420074955,-25.36676596974));
#1074 = CARTESIAN_POINT('',(-1.521336864349,-24.39221320535));
#1075 = CARTESIAN_POINT('',(-1.489571860097,-23.43644691991));
#1076 = CARTESIAN_POINT('',(-1.454843403444,-22.51051407925));
#1077 = CARTESIAN_POINT('',(-1.407853592413,-21.42448648446));
#1078 = CARTESIAN_POINT('',(-1.398633548788,-21.2183493221));
#1079 = CARTESIAN_POINT('',(-1.389199498222,-21.01460571167));
#1080 = CARTESIAN_POINT('',(-1.37953848209,-20.81340327697));
#1081 = CARTESIAN_POINT('',(-1.369637959653,-20.61496397268));
#1082 = CARTESIAN_POINT('',(-1.359485750308,-20.41958366903));
#1083 = CARTESIAN_POINT('',(-1.349069975832,-20.22763173662));
#1084 = CARTESIAN_POINT('',(-1.323410654998,-19.77621975255));
#1085 = CARTESIAN_POINT('',(-1.30789899322,-19.52040961437));
#1086 = CARTESIAN_POINT('',(-1.29179298898,-19.27301643843));
#1087 = CARTESIAN_POINT('',(-1.275044773086,-19.03538692922));
#1088 = CARTESIAN_POINT('',(-1.25760994973,-18.80932454394));
#1089 = CARTESIAN_POINT('',(-1.239447713166,-18.59709779921));
#1090 = CARTESIAN_POINT('',(-1.220520766788,-18.40145061421));
#1091 = CARTESIAN_POINT('',(-1.183840036244,-18.07447702661));
#1092 = CARTESIAN_POINT('',(-1.166167096848,-17.93683689669));
#1093 = CARTESIAN_POINT('',(-1.147887523342,-17.81645732386));
#1094 = CARTESIAN_POINT('',(-1.129104174026,-17.71644716703));
#1095 = CARTESIAN_POINT('',(-1.109914187543,-17.63927980597));
#1096 = CARTESIAN_POINT('',(-1.090411038452,-17.58680578885));
#1097 = CARTESIAN_POINT('',(-1.07068592942,-17.560259442));
#1098 = CARTESIAN_POINT('',(-1.036269418829,-17.560259442));
#1099 = CARTESIAN_POINT('',(-1.021745214222,-17.57452972315));
#1100 = CARTESIAN_POINT('',(-1.007304204388,-17.60295014002));
#1101 = CARTESIAN_POINT('',(-0.992994824752,-17.64515174039));
#1102 = CARTESIAN_POINT('',(-0.978866249122,-17.70051572996));
#1103 = CARTESIAN_POINT('',(-0.964968969003,-17.76817176552));
#1104 = CARTESIAN_POINT('',(-0.951355351088,-17.84699557673));
#1105 = CARTESIAN_POINT('',(-0.912954068559,-18.10331987252));
#1106 = CARTESIAN_POINT('',(-0.889002489266,-18.30634548546));
#1107 = CARTESIAN_POINT('',(-0.866181049068,-18.53832706735));
#1108 = CARTESIAN_POINT('',(-0.844439770645,-18.7938402694));
#1109 = CARTESIAN_POINT('',(-0.823722263424,-19.06835960928));
#1110 = CARTESIAN_POINT('',(-0.803965385139,-19.35823281082));
#1111 = CARTESIAN_POINT('',(-0.785099386894,-19.66066195596));
#1112 = CARTESIAN_POINT('',(-0.719408862368,-20.79983695833));
#1113 = CARTESIAN_POINT('',(-0.676435551671,-21.71735474056));
#1114 = CARTESIAN_POINT('',(-0.637702783401,-22.68630292676));
#1115 = CARTESIAN_POINT('',(-0.602738211481,-23.68179100159));
#1116 = CARTESIAN_POINT('',(-0.571023838019,-24.69174837972));
#1117 = CARTESIAN_POINT('',(-0.542015642174,-25.7158536301));
#1118 = CARTESIAN_POINT('',(-0.515207550346,-26.76402320347));
#1119 = CARTESIAN_POINT('',(-0.458493417758,-29.2447251174));
#1120 = CARTESIAN_POINT('',(-0.430681965881,-30.66414496492));
#1121 = CARTESIAN_POINT('',(-0.406624367187,-32.11092602079));
#1122 = CARTESIAN_POINT('',(-0.386399713031,-33.58814712489));
#1123 = CARTESIAN_POINT('',(-0.370401576215,-35.09751848082));
#1124 = CARTESIAN_POINT('',(-0.359369922991,-36.63756559271));
#1125 = CARTESIAN_POINT('',(-0.354364209968,-38.20401392375));
#1126 = CARTESIAN_POINT('',(-0.357830980967,-40.46937474696));
#1127 = CARTESIAN_POINT('',(-0.360237019668,-41.1540470912));
#1128 = CARTESIAN_POINT('',(-0.364129208297,-41.84158990855));
#1129 = CARTESIAN_POINT('',(-0.369620461567,-42.52976543665));
#1130 = CARTESIAN_POINT('',(-0.376817235227,-43.21653414748));
#1131 = CARTESIAN_POINT('',(-0.385820746693,-43.90000224527));
#1132 = CARTESIAN_POINT('',(-0.396729049761,-44.57833717102));
#1133 = CARTESIAN_POINT('',(-0.422227568698,-45.90415436549));
#1134 = CARTESIAN_POINT('',(-0.436694545575,-46.55072384871));
#1135 = CARTESIAN_POINT('',(-0.453085528826,-47.18592544356));
#1136 = CARTESIAN_POINT('',(-0.471418576376,-47.80654155395));
#1137 = CARTESIAN_POINT('',(-0.491684906385,-48.40945933388));
#1138 = CARTESIAN_POINT('',(-0.51385091428,-48.99159041359));
#1139 = CARTESIAN_POINT('',(-0.537860701974,-49.54982313428));
#1140 = CARTESIAN_POINT('',(-0.580210247316,-50.42252965781));
#1141 = CARTESIAN_POINT('',(-0.597515963881,-50.75292000494));
#1142 = CARTESIAN_POINT('',(-0.615535902142,-51.07136947118));
#1143 = CARTESIAN_POINT('',(-0.634249123176,-51.3770703236));
#1144 = CARTESIAN_POINT('',(-0.653632752799,-51.66921466397));
#1145 = CARTESIAN_POINT('',(-0.673662386101,-51.94699212602));
#1146 = CARTESIAN_POINT('',(-0.694312491974,-52.20958757268));
#1147 = CARTESIAN_POINT('',(-0.729479603297,-52.61778602735));
#1148 = CARTESIAN_POINT('',(-0.743658659519,-52.77253162331));
#1149 = CARTESIAN_POINT('',(-0.758083358799,-52.92014498227));
#1150 = CARTESIAN_POINT('',(-0.772742984324,-53.06036699159));
#1151 = CARTESIAN_POINT('',(-0.787626716742,-53.19294904459));
#1152 = CARTESIAN_POINT('',(-0.802723620933,-53.31765206014));
#1153 = CARTESIAN_POINT('',(-0.818022632775,-53.43424550226));
#1154 = CARTESIAN_POINT('',(-0.84213151022,-53.60274539543));
#1155 = CARTESIAN_POINT('',(-0.85080902304,-53.66040072057));
#1156 = CARTESIAN_POINT('',(-0.859542387636,-53.71542939432));
#1157 = CARTESIAN_POINT('',(-0.86832891033,-53.76779078047));
#1158 = CARTESIAN_POINT('',(-0.877165895814,-53.81744652224));
#1159 = CARTESIAN_POINT('',(-0.886050642456,-53.8643604772));
#1160 = CARTESIAN_POINT('',(-0.894980437607,-53.90849865208));
#1161 = CARTESIAN_POINT('',(-0.92190616226,-54.03253331256));
#1162 = CARTESIAN_POINT('',(-0.940032215325,-54.10400877372));
#1163 = CARTESIAN_POINT('',(-0.958302488834,-54.16396376196));
#1164 = CARTESIAN_POINT('',(-0.976688749285,-54.21216574566));
#1165 = CARTESIAN_POINT('',(-0.995162764492,-54.24843951473));
#1166 = CARTESIAN_POINT('',(-1.013696288027,-54.27266610843));
#1167 = CARTESIAN_POINT('',(-1.032261016552,-54.28478257697));
#1168 = CARTESIAN_POINT('',(-1.07292198541,-54.28478257697));
#1169 = CARTESIAN_POINT('',(-1.095009037957,-54.26762733902));
#1170 = CARTESIAN_POINT('',(-1.117042854925,-54.23333430941));
#1171 = CARTESIAN_POINT('',(-1.138976921153,-54.1820297015));
#1172 = CARTESIAN_POINT('',(-1.160764842642,-54.11394689232));
#1173 = CARTESIAN_POINT('',(-1.182360247636,-54.02942707856));
#1174 = CARTESIAN_POINT('',(-1.203716775228,-53.92892219176));
#1175 = CARTESIAN_POINT('',(-1.224788151487,-53.81300007291));
#1176 = ( GEOMETRIC_REPRESENTATION_CONTEXT(2) 
PARAMETRIC_REPRESENTATION_CONTEXT() REPRESENTATION_CONTEXT('2D SPACE',''
  ) );
#1177 = ORIENTED_EDGE('',*,*,#1178,.F.);
#1178 = EDGE_CURVE('',#1179,#734,#1181,.T.);
#1179 = VERTEX_POINT('',#1180);
#1180 = CARTESIAN_POINT('',(0.,783.7005145254,-63.79800449927));
#1181 = SURFACE_CURVE('',#1182,(#1187,#1199),.PCURVE_S1.);
#1182 = ELLIPSE('',#1183,32.609286044502,16.);
#1183 = AXIS2_PLACEMENT_3D('',#1184,#1185,#1186);
#1184 = CARTESIAN_POINT('',(0.,812.,-80.));
#1185 = DIRECTION('',(-1.,0.,0.));
#1186 = DIRECTION('',(0.,-0.867835175415,0.496852199665));
#1187 = PCURVE('',#430,#1188);
#1188 = DEFINITIONAL_REPRESENTATION('',(#1189),#1198);
#1189 = B_SPLINE_CURVE_WITH_KNOTS('',7,(#1190,#1191,#1192,#1193,#1194,
    #1195,#1196,#1197),.UNSPECIFIED.,.F.,.F.,(8,8),(0.,0.829021746151),
  .PIECEWISE_BEZIER_KNOTS.);
#1190 = CARTESIAN_POINT('',(-6.009332085439,-318.0594857843));
#1191 = CARTESIAN_POINT('',(-5.890900407418,-318.0594857843));
#1192 = CARTESIAN_POINT('',(-5.772468729397,-318.5244482175));
#1193 = CARTESIAN_POINT('',(-5.654037051373,-319.4543712713));
#1194 = CARTESIAN_POINT('',(-5.535605373355,-320.8332842173));
#1195 = CARTESIAN_POINT('',(-5.417173695331,-322.6292115037));
#1196 = CARTESIAN_POINT('',(-5.29874201731,-324.7961027241));
#1197 = CARTESIAN_POINT('',(-5.180310339288,-327.2771213846));
#1198 = ( GEOMETRIC_REPRESENTATION_CONTEXT(2) 
PARAMETRIC_REPRESENTATION_CONTEXT() REPRESENTATION_CONTEXT('2D SPACE',''
  ) );
#1199 = PCURVE('',#717,#1200);
#1200 = DEFINITIONAL_REPRESENTATION('',(#1201),#1210);
#1201 = B_SPLINE_CURVE_WITH_KNOTS('',7,(#1202,#1203,#1204,#1205,#1206,
    #1207,#1208,#1209),.UNSPECIFIED.,.F.,.F.,(8,8),(0.,0.829021746151),
  .PIECEWISE_BEZIER_KNOTS.);
#1202 = CARTESIAN_POINT('',(-3.41544587533,-318.0594857843));
#1203 = CARTESIAN_POINT('',(-3.533877553352,-318.0594857843));
#1204 = CARTESIAN_POINT('',(-3.652309231374,-318.5244482175));
#1205 = CARTESIAN_POINT('',(-3.770740909392,-319.4543712713));
#1206 = CARTESIAN_POINT('',(-3.88917258742,-320.8332842173));
#1207 = CARTESIAN_POINT('',(-4.007604265437,-322.6292115037));
#1208 = CARTESIAN_POINT('',(-4.12603594346,-324.7961027241));
#1209 = CARTESIAN_POINT('',(-4.244467621481,-327.2771213846));
#1210 = ( GEOMETRIC_REPRESENTATION_CONTEXT(2) 
PARAMETRIC_REPRESENTATION_CONTEXT() REPRESENTATION_CONTEXT('2D SPACE',''
  ) );
#1211 = ORIENTED_EDGE('',*,*,#1212,.F.);
#1212 = EDGE_CURVE('',#672,#1179,#1213,.T.);
#1213 = SURFACE_CURVE('',#1214,(#1219,#1229),.PCURVE_S1.);
#1214 = ELLIPSE('',#1215,32.609286044502,16.);
#1215 = AXIS2_PLACEMENT_3D('',#1216,#1217,#1218);
#1216 = CARTESIAN_POINT('',(0.,812.,-80.));
#1217 = DIRECTION('',(-1.,0.,0.));
#1218 = DIRECTION('',(0.,-0.867835175415,0.496852199665));
#1219 = PCURVE('',#430,#1220);
#1220 = DEFINITIONAL_REPRESENTATION('',(#1221),#1228);
#1221 = B_SPLINE_CURVE_WITH_KNOTS('',5,(#1222,#1223,#1224,#1225,#1226,
    #1227),.UNSPECIFIED.,.F.,.F.,(6,6),(6.009332085439,6.28318530718),
  .PIECEWISE_BEZIER_KNOTS.);
#1222 = CARTESIAN_POINT('',(-6.28318530718,-319.118312615));
#1223 = CARTESIAN_POINT('',(-6.228414662832,-318.6974321084));
#1224 = CARTESIAN_POINT('',(-6.173644018484,-318.3791277747));
#1225 = CARTESIAN_POINT('',(-6.118873374135,-318.1660323226));
#1226 = CARTESIAN_POINT('',(-6.064102729787,-318.0594857843));
#1227 = CARTESIAN_POINT('',(-6.009332085439,-318.0594857843));
#1228 = ( GEOMETRIC_REPRESENTATION_CONTEXT(2) 
PARAMETRIC_REPRESENTATION_CONTEXT() REPRESENTATION_CONTEXT('2D SPACE',''
  ) );
#1229 = PCURVE('',#717,#1230);
#1230 = DEFINITIONAL_REPRESENTATION('',(#1231),#1238);
#1231 = B_SPLINE_CURVE_WITH_KNOTS('',5,(#1232,#1233,#1234,#1235,#1236,
    #1237),.UNSPECIFIED.,.F.,.F.,(6,6),(6.009332085439,6.28318530718),
  .PIECEWISE_BEZIER_KNOTS.);
#1232 = CARTESIAN_POINT('',(-3.14159265359,-319.118312615));
#1233 = CARTESIAN_POINT('',(-3.196363297938,-318.6974321084));
#1234 = CARTESIAN_POINT('',(-3.251133942286,-318.3791277747));
#1235 = CARTESIAN_POINT('',(-3.305904586634,-318.1660323226));
#1236 = CARTESIAN_POINT('',(-3.360675230982,-318.0594857843));
#1237 = CARTESIAN_POINT('',(-3.41544587533,-318.0594857843));
#1238 = ( GEOMETRIC_REPRESENTATION_CONTEXT(2) 
PARAMETRIC_REPRESENTATION_CONTEXT() REPRESENTATION_CONTEXT('2D SPACE',''
  ) );
#1239 = ADVANCED_FACE('',(#1240),#622,.F.);
#1240 = FACE_BOUND('',#1241,.T.);
#1241 = EDGE_LOOP('',(#1242,#1243,#1264,#1265));
#1242 = ORIENTED_EDGE('',*,*,#601,.T.);
#1243 = ORIENTED_EDGE('',*,*,#1244,.T.);
#1244 = EDGE_CURVE('',#602,#641,#1245,.T.);
#1245 = SEAM_CURVE('',#1246,(#1250,#1257),.PCURVE_S1.);
#1246 = LINE('',#1247,#1248);
#1247 = CARTESIAN_POINT('',(-225.,550.,87.5));
#1248 = VECTOR('',#1249,1.);
#1249 = DIRECTION('',(1.,0.,0.));
#1250 = PCURVE('',#622,#1251);
#1251 = DEFINITIONAL_REPRESENTATION('',(#1252),#1256);
#1252 = LINE('',#1253,#1254);
#1253 = CARTESIAN_POINT('',(-6.28318530718,0.));
#1254 = VECTOR('',#1255,1.);
#1255 = DIRECTION('',(-0.,-1.));
#1256 = ( GEOMETRIC_REPRESENTATION_CONTEXT(2) 
PARAMETRIC_REPRESENTATION_CONTEXT() REPRESENTATION_CONTEXT('2D SPACE',''
  ) );
#1257 = PCURVE('',#622,#1258);
#1258 = DEFINITIONAL_REPRESENTATION('',(#1259),#1263);
#1259 = LINE('',#1260,#1261);
#1260 = CARTESIAN_POINT('',(-0.,0.));
#1261 = VECTOR('',#1262,1.);
#1262 = DIRECTION('',(-0.,-1.));
#1263 = ( GEOMETRIC_REPRESENTATION_CONTEXT(2) 
PARAMETRIC_REPRESENTATION_CONTEXT() REPRESENTATION_CONTEXT('2D SPACE',''
  ) );
#1264 = ORIENTED_EDGE('',*,*,#640,.F.);
#1265 = ORIENTED_EDGE('',*,*,#1244,.F.);
#1266 = ADVANCED_FACE('',(#1267),#717,.T.);
#1267 = FACE_BOUND('',#1268,.F.);
#1268 = EDGE_LOOP('',(#1269,#1735,#1758,#2238,#2239,#2240,#2241,#2721));
#1269 = ORIENTED_EDGE('',*,*,#1270,.F.);
#1270 = EDGE_CURVE('',#1271,#1271,#1273,.T.);
#1271 = VERTEX_POINT('',#1272);
#1272 = CARTESIAN_POINT('',(173.81300007291,573.51835032155,
    61.521368143832));
#1273 = SURFACE_CURVE('',#1274,(#1424,#1577),.PCURVE_S1.);
#1274 = B_SPLINE_CURVE_WITH_KNOTS('',8,(#1275,#1276,#1277,#1278,#1279,
    #1280,#1281,#1282,#1283,#1284,#1285,#1286,#1287,#1288,#1289,#1290,
    #1291,#1292,#1293,#1294,#1295,#1296,#1297,#1298,#1299,#1300,#1301,
    #1302,#1303,#1304,#1305,#1306,#1307,#1308,#1309,#1310,#1311,#1312,
    #1313,#1314,#1315,#1316,#1317,#1318,#1319,#1320,#1321,#1322,#1323,
    #1324,#1325,#1326,#1327,#1328,#1329,#1330,#1331,#1332,#1333,#1334,
    #1335,#1336,#1337,#1338,#1339,#1340,#1341,#1342,#1343,#1344,#1345,
    #1346,#1347,#1348,#1349,#1350,#1351,#1352,#1353,#1354,#1355,#1356,
    #1357,#1358,#1359,#1360,#1361,#1362,#1363,#1364,#1365,#1366,#1367,
    #1368,#1369,#1370,#1371,#1372,#1373,#1374,#1375,#1376,#1377,#1378,
    #1379,#1380,#1381,#1382,#1383,#1384,#1385,#1386,#1387,#1388,#1389,
    #1390,#1391,#1392,#1393,#1394,#1395,#1396,#1397,#1398,#1399,#1400,
    #1401,#1402,#1403,#1404,#1405,#1406,#1407,#1408,#1409,#1410,#1411,
    #1412,#1413,#1414,#1415,#1416,#1417,#1418,#1419,#1420,#1421,#1422,
    #1423),.UNSPECIFIED.,.T.,.F.,(9,7,7,7,7,7,7,7,7,7,7,7,7,7,7,7,7,7,7,
    7,7,9),(0.,1.000746931142E-02,3.084768958337E-02,5.668094151368E-02,
    6.902518052571E-02,9.279770191071E-02,0.128112930382,0.182905460343,
    0.239395000869,0.353037191821,0.450263363662,0.473358459407,
    0.505693721569,0.533487108911,0.553864728585,0.592433717456,
    0.69422475494,0.819538894067,0.869079876354,0.906652130324,
    0.954897973906,1.),.UNSPECIFIED.);
#1275 = CARTESIAN_POINT('',(173.81300007291,573.51835032155,
    61.521368143832));
#1276 = CARTESIAN_POINT('',(173.85075594382,573.46016186167,
    61.359962788878));
#1277 = CARTESIAN_POINT('',(173.88687128681,573.40045876621,
    61.198323942378));
#1278 = CARTESIAN_POINT('',(173.92132840512,573.33923815991,
    61.03650320255));
#1279 = CARTESIAN_POINT('',(173.95411058948,573.27649883696,
    60.874551976726));
#1280 = CARTESIAN_POINT('',(173.98520211809,573.21224126098,
    60.712521481351));
#1281 = CARTESIAN_POINT('',(174.01458825666,573.14646756502,
    60.550462741985));
#1282 = CARTESIAN_POINT('',(174.04225525836,573.07918155157,
    60.388426593302));
#1283 = CARTESIAN_POINT('',(174.12219935394,572.86712986361,
    59.889181324974));
#1284 = CARTESIAN_POINT('',(174.16870179251,572.71732484518,
    59.552189117788));
#1285 = CARTESIAN_POINT('',(174.20757119913,572.56104713321,
    59.216003717756));
#1286 = CARTESIAN_POINT('',(174.23870680141,572.39840545412,
    58.881128545348));
#1287 = CARTESIAN_POINT('',(174.26203318345,572.22954431943,
    58.54805334334));
#1288 = CARTESIAN_POINT('',(174.27749993437,572.05464458023,
    58.217253738878));
#1289 = CARTESIAN_POINT('',(174.28508129683,571.87392398173,
    57.889190805534));
#1290 = CARTESIAN_POINT('',(174.28439714506,571.4567198136,
    57.161593598791));
#1291 = CARTESIAN_POINT('',(174.27190015564,571.217300516,
    56.763855417287));
#1292 = CARTESIAN_POINT('',(174.24729262998,570.96986024714,
    56.371920391497));
#1293 = CARTESIAN_POINT('',(174.21063887293,570.71495720257,
    55.986564356597));
#1294 = CARTESIAN_POINT('',(174.16205912279,570.45322351715,
    55.608509080524));
#1295 = CARTESIAN_POINT('',(174.10172979542,570.18536002308,
    55.238417496057));
#1296 = CARTESIAN_POINT('',(174.02988456111,569.91212960026,
    54.876889756753));
#1297 = CARTESIAN_POINT('',(173.90712264388,569.50161365589,
    54.356054074684));
#1298 = CARTESIAN_POINT('',(173.86486316272,569.36782809246,
    54.189711460405));
#1299 = CARTESIAN_POINT('',(173.82006570446,569.23307067736,
    54.025477380467));
#1300 = CARTESIAN_POINT('',(173.77276002594,569.09742135341,
    53.863393977174));
#1301 = CARTESIAN_POINT('',(173.72297774708,568.96096175739,
    53.70350042858));
#1302 = CARTESIAN_POINT('',(173.67075235092,568.82377522009,
    53.545832948485));
#1303 = CARTESIAN_POINT('',(173.61611918356,568.6859467663,
    53.390424786438));
#1304 = CARTESIAN_POINT('',(173.4493377374,568.28106403683,
    52.942430682339));
#1305 = CARTESIAN_POINT('',(173.33078333679,568.01254182058,
    52.656086956458));
#1306 = CARTESIAN_POINT('',(173.20369125165,567.74253694125,
    52.378401461249));
#1307 = CARTESIAN_POINT('',(173.06830888291,567.47159767046,
    52.109465601309));
#1308 = CARTESIAN_POINT('',(172.92489314334,567.20027728714,
    51.849337629174));
#1309 = CARTESIAN_POINT('',(172.77371156785,566.92913128844,
    51.598044499815));
#1310 = CARTESIAN_POINT('',(172.61504342369,566.65871460067,
    51.355583725127));
#1311 = CARTESIAN_POINT('',(172.20278391454,565.98976454731,
    50.774814248423));
#1312 = CARTESIAN_POINT('',(171.94047550766,565.5927212181,
    50.447080114501));
#1313 = CARTESIAN_POINT('',(171.66307405702,565.20004033888,
    50.138445067317));
#1314 = CARTESIAN_POINT('',(171.37138885004,564.81326379108,
    49.848518254538));
#1315 = CARTESIAN_POINT('',(171.06622337115,564.43386748959,
    49.576811975959));
#1316 = CARTESIAN_POINT('',(170.74837866834,564.06324507125,
    49.322757928618));
#1317 = CARTESIAN_POINT('',(170.4186567197,563.70269158321,
    49.085723451907));
#1318 = CARTESIAN_POINT('',(169.54911438871,562.81143195054,
    48.522612470859));
#1319 = CARTESIAN_POINT('',(168.99362367032,562.29646203244,
    48.219469396708));
#1320 = CARTESIAN_POINT('',(168.41448215753,561.81299386056,
    47.953139296189));
#1321 = CARTESIAN_POINT('',(167.81474363445,561.36475689695,
    47.720780708973));
#1322 = CARTESIAN_POINT('',(167.19744171899,560.95458931209,
    47.51940184291));
#1323 = CARTESIAN_POINT('',(166.56563845805,560.58437711532,
    47.346053433862));
#1324 = CARTESIAN_POINT('',(165.92250405266,560.25504447999,
    47.197960992982));
#1325 = CARTESIAN_POINT('',(164.60018468414,559.66922806935,
    46.943305288484));
#1326 = CARTESIAN_POINT('',(163.9218478536,559.41591336312,
    46.838429548209));
#1327 = CARTESIAN_POINT('',(163.23831199904,559.20553383972,
    46.754623915517));
#1328 = CARTESIAN_POINT('',(162.55141764384,559.03656271973,
    46.689218614364));
#1329 = CARTESIAN_POINT('',(161.86306722414,558.9071172627,
    46.640083491672));
#1330 = CARTESIAN_POINT('',(161.17530990888,558.81499612392,
    46.605514870242));
#1331 = CARTESIAN_POINT('',(160.49039416968,558.75770830776,
    46.584123562793));
#1332 = CARTESIAN_POINT('',(158.44359831717,558.68176855306,
    46.555814678312));
#1333 = CARTESIAN_POINT('',(157.09141149373,558.76060592307,
    46.585346573802));
#1334 = CARTESIAN_POINT('',(155.75838715992,558.94809097518,
    46.65424570825));
#1335 = CARTESIAN_POINT('',(154.44729284186,559.22641070943,
    46.759497785632));
#1336 = CARTESIAN_POINT('',(153.15945200343,559.58162390155,
    46.900589315051));
#1337 = CARTESIAN_POINT('',(151.89444377668,560.00381522516,
    47.078899016299));
#1338 = CARTESIAN_POINT('',(150.6505751352,560.48691550623,
    47.29783821165));
#1339 = CARTESIAN_POINT('',(148.37971977526,561.49097859617,
    47.791364012193));
#1340 = CARTESIAN_POINT('',(147.35813236271,561.99162763438,
    48.051002290353));
#1341 = CARTESIAN_POINT('',(146.35528087152,562.52906665558,
    48.346691012397));
#1342 = CARTESIAN_POINT('',(145.36676597084,563.10484991228,
    48.684358492964));
#1343 = CARTESIAN_POINT('',(144.39221317974,563.72105427607,
    49.071760785466));
#1344 = CARTESIAN_POINT('',(143.43644694158,564.37885617551,
    49.51845370124));
#1345 = CARTESIAN_POINT('',(142.510514073,565.07738902617,
    50.035696059118));
#1346 = CARTESIAN_POINT('',(141.42448648446,565.98729467164,
    50.778729142762));
#1347 = CARTESIAN_POINT('',(141.2183493221,566.16436054198,
    50.926322714492));
#1348 = CARTESIAN_POINT('',(141.01460571167,566.34396404033,
    51.079223032065));
#1349 = CARTESIAN_POINT('',(140.81340327698,566.5262005901,
    51.237773225365));
#1350 = CARTESIAN_POINT('',(140.61496397268,566.71113636988,
    51.402325234623));
#1351 = CARTESIAN_POINT('',(140.41958366903,566.89880746936,
    51.57324033574));
#1352 = CARTESIAN_POINT('',(140.22763173662,567.08921904507,
    51.750889665604));
#1353 = CARTESIAN_POINT('',(139.77621975255,567.55273787557,
    52.194342887288));
#1354 = CARTESIAN_POINT('',(139.52040961437,567.82852060878,
    52.467046279886));
#1355 = CARTESIAN_POINT('',(139.27301643843,568.10995988364,
    52.755146245567));
#1356 = CARTESIAN_POINT('',(139.03538692922,568.39712696549,
    53.060058197076));
#1357 = CARTESIAN_POINT('',(138.80932454394,568.68987615939,
    53.383220484743));
#1358 = CARTESIAN_POINT('',(138.59709779921,568.9878272709,
    53.726080902023));
#1359 = CARTESIAN_POINT('',(138.40145061421,569.2903515457,
    54.090080851402));
#1360 = CARTESIAN_POINT('',(138.07447702789,569.85975983254,
    54.80889702543));
#1361 = CARTESIAN_POINT('',(137.93683689524,570.12766494812,
    55.160325833189));
#1362 = CARTESIAN_POINT('',(137.81645732329,570.39747964029,
    55.529353209341));
#1363 = CARTESIAN_POINT('',(137.7164471681,570.66668031782,
    55.914375443719));
#1364 = CARTESIAN_POINT('',(137.63927980656,570.93300266304,
    56.313700654042));
#1365 = CARTESIAN_POINT('',(137.58680578802,571.19443578355,
    56.725515155429));
#1366 = CARTESIAN_POINT('',(137.560259442,571.44922444507,
    57.147871045975));
#1367 = CARTESIAN_POINT('',(137.560259442,571.87672242197,
    57.894567512295));
#1368 = CARTESIAN_POINT('',(137.57452972315,572.05187616332,
    58.212691940444));
#1369 = CARTESIAN_POINT('',(137.60295014002,572.22072654245,
    58.531893178479));
#1370 = CARTESIAN_POINT('',(137.6451517404,572.38275836233,
    58.850937938572));
#1371 = CARTESIAN_POINT('',(137.70051572997,572.53755210407,
    59.168529423508));
#1372 = CARTESIAN_POINT('',(137.76817176552,572.68477940721,
    59.48330220388));
#1373 = CARTESIAN_POINT('',(137.84699557671,572.82419722218,
    59.793817308387));
#1374 = CARTESIAN_POINT('',(138.10331987219,573.20442531156,
    60.675343348969));
#1375 = CARTESIAN_POINT('',(138.30634548515,573.42501773902,
    61.232311223566));
#1376 = CARTESIAN_POINT('',(138.53832706745,573.62032800639,
    61.768756188938));
#1377 = CARTESIAN_POINT('',(138.79384026993,573.79309638726,
    62.284457535868));
#1378 = CARTESIAN_POINT('',(139.06835960979,573.94585708198,
    62.779640056231));
#1379 = CARTESIAN_POINT('',(139.3582328107,574.08091426002,
    63.254930243554));
#1380 = CARTESIAN_POINT('',(139.66066195513,574.20033040256,
    63.711307445915));
#1381 = CARTESIAN_POINT('',(140.79983695833,574.58461668868,
    65.307976537179));
#1382 = CARTESIAN_POINT('',(141.71735474056,574.77296484095,
    66.367656183616));
#1383 = CARTESIAN_POINT('',(142.68630292676,574.89411075803,
    67.3302315188));
#1384 = CARTESIAN_POINT('',(143.68179100159,574.96645016331,
    68.202675679284));
#1385 = CARTESIAN_POINT('',(144.6917483797,575.00338584159,
    68.995544474424));
#1386 = CARTESIAN_POINT('',(145.71585363012,575.01415361115,
    69.721193224549));
#1387 = CARTESIAN_POINT('',(146.76402320346,575.00468739622,
    70.39156317992));
#1388 = CARTESIAN_POINT('',(149.19463855717,574.94835607934,
    71.779646806163));
#1389 = CARTESIAN_POINT('',(150.56214315026,574.89419354359,
    72.451819198261));
#1390 = CARTESIAN_POINT('',(151.95515622801,574.82814565043,
    73.034905696101));
#1391 = CARTESIAN_POINT('',(153.37625195768,574.75872878024,
    73.527754871607));
#1392 = CARTESIAN_POINT('',(154.82703754789,574.69432436383,
    73.922742275247));
#1393 = CARTESIAN_POINT('',(156.30648505078,574.64411563526,
    74.205458475426));
#1394 = CARTESIAN_POINT('',(157.81106499219,574.61783533844,
    74.354582581762));
#1395 = CARTESIAN_POINT('',(159.93749259349,574.6213141378,
    74.33484975012));
#1396 = CARTESIAN_POINT('',(160.54402018182,574.62679838292,
    74.30373206307));
#1397 = CARTESIAN_POINT('',(161.15322337176,574.63710608135,
    74.245113078279));
#1398 = CARTESIAN_POINT('',(161.76383338872,574.65240316628,
    74.157026683122));
#1399 = CARTESIAN_POINT('',(162.37466848723,574.67264385549,
    74.03749691525));
#1400 = CARTESIAN_POINT('',(162.98460790224,574.6975087528,
    73.884516267795));
#1401 = CARTESIAN_POINT('',(163.59256394934,574.72633385765,
    73.696020469559));
#1402 = CARTESIAN_POINT('',(164.6562041339,574.78206944181,
    73.298337740268));
#1403 = CARTESIAN_POINT('',(165.11283051972,574.80774108935,
    73.105286153978));
#1404 = CARTESIAN_POINT('',(165.56623177105,574.83453252332,
    72.890061628133));
#1405 = CARTESIAN_POINT('',(166.01536221746,574.86178236392,
    72.652149173206));
#1406 = CARTESIAN_POINT('',(166.45921363409,574.88867459852,
    72.391170237948));
#1407 = CARTESIAN_POINT('',(166.89679955724,574.91424122835,
    72.106892885835));
#1408 = CARTESIAN_POINT('',(167.32714046002,574.937373717,
    71.799244073369));
#1409 = CARTESIAN_POINT('',(168.29127264959,574.98184369975,
    71.043395660157));
#1410 = CARTESIAN_POINT('',(168.81931877959,575.00078528529,
    70.580412925968));
#1411 = CARTESIAN_POINT('',(169.33127856111,575.01108199928,
    70.079732355393));
#1412 = CARTESIAN_POINT('',(169.82506008313,575.00983523006,
    69.54219125677));
#1413 = CARTESIAN_POINT('',(170.29855954387,574.99392792512,
    68.969131518762));
#1414 = CARTESIAN_POINT('',(170.74964562451,574.96013648276,
    68.362405735264));
#1415 = CARTESIAN_POINT('',(171.17615783333,574.90526036272,
    67.724365655526));
#1416 = CARTESIAN_POINT('',(171.94963040078,574.75242571268,
    66.434733168491));
#1417 = CARTESIAN_POINT('',(172.30050613096,574.65740011627,
    65.785828427039));
#1418 = CARTESIAN_POINT('',(172.626346577,574.53866692554,
    65.113800805525));
#1419 = CARTESIAN_POINT('',(172.92511082549,574.39387596676,
    64.421687038708));
#1420 = CARTESIAN_POINT('',(173.1948933023,574.22095184202,
    63.712800802631));
#1421 = CARTESIAN_POINT('',(173.43390639246,574.01817596244,
    62.990662211908));
#1422 = CARTESIAN_POINT('',(173.6404688607,573.78425136625,
    62.258934537335));
#1423 = CARTESIAN_POINT('',(173.81300007291,573.51835032155,
    61.521368143832));
#1424 = PCURVE('',#717,#1425);
#1425 = DEFINITIONAL_REPRESENTATION('',(#1426),#1576);
#1426 = B_SPLINE_CURVE_WITH_KNOTS('',8,(#1427,#1428,#1429,#1430,#1431,
    #1432,#1433,#1434,#1435,#1436,#1437,#1438,#1439,#1440,#1441,#1442,
    #1443,#1444,#1445,#1446,#1447,#1448,#1449,#1450,#1451,#1452,#1453,
    #1454,#1455,#1456,#1457,#1458,#1459,#1460,#1461,#1462,#1463,#1464,
    #1465,#1466,#1467,#1468,#1469,#1470,#1471,#1472,#1473,#1474,#1475,
    #1476,#1477,#1478,#1479,#1480,#1481,#1482,#1483,#1484,#1485,#1486,
    #1487,#1488,#1489,#1490,#1491,#1492,#1493,#1494,#1495,#1496,#1497,
    #1498,#1499,#1500,#1501,#1502,#1503,#1504,#1505,#1506,#1507,#1508,
    #1509,#1510,#1511,#1512,#1513,#1514,#1515,#1516,#1517,#1518,#1519,
    #1520,#1521,#1522,#1523,#1524,#1525,#1526,#1527,#1528,#1529,#1530,
    #1531,#1532,#1533,#1534,#1535,#1536,#1537,#1538,#1539,#1540,#1541,
    #1542,#1543,#1544,#1545,#1546,#1547,#1548,#1549,#1550,#1551,#1552,
    #1553,#1554,#1555,#1556,#1557,#1558,#1559,#1560,#1561,#1562,#1563,
    #1564,#1565,#1566,#1567,#1568,#1569,#1570,#1571,#1572,#1573,#1574,
    #1575),.UNSPECIFIED.,.F.,.F.,(9,7,7,7,7,7,7,7,7,7,7,7,7,7,7,7,7,7,7,
    7,7,9),(0.,1.000746931142E-02,3.084768958337E-02,5.668094151368E-02,
    6.902518052571E-02,9.279770191071E-02,0.128112930382,0.182905460343,
    0.239395000869,0.353037191821,0.450263363662,0.473358459407,
    0.505693721569,0.533487108911,0.553864728585,0.592433717456,
    0.69422475494,0.819538894067,0.869079876354,0.906652130324,
    0.954897973906,1.),.UNSPECIFIED.);
#1427 = CARTESIAN_POINT('',(0.,-19.58415097868));
#1428 = CARTESIAN_POINT('',(-1.097031755645E-02,-19.59150198097));
#1429 = CARTESIAN_POINT('',(-2.196400350389E-02,-19.5986136547));
#1430 = CARTESIAN_POINT('',(-3.297997654996E-02,-19.60547017009));
#1431 = CARTESIAN_POINT('',(-4.401716955022E-02,-19.61205655791));
#1432 = CARTESIAN_POINT('',(-5.507452950816E-02,-19.61835870944));
#1433 = CARTESIAN_POINT('',(-6.615101757524E-02,-19.62436337652));
#1434 = CARTESIAN_POINT('',(-7.724560905081E-02,-19.63005817152));
#1435 = CARTESIAN_POINT('',(-0.111497004517,-19.64662148454));
#1436 = CARTESIAN_POINT('',(-0.134712698526,-19.65641877087));
#1437 = CARTESIAN_POINT('',(-0.157991106335,-19.66471738239));
#1438 = CARTESIAN_POINT('',(-0.181319579483,-19.67143103423));
#1439 = CARTESIAN_POINT('',(-0.204685848688,-19.676493982));
#1440 = CARTESIAN_POINT('',(-0.228077782399,-19.67986180317));
#1441 = CARTESIAN_POINT('',(-0.251483145365,-19.68151217847));
#1442 = CARTESIAN_POINT('',(-0.303903377141,-19.68136323428));
#1443 = CARTESIAN_POINT('',(-0.332912338699,-19.67864256417));
#1444 = CARTESIAN_POINT('',(-0.361893831132,-19.67328626323));
#1445 = CARTESIAN_POINT('',(-0.390825594941,-19.66534899693));
#1446 = CARTESIAN_POINT('',(-0.419685245269,-19.65493730618));
#1447 = CARTESIAN_POINT('',(-0.448449998511,-19.64220758793));
#1448 = CARTESIAN_POINT('',(-0.47709640213,-19.62736224589));
#1449 = CARTESIAN_POINT('',(-0.5192203452,-19.6026553199));
#1450 = CARTESIAN_POINT('',(-0.532809155596,-19.59423819045));
#1451 = CARTESIAN_POINT('',(-0.546364955027,-19.58541857968));
#1452 = CARTESIAN_POINT('',(-0.55988616482,-19.57622409432));
#1453 = CARTESIAN_POINT('',(-0.573371171472,-19.56668399126));
#1454 = CARTESIAN_POINT('',(-0.586818326654,-19.55682917757));
#1455 = CARTESIAN_POINT('',(-0.60022594721,-19.54669221047));
#1456 = CARTESIAN_POINT('',(-0.63933325127,-19.51630804352));
#1457 = CARTESIAN_POINT('',(-0.664917651639,-19.49539155139));
#1458 = CARTESIAN_POINT('',(-0.690340729039,-19.47379452858));
#1459 = CARTESIAN_POINT('',(-0.71559752893,-19.45177061144));
#1460 = CARTESIAN_POINT('',(-0.740682814955,-19.42958690838));
#1461 = CARTESIAN_POINT('',(-0.765590954442,-19.40752054315));
#1462 = CARTESIAN_POINT('',(-0.7903158039,-19.3858551981));
#1463 = CARTESIAN_POINT('',(-0.85129821076,-19.3337145081));
#1464 = CARTESIAN_POINT('',(-0.887331470582,-19.30406491548));
#1465 = CARTESIAN_POINT('',(-0.922947803344,-19.27685105295));
#1466 = CARTESIAN_POINT('',(-0.958144137695,-19.25301100601));
#1467 = CARTESIAN_POINT('',(-0.992916868562,-19.23347775286));
#1468 = CARTESIAN_POINT('',(-1.027261824127,-19.21915814494));
#1469 = CARTESIAN_POINT('',(-1.061174232806,-19.21091188733));
#1470 = CARTESIAN_POINT('',(-1.146585214252,-19.20738728947));
#1471 = CARTESIAN_POINT('',(-1.197476489546,-19.22176865586));
#1472 = CARTESIAN_POINT('',(-1.247292801678,-19.25563821776));
#1473 = CARTESIAN_POINT('',(-1.29601166522,-19.31154795792));
#1474 = CARTESIAN_POINT('',(-1.343614199555,-19.39145085146));
#1475 = CARTESIAN_POINT('',(-1.390082777219,-19.49654749782));
#1476 = CARTESIAN_POINT('',(-1.435397619776,-19.62718243278));
#1477 = CARTESIAN_POINT('',(-1.525029262211,-19.94324902036));
#1478 = CARTESIAN_POINT('',(-1.569180381267,-20.12993036408));
#1479 = CARTESIAN_POINT('',(-1.612087762233,-20.34250786319));
#1480 = CARTESIAN_POINT('',(-1.653834580757,-20.58007974994));
#1481 = CARTESIAN_POINT('',(-1.694485039053,-20.84121108359));
#1482 = CARTESIAN_POINT('',(-1.734085207936,-21.12396936673));
#1483 = CARTESIAN_POINT('',(-1.772662471154,-21.42596912818));
#1484 = CARTESIAN_POINT('',(-1.88578668967,-22.38507640294));
#1485 = CARTESIAN_POINT('',(-1.957595991665,-23.09536809901));
#1486 = CARTESIAN_POINT('',(-2.026539501685,-23.86137249599));
#1487 = CARTESIAN_POINT('',(-2.09330408137,-24.66956665836));
#1488 = CARTESIAN_POINT('',(-2.158509427741,-25.50898130797));
#1489 = CARTESIAN_POINT('',(-2.222761022116,-26.37172818028));
#1490 = CARTESIAN_POINT('',(-2.286709893736,-27.25257164662));
#1491 = CARTESIAN_POINT('',(-2.406173527591,-28.91238343048));
#1492 = CARTESIAN_POINT('',(-2.461005514921,-29.67981309073));
#1493 = CARTESIAN_POINT('',(-2.516326693096,-30.45026261204));
#1494 = CARTESIAN_POINT('',(-2.572813771508,-31.22449930587));
#1495 = CARTESIAN_POINT('',(-2.631079285596,-32.0009195701));
#1496 = CARTESIAN_POINT('',(-2.691678511221,-32.77390882853));
#1497 = CARTESIAN_POINT('',(-2.755130183546,-33.53251725391));
#1498 = CARTESIAN_POINT('',(-2.837829735326,-34.43176310948));
#1499 = CARTESIAN_POINT('',(-2.853924972671,-34.6029032162));
#1500 = CARTESIAN_POINT('',(-2.870264807026,-34.77249037036));
#1501 = CARTESIAN_POINT('',(-2.886870929741,-34.94037574506));
#1502 = CARTESIAN_POINT('',(-2.903763860353,-35.10634811348));
#1503 = CARTESIAN_POINT('',(-2.920963229195,-35.27013318685));
#1504 = CARTESIAN_POINT('',(-2.938488060006,-35.43139295241));
#1505 = CARTESIAN_POINT('',(-2.981375288657,-35.81140448352));
#1506 = CARTESIAN_POINT('',(-3.007074607554,-36.02740153736));
#1507 = CARTESIAN_POINT('',(-3.03353798039,-36.2368804749));
#1508 = CARTESIAN_POINT('',(-3.060841814573,-36.43862163593));
#1509 = CARTESIAN_POINT('',(-3.089056909664,-36.6310072572));
#1510 = CARTESIAN_POINT('',(-3.118249867348,-36.81200997604));
#1511 = CARTESIAN_POINT('',(-3.148484955498,-36.97918397805));
#1512 = CARTESIAN_POINT('',(-3.206765612201,-37.25899761104));
#1513 = CARTESIAN_POINT('',(-3.234725251234,-37.37697379766));
#1514 = CARTESIAN_POINT('',(-3.263531770899,-37.48030595204));
#1515 = CARTESIAN_POINT('',(-3.293034184366,-37.5662546743));
#1516 = CARTESIAN_POINT('',(-3.323097645372,-37.63262660018));
#1517 = CARTESIAN_POINT('',(-3.353598191084,-37.67777833069));
#1518 = CARTESIAN_POINT('',(-3.384418672916,-37.70062025312));
#1519 = CARTESIAN_POINT('',(-3.438194470979,-37.70062025312));
#1520 = CARTESIAN_POINT('',(-3.460888540662,-37.68834130605));
#1521 = CARTESIAN_POINT('',(-3.483463210001,-37.66388675692));
#1522 = CARTESIAN_POINT('',(-3.505853174499,-37.62758197948));
#1523 = CARTESIAN_POINT('',(-3.527991184085,-37.57997478062));
#1524 = CARTESIAN_POINT('',(-3.549806545074,-37.52183503796));
#1525 = CARTESIAN_POINT('',(-3.571223639538,-37.45415357043));
#1526 = CARTESIAN_POINT('',(-3.631787861617,-37.23426881505));
#1527 = CARTESIAN_POINT('',(-3.669754539308,-37.0603325953));
#1528 = CARTESIAN_POINT('',(-3.706161132676,-36.86195583296));
#1529 = CARTESIAN_POINT('',(-3.741102854679,-36.64396774765));
#1530 = CARTESIAN_POINT('',(-3.774675609006,-36.41040782039));
#1531 = CARTESIAN_POINT('',(-3.806980712987,-36.16453922949));
#1532 = CARTESIAN_POINT('',(-3.83812822812,-35.90887043065));
#1533 = CARTESIAN_POINT('',(-3.947706792994,-34.9492676048));
#1534 = CARTESIAN_POINT('',(-4.02164015738,-34.18273674986));
#1535 = CARTESIAN_POINT('',(-4.090815309005,-33.38219318682));
#1536 = CARTESIAN_POINT('',(-4.155979941546,-32.57074140379));
#1537 = CARTESIAN_POINT('',(-4.21796364621,-31.75986902053));
#1538 = CARTESIAN_POINT('',(-4.27776149508,-30.95136875517));
#1539 = CARTESIAN_POINT('',(-4.336565346387,-30.13969243421));
#1540 = CARTESIAN_POINT('',(-4.468652130341,-28.30354722383));
#1541 = CARTESIAN_POINT('',(-4.540172965659,-27.30060743391));
#1542 = CARTESIAN_POINT('',(-4.611406002607,-26.31473236987));
#1543 = CARTESIAN_POINT('',(-4.683283666135,-25.35159749177));
#1544 = CARTESIAN_POINT('',(-4.756651493408,-24.42005304464));
#1545 = CARTESIAN_POINT('',(-4.832340468117,-23.53378599433));
#1546 = CARTESIAN_POINT('',(-4.911244810132,-22.71111843489));
#1547 = CARTESIAN_POINT('',(-5.027446268211,-21.67894381681));
#1548 = CARTESIAN_POINT('',(-5.061108987988,-21.39896535162));
#1549 = CARTESIAN_POINT('',(-5.095530188866,-21.13322775858));
#1550 = CARTESIAN_POINT('',(-5.130740808211,-20.88333024458));
#1551 = CARTESIAN_POINT('',(-5.166782604538,-20.65067348212));
#1552 = CARTESIAN_POINT('',(-5.20370817872,-20.4364349757));
#1553 = CARTESIAN_POINT('',(-5.241582490192,-20.24153998721));
#1554 = CARTESIAN_POINT('',(-5.309990482887,-19.93397346792));
#1555 = CARTESIAN_POINT('',(-5.340063801352,-19.81291729448));
#1556 = CARTESIAN_POINT('',(-5.370698727236,-19.70388973466));
#1557 = CARTESIAN_POINT('',(-5.401890923413,-19.60712668201));
#1558 = CARTESIAN_POINT('',(-5.433637937734,-19.52266965657));
#1559 = CARTESIAN_POINT('',(-5.46593839688,-19.45037109627));
#1560 = CARTESIAN_POINT('',(-5.498791268249,-19.38990497219));
#1561 = CARTESIAN_POINT('',(-5.575088554232,-19.27770575251));
#1562 = CARTESIAN_POINT('',(-5.618858532448,-19.23337991148));
#1563 = CARTESIAN_POINT('',(-5.66349544087,-19.20673044527));
#1564 = CARTESIAN_POINT('',(-5.708989043575,-19.19622936579));
#1565 = CARTESIAN_POINT('',(-5.755327696878,-19.19997088676));
#1566 = CARTESIAN_POINT('',(-5.802497819738,-19.21576105058));
#1567 = CARTESIAN_POINT('',(-5.850483690088,-19.2412215514));
#1568 = CARTESIAN_POINT('',(-5.944872566998,-19.30446404438));
#1569 = CARTESIAN_POINT('',(-5.991241165613,-19.3413792046));
#1570 = CARTESIAN_POINT('',(-6.0383255195,-19.38266133628));
#1571 = CARTESIAN_POINT('',(-6.086083457211,-19.42621994734));
#1572 = CARTESIAN_POINT('',(-6.134478170184,-19.46998602608));
#1573 = CARTESIAN_POINT('',(-6.183477777921,-19.51201312463));
#1574 = CARTESIAN_POINT('',(-6.233054767471,-19.55055945228));
#1575 = CARTESIAN_POINT('',(-6.28318530718,-19.58415097868));
#1576 = ( GEOMETRIC_REPRESENTATION_CONTEXT(2) 
PARAMETRIC_REPRESENTATION_CONTEXT() REPRESENTATION_CONTEXT('2D SPACE',''
  ) );
#1577 = PCURVE('',#1578,#1583);
#1578 = CYLINDRICAL_SURFACE('',#1579,25.);
#1579 = AXIS2_PLACEMENT_3D('',#1580,#1581,#1582);
#1580 = CARTESIAN_POINT('',(130.,550.,70.));
#1581 = DIRECTION('',(-1.,-0.,0.));
#1582 = DIRECTION('',(0.,0.,1.));
#1583 = DEFINITIONAL_REPRESENTATION('',(#1584),#1734);
#1584 = B_SPLINE_CURVE_WITH_KNOTS('',8,(#1585,#1586,#1587,#1588,#1589,
    #1590,#1591,#1592,#1593,#1594,#1595,#1596,#1597,#1598,#1599,#1600,
    #1601,#1602,#1603,#1604,#1605,#1606,#1607,#1608,#1609,#1610,#1611,
    #1612,#1613,#1614,#1615,#1616,#1617,#1618,#1619,#1620,#1621,#1622,
    #1623,#1624,#1625,#1626,#1627,#1628,#1629,#1630,#1631,#1632,#1633,
    #1634,#1635,#1636,#1637,#1638,#1639,#1640,#1641,#1642,#1643,#1644,
    #1645,#1646,#1647,#1648,#1649,#1650,#1651,#1652,#1653,#1654,#1655,
    #1656,#1657,#1658,#1659,#1660,#1661,#1662,#1663,#1664,#1665,#1666,
    #1667,#1668,#1669,#1670,#1671,#1672,#1673,#1674,#1675,#1676,#1677,
    #1678,#1679,#1680,#1681,#1682,#1683,#1684,#1685,#1686,#1687,#1688,
    #1689,#1690,#1691,#1692,#1693,#1694,#1695,#1696,#1697,#1698,#1699,
    #1700,#1701,#1702,#1703,#1704,#1705,#1706,#1707,#1708,#1709,#1710,
    #1711,#1712,#1713,#1714,#1715,#1716,#1717,#1718,#1719,#1720,#1721,
    #1722,#1723,#1724,#1725,#1726,#1727,#1728,#1729,#1730,#1731,#1732,
    #1733),.UNSPECIFIED.,.T.,.F.,(9,7,7,7,7,7,7,7,7,7,7,7,7,7,7,7,7,7,7,
    7,7,9),(0.,1.000746931142E-02,3.084768958337E-02,5.668094151368E-02,
    6.902518052571E-02,9.279770191071E-02,0.128112930382,0.182905460343,
    0.239395000869,0.353037191821,0.450263363662,0.473358459407,
    0.505693721569,0.533487108911,0.553864728585,0.592433717456,
    0.69422475494,0.819538894067,0.869079876354,0.906652130324,
    0.954897973906,1.),.UNSPECIFIED.);
#1585 = CARTESIAN_POINT('',(-4.366380805077,-43.81300007291));
#1586 = CARTESIAN_POINT('',(-4.359517851139,-43.85075594382));
#1587 = CARTESIAN_POINT('',(-4.352625565834,-43.88687128681));
#1588 = CARTESIAN_POINT('',(-4.345705355174,-43.92132840512));
#1589 = CARTESIAN_POINT('',(-4.338758626904,-43.95411058948));
#1590 = CARTESIAN_POINT('',(-4.331786790503,-43.98520211809));
#1591 = CARTESIAN_POINT('',(-4.324791257183,-44.01458825666));
#1592 = CARTESIAN_POINT('',(-4.317773439891,-44.04225525836));
#1593 = CARTESIAN_POINT('',(-4.296076923809,-44.12219935394));
#1594 = CARTESIAN_POINT('',(-4.281327408209,-44.16870179251));
#1595 = CARTESIAN_POINT('',(-4.266501582685,-44.20757119913));
#1596 = CARTESIAN_POINT('',(-4.25161462741,-44.23870680141));
#1597 = CARTESIAN_POINT('',(-4.236681630034,-44.26203318345));
#1598 = CARTESIAN_POINT('',(-4.221717689163,-44.27749993437));
#1599 = CARTESIAN_POINT('',(-4.206738017839,-44.28508129683));
#1600 = CARTESIAN_POINT('',(-4.173189080135,-44.28439714506));
#1601 = CARTESIAN_POINT('',(-4.154623726508,-44.27190015564));
#1602 = CARTESIAN_POINT('',(-4.136090395456,-44.24729262998));
#1603 = CARTESIAN_POINT('',(-4.117617369423,-44.21063887293));
#1604 = CARTESIAN_POINT('',(-4.09923287385,-44.16205912279));
#1605 = CARTESIAN_POINT('',(-4.080965119733,-44.10172979542));
#1606 = CARTESIAN_POINT('',(-4.062842318845,-44.02988456111));
#1607 = CARTESIAN_POINT('',(-4.036315558069,-43.90712264388));
#1608 = CARTESIAN_POINT('',(-4.027777270152,-43.86486316272));
#1609 = CARTESIAN_POINT('',(-4.019280191688,-43.82006570446));
#1610 = CARTESIAN_POINT('',(-4.010826701336,-43.77276002594));
#1611 = CARTESIAN_POINT('',(-4.002419172612,-43.72297774708));
#1612 = CARTESIAN_POINT('',(-3.994059973879,-43.67075235092));
#1613 = CARTESIAN_POINT('',(-3.985751468354,-43.61611918356));
#1614 = CARTESIAN_POINT('',(-3.961597669748,-43.4493377374));
#1615 = CARTESIAN_POINT('',(-3.945898260232,-43.33078333679));
#1616 = CARTESIAN_POINT('',(-3.930409893643,-43.20369125165));
#1617 = CARTESIAN_POINT('',(-3.915144519837,-43.06830888291));
#1618 = CARTESIAN_POINT('',(-3.900113945869,-42.92489314334));
#1619 = CARTESIAN_POINT('',(-3.885329851441,-42.77371156785));
#1620 = CARTESIAN_POINT('',(-3.870803804336,-42.61504342369));
#1621 = CARTESIAN_POINT('',(-3.835368514379,-42.20278391454));
#1622 = CARTESIAN_POINT('',(-3.814781608479,-41.94047550767));
#1623 = CARTESIAN_POINT('',(-3.794812757739,-41.66307405702));
#1624 = CARTESIAN_POINT('',(-3.775487299073,-41.37138885004));
#1625 = CARTESIAN_POINT('',(-3.75682937691,-41.06622337115));
#1626 = CARTESIAN_POINT('',(-3.738861613373,-40.74837866834));
#1627 = CARTESIAN_POINT('',(-3.721604778463,-40.4186567197));
#1628 = CARTESIAN_POINT('',(-3.679434880008,-39.54911438871));
#1629 = CARTESIAN_POINT('',(-3.655543902774,-38.99362367032));
#1630 = CARTESIAN_POINT('',(-3.633479011006,-38.41448215753));
#1631 = CARTESIAN_POINT('',(-3.613294683871,-37.81474363445));
#1632 = CARTESIAN_POINT('',(-3.595023953413,-37.19744171899));
#1633 = CARTESIAN_POINT('',(-3.578675795448,-36.56563845805));
#1634 = CARTESIAN_POINT('',(-3.564233029062,-35.92250405266));
#1635 = CARTESIAN_POINT('',(-3.538682126305,-34.60018468414));
#1636 = CARTESIAN_POINT('',(-3.527717128805,-33.9218478536));
#1637 = CARTESIAN_POINT('',(-3.518659917602,-33.23831199904));
#1638 = CARTESIAN_POINT('',(-3.511412709588,-32.55141764384));
#1639 = CARTESIAN_POINT('',(-3.505874464169,-31.86306722414));
#1640 = CARTESIAN_POINT('',(-3.501938788728,-31.17530990888));
#1641 = CARTESIAN_POINT('',(-3.499492712461,-30.49039416968));
#1642 = CARTESIAN_POINT('',(-3.496250925476,-28.44359831717));
#1643 = CARTESIAN_POINT('',(-3.499618389183,-27.09141149373));
#1644 = CARTESIAN_POINT('',(-3.507608152336,-25.75838715992));
#1645 = CARTESIAN_POINT('',(-3.519510222122,-24.44729284186));
#1646 = CARTESIAN_POINT('',(-3.534793433118,-23.15945200343));
#1647 = CARTESIAN_POINT('',(-3.553116909056,-21.89444377668));
#1648 = CARTESIAN_POINT('',(-3.574322331762,-20.6505751352));
#1649 = CARTESIAN_POINT('',(-3.619074277496,-18.37971977526));
#1650 = CARTESIAN_POINT('',(-3.641627802466,-17.35813236271));
#1651 = CARTESIAN_POINT('',(-3.666151517309,-16.35528087152));
#1652 = CARTESIAN_POINT('',(-3.692829618818,-15.36676597084));
#1653 = CARTESIAN_POINT('',(-3.721912830119,-14.39221317975));
#1654 = CARTESIAN_POINT('',(-3.753677832787,-13.43644694158));
#1655 = CARTESIAN_POINT('',(-3.788406290509,-12.510514073));
#1656 = CARTESIAN_POINT('',(-3.835396101269,-11.42448648446));
#1657 = CARTESIAN_POINT('',(-3.844616144895,-11.2183493221));
#1658 = CARTESIAN_POINT('',(-3.85405019546,-11.01460571167));
#1659 = CARTESIAN_POINT('',(-3.863711211593,-10.81340327698));
#1660 = CARTESIAN_POINT('',(-3.87361173403,-10.61496397268));
#1661 = CARTESIAN_POINT('',(-3.883763943374,-10.41958366903));
#1662 = CARTESIAN_POINT('',(-3.894179717851,-10.22763173662));
#1663 = CARTESIAN_POINT('',(-3.919839038685,-9.776219752554));
#1664 = CARTESIAN_POINT('',(-3.935350700462,-9.520409614369));
#1665 = CARTESIAN_POINT('',(-3.951456704702,-9.273016438437));
#1666 = CARTESIAN_POINT('',(-3.968204920597,-9.035386929225));
#1667 = CARTESIAN_POINT('',(-3.985639743952,-8.809324543949));
#1668 = CARTESIAN_POINT('',(-4.003801980517,-8.597097799216));
#1669 = CARTESIAN_POINT('',(-4.022728926894,-8.40145061421));
#1670 = CARTESIAN_POINT('',(-4.059409657294,-8.074477027899));
#1671 = CARTESIAN_POINT('',(-4.077082597105,-7.936836895244));
#1672 = CARTESIAN_POINT('',(-4.095362170326,-7.816457323291));
#1673 = CARTESIAN_POINT('',(-4.114145519397,-7.716447168107));
#1674 = CARTESIAN_POINT('',(-4.133335506151,-7.639279806568));
#1675 = CARTESIAN_POINT('',(-4.152838655515,-7.586805788021));
#1676 = CARTESIAN_POINT('',(-4.172563764091,-7.560259442002));
#1677 = CARTESIAN_POINT('',(-4.206980274851,-7.560259442002));
#1678 = CARTESIAN_POINT('',(-4.22150447946,-7.574529723152));
#1679 = CARTESIAN_POINT('',(-4.235945489295,-7.60295014002));
#1680 = CARTESIAN_POINT('',(-4.250254868932,-7.645151740401));
#1681 = CARTESIAN_POINT('',(-4.264383444561,-7.700515729976));
#1682 = CARTESIAN_POINT('',(-4.278280724679,-7.768171765528));
#1683 = CARTESIAN_POINT('',(-4.291894342593,-7.846995576717));
#1684 = CARTESIAN_POINT('',(-4.330295625075,-8.103319872199));
#1685 = CARTESIAN_POINT('',(-4.354247204394,-8.306345485151));
#1686 = CARTESIAN_POINT('',(-4.377068644635,-8.538327067453));
#1687 = CARTESIAN_POINT('',(-4.398809923081,-8.793840269931));
#1688 = CARTESIAN_POINT('',(-4.419527430287,-9.068359609796));
#1689 = CARTESIAN_POINT('',(-4.439284308529,-9.358232810703));
#1690 = CARTESIAN_POINT('',(-4.458150306741,-9.660661955134));
#1691 = CARTESIAN_POINT('',(-4.523840831314,-10.79983695833));
#1692 = CARTESIAN_POINT('',(-4.566814142011,-11.71735474056));
#1693 = CARTESIAN_POINT('',(-4.605546910283,-12.68630292676));
#1694 = CARTESIAN_POINT('',(-4.6405114822,-13.68179100158));
#1695 = CARTESIAN_POINT('',(-4.672225855664,-14.69174837971));
#1696 = CARTESIAN_POINT('',(-4.701234051508,-15.71585363012));
#1697 = CARTESIAN_POINT('',(-4.728042143336,-16.76402320346));
#1698 = CARTESIAN_POINT('',(-4.783611190414,-19.19463855717));
#1699 = CARTESIAN_POINT('',(-4.810563802233,-20.56214315026));
#1700 = CARTESIAN_POINT('',(-4.834019241278,-21.95515622801));
#1701 = CARTESIAN_POINT('',(-4.853916465147,-23.37625195769));
#1702 = CARTESIAN_POINT('',(-4.869922655272,-24.82703754788));
#1703 = CARTESIAN_POINT('',(-4.881408426204,-26.30648505078));
#1704 = CARTESIAN_POINT('',(-4.887465283305,-27.81106499219));
#1705 = CARTESIAN_POINT('',(-4.886663797995,-29.93749259349));
#1706 = CARTESIAN_POINT('',(-4.885399897177,-30.54402018183));
#1707 = CARTESIAN_POINT('',(-4.883019189193,-31.15322337176));
#1708 = CARTESIAN_POINT('',(-4.879442995333,-31.76383338872));
#1709 = CARTESIAN_POINT('',(-4.874593813139,-32.37466848723));
#1710 = CARTESIAN_POINT('',(-4.868394638245,-32.98460790224));
#1711 = CARTESIAN_POINT('',(-4.860767740966,-33.59256394934));
#1712 = CARTESIAN_POINT('',(-4.844704963696,-34.6562041339));
#1713 = CARTESIAN_POINT('',(-4.8369151191,-35.11283051972));
#1714 = CARTESIAN_POINT('',(-4.828240211203,-35.56623177105));
#1715 = CARTESIAN_POINT('',(-4.818662488389,-36.01536221746));
#1716 = CARTESIAN_POINT('',(-4.808169592314,-36.45921363409));
#1717 = CARTESIAN_POINT('',(-4.796754505287,-36.89679955724));
#1718 = CARTESIAN_POINT('',(-4.78441545281,-37.32714046002));
#1719 = CARTESIAN_POINT('',(-4.754129234079,-38.29127264959));
#1720 = CARTESIAN_POINT('',(-4.735597413566,-38.81931877959));
#1721 = CARTESIAN_POINT('',(-4.715573000527,-39.33127856111));
#1722 = CARTESIAN_POINT('',(-4.694083285793,-39.82506008313));
#1723 = CARTESIAN_POINT('',(-4.671168358122,-40.29855954387));
#1724 = CARTESIAN_POINT('',(-4.646879362393,-40.74964562451));
#1725 = CARTESIAN_POINT('',(-4.621276808137,-41.17615783333));
#1726 = CARTESIAN_POINT('',(-4.569330522312,-41.94963040078));
#1727 = CARTESIAN_POINT('',(-4.543107374083,-42.30050613096));
#1728 = CARTESIAN_POINT('',(-4.515830057903,-42.626346577));
#1729 = CARTESIAN_POINT('',(-4.487574945053,-42.92511082549));
#1730 = CARTESIAN_POINT('',(-4.45842136617,-43.1948933023));
#1731 = CARTESIAN_POINT('',(-4.428449947356,-43.43390639246));
#1732 = CARTESIAN_POINT('',(-4.39774212011,-43.6404688607));
#1733 = CARTESIAN_POINT('',(-4.366380805077,-43.81300007291));
#1734 = ( GEOMETRIC_REPRESENTATION_CONTEXT(2) 
PARAMETRIC_REPRESENTATION_CONTEXT() REPRESENTATION_CONTEXT('2D SPACE',''
  ) );
#1735 = ORIENTED_EDGE('',*,*,#1736,.T.);
#1736 = EDGE_CURVE('',#1271,#1737,#1739,.T.);
#1737 = VERTEX_POINT('',#1738);
#1738 = CARTESIAN_POINT('',(31.543019287658,792.78149717882,
    -64.01096784315));
#1739 = SEAM_CURVE('',#1740,(#1744,#1751),.PCURVE_S1.);
#1740 = LINE('',#1741,#1742);
#1741 = CARTESIAN_POINT('',(183.42211617656,558.70900667945,70.));
#1742 = VECTOR('',#1743,1.);
#1743 = DIRECTION('',(-0.490657783129,0.756190230469,-0.432933338055));
#1744 = PCURVE('',#717,#1745);
#1745 = DEFINITIONAL_REPRESENTATION('',(#1746),#1750);
#1746 = LINE('',#1747,#1748);
#1747 = CARTESIAN_POINT('',(-6.28318530718,0.));
#1748 = VECTOR('',#1749,1.);
#1749 = DIRECTION('',(-0.,-1.));
#1750 = ( GEOMETRIC_REPRESENTATION_CONTEXT(2) 
PARAMETRIC_REPRESENTATION_CONTEXT() REPRESENTATION_CONTEXT('2D SPACE',''
  ) );
#1751 = PCURVE('',#717,#1752);
#1752 = DEFINITIONAL_REPRESENTATION('',(#1753),#1757);
#1753 = LINE('',#1754,#1755);
#1754 = CARTESIAN_POINT('',(-0.,0.));
#1755 = VECTOR('',#1756,1.);
#1756 = DIRECTION('',(-0.,-1.));
#1757 = ( GEOMETRIC_REPRESENTATION_CONTEXT(2) 
PARAMETRIC_REPRESENTATION_CONTEXT() REPRESENTATION_CONTEXT('2D SPACE',''
  ) );
#1758 = ORIENTED_EDGE('',*,*,#1759,.T.);
#1759 = EDGE_CURVE('',#1737,#697,#1760,.T.);
#1760 = SURFACE_CURVE('',#1761,(#1918,#2078),.PCURVE_S1.);
#1761 = B_SPLINE_CURVE_WITH_KNOTS('',8,(#1762,#1763,#1764,#1765,#1766,
    #1767,#1768,#1769,#1770,#1771,#1772,#1773,#1774,#1775,#1776,#1777,
    #1778,#1779,#1780,#1781,#1782,#1783,#1784,#1785,#1786,#1787,#1788,
    #1789,#1790,#1791,#1792,#1793,#1794,#1795,#1796,#1797,#1798,#1799,
    #1800,#1801,#1802,#1803,#1804,#1805,#1806,#1807,#1808,#1809,#1810,
    #1811,#1812,#1813,#1814,#1815,#1816,#1817,#1818,#1819,#1820,#1821,
    #1822,#1823,#1824,#1825,#1826,#1827,#1828,#1829,#1830,#1831,#1832,
    #1833,#1834,#1835,#1836,#1837,#1838,#1839,#1840,#1841,#1842,#1843,
    #1844,#1845,#1846,#1847,#1848,#1849,#1850,#1851,#1852,#1853,#1854,
    #1855,#1856,#1857,#1858,#1859,#1860,#1861,#1862,#1863,#1864,#1865,
    #1866,#1867,#1868,#1869,#1870,#1871,#1872,#1873,#1874,#1875,#1876,
    #1877,#1878,#1879,#1880,#1881,#1882,#1883,#1884,#1885,#1886,#1887,
    #1888,#1889,#1890,#1891,#1892,#1893,#1894,#1895,#1896,#1897,#1898,
    #1899,#1900,#1901,#1902,#1903,#1904,#1905,#1906,#1907,#1908,#1909,
    #1910,#1911,#1912,#1913,#1914,#1915,#1916,#1917),.UNSPECIFIED.,.T.,
  .F.,(9,7,7,7,7,7,7,7,7,7,7,7,7,7,7,7,7,7,7,7,7,7,9),(0.,
    1.378517277674E-02,3.314165631052E-02,4.663689744448E-02,
    6.83050412613E-02,9.147689899683E-02,0.18860107539,0.212562779973,
    0.325840744309,0.382466951165,0.437332198654,0.471809110835,
    0.49484576971,0.533295000463,0.559476207438,0.594764236461,
    0.629174275069,0.684289702926,0.740373453791,0.853887891648,
    0.949462258303,0.972878844241,1.),.UNSPECIFIED.);
#1762 = CARTESIAN_POINT('',(31.543019287659,792.78149717882,
    -64.01096784315));
#1763 = CARTESIAN_POINT('',(31.626267850142,792.65319645312,
    -64.16518279718));
#1764 = CARTESIAN_POINT('',(31.706487476844,792.52403683431,
    -64.32330661222));
#1765 = CARTESIAN_POINT('',(31.783407507928,792.39414110333,
    -64.48537010233));
#1766 = CARTESIAN_POINT('',(31.856755894762,792.26363442847,
    -64.65140238059));
#1767 = CARTESIAN_POINT('',(31.926259114547,792.1326441994,
    -64.82143077185));
#1768 = CARTESIAN_POINT('',(31.991642084935,792.00129986118,
    -64.9954807254));
#1769 = CARTESIAN_POINT('',(32.052628078652,791.86973274825,
    -65.17357572772));
#1770 = CARTESIAN_POINT('',(32.188007245736,791.55320966391,
    -65.61151970613));
#1771 = CARTESIAN_POINT('',(32.258010438849,791.36780873413,
    -65.8758144823));
#1772 = CARTESIAN_POINT('',(32.317829839626,791.18290685625,
    -66.14781441839));
#1773 = CARTESIAN_POINT('',(32.366558268951,790.99944834592,
    -66.42668739137));
#1774 = CARTESIAN_POINT('',(32.4034982636,790.81828960005,-66.7115707909
    ));
#1775 = CARTESIAN_POINT('',(32.428160593409,790.64020058972,
    -67.0015660297));
#1776 = CARTESIAN_POINT('',(32.440262778442,790.46586635293,
    -67.2957330539));
#1777 = CARTESIAN_POINT('',(32.439354486784,790.17738079072,
    -67.80039700445));
#1778 = CARTESIAN_POINT('',(32.432839440458,790.06121297728,
    -68.00886832645));
#1779 = CARTESIAN_POINT('',(32.420196751853,789.94760431713,
    -68.21810373221));
#1780 = CARTESIAN_POINT('',(32.401498583959,789.83675234627,
    -68.42769284868));
#1781 = CARTESIAN_POINT('',(32.376875103521,789.72883312844,
    -68.6372100245));
#1782 = CARTESIAN_POINT('',(32.346514606494,789.62400151674,
    -68.84621433756));
#1783 = CARTESIAN_POINT('',(32.310663643484,789.52239141529,
    -69.05424960254));
#1784 = CARTESIAN_POINT('',(32.203738382054,789.26632375506,
    -69.59255577732));
#1785 = CARTESIAN_POINT('',(32.124578283761,789.11736120029,
    -69.92006468728));
#1786 = CARTESIAN_POINT('',(32.033195574746,788.97697943633,
    -70.24285590534));
#1787 = CARTESIAN_POINT('',(31.930653682201,788.84491160354,
    -70.56042401699));
#1788 = CARTESIAN_POINT('',(31.818032518437,788.72087577342,
    -70.87227201683));
#1789 = CARTESIAN_POINT('',(31.696430263244,788.60457779906,
    -71.17790992921));
#1790 = CARTESIAN_POINT('',(31.566965146247,788.4957141656,
    -71.47685342883));
#1791 = CARTESIAN_POINT('',(31.28513821817,788.28517506627,
    -72.08063952083));
#1792 = CARTESIAN_POINT('',(31.131450768226,788.18425371547,
    -72.38522349519));
#1793 = CARTESIAN_POINT('',(30.970693800883,788.09064142091,
    -72.68246251659));
#1794 = CARTESIAN_POINT('',(30.80371914778,788.00380145064,
    -72.97250257442));
#1795 = CARTESIAN_POINT('',(30.631253375607,787.92323029734,
    -73.25554342416));
#1796 = CARTESIAN_POINT('',(30.453899610975,787.84845826738,
    -73.53183449622));
#1797 = CARTESIAN_POINT('',(30.272139365276,787.77905006999,
    -73.80167080467));
#1798 = CARTESIAN_POINT('',(29.307538012861,787.44448744889,
    -75.17075549661));
#1799 = CARTESIAN_POINT('',(28.445508883064,787.25734741921,
    -76.18590838808));
#1800 = CARTESIAN_POINT('',(27.53542594762,787.13276925588,
    -77.11207702774));
#1801 = CARTESIAN_POINT('',(26.599565457318,787.05438315764,
    -77.95550993567));
#1802 = CARTESIAN_POINT('',(25.649082368106,787.01007599021,
    -78.72564465665));
#1803 = CARTESIAN_POINT('',(24.684870653988,786.99134736955,
    -79.43364642088));
#1804 = CARTESIAN_POINT('',(23.698747403797,786.99263399918,
    -80.09061267621));
#1805 = CARTESIAN_POINT('',(22.423327170812,787.01417817982,
    -80.85535272694));
#1806 = CARTESIAN_POINT('',(22.169847746473,787.01939546104,
    -81.00334040451));
#1807 = CARTESIAN_POINT('',(21.915309335952,787.02548697282,
    -81.14800621878));
#1808 = CARTESIAN_POINT('',(21.659733547838,787.03237640981,
    -81.28936994101));
#1809 = CARTESIAN_POINT('',(21.403136183606,787.03999044221,
    -81.42744612209));
#1810 = CARTESIAN_POINT('',(21.14552714375,787.04825832743,
    -81.56224409256));
#1811 = CARTESIAN_POINT('',(20.886910333925,787.05711152176,
    -81.69376796252));
#1812 = CARTESIAN_POINT('',(19.399908820608,787.11078794673,
    -82.42830683712));
#1813 = CARTESIAN_POINT('',(18.152278149446,787.16659887872,
    -82.96025476548));
#1814 = CARTESIAN_POINT('',(16.883367749095,787.22682639364,
    -83.41867802626));
#1815 = CARTESIAN_POINT('',(15.591466283197,787.28538779624,
    -83.80012674839));
#1816 = CARTESIAN_POINT('',(14.276119019598,787.33601526623,
    -84.09675096896));
#1817 = CARTESIAN_POINT('',(12.938645427081,787.37201828048,
    -84.29620614591));
#1818 = CARTESIAN_POINT('',(11.581852648134,787.38688655325,
    -84.38148390976));
#1819 = CARTESIAN_POINT('',(9.524184322954,787.37325234042,
    -84.30395029005));
#1820 = CARTESIAN_POINT('',(8.833026834823,787.3627109462,
    -84.24382193996));
#1821 = CARTESIAN_POINT('',(8.139002800608,787.3457832392,
    -84.14635413935));
#1822 = CARTESIAN_POINT('',(7.444394771393,787.32240070567,
    -84.00862235113));
#1823 = CARTESIAN_POINT('',(6.751284193796,787.29292584039,
    -83.82778951658));
#1824 = CARTESIAN_POINT('',(6.061606246952,787.25826887053,
    -83.60107372141));
#1825 = CARTESIAN_POINT('',(5.377238525902,787.22001065383,-83.325723266
    ));
#1826 = CARTESIAN_POINT('',(4.044065508876,787.14228056159,
    -82.68243546687));
#1827 = CARTESIAN_POINT('',(3.39639987354,787.10297596239,
    -82.31840760694));
#1828 = CARTESIAN_POINT('',(2.760573028102,787.06489568547,
    -81.9056696526));
#1829 = CARTESIAN_POINT('',(2.13975879701,787.0309861143,-81.4436527746)
  );
#1830 = CARTESIAN_POINT('',(1.536982176945,787.00483754093,
    -80.93250417416));
#1831 = CARTESIAN_POINT('',(0.955215660232,786.99056414128,
    -80.37311806509));
#1832 = CARTESIAN_POINT('',(0.397448562518,786.99262185033,
    -79.76715396457));
#1833 = CARTESIAN_POINT('',(-0.466769998545,787.03003493133,
    -78.70850928033));
#1834 = CARTESIAN_POINT('',(-0.789475668031,787.05272752429,
    -78.2826847431));
#1835 = CARTESIAN_POINT('',(-1.100619910138,787.08480262021,
    -77.84021667157));
#1836 = CARTESIAN_POINT('',(-1.399439545822,787.12740148924,
    -77.38187263451));
#1837 = CARTESIAN_POINT('',(-1.68517243152,787.18165872209,
    -76.90852963665));
#1838 = CARTESIAN_POINT('',(-1.95705432144,787.24868180316,
    -76.42116869776));
#1839 = CARTESIAN_POINT('',(-2.214315729853,787.32953068374,
    -75.92086943167));
#1840 = CARTESIAN_POINT('',(-2.617785983142,787.48911956677,
    -75.06665500931));
#1841 = CARTESIAN_POINT('',(-2.772531550354,787.55966253222,
    -74.71922478641));
#1842 = CARTESIAN_POINT('',(-2.920144895019,787.63710942998,
    -74.36694139716));
#1843 = CARTESIAN_POINT('',(-3.060366903127,787.72172341879,
    -74.01024758362));
#1844 = CARTESIAN_POINT('',(-3.192948966308,787.81374497178,
    -73.64960009633));
#1845 = CARTESIAN_POINT('',(-3.317652001475,787.91338921052,
    -73.28546840143));
#1846 = CARTESIAN_POINT('',(-3.434245470467,788.02084323917,
    -72.91833338764));
#1847 = CARTESIAN_POINT('',(-3.723198811388,788.32890510425,
    -71.931727904));
#1848 = CARTESIAN_POINT('',(-3.880814557471,788.54388219712,
    -71.30731004259));
#1849 = CARTESIAN_POINT('',(-4.013999695204,788.78170545803,
    -70.67857937199));
#1850 = CARTESIAN_POINT('',(-4.121679385238,789.04251141882,
    -70.04870907533));
#1851 = CARTESIAN_POINT('',(-4.203038874648,789.32603577464,
    -69.42083174804));
#1852 = CARTESIAN_POINT('',(-4.257512766646,789.63160160986,
    -68.79798054326));
#1853 = CARTESIAN_POINT('',(-4.284782576971,789.95812251789,
    -68.18303835064));
#1854 = CARTESIAN_POINT('',(-4.284782576971,790.53972084915,
    -67.16717993204));
#1855 = CARTESIAN_POINT('',(-4.272138532375,790.78420329756,
    -66.76083875444));
#1856 = CARTESIAN_POINT('',(-4.246857628577,791.03705821145,
    -66.36055003199));
#1857 = CARTESIAN_POINT('',(-4.209008419436,791.29769124452,
    -65.9671397006));
#1858 = CARTESIAN_POINT('',(-4.158720157599,791.56542769337,
    -65.58137485556));
#1859 = CARTESIAN_POINT('',(-4.09618306507,791.8395183352,
    -65.20395846751));
#1860 = CARTESIAN_POINT('',(-4.021649544011,792.11914686207,
    -64.83552503457));
#1861 = CARTESIAN_POINT('',(-3.819234867734,792.7866185771,
    -63.9929144236));
#1862 = CARTESIAN_POINT('',(-3.681865256459,793.17810560025,
    -63.52674085404));
#1863 = CARTESIAN_POINT('',(-3.52400736454,793.57616681007,
    -63.07893679511));
#1864 = CARTESIAN_POINT('',(-3.346409990222,793.97897169354,
    -62.65014528139));
#1865 = CARTESIAN_POINT('',(-3.149892746117,794.38461589179,
    -62.2408311664));
#1866 = CARTESIAN_POINT('',(-2.935350054333,794.79114931663,
    -61.85128337861));
#1867 = CARTESIAN_POINT('',(-2.703757250027,795.19660888811,
    -61.48162031602));
#1868 = CARTESIAN_POINT('',(-2.214760258915,795.99148973976,
    -60.79068025284));
#1869 = CARTESIAN_POINT('',(-1.957999873314,796.38128901344,
    -60.46822829031));
#1870 = CARTESIAN_POINT('',(-1.686671212056,796.76694842644,
    -60.16418225046));
#1871 = CARTESIAN_POINT('',(-1.401539553154,797.14700827925,
    -59.87817689744));
#1872 = CARTESIAN_POINT('',(-1.103364989545,797.52006934215,
    -59.60975673156));
#1873 = CARTESIAN_POINT('',(-0.792905541475,797.88480773693,-59.35839072
    ));
#1874 = CARTESIAN_POINT('',(-0.470920268891,798.23998981865,
    -59.12348702757));
#1875 = CARTESIAN_POINT('',(0.394798307181,799.1362769847,
    -58.55350293172));
#1876 = CARTESIAN_POINT('',(0.95461110502,799.65985876022,
    -58.24370240555));
#1877 = CARTESIAN_POINT('',(1.538288673853,800.15104703294,
    -57.97198166118));
#1878 = CARTESIAN_POINT('',(2.142957661434,800.60633407955,-57.735166024
    ));
#1879 = CARTESIAN_POINT('',(2.765780660559,801.02298268598,
    -57.53006605848));
#1880 = CARTESIAN_POINT('',(3.403869454257,801.39910265695,
    -57.35361307047));
#1881 = CARTESIAN_POINT('',(4.054178262552,801.7336957181,
    -57.20295929982));
#1882 = CARTESIAN_POINT('',(5.384154595421,802.32475840995,
    -56.94581629184));
#1883 = CARTESIAN_POINT('',(6.062034329859,802.57881774291,
    -56.84055577489));
#1884 = CARTESIAN_POINT('',(6.745123717407,802.78995518944,
    -56.75639455267));
#1885 = CARTESIAN_POINT('',(7.431590849736,802.95969539185,
    -56.69065641929));
#1886 = CARTESIAN_POINT('',(8.119546375139,803.08991699856,
    -56.64120602888));
#1887 = CARTESIAN_POINT('',(8.80695892103,803.18281430754,
    -56.60633599567));
#1888 = CARTESIAN_POINT('',(9.49160266861,803.24086757453,
    -56.58465532149));
#1889 = CARTESIAN_POINT('',(11.546223547174,803.31935414333,
    -56.55539442216));
#1890 = CARTESIAN_POINT('',(12.906332584543,803.24062823076,
    -56.58489774551));
#1891 = CARTESIAN_POINT('',(14.247115331091,803.05192738252,
    -56.65421425696));
#1892 = CARTESIAN_POINT('',(15.565735084104,802.77137609553,
    -56.76028881791));
#1893 = CARTESIAN_POINT('',(16.860819288735,802.41314768404,
    -56.90261173419));
#1894 = CARTESIAN_POINT('',(18.132774387795,801.9873100993,
    -57.08259894121));
#1895 = CARTESIAN_POINT('',(19.38330962256,801.50000701679,
    -57.30373565151));
#1896 = CARTESIAN_POINT('',(21.649320608581,800.49451904027,
    -57.79895524364));
#1897 = CARTESIAN_POINT('',(22.660557950602,799.99789155469,
    -58.05692822455));
#1898 = CARTESIAN_POINT('',(23.653655999218,799.46505796654,
    -58.35041872994));
#1899 = CARTESIAN_POINT('',(24.632716000412,798.8945393599,
    -58.68520520843));
#1900 = CARTESIAN_POINT('',(25.59793239102,798.28440833553,
    -59.06879827135));
#1901 = CARTESIAN_POINT('',(26.544513968306,797.63362862537,
    -59.51040356535));
#1902 = CARTESIAN_POINT('',(27.461753356411,796.94311961633,
    -60.02082168989));
#1903 = CARTESIAN_POINT('',(28.545068245407,796.03881391864,
    -60.75699614217));
#1904 = CARTESIAN_POINT('',(28.755855018691,795.85834616071,
    -60.90701479684));
#1905 = CARTESIAN_POINT('',(28.964167335459,795.67523890498,
    -61.06253220813));
#1906 = CARTESIAN_POINT('',(29.169851994345,795.48938995386,
    -61.22391143683));
#1907 = CARTESIAN_POINT('',(29.372675499872,795.30072861386,
    -61.39152510901));
#1908 = CARTESIAN_POINT('',(29.572324521456,795.10921663063,
    -61.56575599803));
#1909 = CARTESIAN_POINT('',(29.768406352393,794.91484912415,
    -61.74699760635));
#1910 = CARTESIAN_POINT('',(30.182874131187,794.48926534063,
    -62.1541579793));
#1911 = CARTESIAN_POINT('',(30.399906741692,794.25705738898,
    -62.38263432169));
#1912 = CARTESIAN_POINT('',(30.611020936269,794.02086021486,
    -62.62192348218));
#1913 = CARTESIAN_POINT('',(30.815459474395,793.78060204996,
    -62.87288383594));
#1914 = CARTESIAN_POINT('',(31.012230747007,793.53632005364,
    -63.13638762988));
#1915 = CARTESIAN_POINT('',(31.200104711849,793.28816835889,
    -63.41331541386));
#1916 = CARTESIAN_POINT('',(31.377608156296,793.03642492245,
    -63.70454969901));
#1917 = CARTESIAN_POINT('',(31.543019287659,792.78149717882,
    -64.01096784315));
#1918 = PCURVE('',#717,#1919);
#1919 = DEFINITIONAL_REPRESENTATION('',(#1920),#2077);
#1920 = B_SPLINE_CURVE_WITH_KNOTS('',8,(#1921,#1922,#1923,#1924,#1925,
    #1926,#1927,#1928,#1929,#1930,#1931,#1932,#1933,#1934,#1935,#1936,
    #1937,#1938,#1939,#1940,#1941,#1942,#1943,#1944,#1945,#1946,#1947,
    #1948,#1949,#1950,#1951,#1952,#1953,#1954,#1955,#1956,#1957,#1958,
    #1959,#1960,#1961,#1962,#1963,#1964,#1965,#1966,#1967,#1968,#1969,
    #1970,#1971,#1972,#1973,#1974,#1975,#1976,#1977,#1978,#1979,#1980,
    #1981,#1982,#1983,#1984,#1985,#1986,#1987,#1988,#1989,#1990,#1991,
    #1992,#1993,#1994,#1995,#1996,#1997,#1998,#1999,#2000,#2001,#2002,
    #2003,#2004,#2005,#2006,#2007,#2008,#2009,#2010,#2011,#2012,#2013,
    #2014,#2015,#2016,#2017,#2018,#2019,#2020,#2021,#2022,#2023,#2024,
    #2025,#2026,#2027,#2028,#2029,#2030,#2031,#2032,#2033,#2034,#2035,
    #2036,#2037,#2038,#2039,#2040,#2041,#2042,#2043,#2044,#2045,#2046,
    #2047,#2048,#2049,#2050,#2051,#2052,#2053,#2054,#2055,#2056,#2057,
    #2058,#2059,#2060,#2061,#2062,#2063,#2064,#2065,#2066,#2067,#2068,
    #2069,#2070,#2071,#2072,#2073,#2074,#2075,#2076),.UNSPECIFIED.,.F.,
  .F.,(9,7,7,7,7,7,7,7,7,7,7,7,7,7,7,7,7,7,7,7,7,7,9),(0.,
    1.378517277674E-02,3.314165631052E-02,4.663689744448E-02,
    6.83050412613E-02,9.147689899683E-02,0.18860107539,0.212562779973,
    0.325840744309,0.382466951165,0.437332198654,0.471809110835,
    0.49484576971,0.533295000463,0.559476207438,0.594764236461,
    0.629174275069,0.684289702926,0.740373453791,0.853887891648,
    0.949462258303,0.972878844241,1.),.UNSPECIFIED.);
#1921 = CARTESIAN_POINT('',(0.,-309.5418071644));
#1922 = CARTESIAN_POINT('',(-1.282670339152E-02,-309.4707056488));
#1923 = CARTESIAN_POINT('',(-2.584851304107E-02,-309.4021330937));
#1924 = CARTESIAN_POINT('',(-3.906360913168E-02,-309.3363284868));
#1925 = CARTESIAN_POINT('',(-5.247040932893E-02,-309.2735325658));
#1926 = CARTESIAN_POINT('',(-6.606758540742E-02,-309.2139876976));
#1927 = CARTESIAN_POINT('',(-7.985407987721E-02,-309.1579377563));
#1928 = CARTESIAN_POINT('',(-9.382912261032E-02,-309.1056280022));
#1929 = CARTESIAN_POINT('',(-0.127879433324,-308.9894520445));
#1930 = CARTESIAN_POINT('',(-0.148175926602,-308.9293280808));
#1931 = CARTESIAN_POINT('',(-0.16881129575,-308.8779140729));
#1932 = CARTESIAN_POINT('',(-0.189720093586,-308.8360089637));
#1933 = CARTESIAN_POINT('',(-0.210840683657,-308.8042291151));
#1934 = CARTESIAN_POINT('',(-0.232114066597,-308.783007788));
#1935 = CARTESIAN_POINT('',(-0.253482706481,-308.7725946218));
#1936 = CARTESIAN_POINT('',(-0.289813964371,-308.7733761671));
#1937 = CARTESIAN_POINT('',(-0.304729046551,-308.778982045));
#1938 = CARTESIAN_POINT('',(-0.319611432774,-308.7898605023));
#1939 = CARTESIAN_POINT('',(-0.33443776482,-308.8059478423));
#1940 = CARTESIAN_POINT('',(-0.349184323077,-308.8271290568));
#1941 = CARTESIAN_POINT('',(-0.363826852428,-308.8532379652));
#1942 = CARTESIAN_POINT('',(-0.37834038813,-308.8840573549));
#1943 = CARTESIAN_POINT('',(-0.415753596559,-308.9759358928));
#1944 = CARTESIAN_POINT('',(-0.43837494973,-309.0439219082));
#1945 = CARTESIAN_POINT('',(-0.460556667488,-309.1223513067));
#1946 = CARTESIAN_POINT('',(-0.48229038922,-309.2102817021));
#1947 = CARTESIAN_POINT('',(-0.503565740054,-309.3067548652));
#1948 = CARTESIAN_POINT('',(-0.524370203497,-309.4107974077));
#1949 = CARTESIAN_POINT('',(-0.544688994069,-309.5214214661));
#1950 = CARTESIAN_POINT('',(-0.585696041226,-309.7618935601));
#1951 = CARTESIAN_POINT('',(-0.606364500302,-309.8928503208));
#1952 = CARTESIAN_POINT('',(-0.626534955479,-310.0296229572));
#1953 = CARTESIAN_POINT('',(-0.646232664197,-310.1714508436));
#1954 = CARTESIAN_POINT('',(-0.665483783632,-310.3176832179));
#1955 = CARTESIAN_POINT('',(-0.684315661303,-310.4677769605));
#1956 = CARTESIAN_POINT('',(-0.702757125685,-310.6212943726));
#1957 = CARTESIAN_POINT('',(-0.796627498335,-311.434312954));
#1958 = CARTESIAN_POINT('',(-0.867279160724,-312.1552543236));
#1959 = CARTESIAN_POINT('',(-0.933487254996,-312.9085580899));
#1960 = CARTESIAN_POINT('',(-0.995925625107,-313.6736207459));
#1961 = CARTESIAN_POINT('',(-1.055340972274,-314.4398950198));
#1962 = CARTESIAN_POINT('',(-1.112623609592,-315.205348169));
#1963 = CARTESIAN_POINT('',(-1.168836448354,-315.9745927475));
#1964 = CARTESIAN_POINT('',(-1.239129713785,-316.9477605734));
#1965 = CARTESIAN_POINT('',(-1.25298648853,-317.1401462822));
#1966 = CARTESIAN_POINT('',(-1.266796221264,-317.33227453));
#1967 = CARTESIAN_POINT('',(-1.28056533001,-317.5240855727));
#1968 = CARTESIAN_POINT('',(-1.29430017886,-317.7155225055));
#1969 = CARTESIAN_POINT('',(-1.308007134943,-317.9065310152));
#1970 = CARTESIAN_POINT('',(-1.321692625396,-318.0970591329));
#1971 = CARTESIAN_POINT('',(-1.39999024182,-319.185263954));
#1972 = CARTESIAN_POINT('',(-1.464161916612,-320.0699253271));
#1973 = CARTESIAN_POINT('',(-1.528620590208,-320.9365362621));
#1974 = CARTESIAN_POINT('',(-1.594024352061,-321.7798432005));
#1975 = CARTESIAN_POINT('',(-1.660985148834,-322.591931085));
#1976 = CARTESIAN_POINT('',(-1.730128169651,-323.3617488361));
#1977 = CARTESIAN_POINT('',(-1.802144967358,-324.0756326028));
#1978 = CARTESIAN_POINT('',(-1.915811730702,-325.0413666343));
#1979 = CARTESIAN_POINT('',(-1.954724688387,-325.3464855686));
#1980 = CARTESIAN_POINT('',(-1.994675621367,-325.6320162357));
#1981 = CARTESIAN_POINT('',(-2.03569393853,-325.8955207452));
#1982 = CARTESIAN_POINT('',(-2.077828216008,-326.1350236768));
#1983 = CARTESIAN_POINT('',(-2.12114565626,-326.3490594413));
#1984 = CARTESIAN_POINT('',(-2.165733007012,-326.5367109086));
#1985 = CARTESIAN_POINT('',(-2.256235426415,-326.8535631551));
#1986 = CARTESIAN_POINT('',(-2.301958625779,-326.9840237895));
#1987 = CARTESIAN_POINT('',(-2.348838744948,-327.0885132262));
#1988 = CARTESIAN_POINT('',(-2.396857971295,-327.1674559649));
#1989 = CARTESIAN_POINT('',(-2.446004088143,-327.2221464395));
#1990 = CARTESIAN_POINT('',(-2.496267383139,-327.254624408));
#1991 = CARTESIAN_POINT('',(-2.54763919882,-327.2675111344));
#1992 = CARTESIAN_POINT('',(-2.633083032713,-327.2615155271));
#1993 = CARTESIAN_POINT('',(-2.666478570021,-327.2526598543));
#1994 = CARTESIAN_POINT('',(-2.700291892777,-327.2380208933));
#1995 = CARTESIAN_POINT('',(-2.734518421641,-327.218419508));
#1996 = CARTESIAN_POINT('',(-2.769154158129,-327.1947193975));
#1997 = CARTESIAN_POINT('',(-2.804195651119,-327.1678077639));
#1998 = CARTESIAN_POINT('',(-2.839639963363,-327.1385759786));
#1999 = CARTESIAN_POINT('',(-2.899435203451,-327.0874034516));
#2000 = CARTESIAN_POINT('',(-2.923566453588,-327.0662603437));
#2001 = CARTESIAN_POINT('',(-2.947872179817,-327.044737344));
#2002 = CARTESIAN_POINT('',(-2.972346732837,-327.023097992));
#2003 = CARTESIAN_POINT('',(-2.996984922224,-327.001599892));
#2004 = CARTESIAN_POINT('',(-3.02178191602,-326.9804916565));
#2005 = CARTESIAN_POINT('',(-3.046733140316,-326.9600098492));
#2006 = CARTESIAN_POINT('',(-3.11372895307,-326.9076060222));
#2007 = CARTESIAN_POINT('',(-3.156072382428,-326.8771736831));
#2008 = CARTESIAN_POINT('',(-3.198785178633,-326.850163166));
#2009 = CARTESIAN_POINT('',(-3.241794164509,-326.8275241136));
#2010 = CARTESIAN_POINT('',(-3.2850305695,-326.8100131011));
#2011 = CARTESIAN_POINT('',(-3.328428288642,-326.7981539883));
#2012 = CARTESIAN_POINT('',(-3.371922104962,-326.7922170775));
#2013 = CARTESIAN_POINT('',(-3.445082484906,-326.7922170775));
#2014 = CARTESIAN_POINT('',(-3.474714285297,-326.7949697752));
#2015 = CARTESIAN_POINT('',(-3.504317461261,-326.8004735858));
#2016 = CARTESIAN_POINT('',(-3.533868367899,-326.8086702821));
#2017 = CARTESIAN_POINT('',(-3.563343224541,-326.81944518));
#2018 = CARTESIAN_POINT('',(-3.592717812254,-326.8326293977));
#2019 = CARTESIAN_POINT('',(-3.621967174992,-326.8480041897));
#2020 = CARTESIAN_POINT('',(-3.690284919537,-326.8886292189));
#2021 = CARTESIAN_POINT('',(-3.729212945198,-326.9154443326));
#2022 = CARTESIAN_POINT('',(-3.767829234283,-326.9451308213));
#2023 = CARTESIAN_POINT('',(-3.806112181646,-326.9769502636));
#2024 = CARTESIAN_POINT('',(-3.844038358911,-327.0100660019));
#2025 = CARTESIAN_POINT('',(-3.881582149433,-327.0435673405));
#2026 = CARTESIAN_POINT('',(-3.91871540334,-327.0764996317));
#2027 = CARTESIAN_POINT('',(-3.991185907045,-327.1385195986));
#2028 = CARTESIAN_POINT('',(-4.026565818071,-327.1677003151));
#2029 = CARTESIAN_POINT('',(-4.061544400393,-327.1945710091));
#2030 = CARTESIAN_POINT('',(-4.096118730756,-327.2182452369));
#2031 = CARTESIAN_POINT('',(-4.130285374589,-327.2378406593));
#2032 = CARTESIAN_POINT('',(-4.164040352597,-327.2524981991));
#2033 = CARTESIAN_POINT('',(-4.197379107346,-327.2614011996));
#2034 = CARTESIAN_POINT('',(-4.283021040706,-327.2676281236));
#2035 = CARTESIAN_POINT('',(-4.33458846905,-327.2547560649));
#2036 = CARTESIAN_POINT('',(-4.385012893989,-327.2221649271));
#2037 = CARTESIAN_POINT('',(-4.434302966478,-327.1672376146));
#2038 = CARTESIAN_POINT('',(-4.482462366083,-327.0879156555));
#2039 = CARTESIAN_POINT('',(-4.529489245492,-326.982858289));
#2040 = CARTESIAN_POINT('',(-4.575373669906,-326.851572175));
#2041 = CARTESIAN_POINT('',(-4.66559622532,-326.5346389883));
#2042 = CARTESIAN_POINT('',(-4.70975042135,-326.3485784191));
#2043 = CARTESIAN_POINT('',(-4.752659602818,-326.13663917));
#2044 = CARTESIAN_POINT('',(-4.794407559826,-325.8997143819));
#2045 = CARTESIAN_POINT('',(-4.835059224634,-325.6392272332));
#2046 = CARTESIAN_POINT('',(-4.874661540026,-325.3570945549));
#2047 = CARTESIAN_POINT('',(-4.913242947659,-325.0556817982));
#2048 = CARTESIAN_POINT('',(-5.026850859343,-324.0942488305));
#2049 = CARTESIAN_POINT('',(-5.099087455394,-323.3801419517));
#2050 = CARTESIAN_POINT('',(-5.168425549192,-322.6095921524));
#2051 = CARTESIAN_POINT('',(-5.235562694124,-321.796374179));
#2052 = CARTESIAN_POINT('',(-5.301127250684,-320.9516585443));
#2053 = CARTESIAN_POINT('',(-5.365733564787,-320.0834721162));
#2054 = CARTESIAN_POINT('',(-5.430042494003,-319.197130894));
#2055 = CARTESIAN_POINT('',(-5.5493311237,-317.5393518535));
#2056 = CARTESIAN_POINT('',(-5.603644545176,-316.779320632));
#2057 = CARTESIAN_POINT('',(-5.658458715242,-316.0161876154));
#2058 = CARTESIAN_POINT('',(-5.714425202538,-315.2493238367));
#2059 = CARTESIAN_POINT('',(-5.772132048049,-314.4804280075));
#2060 = CARTESIAN_POINT('',(-5.832111371913,-313.7150527843));
#2061 = CARTESIAN_POINT('',(-5.894859675447,-312.9638229953));
#2062 = CARTESIAN_POINT('',(-5.977049251163,-312.0671734425));
#2063 = CARTESIAN_POINT('',(-5.993452009096,-311.892229393));
#2064 = CARTESIAN_POINT('',(-6.010107791987,-311.7188840876));
#2065 = CARTESIAN_POINT('',(-6.027039616625,-311.5472925958));
#2066 = CARTESIAN_POINT('',(-6.044269228277,-311.3776773487));
#2067 = CARTESIAN_POINT('',(-6.061817412163,-311.210328872));
#2068 = CARTESIAN_POINT('',(-6.079704304931,-311.0456065205));
#2069 = CARTESIAN_POINT('',(-6.119081581177,-310.696695679));
#2070 = CARTESIAN_POINT('',(-6.140696851254,-310.5135285805));
#2071 = CARTESIAN_POINT('',(-6.162846432825,-310.3349300173));
#2072 = CARTESIAN_POINT('',(-6.185577899164,-310.161588884));
#2073 = CARTESIAN_POINT('',(-6.20893590539,-309.9943974456));
#2074 = CARTESIAN_POINT('',(-6.23296277205,-309.8344570052));
#2075 = CARTESIAN_POINT('',(-6.257699227224,-309.6830826626));
#2076 = CARTESIAN_POINT('',(-6.28318530718,-309.5418071644));
#2077 = ( GEOMETRIC_REPRESENTATION_CONTEXT(2) 
PARAMETRIC_REPRESENTATION_CONTEXT() REPRESENTATION_CONTEXT('2D SPACE',''
  ) );
#2078 = PCURVE('',#1027,#2079);
#2079 = DEFINITIONAL_REPRESENTATION('',(#2080),#2237);
#2080 = B_SPLINE_CURVE_WITH_KNOTS('',8,(#2081,#2082,#2083,#2084,#2085,
    #2086,#2087,#2088,#2089,#2090,#2091,#2092,#2093,#2094,#2095,#2096,
    #2097,#2098,#2099,#2100,#2101,#2102,#2103,#2104,#2105,#2106,#2107,
    #2108,#2109,#2110,#2111,#2112,#2113,#2114,#2115,#2116,#2117,#2118,
    #2119,#2120,#2121,#2122,#2123,#2124,#2125,#2126,#2127,#2128,#2129,
    #2130,#2131,#2132,#2133,#2134,#2135,#2136,#2137,#2138,#2139,#2140,
    #2141,#2142,#2143,#2144,#2145,#2146,#2147,#2148,#2149,#2150,#2151,
    #2152,#2153,#2154,#2155,#2156,#2157,#2158,#2159,#2160,#2161,#2162,
    #2163,#2164,#2165,#2166,#2167,#2168,#2169,#2170,#2171,#2172,#2173,
    #2174,#2175,#2176,#2177,#2178,#2179,#2180,#2181,#2182,#2183,#2184,
    #2185,#2186,#2187,#2188,#2189,#2190,#2191,#2192,#2193,#2194,#2195,
    #2196,#2197,#2198,#2199,#2200,#2201,#2202,#2203,#2204,#2205,#2206,
    #2207,#2208,#2209,#2210,#2211,#2212,#2213,#2214,#2215,#2216,#2217,
    #2218,#2219,#2220,#2221,#2222,#2223,#2224,#2225,#2226,#2227,#2228,
    #2229,#2230,#2231,#2232,#2233,#2234,#2235,#2236),.UNSPECIFIED.,.T.,
  .F.,(9,7,7,7,7,7,7,7,7,7,7,7,7,7,7,7,7,7,7,7,7,7,9),(0.,
    1.378517277674E-02,3.314165631052E-02,4.663689744448E-02,
    6.83050412613E-02,9.147689899683E-02,0.18860107539,0.212562779973,
    0.325840744309,0.382466951165,0.437332198654,0.471809110835,
    0.49484576971,0.533295000463,0.559476207438,0.594764236461,
    0.629174275069,0.684289702926,0.740373453791,0.853887891648,
    0.949462258303,0.972878844241,1.),.UNSPECIFIED.);
#2081 = CARTESIAN_POINT('',(-0.876868888606,-81.54301928765));
#2082 = CARTESIAN_POINT('',(-0.884893184539,-81.62626785014));
#2083 = CARTESIAN_POINT('',(-0.89305964908,-81.70648747684));
#2084 = CARTESIAN_POINT('',(-0.901366875753,-81.78340750792));
#2085 = CARTESIAN_POINT('',(-0.909813462377,-81.85675589476));
#2086 = CARTESIAN_POINT('',(-0.918398018058,-81.92625911454));
#2087 = CARTESIAN_POINT('',(-0.927119170171,-81.99164208493));
#2088 = CARTESIAN_POINT('',(-0.935975571344,-82.05262807865));
#2089 = CARTESIAN_POINT('',(-0.957589707131,-82.18800724573));
#2090 = CARTESIAN_POINT('',(-0.970502002306,-82.25801043884));
#2091 = CARTESIAN_POINT('',(-0.983655449475,-82.31782983962));
#2092 = CARTESIAN_POINT('',(-0.997004618779,-82.36655826895));
#2093 = CARTESIAN_POINT('',(-1.010505542716,-82.4034982636));
#2094 = CARTESIAN_POINT('',(-1.024115265855,-82.4281605934));
#2095 = CARTESIAN_POINT('',(-1.037791394553,-82.44026277844));
#2096 = CARTESIAN_POINT('',(-1.061043392233,-82.43935448678));
#2097 = CARTESIAN_POINT('',(-1.070588942061,-82.43283944045));
#2098 = CARTESIAN_POINT('',(-1.080111553138,-82.42019675185));
#2099 = CARTESIAN_POINT('',(-1.089594373013,-82.40149858395));
#2100 = CARTESIAN_POINT('',(-1.099020387941,-82.37687510352));
#2101 = CARTESIAN_POINT('',(-1.108372371021,-82.34651460649));
#2102 = CARTESIAN_POINT('',(-1.117632830337,-82.31066364348));
#2103 = CARTESIAN_POINT('',(-1.141477131439,-82.20373838205));
#2104 = CARTESIAN_POINT('',(-1.155866784949,-82.12457828376));
#2105 = CARTESIAN_POINT('',(-1.169943428013,-82.03319557474));
#2106 = CARTESIAN_POINT('',(-1.183697377313,-81.9306536822));
#2107 = CARTESIAN_POINT('',(-1.197118683599,-81.81803251843));
#2108 = CARTESIAN_POINT('',(-1.210197059468,-81.69643026324));
#2109 = CARTESIAN_POINT('',(-1.222921807133,-81.56696514624));
#2110 = CARTESIAN_POINT('',(-1.24849943352,-81.28513821817));
#2111 = CARTESIAN_POINT('',(-1.261332620768,-81.13145076822));
#2112 = CARTESIAN_POINT('',(-1.273795636737,-80.97069380088));
#2113 = CARTESIAN_POINT('',(-1.285903737354,-80.80371914778));
#2114 = CARTESIAN_POINT('',(-1.297673093692,-80.6312533756));
#2115 = CARTESIAN_POINT('',(-1.309120779982,-80.45389961097));
#2116 = CARTESIAN_POINT('',(-1.320264761613,-80.27213936527));
#2117 = CARTESIAN_POINT('',(-1.376639579269,-79.30753801286));
#2118 = CARTESIAN_POINT('',(-1.417861961171,-78.44550888305));
#2119 = CARTESIAN_POINT('',(-1.455176388476,-77.53542594764));
#2120 = CARTESIAN_POINT('',(-1.48901076788,-76.59956545728));
#2121 = CARTESIAN_POINT('',(-1.519834842755,-75.64908236812));
#2122 = CARTESIAN_POINT('',(-1.54814514967,-74.68487065398));
#2123 = CARTESIAN_POINT('',(-1.574414822479,-73.69874740379));
#2124 = CARTESIAN_POINT('',(-1.605016560911,-72.42332717081));
#2125 = CARTESIAN_POINT('',(-1.610939597531,-72.16984774647));
#2126 = CARTESIAN_POINT('',(-1.616731134919,-71.91530933595));
#2127 = CARTESIAN_POINT('',(-1.622392154438,-71.65973354783));
#2128 = CARTESIAN_POINT('',(-1.627923376792,-71.4031361836));
#2129 = CARTESIAN_POINT('',(-1.633325267122,-71.14552714375));
#2130 = CARTESIAN_POINT('',(-1.638598040112,-70.88691033392));
#2131 = CARTESIAN_POINT('',(-1.668057938737,-69.3999088206));
#2132 = CARTESIAN_POINT('',(-1.689441960313,-68.15227814944));
#2133 = CARTESIAN_POINT('',(-1.707927679787,-66.88336774909));
#2134 = CARTESIAN_POINT('',(-1.723359124708,-65.59146628319));
#2135 = CARTESIAN_POINT('',(-1.735395438176,-64.27611901959));
#2136 = CARTESIAN_POINT('',(-1.743502583992,-62.93864542708));
#2137 = CARTESIAN_POINT('',(-1.746965133295,-61.58185264813));
#2138 = CARTESIAN_POINT('',(-1.743816202316,-59.52418432295));
#2139 = CARTESIAN_POINT('',(-1.741374362434,-58.83302683482));
#2140 = CARTESIAN_POINT('',(-1.737417358636,-58.1390028006));
#2141 = CARTESIAN_POINT('',(-1.731829296595,-57.44439477139));
#2142 = CARTESIAN_POINT('',(-1.724500846615,-56.75128419379));
#2143 = CARTESIAN_POINT('',(-1.715327996688,-56.06160624695));
#2144 = CARTESIAN_POINT('',(-1.704209909516,-55.3772385259));
#2145 = CARTESIAN_POINT('',(-1.67829123178,-54.04406550887));
#2146 = CARTESIAN_POINT('',(-1.663646667168,-53.39639987354));
#2147 = CARTESIAN_POINT('',(-1.647070486405,-52.7605730281));
#2148 = CARTESIAN_POINT('',(-1.628547123782,-52.13975879701));
#2149 = CARTESIAN_POINT('',(-1.608085889742,-51.53698217694));
#2150 = CARTESIAN_POINT('',(-1.58571772104,-50.95521566023));
#2151 = CARTESIAN_POINT('',(-1.561491372804,-50.39744856251));
#2152 = CARTESIAN_POINT('',(-1.519119149712,-49.53323000145));
#2153 = CARTESIAN_POINT('',(-1.502064706114,-49.21052433196));
#2154 = CARTESIAN_POINT('',(-1.484325084566,-48.89938008986));
#2155 = CARTESIAN_POINT('',(-1.465920218722,-48.60056045417));
#2156 = CARTESIAN_POINT('',(-1.446871743321,-48.31482756848));
#2157 = CARTESIAN_POINT('',(-1.42720269414,-48.04294567856));
#2158 = CARTESIAN_POINT('',(-1.406937207945,-47.78568427014));
#2159 = CARTESIAN_POINT('',(-1.372177440605,-47.38221401685));
#2160 = CARTESIAN_POINT('',(-1.357998387325,-47.22746844964));
#2161 = CARTESIAN_POINT('',(-1.343573689997,-47.07985510498));
#2162 = CARTESIAN_POINT('',(-1.328914065329,-46.93963309687));
#2163 = CARTESIAN_POINT('',(-1.314030332571,-46.80705103369));
#2164 = CARTESIAN_POINT('',(-1.298933426744,-46.68234799852));
#2165 = CARTESIAN_POINT('',(-1.283634411868,-46.56575452953));
#2166 = CARTESIAN_POINT('',(-1.242291117503,-46.27680118861));
#2167 = CARTESIAN_POINT('',(-1.215886620174,-46.11918544252));
#2168 = CARTESIAN_POINT('',(-1.189018777923,-45.98600030479));
#2169 = CARTESIAN_POINT('',(-1.161776002629,-45.87832061476));
#2170 = CARTESIAN_POINT('',(-1.134246825465,-45.79696112535));
#2171 = CARTESIAN_POINT('',(-1.106519786831,-45.74248723335));
#2172 = CARTESIAN_POINT('',(-1.078683733082,-45.71521742302));
#2173 = CARTESIAN_POINT('',(-1.031861089918,-45.71521742302));
#2174 = CARTESIAN_POINT('',(-1.012896736773,-45.72786146762));
#2175 = CARTESIAN_POINT('',(-0.993965694457,-45.75314237142));
#2176 = CARTESIAN_POINT('',(-0.975098056185,-45.79099158056));
#2177 = CARTESIAN_POINT('',(-0.956323852864,-45.8412798424));
#2178 = CARTESIAN_POINT('',(-0.937673100118,-45.90381693493));
#2179 = CARTESIAN_POINT('',(-0.919175814009,-45.97835045598));
#2180 = CARTESIAN_POINT('',(-0.876177932534,-46.18076513226));
#2181 = CARTESIAN_POINT('',(-0.85183778031,-46.31813474354));
#2182 = CARTESIAN_POINT('',(-0.827887397969,-46.47599263546));
#2183 = CARTESIAN_POINT('',(-0.804372161995,-46.65359000977));
#2184 = CARTESIAN_POINT('',(-0.781337175298,-46.85010725388));
#2185 = CARTESIAN_POINT('',(-0.75882718311,-47.06464994566));
#2186 = CARTESIAN_POINT('',(-0.736886195663,-47.29624274997));
#2187 = CARTESIAN_POINT('',(-0.694758129214,-47.78523974108));
#2188 = CARTESIAN_POINT('',(-0.674528836013,-48.04200012668));
#2189 = CARTESIAN_POINT('',(-0.654893740379,-48.31332878794));
#2190 = CARTESIAN_POINT('',(-0.635876849687,-48.59846044684));
#2191 = CARTESIAN_POINT('',(-0.617501079256,-48.89663501045));
#2192 = CARTESIAN_POINT('',(-0.599787955253,-49.20709445852));
#2193 = CARTESIAN_POINT('',(-0.582757317603,-49.5290797311));
#2194 = CARTESIAN_POINT('',(-0.540270377425,-50.39479830718));
#2195 = CARTESIAN_POINT('',(-0.515948136168,-50.95461110501));
#2196 = CARTESIAN_POINT('',(-0.493509379212,-51.53828867385));
#2197 = CARTESIAN_POINT('',(-0.472993145456,-52.14295766143));
#2198 = CARTESIAN_POINT('',(-0.454424449967,-52.76578066055));
#2199 = CARTESIAN_POINT('',(-0.437809772606,-53.40386945425));
#2200 = CARTESIAN_POINT('',(-0.423133135078,-54.05417826255));
#2201 = CARTESIAN_POINT('',(-0.397350113308,-55.38415459542));
#2202 = CARTESIAN_POINT('',(-0.386351719475,-56.06203432985));
#2203 = CARTESIAN_POINT('',(-0.377261092689,-56.7451237174));
#2204 = CARTESIAN_POINT('',(-0.369980397109,-57.43159084973));
#2205 = CARTESIAN_POINT('',(-0.364408652157,-58.11954637513));
#2206 = CARTESIAN_POINT('',(-0.360439672345,-58.80695892103));
#2207 = CARTESIAN_POINT('',(-0.357960865159,-59.4916026686));
#2208 = CARTESIAN_POINT('',(-0.354610320914,-61.54622354717));
#2209 = CARTESIAN_POINT('',(-0.357973205427,-62.90633258454));
#2210 = CARTESIAN_POINT('',(-0.366014379195,-64.24711533109));
#2211 = CARTESIAN_POINT('',(-0.378011572927,-65.5657350841));
#2212 = CARTESIAN_POINT('',(-0.393424930425,-66.86081928873));
#2213 = CARTESIAN_POINT('',(-0.411908645004,-68.13277438779));
#2214 = CARTESIAN_POINT('',(-0.433303183967,-69.38330962256));
#2215 = CARTESIAN_POINT('',(-0.478136181018,-71.64932060858));
#2216 = CARTESIAN_POINT('',(-0.500516346385,-72.6605579506));
#2217 = CARTESIAN_POINT('',(-0.524836567597,-73.65365599921));
#2218 = CARTESIAN_POINT('',(-0.551275259299,-74.63271600041));
#2219 = CARTESIAN_POINT('',(-0.580072564379,-75.59793239102));
#2220 = CARTESIAN_POINT('',(-0.611492183611,-76.5445139683));
#2221 = CARTESIAN_POINT('',(-0.645801864783,-77.46175335641));
#2222 = CARTESIAN_POINT('',(-0.692444705504,-78.5450682454));
#2223 = CARTESIAN_POINT('',(-0.701831366658,-78.75585501869));
#2224 = CARTESIAN_POINT('',(-0.711439952361,-78.96416733545));
#2225 = CARTESIAN_POINT('',(-0.721284196963,-79.16985199434));
#2226 = CARTESIAN_POINT('',(-0.731377384914,-79.37267549987));
#2227 = CARTESIAN_POINT('',(-0.74173241422,-79.57232452145));
#2228 = CARTESIAN_POINT('',(-0.752361859905,-79.76840635239));
#2229 = CARTESIAN_POINT('',(-0.77592118506,-80.18287413118));
#2230 = CARTESIAN_POINT('',(-0.788950451535,-80.39990674169));
#2231 = CARTESIAN_POINT('',(-0.802397090783,-80.61102093626));
#2232 = CARTESIAN_POINT('',(-0.816290783506,-80.81545947439));
#2233 = CARTESIAN_POINT('',(-0.83065949747,-81.012230747));
#2234 = CARTESIAN_POINT('',(-0.845529421787,-81.20010471184));
#2235 = CARTESIAN_POINT('',(-0.860924975233,-81.37760815629));
#2236 = CARTESIAN_POINT('',(-0.876868888606,-81.54301928765));
#2237 = ( GEOMETRIC_REPRESENTATION_CONTEXT(2) 
PARAMETRIC_REPRESENTATION_CONTEXT() REPRESENTATION_CONTEXT('2D SPACE',''
  ) );
#2238 = ORIENTED_EDGE('',*,*,#696,.T.);
#2239 = ORIENTED_EDGE('',*,*,#1212,.T.);
#2240 = ORIENTED_EDGE('',*,*,#1178,.T.);
#2241 = ORIENTED_EDGE('',*,*,#2242,.T.);
#2242 = EDGE_CURVE('',#734,#1737,#2243,.T.);
#2243 = SURFACE_CURVE('',#2244,(#2401,#2561),.PCURVE_S1.);
#2244 = B_SPLINE_CURVE_WITH_KNOTS('',8,(#2245,#2246,#2247,#2248,#2249,
    #2250,#2251,#2252,#2253,#2254,#2255,#2256,#2257,#2258,#2259,#2260,
    #2261,#2262,#2263,#2264,#2265,#2266,#2267,#2268,#2269,#2270,#2271,
    #2272,#2273,#2274,#2275,#2276,#2277,#2278,#2279,#2280,#2281,#2282,
    #2283,#2284,#2285,#2286,#2287,#2288,#2289,#2290,#2291,#2292,#2293,
    #2294,#2295,#2296,#2297,#2298,#2299,#2300,#2301,#2302,#2303,#2304,
    #2305,#2306,#2307,#2308,#2309,#2310,#2311,#2312,#2313,#2314,#2315,
    #2316,#2317,#2318,#2319,#2320,#2321,#2322,#2323,#2324,#2325,#2326,
    #2327,#2328,#2329,#2330,#2331,#2332,#2333,#2334,#2335,#2336,#2337,
    #2338,#2339,#2340,#2341,#2342,#2343,#2344,#2345,#2346,#2347,#2348,
    #2349,#2350,#2351,#2352,#2353,#2354,#2355,#2356,#2357,#2358,#2359,
    #2360,#2361,#2362,#2363,#2364,#2365,#2366,#2367,#2368,#2369,#2370,
    #2371,#2372,#2373,#2374,#2375,#2376,#2377,#2378,#2379,#2380,#2381,
    #2382,#2383,#2384,#2385,#2386,#2387,#2388,#2389,#2390,#2391,#2392,
    #2393,#2394,#2395,#2396,#2397,#2398,#2399,#2400),.UNSPECIFIED.,.T.,
  .F.,(9,7,7,7,7,7,7,7,7,7,7,7,7,7,7,7,7,7,7,7,7,7,9),(0.,
    1.378517277674E-02,3.314165631052E-02,4.663689744448E-02,
    6.83050412613E-02,9.147689899683E-02,0.18860107539,0.212562779973,
    0.325840744309,0.382466951165,0.437332198654,0.471809110835,
    0.49484576971,0.533295000463,0.559476207438,0.594764236461,
    0.629174275069,0.684289702926,0.740373453791,0.853887891648,
    0.949462258303,0.972878844241,1.),.UNSPECIFIED.);
#2245 = CARTESIAN_POINT('',(31.543019287659,792.78149717882,
    -64.01096784315));
#2246 = CARTESIAN_POINT('',(31.626267850142,792.65319645312,
    -64.16518279718));
#2247 = CARTESIAN_POINT('',(31.706487476844,792.52403683431,
    -64.32330661222));
#2248 = CARTESIAN_POINT('',(31.783407507928,792.39414110333,
    -64.48537010233));
#2249 = CARTESIAN_POINT('',(31.856755894762,792.26363442847,
    -64.65140238059));
#2250 = CARTESIAN_POINT('',(31.926259114547,792.1326441994,
    -64.82143077185));
#2251 = CARTESIAN_POINT('',(31.991642084935,792.00129986118,
    -64.9954807254));
#2252 = CARTESIAN_POINT('',(32.052628078652,791.86973274825,
    -65.17357572772));
#2253 = CARTESIAN_POINT('',(32.188007245736,791.55320966391,
    -65.61151970613));
#2254 = CARTESIAN_POINT('',(32.258010438849,791.36780873413,
    -65.8758144823));
#2255 = CARTESIAN_POINT('',(32.317829839626,791.18290685625,
    -66.14781441839));
#2256 = CARTESIAN_POINT('',(32.366558268951,790.99944834592,
    -66.42668739137));
#2257 = CARTESIAN_POINT('',(32.4034982636,790.81828960005,-66.7115707909
    ));
#2258 = CARTESIAN_POINT('',(32.428160593409,790.64020058972,
    -67.0015660297));
#2259 = CARTESIAN_POINT('',(32.440262778442,790.46586635293,
    -67.2957330539));
#2260 = CARTESIAN_POINT('',(32.439354486784,790.17738079072,
    -67.80039700445));
#2261 = CARTESIAN_POINT('',(32.432839440458,790.06121297728,
    -68.00886832645));
#2262 = CARTESIAN_POINT('',(32.420196751853,789.94760431713,
    -68.21810373221));
#2263 = CARTESIAN_POINT('',(32.401498583959,789.83675234627,
    -68.42769284868));
#2264 = CARTESIAN_POINT('',(32.376875103521,789.72883312844,
    -68.6372100245));
#2265 = CARTESIAN_POINT('',(32.346514606494,789.62400151674,
    -68.84621433756));
#2266 = CARTESIAN_POINT('',(32.310663643484,789.52239141529,
    -69.05424960254));
#2267 = CARTESIAN_POINT('',(32.203738382054,789.26632375506,
    -69.59255577732));
#2268 = CARTESIAN_POINT('',(32.124578283761,789.11736120029,
    -69.92006468728));
#2269 = CARTESIAN_POINT('',(32.033195574746,788.97697943633,
    -70.24285590534));
#2270 = CARTESIAN_POINT('',(31.930653682201,788.84491160354,
    -70.56042401699));
#2271 = CARTESIAN_POINT('',(31.818032518437,788.72087577342,
    -70.87227201683));
#2272 = CARTESIAN_POINT('',(31.696430263244,788.60457779906,
    -71.17790992921));
#2273 = CARTESIAN_POINT('',(31.566965146247,788.4957141656,
    -71.47685342883));
#2274 = CARTESIAN_POINT('',(31.28513821817,788.28517506627,
    -72.08063952083));
#2275 = CARTESIAN_POINT('',(31.131450768226,788.18425371547,
    -72.38522349519));
#2276 = CARTESIAN_POINT('',(30.970693800883,788.09064142091,
    -72.68246251659));
#2277 = CARTESIAN_POINT('',(30.80371914778,788.00380145064,
    -72.97250257442));
#2278 = CARTESIAN_POINT('',(30.631253375607,787.92323029734,
    -73.25554342416));
#2279 = CARTESIAN_POINT('',(30.453899610975,787.84845826738,
    -73.53183449622));
#2280 = CARTESIAN_POINT('',(30.272139365276,787.77905006999,
    -73.80167080467));
#2281 = CARTESIAN_POINT('',(29.307538012861,787.44448744889,
    -75.17075549661));
#2282 = CARTESIAN_POINT('',(28.445508883064,787.25734741921,
    -76.18590838808));
#2283 = CARTESIAN_POINT('',(27.53542594762,787.13276925588,
    -77.11207702774));
#2284 = CARTESIAN_POINT('',(26.599565457318,787.05438315764,
    -77.95550993567));
#2285 = CARTESIAN_POINT('',(25.649082368106,787.01007599021,
    -78.72564465665));
#2286 = CARTESIAN_POINT('',(24.684870653988,786.99134736955,
    -79.43364642088));
#2287 = CARTESIAN_POINT('',(23.698747403797,786.99263399918,
    -80.09061267621));
#2288 = CARTESIAN_POINT('',(22.423327170812,787.01417817982,
    -80.85535272694));
#2289 = CARTESIAN_POINT('',(22.169847746473,787.01939546104,
    -81.00334040451));
#2290 = CARTESIAN_POINT('',(21.915309335952,787.02548697282,
    -81.14800621878));
#2291 = CARTESIAN_POINT('',(21.659733547838,787.03237640981,
    -81.28936994101));
#2292 = CARTESIAN_POINT('',(21.403136183606,787.03999044221,
    -81.42744612209));
#2293 = CARTESIAN_POINT('',(21.14552714375,787.04825832743,
    -81.56224409256));
#2294 = CARTESIAN_POINT('',(20.886910333925,787.05711152176,
    -81.69376796252));
#2295 = CARTESIAN_POINT('',(19.399908820608,787.11078794673,
    -82.42830683712));
#2296 = CARTESIAN_POINT('',(18.152278149446,787.16659887872,
    -82.96025476548));
#2297 = CARTESIAN_POINT('',(16.883367749095,787.22682639364,
    -83.41867802626));
#2298 = CARTESIAN_POINT('',(15.591466283197,787.28538779624,
    -83.80012674839));
#2299 = CARTESIAN_POINT('',(14.276119019598,787.33601526623,
    -84.09675096896));
#2300 = CARTESIAN_POINT('',(12.938645427081,787.37201828048,
    -84.29620614591));
#2301 = CARTESIAN_POINT('',(11.581852648134,787.38688655325,
    -84.38148390976));
#2302 = CARTESIAN_POINT('',(9.524184322954,787.37325234042,
    -84.30395029005));
#2303 = CARTESIAN_POINT('',(8.833026834823,787.3627109462,
    -84.24382193996));
#2304 = CARTESIAN_POINT('',(8.139002800608,787.3457832392,
    -84.14635413935));
#2305 = CARTESIAN_POINT('',(7.444394771393,787.32240070567,
    -84.00862235113));
#2306 = CARTESIAN_POINT('',(6.751284193796,787.29292584039,
    -83.82778951658));
#2307 = CARTESIAN_POINT('',(6.061606246952,787.25826887053,
    -83.60107372141));
#2308 = CARTESIAN_POINT('',(5.377238525902,787.22001065383,-83.325723266
    ));
#2309 = CARTESIAN_POINT('',(4.044065508876,787.14228056159,
    -82.68243546687));
#2310 = CARTESIAN_POINT('',(3.39639987354,787.10297596239,
    -82.31840760694));
#2311 = CARTESIAN_POINT('',(2.760573028102,787.06489568547,
    -81.9056696526));
#2312 = CARTESIAN_POINT('',(2.13975879701,787.0309861143,-81.4436527746)
  );
#2313 = CARTESIAN_POINT('',(1.536982176945,787.00483754093,
    -80.93250417416));
#2314 = CARTESIAN_POINT('',(0.955215660232,786.99056414128,
    -80.37311806509));
#2315 = CARTESIAN_POINT('',(0.397448562518,786.99262185033,
    -79.76715396457));
#2316 = CARTESIAN_POINT('',(-0.466769998545,787.03003493133,
    -78.70850928033));
#2317 = CARTESIAN_POINT('',(-0.789475668031,787.05272752429,
    -78.2826847431));
#2318 = CARTESIAN_POINT('',(-1.100619910138,787.08480262021,
    -77.84021667157));
#2319 = CARTESIAN_POINT('',(-1.399439545822,787.12740148924,
    -77.38187263451));
#2320 = CARTESIAN_POINT('',(-1.68517243152,787.18165872209,
    -76.90852963665));
#2321 = CARTESIAN_POINT('',(-1.95705432144,787.24868180316,
    -76.42116869776));
#2322 = CARTESIAN_POINT('',(-2.214315729853,787.32953068374,
    -75.92086943167));
#2323 = CARTESIAN_POINT('',(-2.617785983142,787.48911956677,
    -75.06665500931));
#2324 = CARTESIAN_POINT('',(-2.772531550354,787.55966253222,
    -74.71922478641));
#2325 = CARTESIAN_POINT('',(-2.920144895019,787.63710942998,
    -74.36694139716));
#2326 = CARTESIAN_POINT('',(-3.060366903127,787.72172341879,
    -74.01024758362));
#2327 = CARTESIAN_POINT('',(-3.192948966308,787.81374497178,
    -73.64960009633));
#2328 = CARTESIAN_POINT('',(-3.317652001475,787.91338921052,
    -73.28546840143));
#2329 = CARTESIAN_POINT('',(-3.434245470467,788.02084323917,
    -72.91833338764));
#2330 = CARTESIAN_POINT('',(-3.723198811388,788.32890510425,
    -71.931727904));
#2331 = CARTESIAN_POINT('',(-3.880814557471,788.54388219712,
    -71.30731004259));
#2332 = CARTESIAN_POINT('',(-4.013999695204,788.78170545803,
    -70.67857937199));
#2333 = CARTESIAN_POINT('',(-4.121679385238,789.04251141882,
    -70.04870907533));
#2334 = CARTESIAN_POINT('',(-4.203038874648,789.32603577464,
    -69.42083174804));
#2335 = CARTESIAN_POINT('',(-4.257512766646,789.63160160986,
    -68.79798054326));
#2336 = CARTESIAN_POINT('',(-4.284782576971,789.95812251789,
    -68.18303835064));
#2337 = CARTESIAN_POINT('',(-4.284782576971,790.53972084915,
    -67.16717993204));
#2338 = CARTESIAN_POINT('',(-4.272138532375,790.78420329756,
    -66.76083875444));
#2339 = CARTESIAN_POINT('',(-4.246857628577,791.03705821145,
    -66.36055003199));
#2340 = CARTESIAN_POINT('',(-4.209008419436,791.29769124452,
    -65.9671397006));
#2341 = CARTESIAN_POINT('',(-4.158720157599,791.56542769337,
    -65.58137485556));
#2342 = CARTESIAN_POINT('',(-4.09618306507,791.8395183352,
    -65.20395846751));
#2343 = CARTESIAN_POINT('',(-4.021649544011,792.11914686207,
    -64.83552503457));
#2344 = CARTESIAN_POINT('',(-3.819234867734,792.7866185771,
    -63.9929144236));
#2345 = CARTESIAN_POINT('',(-3.681865256459,793.17810560025,
    -63.52674085404));
#2346 = CARTESIAN_POINT('',(-3.52400736454,793.57616681007,
    -63.07893679511));
#2347 = CARTESIAN_POINT('',(-3.346409990222,793.97897169354,
    -62.65014528139));
#2348 = CARTESIAN_POINT('',(-3.149892746117,794.38461589179,
    -62.2408311664));
#2349 = CARTESIAN_POINT('',(-2.935350054333,794.79114931663,
    -61.85128337861));
#2350 = CARTESIAN_POINT('',(-2.703757250027,795.19660888811,
    -61.48162031602));
#2351 = CARTESIAN_POINT('',(-2.214760258915,795.99148973976,
    -60.79068025284));
#2352 = CARTESIAN_POINT('',(-1.957999873314,796.38128901344,
    -60.46822829031));
#2353 = CARTESIAN_POINT('',(-1.686671212056,796.76694842644,
    -60.16418225046));
#2354 = CARTESIAN_POINT('',(-1.401539553154,797.14700827925,
    -59.87817689744));
#2355 = CARTESIAN_POINT('',(-1.103364989545,797.52006934215,
    -59.60975673156));
#2356 = CARTESIAN_POINT('',(-0.792905541475,797.88480773693,-59.35839072
    ));
#2357 = CARTESIAN_POINT('',(-0.470920268891,798.23998981865,
    -59.12348702757));
#2358 = CARTESIAN_POINT('',(0.394798307181,799.1362769847,
    -58.55350293172));
#2359 = CARTESIAN_POINT('',(0.95461110502,799.65985876022,
    -58.24370240555));
#2360 = CARTESIAN_POINT('',(1.538288673853,800.15104703294,
    -57.97198166118));
#2361 = CARTESIAN_POINT('',(2.142957661434,800.60633407955,-57.735166024
    ));
#2362 = CARTESIAN_POINT('',(2.765780660559,801.02298268598,
    -57.53006605848));
#2363 = CARTESIAN_POINT('',(3.403869454257,801.39910265695,
    -57.35361307047));
#2364 = CARTESIAN_POINT('',(4.054178262552,801.7336957181,
    -57.20295929982));
#2365 = CARTESIAN_POINT('',(5.384154595421,802.32475840995,
    -56.94581629184));
#2366 = CARTESIAN_POINT('',(6.062034329859,802.57881774291,
    -56.84055577489));
#2367 = CARTESIAN_POINT('',(6.745123717407,802.78995518944,
    -56.75639455267));
#2368 = CARTESIAN_POINT('',(7.431590849736,802.95969539185,
    -56.69065641929));
#2369 = CARTESIAN_POINT('',(8.119546375139,803.08991699856,
    -56.64120602888));
#2370 = CARTESIAN_POINT('',(8.80695892103,803.18281430754,
    -56.60633599567));
#2371 = CARTESIAN_POINT('',(9.49160266861,803.24086757453,
    -56.58465532149));
#2372 = CARTESIAN_POINT('',(11.546223547174,803.31935414333,
    -56.55539442216));
#2373 = CARTESIAN_POINT('',(12.906332584543,803.24062823076,
    -56.58489774551));
#2374 = CARTESIAN_POINT('',(14.247115331091,803.05192738252,
    -56.65421425696));
#2375 = CARTESIAN_POINT('',(15.565735084104,802.77137609553,
    -56.76028881791));
#2376 = CARTESIAN_POINT('',(16.860819288735,802.41314768404,
    -56.90261173419));
#2377 = CARTESIAN_POINT('',(18.132774387795,801.9873100993,
    -57.08259894121));
#2378 = CARTESIAN_POINT('',(19.38330962256,801.50000701679,
    -57.30373565151));
#2379 = CARTESIAN_POINT('',(21.649320608581,800.49451904027,
    -57.79895524364));
#2380 = CARTESIAN_POINT('',(22.660557950602,799.99789155469,
    -58.05692822455));
#2381 = CARTESIAN_POINT('',(23.653655999218,799.46505796654,
    -58.35041872994));
#2382 = CARTESIAN_POINT('',(24.632716000412,798.8945393599,
    -58.68520520843));
#2383 = CARTESIAN_POINT('',(25.59793239102,798.28440833553,
    -59.06879827135));
#2384 = CARTESIAN_POINT('',(26.544513968306,797.63362862537,
    -59.51040356535));
#2385 = CARTESIAN_POINT('',(27.461753356411,796.94311961633,
    -60.02082168989));
#2386 = CARTESIAN_POINT('',(28.545068245407,796.03881391864,
    -60.75699614217));
#2387 = CARTESIAN_POINT('',(28.755855018691,795.85834616071,
    -60.90701479684));
#2388 = CARTESIAN_POINT('',(28.964167335459,795.67523890498,
    -61.06253220813));
#2389 = CARTESIAN_POINT('',(29.169851994345,795.48938995386,
    -61.22391143683));
#2390 = CARTESIAN_POINT('',(29.372675499872,795.30072861386,
    -61.39152510901));
#2391 = CARTESIAN_POINT('',(29.572324521456,795.10921663063,
    -61.56575599803));
#2392 = CARTESIAN_POINT('',(29.768406352393,794.91484912415,
    -61.74699760635));
#2393 = CARTESIAN_POINT('',(30.182874131187,794.48926534063,
    -62.1541579793));
#2394 = CARTESIAN_POINT('',(30.399906741692,794.25705738898,
    -62.38263432169));
#2395 = CARTESIAN_POINT('',(30.611020936269,794.02086021486,
    -62.62192348218));
#2396 = CARTESIAN_POINT('',(30.815459474395,793.78060204996,
    -62.87288383594));
#2397 = CARTESIAN_POINT('',(31.012230747007,793.53632005364,
    -63.13638762988));
#2398 = CARTESIAN_POINT('',(31.200104711849,793.28816835889,
    -63.41331541386));
#2399 = CARTESIAN_POINT('',(31.377608156296,793.03642492245,
    -63.70454969901));
#2400 = CARTESIAN_POINT('',(31.543019287659,792.78149717882,
    -64.01096784315));
#2401 = PCURVE('',#717,#2402);
#2402 = DEFINITIONAL_REPRESENTATION('',(#2403),#2560);
#2403 = B_SPLINE_CURVE_WITH_KNOTS('',8,(#2404,#2405,#2406,#2407,#2408,
    #2409,#2410,#2411,#2412,#2413,#2414,#2415,#2416,#2417,#2418,#2419,
    #2420,#2421,#2422,#2423,#2424,#2425,#2426,#2427,#2428,#2429,#2430,
    #2431,#2432,#2433,#2434,#2435,#2436,#2437,#2438,#2439,#2440,#2441,
    #2442,#2443,#2444,#2445,#2446,#2447,#2448,#2449,#2450,#2451,#2452,
    #2453,#2454,#2455,#2456,#2457,#2458,#2459,#2460,#2461,#2462,#2463,
    #2464,#2465,#2466,#2467,#2468,#2469,#2470,#2471,#2472,#2473,#2474,
    #2475,#2476,#2477,#2478,#2479,#2480,#2481,#2482,#2483,#2484,#2485,
    #2486,#2487,#2488,#2489,#2490,#2491,#2492,#2493,#2494,#2495,#2496,
    #2497,#2498,#2499,#2500,#2501,#2502,#2503,#2504,#2505,#2506,#2507,
    #2508,#2509,#2510,#2511,#2512,#2513,#2514,#2515,#2516,#2517,#2518,
    #2519,#2520,#2521,#2522,#2523,#2524,#2525,#2526,#2527,#2528,#2529,
    #2530,#2531,#2532,#2533,#2534,#2535,#2536,#2537,#2538,#2539,#2540,
    #2541,#2542,#2543,#2544,#2545,#2546,#2547,#2548,#2549,#2550,#2551,
    #2552,#2553,#2554,#2555,#2556,#2557,#2558,#2559),.UNSPECIFIED.,.F.,
  .F.,(9,7,7,7,7,7,7,7,7,7,7,7,7,7,7,7,7,7,7,7,7,7,9),(0.,
    1.378517277674E-02,3.314165631052E-02,4.663689744448E-02,
    6.83050412613E-02,9.147689899683E-02,0.18860107539,0.212562779973,
    0.325840744309,0.382466951165,0.437332198654,0.471809110835,
    0.49484576971,0.533295000463,0.559476207438,0.594764236461,
    0.629174275069,0.684289702926,0.740373453791,0.853887891648,
    0.949462258303,0.972878844241,1.),.UNSPECIFIED.);
#2404 = CARTESIAN_POINT('',(0.,-309.5418071644));
#2405 = CARTESIAN_POINT('',(-1.282670339152E-02,-309.4707056488));
#2406 = CARTESIAN_POINT('',(-2.584851304107E-02,-309.4021330937));
#2407 = CARTESIAN_POINT('',(-3.906360913168E-02,-309.3363284868));
#2408 = CARTESIAN_POINT('',(-5.247040932893E-02,-309.2735325658));
#2409 = CARTESIAN_POINT('',(-6.606758540742E-02,-309.2139876976));
#2410 = CARTESIAN_POINT('',(-7.985407987721E-02,-309.1579377563));
#2411 = CARTESIAN_POINT('',(-9.382912261032E-02,-309.1056280022));
#2412 = CARTESIAN_POINT('',(-0.127879433324,-308.9894520445));
#2413 = CARTESIAN_POINT('',(-0.148175926602,-308.9293280808));
#2414 = CARTESIAN_POINT('',(-0.16881129575,-308.8779140729));
#2415 = CARTESIAN_POINT('',(-0.189720093586,-308.8360089637));
#2416 = CARTESIAN_POINT('',(-0.210840683657,-308.8042291151));
#2417 = CARTESIAN_POINT('',(-0.232114066597,-308.783007788));
#2418 = CARTESIAN_POINT('',(-0.253482706481,-308.7725946218));
#2419 = CARTESIAN_POINT('',(-0.289813964371,-308.7733761671));
#2420 = CARTESIAN_POINT('',(-0.304729046551,-308.778982045));
#2421 = CARTESIAN_POINT('',(-0.319611432774,-308.7898605023));
#2422 = CARTESIAN_POINT('',(-0.33443776482,-308.8059478423));
#2423 = CARTESIAN_POINT('',(-0.349184323077,-308.8271290568));
#2424 = CARTESIAN_POINT('',(-0.363826852428,-308.8532379652));
#2425 = CARTESIAN_POINT('',(-0.37834038813,-308.8840573549));
#2426 = CARTESIAN_POINT('',(-0.415753596559,-308.9759358928));
#2427 = CARTESIAN_POINT('',(-0.43837494973,-309.0439219082));
#2428 = CARTESIAN_POINT('',(-0.460556667488,-309.1223513067));
#2429 = CARTESIAN_POINT('',(-0.48229038922,-309.2102817021));
#2430 = CARTESIAN_POINT('',(-0.503565740054,-309.3067548652));
#2431 = CARTESIAN_POINT('',(-0.524370203497,-309.4107974077));
#2432 = CARTESIAN_POINT('',(-0.544688994069,-309.5214214661));
#2433 = CARTESIAN_POINT('',(-0.585696041226,-309.7618935601));
#2434 = CARTESIAN_POINT('',(-0.606364500302,-309.8928503208));
#2435 = CARTESIAN_POINT('',(-0.626534955479,-310.0296229572));
#2436 = CARTESIAN_POINT('',(-0.646232664197,-310.1714508436));
#2437 = CARTESIAN_POINT('',(-0.665483783632,-310.3176832179));
#2438 = CARTESIAN_POINT('',(-0.684315661303,-310.4677769605));
#2439 = CARTESIAN_POINT('',(-0.702757125685,-310.6212943726));
#2440 = CARTESIAN_POINT('',(-0.796627498335,-311.434312954));
#2441 = CARTESIAN_POINT('',(-0.867279160724,-312.1552543236));
#2442 = CARTESIAN_POINT('',(-0.933487254996,-312.9085580899));
#2443 = CARTESIAN_POINT('',(-0.995925625107,-313.6736207459));
#2444 = CARTESIAN_POINT('',(-1.055340972274,-314.4398950198));
#2445 = CARTESIAN_POINT('',(-1.112623609592,-315.205348169));
#2446 = CARTESIAN_POINT('',(-1.168836448354,-315.9745927475));
#2447 = CARTESIAN_POINT('',(-1.239129713785,-316.9477605734));
#2448 = CARTESIAN_POINT('',(-1.25298648853,-317.1401462822));
#2449 = CARTESIAN_POINT('',(-1.266796221264,-317.33227453));
#2450 = CARTESIAN_POINT('',(-1.28056533001,-317.5240855727));
#2451 = CARTESIAN_POINT('',(-1.29430017886,-317.7155225055));
#2452 = CARTESIAN_POINT('',(-1.308007134943,-317.9065310152));
#2453 = CARTESIAN_POINT('',(-1.321692625396,-318.0970591329));
#2454 = CARTESIAN_POINT('',(-1.39999024182,-319.185263954));
#2455 = CARTESIAN_POINT('',(-1.464161916612,-320.0699253271));
#2456 = CARTESIAN_POINT('',(-1.528620590208,-320.9365362621));
#2457 = CARTESIAN_POINT('',(-1.594024352061,-321.7798432005));
#2458 = CARTESIAN_POINT('',(-1.660985148834,-322.591931085));
#2459 = CARTESIAN_POINT('',(-1.730128169651,-323.3617488361));
#2460 = CARTESIAN_POINT('',(-1.802144967358,-324.0756326028));
#2461 = CARTESIAN_POINT('',(-1.915811730702,-325.0413666343));
#2462 = CARTESIAN_POINT('',(-1.954724688387,-325.3464855686));
#2463 = CARTESIAN_POINT('',(-1.994675621367,-325.6320162357));
#2464 = CARTESIAN_POINT('',(-2.03569393853,-325.8955207452));
#2465 = CARTESIAN_POINT('',(-2.077828216008,-326.1350236768));
#2466 = CARTESIAN_POINT('',(-2.12114565626,-326.3490594413));
#2467 = CARTESIAN_POINT('',(-2.165733007012,-326.5367109086));
#2468 = CARTESIAN_POINT('',(-2.256235426415,-326.8535631551));
#2469 = CARTESIAN_POINT('',(-2.301958625779,-326.9840237895));
#2470 = CARTESIAN_POINT('',(-2.348838744948,-327.0885132262));
#2471 = CARTESIAN_POINT('',(-2.396857971295,-327.1674559649));
#2472 = CARTESIAN_POINT('',(-2.446004088143,-327.2221464395));
#2473 = CARTESIAN_POINT('',(-2.496267383139,-327.254624408));
#2474 = CARTESIAN_POINT('',(-2.54763919882,-327.2675111344));
#2475 = CARTESIAN_POINT('',(-2.633083032713,-327.2615155271));
#2476 = CARTESIAN_POINT('',(-2.666478570021,-327.2526598543));
#2477 = CARTESIAN_POINT('',(-2.700291892777,-327.2380208933));
#2478 = CARTESIAN_POINT('',(-2.734518421641,-327.218419508));
#2479 = CARTESIAN_POINT('',(-2.769154158129,-327.1947193975));
#2480 = CARTESIAN_POINT('',(-2.804195651119,-327.1678077639));
#2481 = CARTESIAN_POINT('',(-2.839639963363,-327.1385759786));
#2482 = CARTESIAN_POINT('',(-2.899435203451,-327.0874034516));
#2483 = CARTESIAN_POINT('',(-2.923566453588,-327.0662603437));
#2484 = CARTESIAN_POINT('',(-2.947872179817,-327.044737344));
#2485 = CARTESIAN_POINT('',(-2.972346732837,-327.023097992));
#2486 = CARTESIAN_POINT('',(-2.996984922224,-327.001599892));
#2487 = CARTESIAN_POINT('',(-3.02178191602,-326.9804916565));
#2488 = CARTESIAN_POINT('',(-3.046733140316,-326.9600098492));
#2489 = CARTESIAN_POINT('',(-3.11372895307,-326.9076060222));
#2490 = CARTESIAN_POINT('',(-3.156072382428,-326.8771736831));
#2491 = CARTESIAN_POINT('',(-3.198785178633,-326.850163166));
#2492 = CARTESIAN_POINT('',(-3.241794164509,-326.8275241136));
#2493 = CARTESIAN_POINT('',(-3.2850305695,-326.8100131011));
#2494 = CARTESIAN_POINT('',(-3.328428288642,-326.7981539883));
#2495 = CARTESIAN_POINT('',(-3.371922104962,-326.7922170775));
#2496 = CARTESIAN_POINT('',(-3.445082484906,-326.7922170775));
#2497 = CARTESIAN_POINT('',(-3.474714285297,-326.7949697752));
#2498 = CARTESIAN_POINT('',(-3.504317461261,-326.8004735858));
#2499 = CARTESIAN_POINT('',(-3.533868367899,-326.8086702821));
#2500 = CARTESIAN_POINT('',(-3.563343224541,-326.81944518));
#2501 = CARTESIAN_POINT('',(-3.592717812254,-326.8326293977));
#2502 = CARTESIAN_POINT('',(-3.621967174992,-326.8480041897));
#2503 = CARTESIAN_POINT('',(-3.690284919537,-326.8886292189));
#2504 = CARTESIAN_POINT('',(-3.729212945198,-326.9154443326));
#2505 = CARTESIAN_POINT('',(-3.767829234283,-326.9451308213));
#2506 = CARTESIAN_POINT('',(-3.806112181646,-326.9769502636));
#2507 = CARTESIAN_POINT('',(-3.844038358911,-327.0100660019));
#2508 = CARTESIAN_POINT('',(-3.881582149433,-327.0435673405));
#2509 = CARTESIAN_POINT('',(-3.91871540334,-327.0764996317));
#2510 = CARTESIAN_POINT('',(-3.991185907045,-327.1385195986));
#2511 = CARTESIAN_POINT('',(-4.026565818071,-327.1677003151));
#2512 = CARTESIAN_POINT('',(-4.061544400393,-327.1945710091));
#2513 = CARTESIAN_POINT('',(-4.096118730756,-327.2182452369));
#2514 = CARTESIAN_POINT('',(-4.130285374589,-327.2378406593));
#2515 = CARTESIAN_POINT('',(-4.164040352597,-327.2524981991));
#2516 = CARTESIAN_POINT('',(-4.197379107346,-327.2614011996));
#2517 = CARTESIAN_POINT('',(-4.283021040706,-327.2676281236));
#2518 = CARTESIAN_POINT('',(-4.33458846905,-327.2547560649));
#2519 = CARTESIAN_POINT('',(-4.385012893989,-327.2221649271));
#2520 = CARTESIAN_POINT('',(-4.434302966478,-327.1672376146));
#2521 = CARTESIAN_POINT('',(-4.482462366083,-327.0879156555));
#2522 = CARTESIAN_POINT('',(-4.529489245492,-326.982858289));
#2523 = CARTESIAN_POINT('',(-4.575373669906,-326.851572175));
#2524 = CARTESIAN_POINT('',(-4.66559622532,-326.5346389883));
#2525 = CARTESIAN_POINT('',(-4.70975042135,-326.3485784191));
#2526 = CARTESIAN_POINT('',(-4.752659602818,-326.13663917));
#2527 = CARTESIAN_POINT('',(-4.794407559826,-325.8997143819));
#2528 = CARTESIAN_POINT('',(-4.835059224634,-325.6392272332));
#2529 = CARTESIAN_POINT('',(-4.874661540026,-325.3570945549));
#2530 = CARTESIAN_POINT('',(-4.913242947659,-325.0556817982));
#2531 = CARTESIAN_POINT('',(-5.026850859343,-324.0942488305));
#2532 = CARTESIAN_POINT('',(-5.099087455394,-323.3801419517));
#2533 = CARTESIAN_POINT('',(-5.168425549192,-322.6095921524));
#2534 = CARTESIAN_POINT('',(-5.235562694124,-321.796374179));
#2535 = CARTESIAN_POINT('',(-5.301127250684,-320.9516585443));
#2536 = CARTESIAN_POINT('',(-5.365733564787,-320.0834721162));
#2537 = CARTESIAN_POINT('',(-5.430042494003,-319.197130894));
#2538 = CARTESIAN_POINT('',(-5.5493311237,-317.5393518535));
#2539 = CARTESIAN_POINT('',(-5.603644545176,-316.779320632));
#2540 = CARTESIAN_POINT('',(-5.658458715242,-316.0161876154));
#2541 = CARTESIAN_POINT('',(-5.714425202538,-315.2493238367));
#2542 = CARTESIAN_POINT('',(-5.772132048049,-314.4804280075));
#2543 = CARTESIAN_POINT('',(-5.832111371913,-313.7150527843));
#2544 = CARTESIAN_POINT('',(-5.894859675447,-312.9638229953));
#2545 = CARTESIAN_POINT('',(-5.977049251163,-312.0671734425));
#2546 = CARTESIAN_POINT('',(-5.993452009096,-311.892229393));
#2547 = CARTESIAN_POINT('',(-6.010107791987,-311.7188840876));
#2548 = CARTESIAN_POINT('',(-6.027039616625,-311.5472925958));
#2549 = CARTESIAN_POINT('',(-6.044269228277,-311.3776773487));
#2550 = CARTESIAN_POINT('',(-6.061817412163,-311.210328872));
#2551 = CARTESIAN_POINT('',(-6.079704304931,-311.0456065205));
#2552 = CARTESIAN_POINT('',(-6.119081581177,-310.696695679));
#2553 = CARTESIAN_POINT('',(-6.140696851254,-310.5135285805));
#2554 = CARTESIAN_POINT('',(-6.162846432825,-310.3349300173));
#2555 = CARTESIAN_POINT('',(-6.185577899164,-310.161588884));
#2556 = CARTESIAN_POINT('',(-6.20893590539,-309.9943974456));
#2557 = CARTESIAN_POINT('',(-6.23296277205,-309.8344570052));
#2558 = CARTESIAN_POINT('',(-6.257699227224,-309.6830826626));
#2559 = CARTESIAN_POINT('',(-6.28318530718,-309.5418071644));
#2560 = ( GEOMETRIC_REPRESENTATION_CONTEXT(2) 
PARAMETRIC_REPRESENTATION_CONTEXT() REPRESENTATION_CONTEXT('2D SPACE',''
  ) );
#2561 = PCURVE('',#1027,#2562);
#2562 = DEFINITIONAL_REPRESENTATION('',(#2563),#2720);
#2563 = B_SPLINE_CURVE_WITH_KNOTS('',8,(#2564,#2565,#2566,#2567,#2568,
    #2569,#2570,#2571,#2572,#2573,#2574,#2575,#2576,#2577,#2578,#2579,
    #2580,#2581,#2582,#2583,#2584,#2585,#2586,#2587,#2588,#2589,#2590,
    #2591,#2592,#2593,#2594,#2595,#2596,#2597,#2598,#2599,#2600,#2601,
    #2602,#2603,#2604,#2605,#2606,#2607,#2608,#2609,#2610,#2611,#2612,
    #2613,#2614,#2615,#2616,#2617,#2618,#2619,#2620,#2621,#2622,#2623,
    #2624,#2625,#2626,#2627,#2628,#2629,#2630,#2631,#2632,#2633,#2634,
    #2635,#2636,#2637,#2638,#2639,#2640,#2641,#2642,#2643,#2644,#2645,
    #2646,#2647,#2648,#2649,#2650,#2651,#2652,#2653,#2654,#2655,#2656,
    #2657,#2658,#2659,#2660,#2661,#2662,#2663,#2664,#2665,#2666,#2667,
    #2668,#2669,#2670,#2671,#2672,#2673,#2674,#2675,#2676,#2677,#2678,
    #2679,#2680,#2681,#2682,#2683,#2684,#2685,#2686,#2687,#2688,#2689,
    #2690,#2691,#2692,#2693,#2694,#2695,#2696,#2697,#2698,#2699,#2700,
    #2701,#2702,#2703,#2704,#2705,#2706,#2707,#2708,#2709,#2710,#2711,
    #2712,#2713,#2714,#2715,#2716,#2717,#2718,#2719),.UNSPECIFIED.,.T.,
  .F.,(9,7,7,7,7,7,7,7,7,7,7,7,7,7,7,7,7,7,7,7,7,7,9),(0.,
    1.378517277674E-02,3.314165631052E-02,4.663689744448E-02,
    6.83050412613E-02,9.147689899683E-02,0.18860107539,0.212562779973,
    0.325840744309,0.382466951165,0.437332198654,0.471809110835,
    0.49484576971,0.533295000463,0.559476207438,0.594764236461,
    0.629174275069,0.684289702926,0.740373453791,0.853887891648,
    0.949462258303,0.972878844241,1.),.UNSPECIFIED.);
#2564 = CARTESIAN_POINT('',(-0.876868888606,-81.54301928765));
#2565 = CARTESIAN_POINT('',(-0.884893184539,-81.62626785014));
#2566 = CARTESIAN_POINT('',(-0.89305964908,-81.70648747684));
#2567 = CARTESIAN_POINT('',(-0.901366875753,-81.78340750792));
#2568 = CARTESIAN_POINT('',(-0.909813462377,-81.85675589476));
#2569 = CARTESIAN_POINT('',(-0.918398018058,-81.92625911454));
#2570 = CARTESIAN_POINT('',(-0.927119170171,-81.99164208493));
#2571 = CARTESIAN_POINT('',(-0.935975571344,-82.05262807865));
#2572 = CARTESIAN_POINT('',(-0.957589707131,-82.18800724573));
#2573 = CARTESIAN_POINT('',(-0.970502002306,-82.25801043884));
#2574 = CARTESIAN_POINT('',(-0.983655449475,-82.31782983962));
#2575 = CARTESIAN_POINT('',(-0.997004618779,-82.36655826895));
#2576 = CARTESIAN_POINT('',(-1.010505542716,-82.4034982636));
#2577 = CARTESIAN_POINT('',(-1.024115265855,-82.4281605934));
#2578 = CARTESIAN_POINT('',(-1.037791394553,-82.44026277844));
#2579 = CARTESIAN_POINT('',(-1.061043392233,-82.43935448678));
#2580 = CARTESIAN_POINT('',(-1.070588942061,-82.43283944045));
#2581 = CARTESIAN_POINT('',(-1.080111553138,-82.42019675185));
#2582 = CARTESIAN_POINT('',(-1.089594373013,-82.40149858395));
#2583 = CARTESIAN_POINT('',(-1.099020387941,-82.37687510352));
#2584 = CARTESIAN_POINT('',(-1.108372371021,-82.34651460649));
#2585 = CARTESIAN_POINT('',(-1.117632830337,-82.31066364348));
#2586 = CARTESIAN_POINT('',(-1.141477131439,-82.20373838205));
#2587 = CARTESIAN_POINT('',(-1.155866784949,-82.12457828376));
#2588 = CARTESIAN_POINT('',(-1.169943428013,-82.03319557474));
#2589 = CARTESIAN_POINT('',(-1.183697377313,-81.9306536822));
#2590 = CARTESIAN_POINT('',(-1.197118683599,-81.81803251843));
#2591 = CARTESIAN_POINT('',(-1.210197059468,-81.69643026324));
#2592 = CARTESIAN_POINT('',(-1.222921807133,-81.56696514624));
#2593 = CARTESIAN_POINT('',(-1.24849943352,-81.28513821817));
#2594 = CARTESIAN_POINT('',(-1.261332620768,-81.13145076822));
#2595 = CARTESIAN_POINT('',(-1.273795636737,-80.97069380088));
#2596 = CARTESIAN_POINT('',(-1.285903737354,-80.80371914778));
#2597 = CARTESIAN_POINT('',(-1.297673093692,-80.6312533756));
#2598 = CARTESIAN_POINT('',(-1.309120779982,-80.45389961097));
#2599 = CARTESIAN_POINT('',(-1.320264761613,-80.27213936527));
#2600 = CARTESIAN_POINT('',(-1.376639579269,-79.30753801286));
#2601 = CARTESIAN_POINT('',(-1.417861961171,-78.44550888305));
#2602 = CARTESIAN_POINT('',(-1.455176388476,-77.53542594764));
#2603 = CARTESIAN_POINT('',(-1.48901076788,-76.59956545728));
#2604 = CARTESIAN_POINT('',(-1.519834842755,-75.64908236812));
#2605 = CARTESIAN_POINT('',(-1.54814514967,-74.68487065398));
#2606 = CARTESIAN_POINT('',(-1.574414822479,-73.69874740379));
#2607 = CARTESIAN_POINT('',(-1.605016560911,-72.42332717081));
#2608 = CARTESIAN_POINT('',(-1.610939597531,-72.16984774647));
#2609 = CARTESIAN_POINT('',(-1.616731134919,-71.91530933595));
#2610 = CARTESIAN_POINT('',(-1.622392154438,-71.65973354783));
#2611 = CARTESIAN_POINT('',(-1.627923376792,-71.4031361836));
#2612 = CARTESIAN_POINT('',(-1.633325267122,-71.14552714375));
#2613 = CARTESIAN_POINT('',(-1.638598040112,-70.88691033392));
#2614 = CARTESIAN_POINT('',(-1.668057938737,-69.3999088206));
#2615 = CARTESIAN_POINT('',(-1.689441960313,-68.15227814944));
#2616 = CARTESIAN_POINT('',(-1.707927679787,-66.88336774909));
#2617 = CARTESIAN_POINT('',(-1.723359124708,-65.59146628319));
#2618 = CARTESIAN_POINT('',(-1.735395438176,-64.27611901959));
#2619 = CARTESIAN_POINT('',(-1.743502583992,-62.93864542708));
#2620 = CARTESIAN_POINT('',(-1.746965133295,-61.58185264813));
#2621 = CARTESIAN_POINT('',(-1.743816202316,-59.52418432295));
#2622 = CARTESIAN_POINT('',(-1.741374362434,-58.83302683482));
#2623 = CARTESIAN_POINT('',(-1.737417358636,-58.1390028006));
#2624 = CARTESIAN_POINT('',(-1.731829296595,-57.44439477139));
#2625 = CARTESIAN_POINT('',(-1.724500846615,-56.75128419379));
#2626 = CARTESIAN_POINT('',(-1.715327996688,-56.06160624695));
#2627 = CARTESIAN_POINT('',(-1.704209909516,-55.3772385259));
#2628 = CARTESIAN_POINT('',(-1.67829123178,-54.04406550887));
#2629 = CARTESIAN_POINT('',(-1.663646667168,-53.39639987354));
#2630 = CARTESIAN_POINT('',(-1.647070486405,-52.7605730281));
#2631 = CARTESIAN_POINT('',(-1.628547123782,-52.13975879701));
#2632 = CARTESIAN_POINT('',(-1.608085889742,-51.53698217694));
#2633 = CARTESIAN_POINT('',(-1.58571772104,-50.95521566023));
#2634 = CARTESIAN_POINT('',(-1.561491372804,-50.39744856251));
#2635 = CARTESIAN_POINT('',(-1.519119149712,-49.53323000145));
#2636 = CARTESIAN_POINT('',(-1.502064706114,-49.21052433196));
#2637 = CARTESIAN_POINT('',(-1.484325084566,-48.89938008986));
#2638 = CARTESIAN_POINT('',(-1.465920218722,-48.60056045417));
#2639 = CARTESIAN_POINT('',(-1.446871743321,-48.31482756848));
#2640 = CARTESIAN_POINT('',(-1.42720269414,-48.04294567856));
#2641 = CARTESIAN_POINT('',(-1.406937207945,-47.78568427014));
#2642 = CARTESIAN_POINT('',(-1.372177440605,-47.38221401685));
#2643 = CARTESIAN_POINT('',(-1.357998387325,-47.22746844964));
#2644 = CARTESIAN_POINT('',(-1.343573689997,-47.07985510498));
#2645 = CARTESIAN_POINT('',(-1.328914065329,-46.93963309687));
#2646 = CARTESIAN_POINT('',(-1.314030332571,-46.80705103369));
#2647 = CARTESIAN_POINT('',(-1.298933426744,-46.68234799852));
#2648 = CARTESIAN_POINT('',(-1.283634411868,-46.56575452953));
#2649 = CARTESIAN_POINT('',(-1.242291117503,-46.27680118861));
#2650 = CARTESIAN_POINT('',(-1.215886620174,-46.11918544252));
#2651 = CARTESIAN_POINT('',(-1.189018777923,-45.98600030479));
#2652 = CARTESIAN_POINT('',(-1.161776002629,-45.87832061476));
#2653 = CARTESIAN_POINT('',(-1.134246825465,-45.79696112535));
#2654 = CARTESIAN_POINT('',(-1.106519786831,-45.74248723335));
#2655 = CARTESIAN_POINT('',(-1.078683733082,-45.71521742302));
#2656 = CARTESIAN_POINT('',(-1.031861089918,-45.71521742302));
#2657 = CARTESIAN_POINT('',(-1.012896736773,-45.72786146762));
#2658 = CARTESIAN_POINT('',(-0.993965694457,-45.75314237142));
#2659 = CARTESIAN_POINT('',(-0.975098056185,-45.79099158056));
#2660 = CARTESIAN_POINT('',(-0.956323852864,-45.8412798424));
#2661 = CARTESIAN_POINT('',(-0.937673100118,-45.90381693493));
#2662 = CARTESIAN_POINT('',(-0.919175814009,-45.97835045598));
#2663 = CARTESIAN_POINT('',(-0.876177932534,-46.18076513226));
#2664 = CARTESIAN_POINT('',(-0.85183778031,-46.31813474354));
#2665 = CARTESIAN_POINT('',(-0.827887397969,-46.47599263546));
#2666 = CARTESIAN_POINT('',(-0.804372161995,-46.65359000977));
#2667 = CARTESIAN_POINT('',(-0.781337175298,-46.85010725388));
#2668 = CARTESIAN_POINT('',(-0.75882718311,-47.06464994566));
#2669 = CARTESIAN_POINT('',(-0.736886195663,-47.29624274997));
#2670 = CARTESIAN_POINT('',(-0.694758129214,-47.78523974108));
#2671 = CARTESIAN_POINT('',(-0.674528836013,-48.04200012668));
#2672 = CARTESIAN_POINT('',(-0.654893740379,-48.31332878794));
#2673 = CARTESIAN_POINT('',(-0.635876849687,-48.59846044684));
#2674 = CARTESIAN_POINT('',(-0.617501079256,-48.89663501045));
#2675 = CARTESIAN_POINT('',(-0.599787955253,-49.20709445852));
#2676 = CARTESIAN_POINT('',(-0.582757317603,-49.5290797311));
#2677 = CARTESIAN_POINT('',(-0.540270377425,-50.39479830718));
#2678 = CARTESIAN_POINT('',(-0.515948136168,-50.95461110501));
#2679 = CARTESIAN_POINT('',(-0.493509379212,-51.53828867385));
#2680 = CARTESIAN_POINT('',(-0.472993145456,-52.14295766143));
#2681 = CARTESIAN_POINT('',(-0.454424449967,-52.76578066055));
#2682 = CARTESIAN_POINT('',(-0.437809772606,-53.40386945425));
#2683 = CARTESIAN_POINT('',(-0.423133135078,-54.05417826255));
#2684 = CARTESIAN_POINT('',(-0.397350113308,-55.38415459542));
#2685 = CARTESIAN_POINT('',(-0.386351719475,-56.06203432985));
#2686 = CARTESIAN_POINT('',(-0.377261092689,-56.7451237174));
#2687 = CARTESIAN_POINT('',(-0.369980397109,-57.43159084973));
#2688 = CARTESIAN_POINT('',(-0.364408652157,-58.11954637513));
#2689 = CARTESIAN_POINT('',(-0.360439672345,-58.80695892103));
#2690 = CARTESIAN_POINT('',(-0.357960865159,-59.4916026686));
#2691 = CARTESIAN_POINT('',(-0.354610320914,-61.54622354717));
#2692 = CARTESIAN_POINT('',(-0.357973205427,-62.90633258454));
#2693 = CARTESIAN_POINT('',(-0.366014379195,-64.24711533109));
#2694 = CARTESIAN_POINT('',(-0.378011572927,-65.5657350841));
#2695 = CARTESIAN_POINT('',(-0.393424930425,-66.86081928873));
#2696 = CARTESIAN_POINT('',(-0.411908645004,-68.13277438779));
#2697 = CARTESIAN_POINT('',(-0.433303183967,-69.38330962256));
#2698 = CARTESIAN_POINT('',(-0.478136181018,-71.64932060858));
#2699 = CARTESIAN_POINT('',(-0.500516346385,-72.6605579506));
#2700 = CARTESIAN_POINT('',(-0.524836567597,-73.65365599921));
#2701 = CARTESIAN_POINT('',(-0.551275259299,-74.63271600041));
#2702 = CARTESIAN_POINT('',(-0.580072564379,-75.59793239102));
#2703 = CARTESIAN_POINT('',(-0.611492183611,-76.5445139683));
#2704 = CARTESIAN_POINT('',(-0.645801864783,-77.46175335641));
#2705 = CARTESIAN_POINT('',(-0.692444705504,-78.5450682454));
#2706 = CARTESIAN_POINT('',(-0.701831366658,-78.75585501869));
#2707 = CARTESIAN_POINT('',(-0.711439952361,-78.96416733545));
#2708 = CARTESIAN_POINT('',(-0.721284196963,-79.16985199434));
#2709 = CARTESIAN_POINT('',(-0.731377384914,-79.37267549987));
#2710 = CARTESIAN_POINT('',(-0.74173241422,-79.57232452145));
#2711 = CARTESIAN_POINT('',(-0.752361859905,-79.76840635239));
#2712 = CARTESIAN_POINT('',(-0.77592118506,-80.18287413118));
#2713 = CARTESIAN_POINT('',(-0.788950451535,-80.39990674169));
#2714 = CARTESIAN_POINT('',(-0.802397090783,-80.61102093626));
#2715 = CARTESIAN_POINT('',(-0.816290783506,-80.81545947439));
#2716 = CARTESIAN_POINT('',(-0.83065949747,-81.012230747));
#2717 = CARTESIAN_POINT('',(-0.845529421787,-81.20010471184));
#2718 = CARTESIAN_POINT('',(-0.860924975233,-81.37760815629));
#2719 = CARTESIAN_POINT('',(-0.876868888606,-81.54301928765));
#2720 = ( GEOMETRIC_REPRESENTATION_CONTEXT(2) 
PARAMETRIC_REPRESENTATION_CONTEXT() REPRESENTATION_CONTEXT('2D SPACE',''
  ) );
#2721 = ORIENTED_EDGE('',*,*,#1736,.F.);
#2722 = ADVANCED_FACE('',(#2723,#2805),#1027,.T.);
#2723 = FACE_BOUND('',#2724,.F.);
#2724 = EDGE_LOOP('',(#2725,#2750,#2777,#2778));
#2725 = ORIENTED_EDGE('',*,*,#2726,.F.);
#2726 = EDGE_CURVE('',#2727,#2729,#2731,.T.);
#2727 = VERTEX_POINT('',#2728);
#2728 = CARTESIAN_POINT('',(-50.,812.,-55.));
#2729 = VERTEX_POINT('',#2730);
#2730 = CARTESIAN_POINT('',(50.,812.,-55.));
#2731 = SEAM_CURVE('',#2732,(#2736,#2743),.PCURVE_S1.);
#2732 = LINE('',#2733,#2734);
#2733 = CARTESIAN_POINT('',(-50.,812.,-55.));
#2734 = VECTOR('',#2735,1.);
#2735 = DIRECTION('',(1.,0.,0.));
#2736 = PCURVE('',#1027,#2737);
#2737 = DEFINITIONAL_REPRESENTATION('',(#2738),#2742);
#2738 = LINE('',#2739,#2740);
#2739 = CARTESIAN_POINT('',(-6.28318530718,0.));
#2740 = VECTOR('',#2741,1.);
#2741 = DIRECTION('',(-0.,-1.));
#2742 = ( GEOMETRIC_REPRESENTATION_CONTEXT(2) 
PARAMETRIC_REPRESENTATION_CONTEXT() REPRESENTATION_CONTEXT('2D SPACE',''
  ) );
#2743 = PCURVE('',#1027,#2744);
#2744 = DEFINITIONAL_REPRESENTATION('',(#2745),#2749);
#2745 = LINE('',#2746,#2747);
#2746 = CARTESIAN_POINT('',(-0.,0.));
#2747 = VECTOR('',#2748,1.);
#2748 = DIRECTION('',(-0.,-1.));
#2749 = ( GEOMETRIC_REPRESENTATION_CONTEXT(2) 
PARAMETRIC_REPRESENTATION_CONTEXT() REPRESENTATION_CONTEXT('2D SPACE',''
  ) );
#2750 = ORIENTED_EDGE('',*,*,#2751,.F.);
#2751 = EDGE_CURVE('',#2727,#2727,#2752,.T.);
#2752 = SURFACE_CURVE('',#2753,(#2758,#2765),.PCURVE_S1.);
#2753 = CIRCLE('',#2754,25.);
#2754 = AXIS2_PLACEMENT_3D('',#2755,#2756,#2757);
#2755 = CARTESIAN_POINT('',(-50.,812.,-80.));
#2756 = DIRECTION('',(1.,0.,-0.));
#2757 = DIRECTION('',(0.,0.,1.));
#2758 = PCURVE('',#1027,#2759);
#2759 = DEFINITIONAL_REPRESENTATION('',(#2760),#2764);
#2760 = LINE('',#2761,#2762);
#2761 = CARTESIAN_POINT('',(-0.,0.));
#2762 = VECTOR('',#2763,1.);
#2763 = DIRECTION('',(-1.,0.));
#2764 = ( GEOMETRIC_REPRESENTATION_CONTEXT(2) 
PARAMETRIC_REPRESENTATION_CONTEXT() REPRESENTATION_CONTEXT('2D SPACE',''
  ) );
#2765 = PCURVE('',#2766,#2771);
#2766 = PLANE('',#2767);
#2767 = AXIS2_PLACEMENT_3D('',#2768,#2769,#2770);
#2768 = CARTESIAN_POINT('',(-50.,812.,-80.));
#2769 = DIRECTION('',(1.,0.,0.));
#2770 = DIRECTION('',(-0.,0.,1.));
#2771 = DEFINITIONAL_REPRESENTATION('',(#2772),#2776);
#2772 = CIRCLE('',#2773,25.);
#2773 = AXIS2_PLACEMENT_2D('',#2774,#2775);
#2774 = CARTESIAN_POINT('',(-1.42108547152E-14,-1.136868377216E-13));
#2775 = DIRECTION('',(1.,0.));
#2776 = ( GEOMETRIC_REPRESENTATION_CONTEXT(2) 
PARAMETRIC_REPRESENTATION_CONTEXT() REPRESENTATION_CONTEXT('2D SPACE',''
  ) );
#2777 = ORIENTED_EDGE('',*,*,#2726,.T.);
#2778 = ORIENTED_EDGE('',*,*,#2779,.T.);
#2779 = EDGE_CURVE('',#2729,#2729,#2780,.T.);
#2780 = SURFACE_CURVE('',#2781,(#2786,#2793),.PCURVE_S1.);
#2781 = CIRCLE('',#2782,25.);
#2782 = AXIS2_PLACEMENT_3D('',#2783,#2784,#2785);
#2783 = CARTESIAN_POINT('',(50.,812.,-80.));
#2784 = DIRECTION('',(1.,0.,-0.));
#2785 = DIRECTION('',(0.,0.,1.));
#2786 = PCURVE('',#1027,#2787);
#2787 = DEFINITIONAL_REPRESENTATION('',(#2788),#2792);
#2788 = LINE('',#2789,#2790);
#2789 = CARTESIAN_POINT('',(-0.,-100.));
#2790 = VECTOR('',#2791,1.);
#2791 = DIRECTION('',(-1.,0.));
#2792 = ( GEOMETRIC_REPRESENTATION_CONTEXT(2) 
PARAMETRIC_REPRESENTATION_CONTEXT() REPRESENTATION_CONTEXT('2D SPACE',''
  ) );
#2793 = PCURVE('',#2794,#2799);
#2794 = PLANE('',#2795);
#2795 = AXIS2_PLACEMENT_3D('',#2796,#2797,#2798);
#2796 = CARTESIAN_POINT('',(50.,812.,-80.));
#2797 = DIRECTION('',(1.,0.,0.));
#2798 = DIRECTION('',(-0.,0.,1.));
#2799 = DEFINITIONAL_REPRESENTATION('',(#2800),#2804);
#2800 = CIRCLE('',#2801,25.);
#2801 = AXIS2_PLACEMENT_2D('',#2802,#2803);
#2802 = CARTESIAN_POINT('',(-1.42108547152E-14,-1.136868377216E-13));
#2803 = DIRECTION('',(1.,0.));
#2804 = ( GEOMETRIC_REPRESENTATION_CONTEXT(2) 
PARAMETRIC_REPRESENTATION_CONTEXT() REPRESENTATION_CONTEXT('2D SPACE',''
  ) );
#2805 = FACE_BOUND('',#2806,.F.);
#2806 = EDGE_LOOP('',(#2807,#2808,#2809));
#2807 = ORIENTED_EDGE('',*,*,#733,.F.);
#2808 = ORIENTED_EDGE('',*,*,#1759,.F.);
#2809 = ORIENTED_EDGE('',*,*,#2242,.F.);
#2810 = ADVANCED_FACE('',(#2811,#2893),#1578,.T.);
#2811 = FACE_BOUND('',#2812,.F.);
#2812 = EDGE_LOOP('',(#2813,#2842,#2865,#2892));
#2813 = ORIENTED_EDGE('',*,*,#2814,.F.);
#2814 = EDGE_CURVE('',#2815,#2815,#2817,.T.);
#2815 = VERTEX_POINT('',#2816);
#2816 = CARTESIAN_POINT('',(130.,550.,95.));
#2817 = SURFACE_CURVE('',#2818,(#2823,#2830),.PCURVE_S1.);
#2818 = CIRCLE('',#2819,25.);
#2819 = AXIS2_PLACEMENT_3D('',#2820,#2821,#2822);
#2820 = CARTESIAN_POINT('',(130.,550.,70.));
#2821 = DIRECTION('',(1.,0.,-0.));
#2822 = DIRECTION('',(0.,0.,1.));
#2823 = PCURVE('',#1578,#2824);
#2824 = DEFINITIONAL_REPRESENTATION('',(#2825),#2829);
#2825 = LINE('',#2826,#2827);
#2826 = CARTESIAN_POINT('',(-0.,0.));
#2827 = VECTOR('',#2828,1.);
#2828 = DIRECTION('',(-1.,0.));
#2829 = ( GEOMETRIC_REPRESENTATION_CONTEXT(2) 
PARAMETRIC_REPRESENTATION_CONTEXT() REPRESENTATION_CONTEXT('2D SPACE',''
  ) );
#2830 = PCURVE('',#2831,#2836);
#2831 = PLANE('',#2832);
#2832 = AXIS2_PLACEMENT_3D('',#2833,#2834,#2835);
#2833 = CARTESIAN_POINT('',(130.,550.,70.));
#2834 = DIRECTION('',(1.,0.,0.));
#2835 = DIRECTION('',(-0.,0.,1.));
#2836 = DEFINITIONAL_REPRESENTATION('',(#2837),#2841);
#2837 = CIRCLE('',#2838,25.);
#2838 = AXIS2_PLACEMENT_2D('',#2839,#2840);
#2839 = CARTESIAN_POINT('',(1.42108547152E-14,0.));
#2840 = DIRECTION('',(1.,0.));
#2841 = ( GEOMETRIC_REPRESENTATION_CONTEXT(2) 
PARAMETRIC_REPRESENTATION_CONTEXT() REPRESENTATION_CONTEXT('2D SPACE',''
  ) );
#2842 = ORIENTED_EDGE('',*,*,#2843,.T.);
#2843 = EDGE_CURVE('',#2815,#2844,#2846,.T.);
#2844 = VERTEX_POINT('',#2845);
#2845 = CARTESIAN_POINT('',(210.,550.,95.));
#2846 = SEAM_CURVE('',#2847,(#2851,#2858),.PCURVE_S1.);
#2847 = LINE('',#2848,#2849);
#2848 = CARTESIAN_POINT('',(130.,550.,95.));
#2849 = VECTOR('',#2850,1.);
#2850 = DIRECTION('',(1.,0.,0.));
#2851 = PCURVE('',#1578,#2852);
#2852 = DEFINITIONAL_REPRESENTATION('',(#2853),#2857);
#2853 = LINE('',#2854,#2855);
#2854 = CARTESIAN_POINT('',(-6.28318530718,0.));
#2855 = VECTOR('',#2856,1.);
#2856 = DIRECTION('',(-0.,-1.));
#2857 = ( GEOMETRIC_REPRESENTATION_CONTEXT(2) 
PARAMETRIC_REPRESENTATION_CONTEXT() REPRESENTATION_CONTEXT('2D SPACE',''
  ) );
#2858 = PCURVE('',#1578,#2859);
#2859 = DEFINITIONAL_REPRESENTATION('',(#2860),#2864);
#2860 = LINE('',#2861,#2862);
#2861 = CARTESIAN_POINT('',(-0.,0.));
#2862 = VECTOR('',#2863,1.);
#2863 = DIRECTION('',(-0.,-1.));
#2864 = ( GEOMETRIC_REPRESENTATION_CONTEXT(2) 
PARAMETRIC_REPRESENTATION_CONTEXT() REPRESENTATION_CONTEXT('2D SPACE',''
  ) );
#2865 = ORIENTED_EDGE('',*,*,#2866,.T.);
#2866 = EDGE_CURVE('',#2844,#2844,#2867,.T.);
#2867 = SURFACE_CURVE('',#2868,(#2873,#2880),.PCURVE_S1.);
#2868 = CIRCLE('',#2869,25.);
#2869 = AXIS2_PLACEMENT_3D('',#2870,#2871,#2872);
#2870 = CARTESIAN_POINT('',(210.,550.,70.));
#2871 = DIRECTION('',(1.,0.,-0.));
#2872 = DIRECTION('',(0.,0.,1.));
#2873 = PCURVE('',#1578,#2874);
#2874 = DEFINITIONAL_REPRESENTATION('',(#2875),#2879);
#2875 = LINE('',#2876,#2877);
#2876 = CARTESIAN_POINT('',(-0.,-80.));
#2877 = VECTOR('',#2878,1.);
#2878 = DIRECTION('',(-1.,0.));
#2879 = ( GEOMETRIC_REPRESENTATION_CONTEXT(2) 
PARAMETRIC_REPRESENTATION_CONTEXT() REPRESENTATION_CONTEXT('2D SPACE',''
  ) );
#2880 = PCURVE('',#2881,#2886);
#2881 = PLANE('',#2882);
#2882 = AXIS2_PLACEMENT_3D('',#2883,#2884,#2885);
#2883 = CARTESIAN_POINT('',(210.,550.,70.));
#2884 = DIRECTION('',(1.,0.,0.));
#2885 = DIRECTION('',(-0.,0.,1.));
#2886 = DEFINITIONAL_REPRESENTATION('',(#2887),#2891);
#2887 = CIRCLE('',#2888,25.);
#2888 = AXIS2_PLACEMENT_2D('',#2889,#2890);
#2889 = CARTESIAN_POINT('',(1.42108547152E-14,0.));
#2890 = DIRECTION('',(1.,0.));
#2891 = ( GEOMETRIC_REPRESENTATION_CONTEXT(2) 
PARAMETRIC_REPRESENTATION_CONTEXT() REPRESENTATION_CONTEXT('2D SPACE',''
  ) );
#2892 = ORIENTED_EDGE('',*,*,#2843,.F.);
#2893 = FACE_BOUND('',#2894,.F.);
#2894 = EDGE_LOOP('',(#2895));
#2895 = ORIENTED_EDGE('',*,*,#1270,.T.);
#2896 = ADVANCED_FACE('',(#2897,#2900),#2794,.T.);
#2897 = FACE_BOUND('',#2898,.T.);
#2898 = EDGE_LOOP('',(#2899));
#2899 = ORIENTED_EDGE('',*,*,#2779,.T.);
#2900 = FACE_BOUND('',#2901,.T.);
#2901 = EDGE_LOOP('',(#2902));
#2902 = ORIENTED_EDGE('',*,*,#2903,.T.);
#2903 = EDGE_CURVE('',#2904,#2904,#2906,.T.);
#2904 = VERTEX_POINT('',#2905);
#2905 = CARTESIAN_POINT('',(50.,812.,-62.5));
#2906 = SURFACE_CURVE('',#2907,(#2912,#2923),.PCURVE_S1.);
#2907 = CIRCLE('',#2908,17.5);
#2908 = AXIS2_PLACEMENT_3D('',#2909,#2910,#2911);
#2909 = CARTESIAN_POINT('',(50.,812.,-80.));
#2910 = DIRECTION('',(-1.,-0.,0.));
#2911 = DIRECTION('',(0.,0.,1.));
#2912 = PCURVE('',#2794,#2913);
#2913 = DEFINITIONAL_REPRESENTATION('',(#2914),#2922);
#2914 = ( BOUNDED_CURVE() B_SPLINE_CURVE(2,(#2915,#2916,#2917,#2918,
#2919,#2920,#2921),.UNSPECIFIED.,.T.,.F.) B_SPLINE_CURVE_WITH_KNOTS((1,2
    ,2,2,2,1),(-2.094395102393,0.,2.094395102393,4.188790204786,
6.28318530718,8.377580409573),.UNSPECIFIED.) CURVE() 
GEOMETRIC_REPRESENTATION_ITEM() RATIONAL_B_SPLINE_CURVE((1.,0.5,1.,0.5,
1.,0.5,1.)) REPRESENTATION_ITEM('') );
#2915 = CARTESIAN_POINT('',(17.5,-1.136868377216E-13));
#2916 = CARTESIAN_POINT('',(17.5,-30.31088913245));
#2917 = CARTESIAN_POINT('',(-8.75,-15.15544456622));
#2918 = CARTESIAN_POINT('',(-35.,-1.179731015186E-13));
#2919 = CARTESIAN_POINT('',(-8.75,15.155444566228));
#2920 = CARTESIAN_POINT('',(17.5,30.310889132455));
#2921 = CARTESIAN_POINT('',(17.5,-1.136868377216E-13));
#2922 = ( GEOMETRIC_REPRESENTATION_CONTEXT(2) 
PARAMETRIC_REPRESENTATION_CONTEXT() REPRESENTATION_CONTEXT('2D SPACE',''
  ) );
#2923 = PCURVE('',#2924,#2929);
#2924 = CYLINDRICAL_SURFACE('',#2925,17.5);
#2925 = AXIS2_PLACEMENT_3D('',#2926,#2927,#2928);
#2926 = CARTESIAN_POINT('',(-55.,812.,-80.));
#2927 = DIRECTION('',(-1.,-0.,0.));
#2928 = DIRECTION('',(0.,0.,1.));
#2929 = DEFINITIONAL_REPRESENTATION('',(#2930),#2934);
#2930 = LINE('',#2931,#2932);
#2931 = CARTESIAN_POINT('',(-6.28318530718,-105.));
#2932 = VECTOR('',#2933,1.);
#2933 = DIRECTION('',(1.,-0.));
#2934 = ( GEOMETRIC_REPRESENTATION_CONTEXT(2) 
PARAMETRIC_REPRESENTATION_CONTEXT() REPRESENTATION_CONTEXT('2D SPACE',''
  ) );
#2935 = ADVANCED_FACE('',(#2936,#2939),#2766,.F.);
#2936 = FACE_BOUND('',#2937,.F.);
#2937 = EDGE_LOOP('',(#2938));
#2938 = ORIENTED_EDGE('',*,*,#2751,.T.);
#2939 = FACE_BOUND('',#2940,.F.);
#2940 = EDGE_LOOP('',(#2941));
#2941 = ORIENTED_EDGE('',*,*,#2942,.T.);
#2942 = EDGE_CURVE('',#2943,#2943,#2945,.T.);
#2943 = VERTEX_POINT('',#2944);
#2944 = CARTESIAN_POINT('',(-50.,812.,-62.5));
#2945 = SURFACE_CURVE('',#2946,(#2951,#2962),.PCURVE_S1.);
#2946 = CIRCLE('',#2947,17.5);
#2947 = AXIS2_PLACEMENT_3D('',#2948,#2949,#2950);
#2948 = CARTESIAN_POINT('',(-50.,812.,-80.));
#2949 = DIRECTION('',(-1.,-0.,0.));
#2950 = DIRECTION('',(0.,0.,1.));
#2951 = PCURVE('',#2766,#2952);
#2952 = DEFINITIONAL_REPRESENTATION('',(#2953),#2961);
#2953 = ( BOUNDED_CURVE() B_SPLINE_CURVE(2,(#2954,#2955,#2956,#2957,
#2958,#2959,#2960),.UNSPECIFIED.,.T.,.F.) B_SPLINE_CURVE_WITH_KNOTS((1,2
    ,2,2,2,1),(-2.094395102393,0.,2.094395102393,4.188790204786,
6.28318530718,8.377580409573),.UNSPECIFIED.) CURVE() 
GEOMETRIC_REPRESENTATION_ITEM() RATIONAL_B_SPLINE_CURVE((1.,0.5,1.,0.5,
1.,0.5,1.)) REPRESENTATION_ITEM('') );
#2954 = CARTESIAN_POINT('',(17.5,-1.136868377216E-13));
#2955 = CARTESIAN_POINT('',(17.5,-30.31088913245));
#2956 = CARTESIAN_POINT('',(-8.75,-15.15544456622));
#2957 = CARTESIAN_POINT('',(-35.,-1.179731015186E-13));
#2958 = CARTESIAN_POINT('',(-8.75,15.155444566228));
#2959 = CARTESIAN_POINT('',(17.5,30.310889132455));
#2960 = CARTESIAN_POINT('',(17.5,-1.136868377216E-13));
#2961 = ( GEOMETRIC_REPRESENTATION_CONTEXT(2) 
PARAMETRIC_REPRESENTATION_CONTEXT() REPRESENTATION_CONTEXT('2D SPACE',''
  ) );
#2962 = PCURVE('',#2924,#2963);
#2963 = DEFINITIONAL_REPRESENTATION('',(#2964),#2968);
#2964 = LINE('',#2965,#2966);
#2965 = CARTESIAN_POINT('',(-6.28318530718,-5.));
#2966 = VECTOR('',#2967,1.);
#2967 = DIRECTION('',(1.,-0.));
#2968 = ( GEOMETRIC_REPRESENTATION_CONTEXT(2) 
PARAMETRIC_REPRESENTATION_CONTEXT() REPRESENTATION_CONTEXT('2D SPACE',''
  ) );
#2969 = ADVANCED_FACE('',(#2970,#2973),#2831,.F.);
#2970 = FACE_BOUND('',#2971,.F.);
#2971 = EDGE_LOOP('',(#2972));
#2972 = ORIENTED_EDGE('',*,*,#2814,.T.);
#2973 = FACE_BOUND('',#2974,.F.);
#2974 = EDGE_LOOP('',(#2975));
#2975 = ORIENTED_EDGE('',*,*,#2976,.T.);
#2976 = EDGE_CURVE('',#2977,#2977,#2979,.T.);
#2977 = VERTEX_POINT('',#2978);
#2978 = CARTESIAN_POINT('',(130.,550.,87.5));
#2979 = SURFACE_CURVE('',#2980,(#2985,#2996),.PCURVE_S1.);
#2980 = CIRCLE('',#2981,17.5);
#2981 = AXIS2_PLACEMENT_3D('',#2982,#2983,#2984);
#2982 = CARTESIAN_POINT('',(130.,550.,70.));
#2983 = DIRECTION('',(-1.,-0.,0.));
#2984 = DIRECTION('',(0.,0.,1.));
#2985 = PCURVE('',#2831,#2986);
#2986 = DEFINITIONAL_REPRESENTATION('',(#2987),#2995);
#2987 = ( BOUNDED_CURVE() B_SPLINE_CURVE(2,(#2988,#2989,#2990,#2991,
#2992,#2993,#2994),.UNSPECIFIED.,.T.,.F.) B_SPLINE_CURVE_WITH_KNOTS((1,2
    ,2,2,2,1),(-2.094395102393,0.,2.094395102393,4.188790204786,
6.28318530718,8.377580409573),.UNSPECIFIED.) CURVE() 
GEOMETRIC_REPRESENTATION_ITEM() RATIONAL_B_SPLINE_CURVE((1.,0.5,1.,0.5,
1.,0.5,1.)) REPRESENTATION_ITEM('') );
#2988 = CARTESIAN_POINT('',(17.5,0.));
#2989 = CARTESIAN_POINT('',(17.5,-30.31088913245));
#2990 = CARTESIAN_POINT('',(-8.75,-15.15544456622));
#2991 = CARTESIAN_POINT('',(-35.,-4.286263797016E-15));
#2992 = CARTESIAN_POINT('',(-8.75,15.155444566228));
#2993 = CARTESIAN_POINT('',(17.5,30.310889132455));
#2994 = CARTESIAN_POINT('',(17.5,0.));
#2995 = ( GEOMETRIC_REPRESENTATION_CONTEXT(2) 
PARAMETRIC_REPRESENTATION_CONTEXT() REPRESENTATION_CONTEXT('2D SPACE',''
  ) );
#2996 = PCURVE('',#2997,#3002);
#2997 = CYLINDRICAL_SURFACE('',#2998,17.5);
#2998 = AXIS2_PLACEMENT_3D('',#2999,#3000,#3001);
#2999 = CARTESIAN_POINT('',(115.,550.,70.));
#3000 = DIRECTION('',(-1.,-0.,0.));
#3001 = DIRECTION('',(0.,0.,1.));
#3002 = DEFINITIONAL_REPRESENTATION('',(#3003),#3007);
#3003 = LINE('',#3004,#3005);
#3004 = CARTESIAN_POINT('',(-6.28318530718,-15.));
#3005 = VECTOR('',#3006,1.);
#3006 = DIRECTION('',(1.,-0.));
#3007 = ( GEOMETRIC_REPRESENTATION_CONTEXT(2) 
PARAMETRIC_REPRESENTATION_CONTEXT() REPRESENTATION_CONTEXT('2D SPACE',''
  ) );
#3008 = ADVANCED_FACE('',(#3009,#3012),#2881,.T.);
#3009 = FACE_BOUND('',#3010,.T.);
#3010 = EDGE_LOOP('',(#3011));
#3011 = ORIENTED_EDGE('',*,*,#2866,.T.);
#3012 = FACE_BOUND('',#3013,.T.);
#3013 = EDGE_LOOP('',(#3014));
#3014 = ORIENTED_EDGE('',*,*,#3015,.T.);
#3015 = EDGE_CURVE('',#3016,#3016,#3018,.T.);
#3016 = VERTEX_POINT('',#3017);
#3017 = CARTESIAN_POINT('',(210.,550.,87.5));
#3018 = SURFACE_CURVE('',#3019,(#3024,#3035),.PCURVE_S1.);
#3019 = CIRCLE('',#3020,17.5);
#3020 = AXIS2_PLACEMENT_3D('',#3021,#3022,#3023);
#3021 = CARTESIAN_POINT('',(210.,550.,70.));
#3022 = DIRECTION('',(-1.,-0.,0.));
#3023 = DIRECTION('',(0.,0.,1.));
#3024 = PCURVE('',#2881,#3025);
#3025 = DEFINITIONAL_REPRESENTATION('',(#3026),#3034);
#3026 = ( BOUNDED_CURVE() B_SPLINE_CURVE(2,(#3027,#3028,#3029,#3030,
#3031,#3032,#3033),.UNSPECIFIED.,.T.,.F.) B_SPLINE_CURVE_WITH_KNOTS((1,2
    ,2,2,2,1),(-2.094395102393,0.,2.094395102393,4.188790204786,
6.28318530718,8.377580409573),.UNSPECIFIED.) CURVE() 
GEOMETRIC_REPRESENTATION_ITEM() RATIONAL_B_SPLINE_CURVE((1.,0.5,1.,0.5,
1.,0.5,1.)) REPRESENTATION_ITEM('') );
#3027 = CARTESIAN_POINT('',(17.5,0.));
#3028 = CARTESIAN_POINT('',(17.5,-30.31088913245));
#3029 = CARTESIAN_POINT('',(-8.75,-15.15544456622));
#3030 = CARTESIAN_POINT('',(-35.,-4.286263797016E-15));
#3031 = CARTESIAN_POINT('',(-8.75,15.155444566228));
#3032 = CARTESIAN_POINT('',(17.5,30.310889132455));
#3033 = CARTESIAN_POINT('',(17.5,0.));
#3034 = ( GEOMETRIC_REPRESENTATION_CONTEXT(2) 
PARAMETRIC_REPRESENTATION_CONTEXT() REPRESENTATION_CONTEXT('2D SPACE',''
  ) );
#3035 = PCURVE('',#2997,#3036);
#3036 = DEFINITIONAL_REPRESENTATION('',(#3037),#3041);
#3037 = LINE('',#3038,#3039);
#3038 = CARTESIAN_POINT('',(-6.28318530718,-95.));
#3039 = VECTOR('',#3040,1.);
#3040 = DIRECTION('',(1.,-0.));
#3041 = ( GEOMETRIC_REPRESENTATION_CONTEXT(2) 
PARAMETRIC_REPRESENTATION_CONTEXT() REPRESENTATION_CONTEXT('2D SPACE',''
  ) );
#3042 = ADVANCED_FACE('',(#3043),#2924,.F.);
#3043 = FACE_BOUND('',#3044,.T.);
#3044 = EDGE_LOOP('',(#3045,#3046,#3067,#3068));
#3045 = ORIENTED_EDGE('',*,*,#2942,.T.);
#3046 = ORIENTED_EDGE('',*,*,#3047,.T.);
#3047 = EDGE_CURVE('',#2943,#2904,#3048,.T.);
#3048 = SEAM_CURVE('',#3049,(#3053,#3060),.PCURVE_S1.);
#3049 = LINE('',#3050,#3051);
#3050 = CARTESIAN_POINT('',(-55.,812.,-62.5));
#3051 = VECTOR('',#3052,1.);
#3052 = DIRECTION('',(1.,0.,0.));
#3053 = PCURVE('',#2924,#3054);
#3054 = DEFINITIONAL_REPRESENTATION('',(#3055),#3059);
#3055 = LINE('',#3056,#3057);
#3056 = CARTESIAN_POINT('',(-6.28318530718,0.));
#3057 = VECTOR('',#3058,1.);
#3058 = DIRECTION('',(-0.,-1.));
#3059 = ( GEOMETRIC_REPRESENTATION_CONTEXT(2) 
PARAMETRIC_REPRESENTATION_CONTEXT() REPRESENTATION_CONTEXT('2D SPACE',''
  ) );
#3060 = PCURVE('',#2924,#3061);
#3061 = DEFINITIONAL_REPRESENTATION('',(#3062),#3066);
#3062 = LINE('',#3063,#3064);
#3063 = CARTESIAN_POINT('',(-0.,0.));
#3064 = VECTOR('',#3065,1.);
#3065 = DIRECTION('',(-0.,-1.));
#3066 = ( GEOMETRIC_REPRESENTATION_CONTEXT(2) 
PARAMETRIC_REPRESENTATION_CONTEXT() REPRESENTATION_CONTEXT('2D SPACE',''
  ) );
#3067 = ORIENTED_EDGE('',*,*,#2903,.F.);
#3068 = ORIENTED_EDGE('',*,*,#3047,.F.);
#3069 = ADVANCED_FACE('',(#3070),#2997,.F.);
#3070 = FACE_BOUND('',#3071,.T.);
#3071 = EDGE_LOOP('',(#3072,#3073,#3094,#3095));
#3072 = ORIENTED_EDGE('',*,*,#2976,.T.);
#3073 = ORIENTED_EDGE('',*,*,#3074,.T.);
#3074 = EDGE_CURVE('',#2977,#3016,#3075,.T.);
#3075 = SEAM_CURVE('',#3076,(#3080,#3087),.PCURVE_S1.);
#3076 = LINE('',#3077,#3078);
#3077 = CARTESIAN_POINT('',(115.,550.,87.5));
#3078 = VECTOR('',#3079,1.);
#3079 = DIRECTION('',(1.,0.,0.));
#3080 = PCURVE('',#2997,#3081);
#3081 = DEFINITIONAL_REPRESENTATION('',(#3082),#3086);
#3082 = LINE('',#3083,#3084);
#3083 = CARTESIAN_POINT('',(-6.28318530718,0.));
#3084 = VECTOR('',#3085,1.);
#3085 = DIRECTION('',(-0.,-1.));
#3086 = ( GEOMETRIC_REPRESENTATION_CONTEXT(2) 
PARAMETRIC_REPRESENTATION_CONTEXT() REPRESENTATION_CONTEXT('2D SPACE',''
  ) );
#3087 = PCURVE('',#2997,#3088);
#3088 = DEFINITIONAL_REPRESENTATION('',(#3089),#3093);
#3089 = LINE('',#3090,#3091);
#3090 = CARTESIAN_POINT('',(-0.,0.));
#3091 = VECTOR('',#3092,1.);
#3092 = DIRECTION('',(-0.,-1.));
#3093 = ( GEOMETRIC_REPRESENTATION_CONTEXT(2) 
PARAMETRIC_REPRESENTATION_CONTEXT() REPRESENTATION_CONTEXT('2D SPACE',''
  ) );
#3094 = ORIENTED_EDGE('',*,*,#3015,.F.);
#3095 = ORIENTED_EDGE('',*,*,#3074,.F.);
#3096 = ORIENTED_CLOSED_SHELL('',*,#3097,.F.);
#3097 = CLOSED_SHELL('',(#3098,#3353,#3480));
#3098 = ADVANCED_FACE('',(#3099),#3147,.T.);
#3099 = FACE_BOUND('',#3100,.F.);
#3100 = EDGE_LOOP('',(#3101,#3258,#3293,#3323));
#3101 = ORIENTED_EDGE('',*,*,#3102,.T.);
#3102 = EDGE_CURVE('',#3103,#3105,#3107,.T.);
#3103 = VERTEX_POINT('',#3104);
#3104 = CARTESIAN_POINT('',(-4.882149042679E-09,793.18687179379,
    -63.53591159227));
#3105 = VERTEX_POINT('',#3106);
#3106 = CARTESIAN_POINT('',(4.995193605972E-09,788.27720598655,
    -72.11146121683));
#3107 = SURFACE_CURVE('',#3108,(#3146,#3202),.PCURVE_S1.);
#3108 = B_SPLINE_CURVE_WITH_KNOTS('',8,(#3109,#3110,#3111,#3112,#3113,
    #3114,#3115,#3116,#3117,#3118,#3119,#3120,#3121,#3122,#3123,#3124,
    #3125,#3126,#3127,#3128,#3129,#3130,#3131,#3132,#3133,#3134,#3135,
    #3136,#3137,#3138,#3139,#3140,#3141,#3142,#3143,#3144,#3145),
  .UNSPECIFIED.,.F.,.F.,(9,7,7,7,7,9),(0.925221211131,0.931213193255,
    0.94364376364,0.969305811828,1.,1.013403528319),.UNSPECIFIED.);
#3109 = CARTESIAN_POINT('',(-4.882120471783E-09,793.18687179379,
    -63.53591159227));
#3110 = CARTESIAN_POINT('',(2.756134223604E-02,793.13515538624,
    -63.59500672));
#3111 = CARTESIAN_POINT('',(5.466207621651E-02,793.0834390673,
    -63.65452981726));
#3112 = CARTESIAN_POINT('',(8.129802655693E-02,793.03172958677,
    -63.71447931459));
#3113 = CARTESIAN_POINT('',(0.107465074173,792.9800336995,
    -63.77485352728));
#3114 = CARTESIAN_POINT('',(0.13315915075,792.92835816238,
    -63.83565065344));
#3115 = CARTESIAN_POINT('',(0.158376238092,792.87670973129,
    -63.89686877202));
#3116 = CARTESIAN_POINT('',(0.183112367477,792.82509515807,
    -63.95850584084));
#3117 = CARTESIAN_POINT('',(0.257673663787,792.66652923434,
    -64.14929252139));
#3118 = CARTESIAN_POINT('',(0.30589390557,792.559718519,-64.27981124414)
  );
#3119 = CARTESIAN_POINT('',(0.351985986688,792.45315743536,
    -64.41208626905));
#3120 = CARTESIAN_POINT('',(0.395913619204,792.34691362336,
    -64.54608557846));
#3121 = CARTESIAN_POINT('',(0.437642550139,792.24105385082,
    -64.68177466188));
#3122 = CARTESIAN_POINT('',(0.477140526677,792.13564389528,
    -64.81911644699));
#3123 = CARTESIAN_POINT('',(0.514377261395,792.03074842588,
    -64.95807123068));
#3124 = CARTESIAN_POINT('',(0.621470329817,791.71107457601,
    -65.3887014842));
#3125 = CARTESIAN_POINT('',(0.683869474262,791.49814800678,
    -65.68554492205));
#3126 = CARTESIAN_POINT('',(0.736243738893,791.28828068883,
    -65.98866321534));
#3127 = CARTESIAN_POINT('',(0.778370635977,791.08206875327,
    -66.29754088162));
#3128 = CARTESIAN_POINT('',(0.810082257332,790.88006690981,
    -66.61161328703));
#3129 = CARTESIAN_POINT('',(0.831264784409,790.68278189741,
    -66.93027014769));
#3130 = CARTESIAN_POINT('',(0.841858533068,790.49066742679,
    -67.25285990978));
#3131 = CARTESIAN_POINT('',(0.841858533068,790.08099333679,
    -67.96842398698));
#3132 = CARTESIAN_POINT('',(0.826702705048,789.86592606691,
    -68.36263044999));
#3133 = CARTESIAN_POINT('',(0.7964051778,789.65957642135,-68.76014854155
    ));
#3134 = CARTESIAN_POINT('',(0.751088148008,789.46248104291,
    -69.15975237324));
#3135 = CARTESIAN_POINT('',(0.690980290512,789.27504949591,
    -69.5601696836));
#3136 = CARTESIAN_POINT('',(0.616416641539,789.09756239419,
    -69.96009781477));
#3137 = CARTESIAN_POINT('',(0.527839954888,788.93017376173,
    -70.35822200593));
#3138 = CARTESIAN_POINT('',(0.381246298022,788.70424706703,
    -70.92573059059));
#3139 = CARTESIAN_POINT('',(0.334129805405,788.63752004717,
    -71.09760350298));
#3140 = CARTESIAN_POINT('',(0.284493908751,788.57272638232,
    -71.26877620658));
#3141 = CARTESIAN_POINT('',(0.232379624027,788.50985297477,
    -71.43917111108));
#3142 = CARTESIAN_POINT('',(0.177829135407,788.44888395375,
    -71.60871169879));
#3143 = CARTESIAN_POINT('',(0.12088580414,788.38980082053,
    -71.77732265474));
#3144 = CARTESIAN_POINT('',(6.159417852399E-02,788.33258259826,
    -71.94492999837));
#3145 = CARTESIAN_POINT('',(4.995195639068E-09,788.27720598655,
    -72.11146121683));
#3146 = PCURVE('',#3147,#3152);
#3147 = CYLINDRICAL_SURFACE('',#3148,13.);
#3148 = AXIS2_PLACEMENT_3D('',#3149,#3150,#3151);
#3149 = CARTESIAN_POINT('',(-170.,550.,70.));
#3150 = DIRECTION('',(-0.490657783129,-0.756190230469,0.432933338055));
#3151 = DIRECTION('',(0.838882261035,-0.544312917466,0.));
#3152 = DEFINITIONAL_REPRESENTATION('',(#3153),#3201);
#3153 = B_SPLINE_CURVE_WITH_KNOTS('',3,(#3154,#3155,#3156,#3157,#3158,
    #3159,#3160,#3161,#3162,#3163,#3164,#3165,#3166,#3167,#3168,#3169,
    #3170,#3171,#3172,#3173,#3174,#3175,#3176,#3177,#3178,#3179,#3180,
    #3181,#3182,#3183,#3184,#3185,#3186,#3187,#3188,#3189,#3190,#3191,
    #3192,#3193,#3194,#3195,#3196,#3197,#3198,#3199,#3200),
  .UNSPECIFIED.,.F.,.F.,(4,1,1,1,1,1,1,1,1,1,1,1,1,1,1,1,1,1,1,1,1,1,1,1
    ,1,1,1,1,1,1,1,1,1,1,1,1,1,1,1,1,1,1,1,1,4),(0.925221211131,
    0.927225354703,0.929229498276,0.931233641848,0.933237785421,
    0.935241928993,0.937246072566,0.939250216138,0.94125435971,
    0.943258503283,0.945262646855,0.947266790428,0.949270934,
    0.951275077573,0.953279221145,0.955283364718,0.95728750829,
    0.959291651862,0.961295795435,0.963299939007,0.96530408258,
    0.967308226152,0.969312369725,0.971316513297,0.97332065687,
    0.975324800442,0.977328944014,0.979333087587,0.981337231159,
    0.983341374732,0.985345518304,0.987349661877,0.989353805449,
    0.991357949022,0.993362092594,0.995366236167,0.997370379739,
    0.999374523311,1.001378666884,1.003382810456,1.005386954029,
    1.007391097601,1.009395241174,1.011399384746,1.013403528319),
  .QUASI_UNIFORM_KNOTS.);
#3154 = CARTESIAN_POINT('',(-5.619471677203,-325.1195077139));
#3155 = CARTESIAN_POINT('',(-5.625181716575,-325.1195076661));
#3156 = CARTESIAN_POINT('',(-5.636626101417,-325.1194228469));
#3157 = CARTESIAN_POINT('',(-5.653864105842,-325.1190705133));
#3158 = CARTESIAN_POINT('',(-5.671172329926,-325.1185223685));
#3159 = CARTESIAN_POINT('',(-5.68854857344,-325.1178069088));
#3160 = CARTESIAN_POINT('',(-5.705989255304,-325.1169521037));
#3161 = CARTESIAN_POINT('',(-5.723491784024,-325.1159850808));
#3162 = CARTESIAN_POINT('',(-5.74105334563,-325.1149320974));
#3163 = CARTESIAN_POINT('',(-5.75867127287,-325.1138184175));
#3164 = CARTESIAN_POINT('',(-5.776342728963,-325.1126682325));
#3165 = CARTESIAN_POINT('',(-5.794065551221,-325.1115045037));
#3166 = CARTESIAN_POINT('',(-5.811837306773,-325.1103489491));
#3167 = CARTESIAN_POINT('',(-5.829653513442,-325.1092220647));
#3168 = CARTESIAN_POINT('',(-5.847510242336,-325.1081428614));
#3169 = CARTESIAN_POINT('',(-5.865403462251,-325.1071288185));
#3170 = CARTESIAN_POINT('',(-5.883329209601,-325.1061957937));
#3171 = CARTESIAN_POINT('',(-5.901283537487,-325.1053579542));
#3172 = CARTESIAN_POINT('',(-5.919262522266,-325.1046277123));
#3173 = CARTESIAN_POINT('',(-5.937262260496,-325.104015671));
#3174 = CARTESIAN_POINT('',(-5.955278846467,-325.1035305764));
#3175 = CARTESIAN_POINT('',(-5.973308436583,-325.1031792785));
#3176 = CARTESIAN_POINT('',(-5.991346985366,-325.1029667004));
#3177 = CARTESIAN_POINT('',(-6.00939120774,-325.1028958159));
#3178 = CARTESIAN_POINT('',(-6.027434964117,-325.1029676327));
#3179 = CARTESIAN_POINT('',(-6.045472311285,-325.1031811112));
#3180 = CARTESIAN_POINT('',(-6.063500099066,-325.1035332528));
#3181 = CARTESIAN_POINT('',(-6.081514436112,-325.1040191147));
#3182 = CARTESIAN_POINT('',(-6.099511630761,-325.1046318333));
#3183 = CARTESIAN_POINT('',(-6.117487932872,-325.1053626555));
#3184 = CARTESIAN_POINT('',(-6.135439597033,-325.1062009773));
#3185 = CARTESIAN_POINT('',(-6.153362859716,-325.1071343901));
#3186 = CARTESIAN_POINT('',(-6.171253939686,-325.1081487353));
#3187 = CARTESIAN_POINT('',(-6.189109031883,-325.1092281659));
#3188 = CARTESIAN_POINT('',(-6.206924304621,-325.1103552163));
#3189 = CARTESIAN_POINT('',(-6.224695890527,-325.1115108789));
#3190 = CARTESIAN_POINT('',(-6.242419899695,-325.1126746907));
#3191 = CARTESIAN_POINT('',(-6.260092350735,-325.1138248212));
#3192 = CARTESIAN_POINT('',(-6.277709408548,-325.1149381896));
#3193 = CARTESIAN_POINT('',(-6.295266477817,-325.11599051));
#3194 = CARTESIAN_POINT('',(-6.312758183893,-325.1169564307));
#3195 = CARTESIAN_POINT('',(-6.330184184006,-325.1178099676));
#3196 = CARTESIAN_POINT('',(-6.347543030081,-325.1185241799));
#3197 = CARTESIAN_POINT('',(-6.364833548345,-325.1190713304));
#3198 = CARTESIAN_POINT('',(-6.382054470171,-325.1194230178));
#3199 = CARTESIAN_POINT('',(-6.39348783667,-325.1195076776));
#3200 = CARTESIAN_POINT('',(-6.399192495634,-325.1195077251));
#3201 = ( GEOMETRIC_REPRESENTATION_CONTEXT(2) 
PARAMETRIC_REPRESENTATION_CONTEXT() REPRESENTATION_CONTEXT('2D SPACE',''
  ) );
#3202 = PCURVE('',#3203,#3208);
#3203 = CYLINDRICAL_SURFACE('',#3204,25.);
#3204 = AXIS2_PLACEMENT_3D('',#3205,#3206,#3207);
#3205 = CARTESIAN_POINT('',(-50.,812.,-80.));
#3206 = DIRECTION('',(-1.,-0.,0.));
#3207 = DIRECTION('',(0.,0.,1.));
#3208 = DEFINITIONAL_REPRESENTATION('',(#3209),#3257);
#3209 = B_SPLINE_CURVE_WITH_KNOTS('',3,(#3210,#3211,#3212,#3213,#3214,
    #3215,#3216,#3217,#3218,#3219,#3220,#3221,#3222,#3223,#3224,#3225,
    #3226,#3227,#3228,#3229,#3230,#3231,#3232,#3233,#3234,#3235,#3236,
    #3237,#3238,#3239,#3240,#3241,#3242,#3243,#3244,#3245,#3246,#3247,
    #3248,#3249,#3250,#3251,#3252,#3253,#3254,#3255,#3256),
  .UNSPECIFIED.,.F.,.F.,(4,1,1,1,1,1,1,1,1,1,1,1,1,1,1,1,1,1,1,1,1,1,1,1
    ,1,1,1,1,1,1,1,1,1,1,1,1,1,1,1,1,1,1,1,1,4),(0.925221211131,
    0.927225354703,0.929229498276,0.931233641848,0.933237785421,
    0.935241928993,0.937246072566,0.939250216138,0.94125435971,
    0.943258503283,0.945262646855,0.947266790428,0.949270934,
    0.951275077573,0.953279221145,0.955283364718,0.95728750829,
    0.959291651862,0.961295795435,0.963299939007,0.96530408258,
    0.967308226152,0.969312369725,0.971316513297,0.97332065687,
    0.975324800442,0.977328944014,0.979333087587,0.981337231159,
    0.983341374732,0.985345518304,0.987349661877,0.989353805449,
    0.991357949022,0.993362092594,0.995366236167,0.997370379739,
    0.999374523311,1.001378666884,1.003382810456,1.005386954029,
    1.007391097601,1.009395241174,1.011399384746,1.013403528319),
  .QUASI_UNIFORM_KNOTS.);
#3210 = CARTESIAN_POINT('',(-0.851888022252,-49.99999999511));
#3211 = CARTESIAN_POINT('',(-0.854689693491,-50.02458266522));
#3212 = CARTESIAN_POINT('',(-0.860319949886,-50.07278582278));
#3213 = CARTESIAN_POINT('',(-0.868843737938,-50.14215300649));
#3214 = CARTESIAN_POINT('',(-0.877443751074,-50.20853231486));
#3215 = CARTESIAN_POINT('',(-0.886117251207,-50.2718710383));
#3216 = CARTESIAN_POINT('',(-0.894860755975,-50.33211353077));
#3217 = CARTESIAN_POINT('',(-0.903671218212,-50.38921006307));
#3218 = CARTESIAN_POINT('',(-0.912545427539,-50.44311221123));
#3219 = CARTESIAN_POINT('',(-0.921480197159,-50.49377420326));
#3220 = CARTESIAN_POINT('',(-0.930472206757,-50.54115199118));
#3221 = CARTESIAN_POINT('',(-0.939518434923,-50.58520546332));
#3222 = CARTESIAN_POINT('',(-0.948615683684,-50.6258955767));
#3223 = CARTESIAN_POINT('',(-0.957759662686,-50.66318129673));
#3224 = CARTESIAN_POINT('',(-0.966946319646,-50.69702637008));
#3225 = CARTESIAN_POINT('',(-0.976171510574,-50.72739761337));
#3226 = CARTESIAN_POINT('',(-0.985431090495,-50.75426535597));
#3227 = CARTESIAN_POINT('',(-0.994720891549,-50.77760330869));
#3228 = CARTESIAN_POINT('',(-1.004036730274,-50.79738858942));
#3229 = CARTESIAN_POINT('',(-1.01337440999,-50.81360170974));
#3230 = CARTESIAN_POINT('',(-1.022729712971,-50.82622657527));
#3231 = CARTESIAN_POINT('',(-1.032098437754,-50.83525048505));
#3232 = CARTESIAN_POINT('',(-1.041476265632,-50.84066413552));
#3233 = CARTESIAN_POINT('',(-1.050859264863,-50.84246162171));
#3234 = CARTESIAN_POINT('',(-1.060242014455,-50.84064045978));
#3235 = CARTESIAN_POINT('',(-1.069619195853,-50.83520363951));
#3236 = CARTESIAN_POINT('',(-1.07898694828,-50.82615742805));
#3237 = CARTESIAN_POINT('',(-1.088341034288,-50.81351137454));
#3238 = CARTESIAN_POINT('',(-1.097677332637,-50.79727829953));
#3239 = CARTESIAN_POINT('',(-1.106991707629,-50.77747429132));
#3240 = CARTESIAN_POINT('',(-1.116280045605,-50.75411870338));
#3241 = CARTESIAN_POINT('',(-1.125538246727,-50.72723415448));
#3242 = CARTESIAN_POINT('',(-1.134762228922,-50.69684653068));
#3243 = CARTESIAN_POINT('',(-1.143947928493,-50.66298499089));
#3244 = CARTESIAN_POINT('',(-1.153091302517,-50.62568197022));
#3245 = CARTESIAN_POINT('',(-1.162188328158,-50.58497320232));
#3246 = CARTESIAN_POINT('',(-1.171235013359,-50.5408976818));
#3247 = CARTESIAN_POINT('',(-1.180227365961,-50.49349786116));
#3248 = CARTESIAN_POINT('',(-1.189161518702,-50.44281898337));
#3249 = CARTESIAN_POINT('',(-1.198033273311,-50.3889116512));
#3250 = CARTESIAN_POINT('',(-1.206838106654,-50.33183301249));
#3251 = CARTESIAN_POINT('',(-1.215574088082,-50.27162650478));
#3252 = CARTESIAN_POINT('',(-1.224238769156,-50.20833969846));
#3253 = CARTESIAN_POINT('',(-1.232829885739,-50.14202033014));
#3254 = CARTESIAN_POINT('',(-1.241345165979,-50.07271725398));
#3255 = CARTESIAN_POINT('',(-1.246969987636,-50.0245595056));
#3256 = CARTESIAN_POINT('',(-1.249769019059,-50.00000000499));
#3257 = ( GEOMETRIC_REPRESENTATION_CONTEXT(2) 
PARAMETRIC_REPRESENTATION_CONTEXT() REPRESENTATION_CONTEXT('2D SPACE',''
  ) );
#3258 = ORIENTED_EDGE('',*,*,#3259,.T.);
#3259 = EDGE_CURVE('',#3105,#3260,#3262,.T.);
#3260 = VERTEX_POINT('',#3261);
#3261 = CARTESIAN_POINT('',(-1.278976924368E-12,788.11667924302,
    -70.37752700576));
#3262 = SURFACE_CURVE('',#3263,(#3268,#3278),.PCURVE_S1.);
#3263 = ELLIPSE('',#3264,26.495044911158,13.);
#3264 = AXIS2_PLACEMENT_3D('',#3265,#3266,#3267);
#3265 = CARTESIAN_POINT('',(1.136868377216E-13,812.,-80.));
#3266 = DIRECTION('',(-1.,0.,0.));
#3267 = DIRECTION('',(0.,-0.867835175415,0.496852199665));
#3268 = PCURVE('',#3147,#3269);
#3269 = DEFINITIONAL_REPRESENTATION('',(#3270),#3277);
#3270 = B_SPLINE_CURVE_WITH_KNOTS('',5,(#3271,#3272,#3273,#3274,#3275,
    #3276),.UNSPECIFIED.,.F.,.F.,(6,6),(5.893324897094,6.009332085439),
  .PIECEWISE_BEZIER_KNOTS.);
#3271 = CARTESIAN_POINT('',(-6.399192495525,-325.1195077272));
#3272 = CARTESIAN_POINT('',(-6.375991057856,-324.9159325892));
#3273 = CARTESIAN_POINT('',(-6.352789620187,-324.7267263068));
#3274 = CARTESIAN_POINT('',(-6.329588182518,-324.5521171943));
#3275 = CARTESIAN_POINT('',(-6.306386744849,-324.3923012906));
#3276 = CARTESIAN_POINT('',(-6.28318530718,-324.2474410415));
#3277 = ( GEOMETRIC_REPRESENTATION_CONTEXT(2) 
PARAMETRIC_REPRESENTATION_CONTEXT() REPRESENTATION_CONTEXT('2D SPACE',''
  ) );
#3278 = PCURVE('',#3279,#3284);
#3279 = CYLINDRICAL_SURFACE('',#3280,13.);
#3280 = AXIS2_PLACEMENT_3D('',#3281,#3282,#3283);
#3281 = CARTESIAN_POINT('',(170.,550.,70.));
#3282 = DIRECTION('',(0.490657783129,-0.756190230469,0.432933338055));
#3283 = DIRECTION('',(0.838882261035,0.544312917466,0.));
#3284 = DEFINITIONAL_REPRESENTATION('',(#3285),#3292);
#3285 = B_SPLINE_CURVE_WITH_KNOTS('',5,(#3286,#3287,#3288,#3289,#3290,
    #3291),.UNSPECIFIED.,.F.,.F.,(6,6),(5.893128220233,6.009332085439),
  .PIECEWISE_BEZIER_KNOTS.);
#3286 = CARTESIAN_POINT('',(-3.025388788383,-325.1212338315));
#3287 = CARTESIAN_POINT('',(-3.048629561425,-324.917215951));
#3288 = CARTESIAN_POINT('',(-3.071870334466,-324.7276145234));
#3289 = CARTESIAN_POINT('',(-3.095111107507,-324.5526591363));
#3290 = CARTESIAN_POINT('',(-3.118351880549,-324.3925468845));
#3291 = CARTESIAN_POINT('',(-3.14159265359,-324.2474410415));
#3292 = ( GEOMETRIC_REPRESENTATION_CONTEXT(2) 
PARAMETRIC_REPRESENTATION_CONTEXT() REPRESENTATION_CONTEXT('2D SPACE',''
  ) );
#3293 = ORIENTED_EDGE('',*,*,#3294,.T.);
#3294 = EDGE_CURVE('',#3260,#3295,#3297,.T.);
#3295 = VERTEX_POINT('',#3296);
#3296 = CARTESIAN_POINT('',(1.136868377216E-13,789.00666805189,
    -66.83587865566));
#3297 = SURFACE_CURVE('',#3298,(#3303,#3313),.PCURVE_S1.);
#3298 = ELLIPSE('',#3299,26.495044911158,13.);
#3299 = AXIS2_PLACEMENT_3D('',#3300,#3301,#3302);
#3300 = CARTESIAN_POINT('',(1.136868377216E-13,812.,-80.));
#3301 = DIRECTION('',(-1.,0.,0.));
#3302 = DIRECTION('',(0.,-0.867835175415,0.496852199665));
#3303 = PCURVE('',#3147,#3304);
#3304 = DEFINITIONAL_REPRESENTATION('',(#3305),#3312);
#3305 = B_SPLINE_CURVE_WITH_KNOTS('',5,(#3306,#3307,#3308,#3309,#3310,
    #3311),.UNSPECIFIED.,.F.,.F.,(6,6),(6.009332085439,6.28318530718),
  .PIECEWISE_BEZIER_KNOTS.);
#3306 = CARTESIAN_POINT('',(-6.28318530718,-324.2474410415));
#3307 = CARTESIAN_POINT('',(-6.228414662832,-323.9054756299));
#3308 = CARTESIAN_POINT('',(-6.173644018483,-323.6468533587));
#3309 = CARTESIAN_POINT('',(-6.118873374135,-323.4737133039));
#3310 = CARTESIAN_POINT('',(-6.064102729787,-323.3871442415));
#3311 = CARTESIAN_POINT('',(-6.009332085439,-323.3871442415));
#3312 = ( GEOMETRIC_REPRESENTATION_CONTEXT(2) 
PARAMETRIC_REPRESENTATION_CONTEXT() REPRESENTATION_CONTEXT('2D SPACE',''
  ) );
#3313 = PCURVE('',#3279,#3314);
#3314 = DEFINITIONAL_REPRESENTATION('',(#3315),#3322);
#3315 = B_SPLINE_CURVE_WITH_KNOTS('',5,(#3316,#3317,#3318,#3319,#3320,
    #3321),.UNSPECIFIED.,.F.,.F.,(6,6),(6.009332085439,6.28318530718),
  .PIECEWISE_BEZIER_KNOTS.);
#3316 = CARTESIAN_POINT('',(-3.14159265359,-324.2474410415));
#3317 = CARTESIAN_POINT('',(-3.196363297938,-323.9054756299));
#3318 = CARTESIAN_POINT('',(-3.251133942286,-323.6468533587));
#3319 = CARTESIAN_POINT('',(-3.305904586634,-323.4737133039));
#3320 = CARTESIAN_POINT('',(-3.360675230982,-323.3871442415));
#3321 = CARTESIAN_POINT('',(-3.41544587533,-323.3871442415));
#3322 = ( GEOMETRIC_REPRESENTATION_CONTEXT(2) 
PARAMETRIC_REPRESENTATION_CONTEXT() REPRESENTATION_CONTEXT('2D SPACE',''
  ) );
#3323 = ORIENTED_EDGE('',*,*,#3324,.T.);
#3324 = EDGE_CURVE('',#3295,#3103,#3325,.T.);
#3325 = SURFACE_CURVE('',#3326,(#3331,#3342),.PCURVE_S1.);
#3326 = ELLIPSE('',#3327,26.495044911158,13.);
#3327 = AXIS2_PLACEMENT_3D('',#3328,#3329,#3330);
#3328 = CARTESIAN_POINT('',(1.136868377216E-13,812.,-80.));
#3329 = DIRECTION('',(-1.,0.,0.));
#3330 = DIRECTION('',(0.,-0.867835175415,0.496852199665));
#3331 = PCURVE('',#3147,#3332);
#3332 = DEFINITIONAL_REPRESENTATION('',(#3333),#3341);
#3333 = B_SPLINE_CURVE_WITH_KNOTS('',6,(#3334,#3335,#3336,#3337,#3338,
    #3339,#3340),.UNSPECIFIED.,.F.,.F.,(7,7),(0.,0.389860408342),
  .PIECEWISE_BEZIER_KNOTS.);
#3334 = CARTESIAN_POINT('',(-6.009332085439,-323.3871442415));
#3335 = CARTESIAN_POINT('',(-5.944355350716,-323.3871442415));
#3336 = CARTESIAN_POINT('',(-5.879378615992,-323.5041091166));
#3337 = CARTESIAN_POINT('',(-5.814401881268,-323.7380389117));
#3338 = CARTESIAN_POINT('',(-5.749425146544,-324.0874520084));
#3339 = CARTESIAN_POINT('',(-5.684448411821,-324.5493858139));
#3340 = CARTESIAN_POINT('',(-5.619471677097,-325.1195077119));
#3341 = ( GEOMETRIC_REPRESENTATION_CONTEXT(2) 
PARAMETRIC_REPRESENTATION_CONTEXT() REPRESENTATION_CONTEXT('2D SPACE',''
  ) );
#3342 = PCURVE('',#3279,#3343);
#3343 = DEFINITIONAL_REPRESENTATION('',(#3344),#3352);
#3344 = B_SPLINE_CURVE_WITH_KNOTS('',6,(#3345,#3346,#3347,#3348,#3349,
    #3350,#3351),.UNSPECIFIED.,.F.,.F.,(7,7),(0.,0.390057086947),
  .PIECEWISE_BEZIER_KNOTS.);
#3345 = CARTESIAN_POINT('',(-3.41544587533,-323.3871442415));
#3346 = CARTESIAN_POINT('',(-3.480455389821,-323.3871442415));
#3347 = CARTESIAN_POINT('',(-3.545464904312,-323.5042271604));
#3348 = CARTESIAN_POINT('',(-3.610474418804,-323.738393043));
#3349 = CARTESIAN_POINT('',(-3.675483933294,-324.088157279));
#3350 = CARTESIAN_POINT('',(-3.740493447786,-324.5505512929));
#3351 = CARTESIAN_POINT('',(-3.805502962277,-325.1212338315));
#3352 = ( GEOMETRIC_REPRESENTATION_CONTEXT(2) 
PARAMETRIC_REPRESENTATION_CONTEXT() REPRESENTATION_CONTEXT('2D SPACE',''
  ) );
#3353 = ADVANCED_FACE('',(#3354),#3203,.F.);
#3354 = FACE_BOUND('',#3355,.T.);
#3355 = EDGE_LOOP('',(#3356,#3357));
#3356 = ORIENTED_EDGE('',*,*,#3102,.T.);
#3357 = ORIENTED_EDGE('',*,*,#3358,.T.);
#3358 = EDGE_CURVE('',#3105,#3103,#3359,.T.);
#3359 = SURFACE_CURVE('',#3360,(#3398,#3439),.PCURVE_S1.);
#3360 = B_SPLINE_CURVE_WITH_KNOTS('',6,(#3361,#3362,#3363,#3364,#3365,
    #3366,#3367,#3368,#3369,#3370,#3371,#3372,#3373,#3374,#3375,#3376,
    #3377,#3378,#3379,#3380,#3381,#3382,#3383,#3384,#3385,#3386,#3387,
    #3388,#3389,#3390,#3391,#3392,#3393,#3394,#3395,#3396,#3397),
  .UNSPECIFIED.,.F.,.F.,(7,5,5,5,5,5,5,7),(0.,0.186342369251,
    0.287206735268,0.500037368907,0.648480365229,0.712851830151,
    0.813695734174,1.),.UNSPECIFIED.);
#3361 = CARTESIAN_POINT('',(0.841859133068,787.73861242371,
    -73.96799594885));
#3362 = CARTESIAN_POINT('',(0.646817005996,787.82795791286,
    -73.60863850775));
#3363 = CARTESIAN_POINT('',(0.462622862309,787.9264874395,
    -73.23962045733));
#3364 = CARTESIAN_POINT('',(0.290122646047,788.03477228796,
    -72.86184592428));
#3365 = CARTESIAN_POINT('',(0.130103975476,788.15332467809,
    -72.47631471808));
#3366 = CARTESIAN_POINT('',(-1.669852389908E-02,788.28256926685,
    -72.08410847214));
#3367 = CARTESIAN_POINT('',(-0.221534343867,788.49872739949,
    -71.47109051037));
#3368 = CARTESIAN_POINT('',(-0.289390073998,788.57785557369,
    -71.25420715021));
#3369 = CARTESIAN_POINT('',(-0.35304507476,788.66023339403,
    -71.03594789509));
#3370 = CARTESIAN_POINT('',(-0.412389740722,788.74588263583,
    -70.81653750267));
#3371 = CARTESIAN_POINT('',(-0.46732448636,788.83481131293,
    -70.59620356385));
#3372 = CARTESIAN_POINT('',(-0.624180383623,789.12156281235,
    -69.90879217407));
#3373 = CARTESIAN_POINT('',(-0.710595260965,789.33073599252,
    -69.43919253093));
#3374 = CARTESIAN_POINT('',(-0.776052275621,789.55432189236,
    -68.9689116916));
#3375 = CARTESIAN_POINT('',(-0.819916826478,789.79176097611,
    -68.5004802635));
#3376 = CARTESIAN_POINT('',(-0.841858533068,790.04211927103,
    -68.03632402183));
#3377 = CARTESIAN_POINT('',(-0.841858533068,790.4868587093,
    -67.25951246965));
#3378 = CARTESIAN_POINT('',(-0.831184471536,790.67522324115,
    -66.94357064009));
#3379 = CARTESIAN_POINT('',(-0.809839180909,790.86876383622,
    -66.63165411575));
#3380 = CARTESIAN_POINT('',(-0.777901469599,791.06695624062,
    -66.32448712763));
#3381 = CARTESIAN_POINT('',(-0.735527387007,791.26920616649,
    -66.02273513192));
#3382 = CARTESIAN_POINT('',(-0.660152247818,791.56403078302,
    -65.59876531013));
#3383 = CARTESIAN_POINT('',(-0.635433503525,791.65385148057,
    -65.47165087694));
#3384 = CARTESIAN_POINT('',(-0.608813599865,791.74426393784,
    -65.3457090941));
#3385 = CARTESIAN_POINT('',(-0.580312814028,791.83521624815,
    -65.22098234491));
#3386 = CARTESIAN_POINT('',(-0.549953356177,791.92665589099,
    -65.09750940255));
#3387 = CARTESIAN_POINT('',(-0.46732448636,792.16245867356,
    -64.78391284063));
#3388 = CARTESIAN_POINT('',(-0.412389740722,792.30744597623,
    -64.59567353476));
#3389 = CARTESIAN_POINT('',(-0.35304507476,792.45329713737,
    -64.41072989005));
#3390 = CARTESIAN_POINT('',(-0.289390073998,792.59981183182,
    -64.22919021935));
#3391 = CARTESIAN_POINT('',(-0.221534343867,792.74678521063,
    -64.05114953358));
#3392 = CARTESIAN_POINT('',(-1.669873848345E-02,793.16599844348,
    -63.55438526362));
#3393 = CARTESIAN_POINT('',(0.130103853434,793.43879286309,
    -63.2443634917));
#3394 = CARTESIAN_POINT('',(0.290122892054,793.71124448175,
    -62.94694144585));
#3395 = CARTESIAN_POINT('',(0.462623545858,793.98220510218,
    -62.66230101959));
#3396 = CARTESIAN_POINT('',(0.646817804323,794.25055270097,
    -62.39050710998));
#3397 = CARTESIAN_POINT('',(0.841859133068,794.515217823,-62.13152518475
    ));
#3398 = PCURVE('',#3203,#3399);
#3399 = DEFINITIONAL_REPRESENTATION('',(#3400),#3438);
#3400 = B_SPLINE_CURVE_WITH_KNOTS('',6,(#3401,#3402,#3403,#3404,#3405,
    #3406,#3407,#3408,#3409,#3410,#3411,#3412,#3413,#3414,#3415,#3416,
    #3417,#3418,#3419,#3420,#3421,#3422,#3423,#3424,#3425,#3426,#3427,
    #3428,#3429,#3430,#3431,#3432,#3433,#3434,#3435,#3436,#3437),
  .UNSPECIFIED.,.F.,.F.,(7,5,5,5,5,5,5,7),(0.,0.186342369251,
    0.287206735268,0.500037368907,0.648480365229,0.712851830151,
    0.813695734174,1.),.UNSPECIFIED.);
#3401 = CARTESIAN_POINT('',(-1.327111556389,-50.84185913306));
#3402 = CARTESIAN_POINT('',(-1.312299648374,-50.64681700599));
#3403 = CARTESIAN_POINT('',(-1.297024089093,-50.4626228623));
#3404 = CARTESIAN_POINT('',(-1.281308644103,-50.29012264604));
#3405 = CARTESIAN_POINT('',(-1.26517943798,-50.13010397547));
#3406 = CARTESIAN_POINT('',(-1.248664868924,-49.9833014761));
#3407 = CARTESIAN_POINT('',(-1.222664396321,-49.77846565613));
#3408 = CARTESIAN_POINT('',(-1.213430250493,-49.710609926));
#3409 = CARTESIAN_POINT('',(-1.204099605385,-49.64695492524));
#3410 = CARTESIAN_POINT('',(-1.194679122964,-49.58761025927));
#3411 = CARTESIAN_POINT('',(-1.185175626967,-49.53267551364));
#3412 = CARTESIAN_POINT('',(-1.155382719322,-49.37581961637));
#3413 = CARTESIAN_POINT('',(-1.134825402922,-49.28940473903));
#3414 = CARTESIAN_POINT('',(-1.114006129653,-49.22394772437));
#3415 = CARTESIAN_POINT('',(-1.093009508792,-49.18008317352));
#3416 = CARTESIAN_POINT('',(-1.071921420008,-49.15814146693));
#3417 = CARTESIAN_POINT('',(-1.036116853695,-49.15814146693));
#3418 = CARTESIAN_POINT('',(-1.021405864053,-49.16881552846));
#3419 = CARTESIAN_POINT('',(-1.006726002031,-49.19016081909));
#3420 = CARTESIAN_POINT('',(-0.992107106725,-49.2220985304));
#3421 = CARTESIAN_POINT('',(-0.977578760248,-49.26447261299));
#3422 = CARTESIAN_POINT('',(-0.956922643892,-49.33984775218));
#3423 = CARTESIAN_POINT('',(-0.950696960523,-49.36456649647));
#3424 = CARTESIAN_POINT('',(-0.944495832558,-49.39118640013));
#3425 = CARTESIAN_POINT('',(-0.938321415819,-49.41968718597));
#3426 = CARTESIAN_POINT('',(-0.932175781844,-49.45004664382));
#3427 = CARTESIAN_POINT('',(-0.916481413126,-49.53267551364));
#3428 = CARTESIAN_POINT('',(-0.906977917128,-49.58761025927));
#3429 = CARTESIAN_POINT('',(-0.897557434708,-49.64695492524));
#3430 = CARTESIAN_POINT('',(-0.8882267896,-49.710609926));
#3431 = CARTESIAN_POINT('',(-0.878992643772,-49.77846565613));
#3432 = CARTESIAN_POINT('',(-0.852992198406,-49.98330126151));
#3433 = CARTESIAN_POINT('',(-0.83647761021,-50.13010385343));
#3434 = CARTESIAN_POINT('',(-0.820348365802,-50.29012289205));
#3435 = CARTESIAN_POINT('',(-0.804632889296,-50.46262354585));
#3436 = CARTESIAN_POINT('',(-0.789357331092,-50.64681780432));
#3437 = CARTESIAN_POINT('',(-0.774545483704,-50.84185913306));
#3438 = ( GEOMETRIC_REPRESENTATION_CONTEXT(2) 
PARAMETRIC_REPRESENTATION_CONTEXT() REPRESENTATION_CONTEXT('2D SPACE',''
  ) );
#3439 = PCURVE('',#3279,#3440);
#3440 = DEFINITIONAL_REPRESENTATION('',(#3441),#3479);
#3441 = B_SPLINE_CURVE_WITH_KNOTS('',6,(#3442,#3443,#3444,#3445,#3446,
    #3447,#3448,#3449,#3450,#3451,#3452,#3453,#3454,#3455,#3456,#3457,
    #3458,#3459,#3460,#3461,#3462,#3463,#3464,#3465,#3466,#3467,#3468,
    #3469,#3470,#3471,#3472,#3473,#3474,#3475,#3476,#3477,#3478),
  .UNSPECIFIED.,.F.,.F.,(7,5,5,5,5,5,5,7),(0.,0.186342369251,
    0.287206735268,0.500037368907,0.648480365229,0.712851830151,
    0.813695734174,1.),.UNSPECIFIED.);
#3442 = CARTESIAN_POINT('',(-2.863224301304,-325.102919575));
#3443 = CARTESIAN_POINT('',(-2.89541298183,-325.1106028822));
#3444 = CARTESIAN_POINT('',(-2.928005356051,-325.1157260215));
#3445 = CARTESIAN_POINT('',(-2.960980181623,-325.1186973501));
#3446 = CARTESIAN_POINT('',(-2.994318575109,-325.1199506035));
#3447 = CARTESIAN_POINT('',(-3.028003074513,-325.1199147285));
#3448 = CARTESIAN_POINT('',(-3.080427774742,-325.1184797734));
#3449 = CARTESIAN_POINT('',(-3.098933413118,-325.1177136308));
#3450 = CARTESIAN_POINT('',(-3.117527615764,-325.1167480474));
#3451 = CARTESIAN_POINT('',(-3.136204650035,-325.1156430159));
#3452 = CARTESIAN_POINT('',(-3.154958931224,-325.1144542657));
#3453 = CARTESIAN_POINT('',(-3.213508973446,-325.1106522073));
#3454 = CARTESIAN_POINT('',(-3.253563029758,-325.1079217137));
#3455 = CARTESIAN_POINT('',(-3.293862811456,-325.105511927));
#3456 = CARTESIAN_POINT('',(-3.334328591766,-325.1037839439));
#3457 = CARTESIAN_POINT('',(-3.374882606172,-325.1029195987));
#3458 = CARTESIAN_POINT('',(-3.44373754139,-325.1029195987));
#3459 = CARTESIAN_POINT('',(-3.472027907825,-325.1033399551));
#3460 = CARTESIAN_POINT('',(-3.500288147595,-325.1041811673));
#3461 = CARTESIAN_POINT('',(-3.528490610808,-325.1053990111));
#3462 = CARTESIAN_POINT('',(-3.556607335209,-325.106908757));
#3463 = CARTESIAN_POINT('',(-3.596751127834,-325.1093181828));
#3464 = CARTESIAN_POINT('',(-3.608872547173,-325.1100791966));
#3465 = CARTESIAN_POINT('',(-3.620970744772,-325.1108625542));
#3466 = CARTESIAN_POINT('',(-3.633043753426,-325.1116573024));
#3467 = CARTESIAN_POINT('',(-3.645089708651,-325.1124514096));
#3468 = CARTESIAN_POINT('',(-3.675932819436,-325.1144542657));
#3469 = CARTESIAN_POINT('',(-3.694687100625,-325.1156430159));
#3470 = CARTESIAN_POINT('',(-3.713364134896,-325.1167480474));
#3471 = CARTESIAN_POINT('',(-3.731958337542,-325.1177136308));
#3472 = CARTESIAN_POINT('',(-3.750463975918,-325.1184797734));
#3473 = CARTESIAN_POINT('',(-3.802888621227,-325.1199147269));
#3474 = CARTESIAN_POINT('',(-3.83657315768,-325.1199506071));
#3475 = CARTESIAN_POINT('',(-3.869911629883,-325.1186973535));
#3476 = CARTESIAN_POINT('',(-3.902886524341,-325.1157260093));
#3477 = CARTESIAN_POINT('',(-3.935478900582,-325.1106028508));
#3478 = CARTESIAN_POINT('',(-3.967667449356,-325.102919575));
#3479 = ( GEOMETRIC_REPRESENTATION_CONTEXT(2) 
PARAMETRIC_REPRESENTATION_CONTEXT() REPRESENTATION_CONTEXT('2D SPACE',''
  ) );
#3480 = ADVANCED_FACE('',(#3481),#3279,.T.);
#3481 = FACE_BOUND('',#3482,.F.);
#3482 = EDGE_LOOP('',(#3483,#3484,#3485,#3486));
#3483 = ORIENTED_EDGE('',*,*,#3324,.F.);
#3484 = ORIENTED_EDGE('',*,*,#3294,.F.);
#3485 = ORIENTED_EDGE('',*,*,#3259,.F.);
#3486 = ORIENTED_EDGE('',*,*,#3358,.T.);
#3487 = ORIENTED_CLOSED_SHELL('',*,#3488,.F.);
#3488 = CLOSED_SHELL('',(#3489,#4628,#4795,#4800));
#3489 = ADVANCED_FACE('',(#3490),#3504,.T.);
#3490 = FACE_BOUND('',#3491,.F.);
#3491 = EDGE_LOOP('',(#3492,#3522,#4007,#4008,#4063,#4466));
#3492 = ORIENTED_EDGE('',*,*,#3493,.F.);
#3493 = EDGE_CURVE('',#3494,#3496,#3498,.T.);
#3494 = VERTEX_POINT('',#3495);
#3495 = CARTESIAN_POINT('',(-141.6990378006,569.73345627971,
    54.651035759485));
#3496 = VERTEX_POINT('',#3497);
#3497 = CARTESIAN_POINT('',(-1.775048837476,785.38101574056,
    -68.81130744329));
#3498 = SEAM_CURVE('',#3499,(#3503,#3515),.PCURVE_S1.);
#3499 = LINE('',#3500,#3501);
#3500 = CARTESIAN_POINT('',(-159.0945306065,542.92393207294,70.));
#3501 = VECTOR('',#3502,1.);
#3502 = DIRECTION('',(0.490657783129,0.756190230469,-0.432933338055));
#3503 = PCURVE('',#3504,#3509);
#3504 = CYLINDRICAL_SURFACE('',#3505,13.);
#3505 = AXIS2_PLACEMENT_3D('',#3506,#3507,#3508);
#3506 = CARTESIAN_POINT('',(-170.,550.,70.));
#3507 = DIRECTION('',(-0.490657783129,-0.756190230469,0.432933338055));
#3508 = DIRECTION('',(0.838882261035,-0.544312917466,0.));
#3509 = DEFINITIONAL_REPRESENTATION('',(#3510),#3514);
#3510 = LINE('',#3511,#3512);
#3511 = CARTESIAN_POINT('',(-6.28318530718,0.));
#3512 = VECTOR('',#3513,1.);
#3513 = DIRECTION('',(-0.,-1.));
#3514 = ( GEOMETRIC_REPRESENTATION_CONTEXT(2) 
PARAMETRIC_REPRESENTATION_CONTEXT() REPRESENTATION_CONTEXT('2D SPACE',''
  ) );
#3515 = PCURVE('',#3504,#3516);
#3516 = DEFINITIONAL_REPRESENTATION('',(#3517),#3521);
#3517 = LINE('',#3518,#3519);
#3518 = CARTESIAN_POINT('',(-0.,0.));
#3519 = VECTOR('',#3520,1.);
#3520 = DIRECTION('',(-0.,-1.));
#3521 = ( GEOMETRIC_REPRESENTATION_CONTEXT(2) 
PARAMETRIC_REPRESENTATION_CONTEXT() REPRESENTATION_CONTEXT('2D SPACE',''
  ) );
#3522 = ORIENTED_EDGE('',*,*,#3523,.F.);
#3523 = EDGE_CURVE('',#3494,#3494,#3524,.T.);
#3524 = SURFACE_CURVE('',#3525,(#3682,#3842),.PCURVE_S1.);
#3525 = B_SPLINE_CURVE_WITH_KNOTS('',8,(#3526,#3527,#3528,#3529,#3530,
    #3531,#3532,#3533,#3534,#3535,#3536,#3537,#3538,#3539,#3540,#3541,
    #3542,#3543,#3544,#3545,#3546,#3547,#3548,#3549,#3550,#3551,#3552,
    #3553,#3554,#3555,#3556,#3557,#3558,#3559,#3560,#3561,#3562,#3563,
    #3564,#3565,#3566,#3567,#3568,#3569,#3570,#3571,#3572,#3573,#3574,
    #3575,#3576,#3577,#3578,#3579,#3580,#3581,#3582,#3583,#3584,#3585,
    #3586,#3587,#3588,#3589,#3590,#3591,#3592,#3593,#3594,#3595,#3596,
    #3597,#3598,#3599,#3600,#3601,#3602,#3603,#3604,#3605,#3606,#3607,
    #3608,#3609,#3610,#3611,#3612,#3613,#3614,#3615,#3616,#3617,#3618,
    #3619,#3620,#3621,#3622,#3623,#3624,#3625,#3626,#3627,#3628,#3629,
    #3630,#3631,#3632,#3633,#3634,#3635,#3636,#3637,#3638,#3639,#3640,
    #3641,#3642,#3643,#3644,#3645,#3646,#3647,#3648,#3649,#3650,#3651,
    #3652,#3653,#3654,#3655,#3656,#3657,#3658,#3659,#3660,#3661,#3662,
    #3663,#3664,#3665,#3666,#3667,#3668,#3669,#3670,#3671,#3672,#3673,
    #3674,#3675,#3676,#3677,#3678,#3679,#3680,#3681),.UNSPECIFIED.,.T.,
  .F.,(9,7,7,7,7,7,7,7,7,7,7,7,7,7,7,7,7,7,7,7,7,7,9),(0.,
    2.563640369777E-02,4.979169917445E-02,7.243263789243E-02,
    0.150783037947,0.284787327242,0.352979552295,0.407347277657,
    0.44156309069,0.46748299365,0.505968830645,0.527633215234,
    0.581771315905,0.649608506873,0.690336640432,0.784176562683,
    0.864003896211,0.886538507572,0.910459721025,0.938610336019,
    0.954732963742,0.967146831845,1.),.UNSPECIFIED.);
#3526 = CARTESIAN_POINT('',(-141.6990378006,569.73345627971,
    54.651035759484));
#3527 = CARTESIAN_POINT('',(-141.8218234673,569.54422189917,
    54.407745833439));
#3528 = CARTESIAN_POINT('',(-141.9535643565,569.35741242447,
    54.174647308218));
#3529 = CARTESIAN_POINT('',(-142.0931829806,569.1732637247,
    53.951276698879));
#3530 = CARTESIAN_POINT('',(-142.2397274043,568.9919504496,
    53.737162057054));
#3531 = CARTESIAN_POINT('',(-142.3923689799,568.81358937158,
    53.531826403953));
#3532 = CARTESIAN_POINT('',(-142.5504000833,568.6382427277,
    53.334791163362));
#3533 = CARTESIAN_POINT('',(-142.7132318495,568.46592156172,
    53.145579594643));
#3534 = CARTESIAN_POINT('',(-143.0378945232,568.13703952417,
    52.792367533563));
#3535 = CARTESIAN_POINT('',(-143.1993057883,567.98007630054,
    52.627469832059));
#3536 = CARTESIAN_POINT('',(-143.3641887402,567.82572213073,
    52.468695085143));
#3537 = CARTESIAN_POINT('',(-143.532173342,567.67397363302,
    52.31571887038));
#3538 = CARTESIAN_POINT('',(-143.7029568533,567.52480216968,
    52.168223858982));
#3539 = CARTESIAN_POINT('',(-143.8763041999,567.3781547083,
    52.025899295808));
#3540 = CARTESIAN_POINT('',(-144.0520483433,567.23395468307,
    51.888440479365));
#3541 = CARTESIAN_POINT('',(-144.3969710341,566.95914408003,
    51.63098735579));
#3542 = CARTESIAN_POINT('',(-144.5658397722,566.82827286088,
    51.510461437785));
#3543 = CARTESIAN_POINT('',(-144.7365222211,566.69948042562,
    51.39379128276));
#3544 = CARTESIAN_POINT('',(-144.9088723368,566.57274903901,
    51.28080375476));
#3545 = CARTESIAN_POINT('',(-145.0827728691,566.44805245763,
    51.171331447855));
#3546 = CARTESIAN_POINT('',(-145.2581355559,566.32535638406,
    51.065212347103));
#3547 = CARTESIAN_POINT('',(-145.4349013181,566.20461892099,
    50.962289489496));
#3548 = CARTESIAN_POINT('',(-146.2295021964,565.67457957875,
    50.516773498569));
#3549 = CARTESIAN_POINT('',(-146.8640488518,565.28514434747,
    50.206672176977));
#3550 = CARTESIAN_POINT('',(-147.5120053679,564.91807599437,
    49.928164538283));
#3551 = CARTESIAN_POINT('',(-148.1704512277,564.5734716617,
    49.677775468683));
#3552 = CARTESIAN_POINT('',(-148.8379201128,564.25117767954,
    49.452538997751));
#3553 = CARTESIAN_POINT('',(-149.5141040731,563.95105047641,
    49.250021566281));
#3554 = CARTESIAN_POINT('',(-150.1995553769,563.67322192706,
    49.068343483248));
#3555 = CARTESIAN_POINT('',(-152.0854609285,562.98245189805,
    48.628925047636));
#3556 = CARTESIAN_POINT('',(-153.3012985109,562.61539687358,
    48.409892085092));
#3557 = CARTESIAN_POINT('',(-154.5401305218,562.32248946466,
    48.24372977267));
#3558 = CARTESIAN_POINT('',(-155.8003871693,562.11181788305,
    48.128753493646));
#3559 = CARTESIAN_POINT('',(-157.0796195803,561.99472609112,
    48.066225253229));
#3560 = CARTESIAN_POINT('',(-158.3739568845,561.98570922768,
    48.060907801591));
#3561 = CARTESIAN_POINT('',(-159.6778537578,562.102004022,
    48.122364651928));
#3562 = CARTESIAN_POINT('',(-161.6457592648,562.49420710562,
    48.345486670993));
#3563 = CARTESIAN_POINT('',(-162.3096929073,562.66370836893,
    48.443132758842));
#3564 = CARTESIAN_POINT('',(-162.970502194,562.8724564922,
    48.565541620717));
#3565 = CARTESIAN_POINT('',(-163.6248730399,563.1219362814,
    48.715390266284));
#3566 = CARTESIAN_POINT('',(-164.2694907822,563.41302303249,
    48.895773513232));
#3567 = CARTESIAN_POINT('',(-164.9009360831,563.74589396194,
    49.110273405525));
#3568 = CARTESIAN_POINT('',(-165.5155309775,564.11992648338,
    49.362991063711));
#3569 = CARTESIAN_POINT('',(-166.5823987537,564.86338019263,
    49.894174516104));
#3570 = CARTESIAN_POINT('',(-167.0420178753,565.21815323575,
    50.156883640487));
#3571 = CARTESIAN_POINT('',(-167.4850771905,565.59647938336,
    50.448524898876));
#3572 = CARTESIAN_POINT('',(-167.908685986,565.99636103611,
    50.77091072004));
#3573 = CARTESIAN_POINT('',(-168.3099533256,566.41525001507,
    51.125742641228));
#3574 = CARTESIAN_POINT('',(-168.6859632652,566.85009257401,
    51.514524338419));
#3575 = CARTESIAN_POINT('',(-169.0337500321,567.29739548069,
    51.938454448678));
#3576 = CARTESIAN_POINT('',(-169.5494740054,568.04024064486,
    52.687698113969));
#3577 = CARTESIAN_POINT('',(-169.7362933842,568.33058148978,
    52.991323133501));
#3578 = CARTESIAN_POINT('',(-169.9097805312,568.62309947928,
    53.309085501669));
#3579 = CARTESIAN_POINT('',(-170.069062987,568.916515598,53.640783211317
    ));
#3580 = CARTESIAN_POINT('',(-170.2133442504,569.20953574297,
    53.986094320799));
#3581 = CARTESIAN_POINT('',(-170.3419020877,569.50087608292,
    54.344571965167));
#3582 = CARTESIAN_POINT('',(-170.454087507,569.78928607154,
    54.715641047453));
#3583 = CARTESIAN_POINT('',(-170.6214703071,570.28892535644,
    55.388701393216));
#3584 = CARTESIAN_POINT('',(-170.683869445,570.5018518892,
    55.685544775662));
#3585 = CARTESIAN_POINT('',(-170.7362437127,570.7117191955,
    55.988663045131));
#3586 = CARTESIAN_POINT('',(-170.7783706175,570.91793113821,
    56.297540714629));
#3587 = CARTESIAN_POINT('',(-170.8100822473,571.11993300187,
    56.611613145001));
#3588 = CARTESIAN_POINT('',(-170.831264781,571.31721804218,
    56.930270046315));
#3589 = CARTESIAN_POINT('',(-170.841858533,571.50933254361,
    57.252859858094));
#3590 = CARTESIAN_POINT('',(-170.841858533,571.97286388471,
    58.062494600551));
#3591 = CARTESIAN_POINT('',(-170.8185031802,572.23735409967,
    58.55306527695));
#3592 = CARTESIAN_POINT('',(-170.7718415105,572.48813558925,
    59.048226196001));
#3593 = CARTESIAN_POINT('',(-170.7021634723,572.7242761636,
    59.545663813884));
#3594 = CARTESIAN_POINT('',(-170.6099947578,572.9451411167,
    60.042970387053));
#3595 = CARTESIAN_POINT('',(-170.4960964391,573.15039414838,
    60.537690038806));
#3596 = CARTESIAN_POINT('',(-170.3614694079,573.33998397546,
    61.027372389881));
#3597 = CARTESIAN_POINT('',(-170.1206146396,573.61213910333,
    61.781107533071));
#3598 = CARTESIAN_POINT('',(-170.0276604993,573.70530048978,
    62.050332086429));
#3599 = CARTESIAN_POINT('',(-169.9286807042,573.79367108699,
    62.31698992931));
#3600 = CARTESIAN_POINT('',(-169.8238629315,573.87733924147,
    62.580772742345));
#3601 = CARTESIAN_POINT('',(-169.7134034148,573.95640945502,
    62.841382319927));
#3602 = CARTESIAN_POINT('',(-169.5975073291,574.03100048884,
    63.098531519481));
#3603 = CARTESIAN_POINT('',(-169.4763891758,574.10124346768,
    63.351945210746));
#3604 = CARTESIAN_POINT('',(-169.0351162284,574.33230159157,
    64.224638070751));
#3605 = CARTESIAN_POINT('',(-168.6889638098,574.47094272032,
    64.822525968702));
#3606 = CARTESIAN_POINT('',(-168.3148171559,574.58577688385,
    65.392133168902));
#3607 = CARTESIAN_POINT('',(-167.9156045518,574.67956899959,
    65.931081604573));
#3608 = CARTESIAN_POINT('',(-167.4942056243,574.75512471687,
    66.437517509387));
#3609 = CARTESIAN_POINT('',(-167.0534756037,574.81516707017,
    66.910114277222));
#3610 = CARTESIAN_POINT('',(-166.5962695466,574.86224045761,
    67.348067564428));
#3611 = CARTESIAN_POINT('',(-165.5355316184,574.94425445389,
    68.256076528776));
#3612 = CARTESIAN_POINT('',(-164.9247074379,574.97307552435,
    68.705819883243));
#3613 = CARTESIAN_POINT('',(-164.2970841134,574.98979787277,
    69.101275530767));
#3614 = CARTESIAN_POINT('',(-163.6563002626,574.99823118202,
    69.443932640051));
#3615 = CARTESIAN_POINT('',(-163.0057409439,575.00135088418,
    69.735706336998));
#3616 = CARTESIAN_POINT('',(-162.3486876494,575.00137296974,
    69.978866861627));
#3617 = CARTESIAN_POINT('',(-161.6884203288,574.99985482273,
    70.175998260686));
#3618 = CARTESIAN_POINT('',(-160.6319308615,574.99660166357,
    70.422438237411));
#3619 = CARTESIAN_POINT('',(-160.2352061551,574.99519439839,
    70.499438204432));
#3620 = CARTESIAN_POINT('',(-159.8384237582,574.99382006706,
    70.56164429437));
#3621 = CARTESIAN_POINT('',(-159.4418896517,574.99263014192,
    70.609680441713));
#3622 = CARTESIAN_POINT('',(-159.0458931327,574.99171989301,
    70.644139712565));
#3623 = CARTESIAN_POINT('',(-158.6507102886,574.99113860419,
    70.665586786616));
#3624 = CARTESIAN_POINT('',(-158.2566071798,574.99089789922,
    70.674559946594));
#3625 = CARTESIAN_POINT('',(-156.9588912303,574.99116314371,
    70.664689502668));
#3626 = CARTESIAN_POINT('',(-156.0608532682,574.99305247891,
    70.59431100389));
#3627 = CARTESIAN_POINT('',(-155.1713252882,574.99640750659,
    70.466655814186));
#3628 = CARTESIAN_POINT('',(-154.291414717,575.00013709063,
    70.28665164711));
#3629 = CARTESIAN_POINT('',(-153.4218455008,575.00271658033,
    70.058034785071));
#3630 = CARTESIAN_POINT('',(-152.5631235382,575.00234185547,
    69.783416039521));
#3631 = CARTESIAN_POINT('',(-151.7157787201,574.99690037401,
    69.464330480627));
#3632 = CARTESIAN_POINT('',(-150.1703194424,574.97273193981,
    68.792457237217));
#3633 = CARTESIAN_POINT('',(-149.4709857845,574.95614396977,
    68.452760461565));
#3634 = CARTESIAN_POINT('',(-148.7814186065,574.93253738013,
    68.082096541273));
#3635 = CARTESIAN_POINT('',(-148.1009438841,574.90011023878,
    67.679515564553));
#3636 = CARTESIAN_POINT('',(-147.4298447409,574.85668593852,
    67.243491513801));
#3637 = CARTESIAN_POINT('',(-146.7697017499,574.79958028101,
    66.772195513544));
#3638 = CARTESIAN_POINT('',(-146.1237311628,574.7254733581,
    66.263765926291));
#3639 = CARTESIAN_POINT('',(-145.3202444627,574.60344790495,
    65.562102593041));
#3640 = CARTESIAN_POINT('',(-145.1447624072,574.57488523314,
    65.404421931645));
#3641 = CARTESIAN_POINT('',(-144.9707153281,574.5445138805,
    65.243405974779));
#3642 = CARTESIAN_POINT('',(-144.798165986,574.51221646551,
    65.078935645921));
#3643 = CARTESIAN_POINT('',(-144.6272073599,574.47786716931,
    64.910896294349));
#3644 = CARTESIAN_POINT('',(-144.4579624494,574.44133120934,
    64.739177922363));
#3645 = CARTESIAN_POINT('',(-144.2905840781,574.40246431306,
    64.563675412502));
#3646 = CARTESIAN_POINT('',(-143.9497522489,574.31721558695,
    64.193864058204));
#3647 = CARTESIAN_POINT('',(-143.7765905816,574.27052652545,
    63.999097256159));
#3648 = CARTESIAN_POINT('',(-143.6058762786,574.22083418196,
    63.799750405751));
#3649 = CARTESIAN_POINT('',(-143.4377848858,574.16791143846,
    63.59560301353));
#3650 = CARTESIAN_POINT('',(-143.2725605591,574.11151403341,
    63.386452513823));
#3651 = CARTESIAN_POINT('',(-143.1105157125,574.05137971122,
    63.172114747069));
#3652 = CARTESIAN_POINT('',(-142.9520306662,573.98722737162,
    62.952424438167));
#3653 = CARTESIAN_POINT('',(-142.6157634786,573.8381789919,
    62.462232304872));
#3654 = CARTESIAN_POINT('',(-142.4393762852,573.75155516435,
    62.189398625462));
#3655 = CARTESIAN_POINT('',(-142.269106681,573.65836303118,
    61.908428242683));
#3656 = CARTESIAN_POINT('',(-142.1058329646,573.55804227941,
    61.619071182704));
#3657 = CARTESIAN_POINT('',(-141.9505993315,573.44999458981,
    61.321141798725));
#3658 = CARTESIAN_POINT('',(-141.8046191096,573.33358560975,
    61.014526020174));
#3659 = CARTESIAN_POINT('',(-141.6692786667,573.20814829742,
    60.699187944137));
#3660 = CARTESIAN_POINT('',(-141.4756182441,572.99557742814,
    60.189605127744));
#3661 = CARTESIAN_POINT('',(-141.4090674366,572.91494481015,
    60.001110088635));
#3662 = CARTESIAN_POINT('',(-141.3468857672,572.83106004274,
    59.809948749549));
#3663 = CARTESIAN_POINT('',(-141.2894459597,572.74390029,59.616376115513
    ));
#3664 = CARTESIAN_POINT('',(-141.237097511,572.6534501134,
    59.420643823749));
#3665 = CARTESIAN_POINT('',(-141.1901669393,572.55970196429,
    59.222999868689));
#3666 = CARTESIAN_POINT('',(-141.1489580329,572.46265667626,
    59.023688326989));
#3667 = CARTESIAN_POINT('',(-141.0866447424,572.28507121971,
    58.668386777526));
#3668 = CARTESIAN_POINT('',(-141.0631081367,572.2059034557,
    58.513045640457));
#3669 = CARTESIAN_POINT('',(-141.0432912116,572.1249017575,
    58.357184630373));
#3670 = CARTESIAN_POINT('',(-141.0273138844,572.0421566015,
    58.20105627713));
#3671 = CARTESIAN_POINT('',(-141.0152670607,571.95776784861,
    58.044906681404));
#3672 = CARTESIAN_POINT('',(-141.007212634,571.87184474425,
    57.888975514689));
#3673 = CARTESIAN_POINT('',(-141.0031834859,571.78450591835,
    57.733496019301));
#3674 = CARTESIAN_POINT('',(-141.0031834859,571.46133022096,
    57.169015801186));
#3675 = CARTESIAN_POINT('',(-141.0314036825,571.21992666057,
    56.767867947625));
#3676 = CARTESIAN_POINT('',(-141.0870080034,570.97324433241,
    56.377397103812));
#3677 = CARTESIAN_POINT('',(-141.1684857582,570.72312358178,
    55.999617949889));
#3678 = CARTESIAN_POINT('',(-141.2736509822,570.47165003321,
    55.63639932724));
#3679 = CARTESIAN_POINT('',(-141.399633526,570.22114288261,
    55.289475818507));
#3680 = CARTESIAN_POINT('',(-141.5428618892,569.97415091956,
    54.96048577043));
#3681 = CARTESIAN_POINT('',(-141.6990378006,569.73345627971,
    54.651035759484));
#3682 = PCURVE('',#3504,#3683);
#3683 = DEFINITIONAL_REPRESENTATION('',(#3684),#3841);
#3684 = B_SPLINE_CURVE_WITH_KNOTS('',8,(#3685,#3686,#3687,#3688,#3689,
    #3690,#3691,#3692,#3693,#3694,#3695,#3696,#3697,#3698,#3699,#3700,
    #3701,#3702,#3703,#3704,#3705,#3706,#3707,#3708,#3709,#3710,#3711,
    #3712,#3713,#3714,#3715,#3716,#3717,#3718,#3719,#3720,#3721,#3722,
    #3723,#3724,#3725,#3726,#3727,#3728,#3729,#3730,#3731,#3732,#3733,
    #3734,#3735,#3736,#3737,#3738,#3739,#3740,#3741,#3742,#3743,#3744,
    #3745,#3746,#3747,#3748,#3749,#3750,#3751,#3752,#3753,#3754,#3755,
    #3756,#3757,#3758,#3759,#3760,#3761,#3762,#3763,#3764,#3765,#3766,
    #3767,#3768,#3769,#3770,#3771,#3772,#3773,#3774,#3775,#3776,#3777,
    #3778,#3779,#3780,#3781,#3782,#3783,#3784,#3785,#3786,#3787,#3788,
    #3789,#3790,#3791,#3792,#3793,#3794,#3795,#3796,#3797,#3798,#3799,
    #3800,#3801,#3802,#3803,#3804,#3805,#3806,#3807,#3808,#3809,#3810,
    #3811,#3812,#3813,#3814,#3815,#3816,#3817,#3818,#3819,#3820,#3821,
    #3822,#3823,#3824,#3825,#3826,#3827,#3828,#3829,#3830,#3831,#3832,
    #3833,#3834,#3835,#3836,#3837,#3838,#3839,#3840),.UNSPECIFIED.,.F.,
  .F.,(9,7,7,7,7,7,7,7,7,7,7,7,7,7,7,7,7,7,7,7,7,7,9),(0.,
    2.563640369777E-02,4.979169917445E-02,7.243263789243E-02,
    0.150783037947,0.284787327242,0.352979552295,0.407347277657,
    0.44156309069,0.46748299365,0.505968830645,0.527633215234,
    0.581771315905,0.649608506873,0.690336640432,0.784176562683,
    0.864003896211,0.886538507572,0.910459721025,0.938610336019,
    0.954732963742,0.967146831845,1.),.UNSPECIFIED.);
#3685 = CARTESIAN_POINT('',(0.,-35.45341254957));
#3686 = CARTESIAN_POINT('',(-2.438220013228E-02,-35.35539793649));
#3687 = CARTESIAN_POINT('',(-4.815233724205E-02,-35.25041086676));
#3688 = CARTESIAN_POINT('',(-7.133842917267E-02,-35.13935903797));
#3689 = CARTESIAN_POINT('',(-9.396857145247E-02,-35.02304591524));
#3690 = CARTESIAN_POINT('',(-0.116071360518,-34.90217288315));
#3691 = CARTESIAN_POINT('',(-0.137676316935,-34.77734139767));
#3692 = CARTESIAN_POINT('',(-0.158814308624,-34.64905513806));
#3693 = CARTESIAN_POINT('',(-0.199025513536,-34.39397676321));
#3694 = CARTESIAN_POINT('',(-0.218155652932,-34.2674747258));
#3695 = CARTESIAN_POINT('',(-0.236929051852,-34.1385913881));
#3696 = CARTESIAN_POINT('',(-0.255366543508,-34.00764620761));
#3697 = CARTESIAN_POINT('',(-0.273489496867,-33.87490345294));
#3698 = CARTESIAN_POINT('',(-0.291320178779,-33.74057289876));
#3699 = CARTESIAN_POINT('',(-0.308882116098,-33.6048105209));
#3700 = CARTESIAN_POINT('',(-0.342433068747,-33.339222465));
#3701 = CARTESIAN_POINT('',(-0.358448671148,-33.20958185499));
#3702 = CARTESIAN_POINT('',(-0.374259052683,-33.07895400133));
#3703 = CARTESIAN_POINT('',(-0.389876080333,-32.94747210684));
#3704 = CARTESIAN_POINT('',(-0.405311845875,-32.81524633185));
#3705 = CARTESIAN_POINT('',(-0.420578811375,-32.68236418907));
#3706 = CARTESIAN_POINT('',(-0.435689954677,-32.54889093834));
#3707 = CARTESIAN_POINT('',(-0.502459948221,-31.95108198566));
#3708 = CARTESIAN_POINT('',(-0.552695833791,-31.47950281341));
#3709 = CARTESIAN_POINT('',(-0.601612650793,-31.00457964481));
#3710 = CARTESIAN_POINT('',(-0.649455026935,-30.52932340491));
#3711 = CARTESIAN_POINT('',(-0.696474544136,-30.05562141802));
#3712 = CARTESIAN_POINT('',(-0.742932750252,-29.58456978376));
#3713 = CARTESIAN_POINT('',(-0.789101868304,-29.11681103081));
#3714 = CARTESIAN_POINT('',(-0.914222255826,-27.85936213633));
#3715 = CARTESIAN_POINT('',(-0.99286035007,-27.08006521161));
#3716 = CARTESIAN_POINT('',(-1.072079562811,-26.32266612694));
#3717 = CARTESIAN_POINT('',(-1.152692610024,-25.59478066657));
#3718 = CARTESIAN_POINT('',(-1.235486657227,-24.90564221839));
#3719 = CARTESIAN_POINT('',(-1.321324235726,-24.26604918416));
#3720 = CARTESIAN_POINT('',(-1.411186314912,-23.68761630282));
#3721 = CARTESIAN_POINT('',(-1.554893331675,-22.92203132901));
#3722 = CARTESIAN_POINT('',(-1.604764298823,-22.68216807244));
#3723 = CARTESIAN_POINT('',(-1.656062563517,-22.46279526704));
#3724 = CARTESIAN_POINT('',(-1.708834478299,-22.26550282339));
#3725 = CARTESIAN_POINT('',(-1.763147466169,-22.09123914717));
#3726 = CARTESIAN_POINT('',(-1.819089637682,-21.94026518615));
#3727 = CARTESIAN_POINT('',(-1.876771754422,-21.812139257));
#3728 = CARTESIAN_POINT('',(-1.983816864399,-21.62089768557));
#3729 = CARTESIAN_POINT('',(-2.032465450246,-21.54992235741));
#3730 = CARTESIAN_POINT('',(-2.082259863971,-21.49235716926));
#3731 = CARTESIAN_POINT('',(-2.13318813428,-21.44732524617));
#3732 = CARTESIAN_POINT('',(-2.185243346988,-21.41358148833));
#3733 = CARTESIAN_POINT('',(-2.238423222038,-21.38959642187));
#3734 = CARTESIAN_POINT('',(-2.292729671583,-21.37366474818));
#3735 = CARTESIAN_POINT('',(-2.383058139501,-21.35798046162));
#3736 = CARTESIAN_POINT('',(-2.41839654357,-21.35441959657));
#3737 = CARTESIAN_POINT('',(-2.454151194427,-21.35292610075));
#3738 = CARTESIAN_POINT('',(-2.490291710375,-21.35304832987));
#3739 = CARTESIAN_POINT('',(-2.526789520345,-21.3543378847));
#3740 = CARTESIAN_POINT('',(-2.563617585039,-21.35637177687));
#3741 = CARTESIAN_POINT('',(-2.600750003789,-21.35877176704));
#3742 = CARTESIAN_POINT('',(-2.666502278611,-21.36307617719));
#3743 = CARTESIAN_POINT('',(-2.694995131197,-21.36495912199));
#3744 = CARTESIAN_POINT('',(-2.723614223904,-21.36673088239));
#3745 = CARTESIAN_POINT('',(-2.752334475295,-21.36827300465));
#3746 = CARTESIAN_POINT('',(-2.781131346306,-21.36949285683));
#3747 = CARTESIAN_POINT('',(-2.809980607725,-21.37032730593));
#3748 = CARTESIAN_POINT('',(-2.838858092352,-21.37074462412));
#3749 = CARTESIAN_POINT('',(-2.910622405828,-21.37074462412));
#3750 = CARTESIAN_POINT('',(-2.953479871972,-21.36982462589));
#3751 = CARTESIAN_POINT('',(-2.99623998861,-21.36798638013));
#3752 = CARTESIAN_POINT('',(-3.038832259782,-21.36538431886));
#3753 = CARTESIAN_POINT('',(-3.081185733729,-21.36232294103));
#3754 = CARTESIAN_POINT('',(-3.123227401684,-21.35923774467));
#3755 = CARTESIAN_POINT('',(-3.164880796994,-21.35665970553));
#3756 = CARTESIAN_POINT('',(-3.229248023271,-21.35432094952));
#3757 = CARTESIAN_POINT('',(-3.252291249034,-21.35382106765));
#3758 = CARTESIAN_POINT('',(-3.275189270992,-21.35376618673));
#3759 = CARTESIAN_POINT('',(-3.29793682359,-21.35426450997));
#3760 = CARTESIAN_POINT('',(-3.320528500846,-21.35542788019));
#3761 = CARTESIAN_POINT('',(-3.342958680649,-21.35736974638));
#3762 = CARTESIAN_POINT('',(-3.36522144905,-21.36020313008));
#3763 = CARTESIAN_POINT('',(-3.442509904382,-21.37362319918));
#3764 = CARTESIAN_POINT('',(-3.496587021073,-21.38945904121));
#3765 = CARTESIAN_POINT('',(-3.549547361157,-21.41327153495));
#3766 = CARTESIAN_POINT('',(-3.601392734029,-21.4467442426));
#3767 = CARTESIAN_POINT('',(-3.652120821716,-21.4913884147));
#3768 = CARTESIAN_POINT('',(-3.701724748073,-21.54843657428));
#3769 = CARTESIAN_POINT('',(-3.750192667406,-21.61876014185));
#3770 = CARTESIAN_POINT('',(-3.856794577782,-21.80813029299));
#3771 = CARTESIAN_POINT('',(-3.914224982849,-21.93492125148));
#3772 = CARTESIAN_POINT('',(-3.969932968311,-22.08430886348));
#3773 = CARTESIAN_POINT('',(-4.02402673316,-22.25674394714));
#3774 = CARTESIAN_POINT('',(-4.076592424512,-22.45198646796));
#3775 = CARTESIAN_POINT('',(-4.127695995184,-22.6691191841));
#3776 = CARTESIAN_POINT('',(-4.177382789118,-22.90659172133));
#3777 = CARTESIAN_POINT('',(-4.254668474042,-23.31581441233));
#3778 = CARTESIAN_POINT('',(-4.28319060396,-23.47607046435));
#3779 = CARTESIAN_POINT('',(-4.311273055628,-23.64278448951));
#3780 = CARTESIAN_POINT('',(-4.338944484179,-23.81565077575));
#3781 = CARTESIAN_POINT('',(-4.36623098035,-23.99434266141));
#3782 = CARTESIAN_POINT('',(-4.393156494194,-24.17851748133));
#3783 = CARTESIAN_POINT('',(-4.419743090818,-24.36782044016));
#3784 = CARTESIAN_POINT('',(-4.506533873779,-25.00902869062));
#3785 = CARTESIAN_POINT('',(-4.565378049553,-25.48155590151));
#3786 = CARTESIAN_POINT('',(-4.622895637308,-25.97581295473));
#3787 = CARTESIAN_POINT('',(-4.679397995243,-26.4882980049));
#3788 = CARTESIAN_POINT('',(-4.735181411226,-27.0158853549));
#3789 = CARTESIAN_POINT('',(-4.790538798141,-27.55583221635));
#3790 = CARTESIAN_POINT('',(-4.845767913653,-28.10561652737));
#3791 = CARTESIAN_POINT('',(-4.948329882222,-29.13650854262));
#3792 = CARTESIAN_POINT('',(-4.995466287645,-29.61416444303));
#3793 = CARTESIAN_POINT('',(-5.042905018241,-30.09512764174));
#3794 = CARTESIAN_POINT('',(-5.09094182366,-30.5787774991));
#3795 = CARTESIAN_POINT('',(-5.139860663578,-31.06398983314));
#3796 = CARTESIAN_POINT('',(-5.189934336292,-31.54875113991));
#3797 = CARTESIAN_POINT('',(-5.241427851625,-32.0297788234));
#3798 = CARTESIAN_POINT('',(-5.309620774273,-32.63551481997));
#3799 = CARTESIAN_POINT('',(-5.32477957784,-32.768282858));
#3800 = CARTESIAN_POINT('',(-5.340098711012,-32.90042306754));
#3801 = CARTESIAN_POINT('',(-5.355591439672,-33.03186744399));
#3802 = CARTESIAN_POINT('',(-5.371270494332,-33.16252485968));
#3803 = CARTESIAN_POINT('',(-5.387148219805,-33.29228066425));
#3804 = CARTESIAN_POINT('',(-5.403236724881,-33.42099628503));
#3805 = CARTESIAN_POINT('',(-5.436863008197,-33.683867485));
#3806 = CARTESIAN_POINT('',(-5.454425889171,-33.81784583437));
#3807 = CARTESIAN_POINT('',(-5.472261890468,-33.95033516856));
#3808 = CARTESIAN_POINT('',(-5.490394599438,-34.08117306907));
#3809 = CARTESIAN_POINT('',(-5.508846338437,-34.21014272819));
#3810 = CARTESIAN_POINT('',(-5.527638528031,-34.33697227126));
#3811 = CARTESIAN_POINT('',(-5.546792050199,-34.46133407904));
#3812 = CARTESIAN_POINT('',(-5.589317167092,-34.7258377798));
#3813 = CARTESIAN_POINT('',(-5.612854507625,-34.86499823253));
#3814 = CARTESIAN_POINT('',(-5.636978947247,-34.99971280411));
#3815 = CARTESIAN_POINT('',(-5.661727776906,-35.12923506928));
#3816 = CARTESIAN_POINT('',(-5.687136697959,-35.25268061501));
#3817 = CARTESIAN_POINT('',(-5.713240428174,-35.36902380613));
#3818 = CARTESIAN_POINT('',(-5.740073480136,-35.47709554354));
#3819 = CARTESIAN_POINT('',(-5.783477031284,-35.63198791226));
#3820 = CARTESIAN_POINT('',(-5.799540487223,-35.68527377242));
#3821 = CARTESIAN_POINT('',(-5.815846907005,-35.73511096755));
#3822 = CARTESIAN_POINT('',(-5.832382795951,-35.78118894923));
#3823 = CARTESIAN_POINT('',(-5.849135661885,-35.82321561757));
#3824 = CARTESIAN_POINT('',(-5.866093939425,-35.86091769059));
#3825 = CARTESIAN_POINT('',(-5.883246914257,-35.8940410736));
#3826 = CARTESIAN_POINT('',(-5.913934104884,-35.94414907309));
#3827 = CARTESIAN_POINT('',(-5.927387155303,-35.96308395913));
#3828 = CARTESIAN_POINT('',(-5.940926507437,-35.97903202224));
#3829 = CARTESIAN_POINT('',(-5.954535148397,-35.99189351273));
#3830 = CARTESIAN_POINT('',(-5.968196343659,-36.00159279575));
#3831 = CARTESIAN_POINT('',(-5.981893637059,-36.00807835132));
#3832 = CARTESIAN_POINT('',(-5.995610850798,-36.01132277426));
#3833 = CARTESIAN_POINT('',(-6.045645185047,-36.01132277426));
#3834 = CARTESIAN_POINT('',(-6.081650741779,-35.98859958046));
#3835 = CARTESIAN_POINT('',(-6.11721822317,-35.94382596687));
#3836 = CARTESIAN_POINT('',(-6.152210633003,-35.87826259444));
#3837 = CARTESIAN_POINT('',(-6.186480459614,-35.79375006883));
#3838 = CARTESIAN_POINT('',(-6.219863795653,-35.69269944593));
#3839 = CARTESIAN_POINT('',(-6.252172629341,-35.578081185));
#3840 = CARTESIAN_POINT('',(-6.28318530718,-35.45341254957));
#3841 = ( GEOMETRIC_REPRESENTATION_CONTEXT(2) 
PARAMETRIC_REPRESENTATION_CONTEXT() REPRESENTATION_CONTEXT('2D SPACE',''
  ) );
#3842 = PCURVE('',#3843,#3848);
#3843 = CYLINDRICAL_SURFACE('',#3844,25.);
#3844 = AXIS2_PLACEMENT_3D('',#3845,#3846,#3847);
#3845 = CARTESIAN_POINT('',(-210.,550.,70.));
#3846 = DIRECTION('',(-1.,-0.,0.));
#3847 = DIRECTION('',(0.,0.,1.));
#3848 = DEFINITIONAL_REPRESENTATION('',(#3849),#4006);
#3849 = B_SPLINE_CURVE_WITH_KNOTS('',8,(#3850,#3851,#3852,#3853,#3854,
    #3855,#3856,#3857,#3858,#3859,#3860,#3861,#3862,#3863,#3864,#3865,
    #3866,#3867,#3868,#3869,#3870,#3871,#3872,#3873,#3874,#3875,#3876,
    #3877,#3878,#3879,#3880,#3881,#3882,#3883,#3884,#3885,#3886,#3887,
    #3888,#3889,#3890,#3891,#3892,#3893,#3894,#3895,#3896,#3897,#3898,
    #3899,#3900,#3901,#3902,#3903,#3904,#3905,#3906,#3907,#3908,#3909,
    #3910,#3911,#3912,#3913,#3914,#3915,#3916,#3917,#3918,#3919,#3920,
    #3921,#3922,#3923,#3924,#3925,#3926,#3927,#3928,#3929,#3930,#3931,
    #3932,#3933,#3934,#3935,#3936,#3937,#3938,#3939,#3940,#3941,#3942,
    #3943,#3944,#3945,#3946,#3947,#3948,#3949,#3950,#3951,#3952,#3953,
    #3954,#3955,#3956,#3957,#3958,#3959,#3960,#3961,#3962,#3963,#3964,
    #3965,#3966,#3967,#3968,#3969,#3970,#3971,#3972,#3973,#3974,#3975,
    #3976,#3977,#3978,#3979,#3980,#3981,#3982,#3983,#3984,#3985,#3986,
    #3987,#3988,#3989,#3990,#3991,#3992,#3993,#3994,#3995,#3996,#3997,
    #3998,#3999,#4000,#4001,#4002,#4003,#4004,#4005),.UNSPECIFIED.,.T.,
  .F.,(9,7,7,7,7,7,7,7,7,7,7,7,7,7,7,7,7,7,7,7,7,7,9),(0.,
    2.563640369777E-02,4.979169917445E-02,7.243263789243E-02,
    0.150783037947,0.284787327242,0.352979552295,0.407347277657,
    0.44156309069,0.46748299365,0.505968830645,0.527633215234,
    0.581771315905,0.649608506873,0.690336640432,0.784176562683,
    0.864003896211,0.886538507572,0.910459721025,0.938610336019,
    0.954732963742,0.967146831845,1.),.UNSPECIFIED.);
#3850 = CARTESIAN_POINT('',(-4.051323063432,-68.30096219937));
#3851 = CARTESIAN_POINT('',(-4.038994258858,-68.17817653261));
#3852 = CARTESIAN_POINT('',(-4.027046779851,-68.04643564346));
#3853 = CARTESIAN_POINT('',(-4.015468944248,-67.90681701933));
#3854 = CARTESIAN_POINT('',(-4.004248015192,-67.76027259564));
#3855 = CARTESIAN_POINT('',(-3.993370265195,-67.60763102002));
#3856 = CARTESIAN_POINT('',(-3.982821040208,-67.44959991662));
#3857 = CARTESIAN_POINT('',(-3.972584823678,-67.28676815042));
#3858 = CARTESIAN_POINT('',(-3.953280019935,-66.96210547674));
#3859 = CARTESIAN_POINT('',(-3.944174201959,-66.80069421165));
#3860 = CARTESIAN_POINT('',(-3.935317501537,-66.63581125977));
#3861 = CARTESIAN_POINT('',(-3.926699363138,-66.46782665794));
#3862 = CARTESIAN_POINT('',(-3.918308980475,-66.29704314661));
#3863 = CARTESIAN_POINT('',(-3.910135256111,-66.12369580005));
#3864 = CARTESIAN_POINT('',(-3.902166761084,-65.94795165666));
#3865 = CARTESIAN_POINT('',(-3.88710406659,-65.60302896581));
#3866 = CARTESIAN_POINT('',(-3.879987721842,-65.43416022779));
#3867 = CARTESIAN_POINT('',(-3.873036915877,-65.26347777883));
#3868 = CARTESIAN_POINT('',(-3.866245920967,-65.09112766311));
#3869 = CARTESIAN_POINT('',(-3.85960901344,-64.91722713088));
#3870 = CARTESIAN_POINT('',(-3.853120461068,-64.74186444408));
#3871 = CARTESIAN_POINT('',(-3.846774510456,-64.56509868188));
#3872 = CARTESIAN_POINT('',(-3.819078266596,-63.77049780357));
#3873 = CARTESIAN_POINT('',(-3.799172543996,-63.13595114814));
#3874 = CARTESIAN_POINT('',(-3.780749716685,-62.48799463202));
#3875 = CARTESIAN_POINT('',(-3.763717546874,-61.82954877223));
#3876 = CARTESIAN_POINT('',(-3.747994127531,-61.16207988717));
#3877 = CARTESIAN_POINT('',(-3.733514207985,-60.4858959268));
#3878 = CARTESIAN_POINT('',(-3.720236965611,-59.80044462308));
#3879 = CARTESIAN_POINT('',(-3.687489402782,-57.91453907141));
#3880 = CARTESIAN_POINT('',(-3.670398795736,-56.69870148908));
#3881 = CARTESIAN_POINT('',(-3.656932194001,-55.45986947809));
#3882 = CARTESIAN_POINT('',(-3.647333069079,-54.19961283065));
#3883 = CARTESIAN_POINT('',(-3.642021527901,-52.92038041965));
#3884 = CARTESIAN_POINT('',(-3.641605266982,-51.62604311549));
#3885 = CARTESIAN_POINT('',(-3.646864153698,-50.32214624216));
#3886 = CARTESIAN_POINT('',(-3.664913273087,-48.35424073512));
#3887 = CARTESIAN_POINT('',(-3.67273779917,-47.69030709261));
#3888 = CARTESIAN_POINT('',(-3.682416903098,-47.02949780594));
#3889 = CARTESIAN_POINT('',(-3.69405648272,-46.37512696001));
#3890 = CARTESIAN_POINT('',(-3.707751246456,-45.73050921773));
#3891 = CARTESIAN_POINT('',(-3.723585662696,-45.09906391686));
#3892 = CARTESIAN_POINT('',(-3.741635699108,-44.48446902249));
#3893 = CARTESIAN_POINT('',(-3.778184390529,-43.4176012462));
#3894 = CARTESIAN_POINT('',(-3.795839898279,-42.95798212468));
#3895 = CARTESIAN_POINT('',(-3.814941326368,-42.51492280947));
#3896 = CARTESIAN_POINT('',(-3.835476986332,-42.0913140139));
#3897 = CARTESIAN_POINT('',(-3.857421705653,-41.69004667431));
#3898 = CARTESIAN_POINT('',(-3.88073805744,-41.31403673473));
#3899 = CARTESIAN_POINT('',(-3.905377164102,-40.96624996785));
#3900 = CARTESIAN_POINT('',(-3.947580197318,-40.45052599457));
#3901 = CARTESIAN_POINT('',(-3.964381546087,-40.26370661576));
#3902 = CARTESIAN_POINT('',(-3.981652384145,-40.09021946874));
#3903 = CARTESIAN_POINT('',(-3.999359257275,-39.93093701292));
#3904 = CARTESIAN_POINT('',(-4.017466539917,-39.78665574955));
#3905 = CARTESIAN_POINT('',(-4.03593680812,-39.65809791228));
#3906 = CARTESIAN_POINT('',(-4.054731039714,-39.54591249295));
#3907 = CARTESIAN_POINT('',(-4.088260719558,-39.37852969281));
#3908 = CARTESIAN_POINT('',(-4.1028712966,-39.31613055498));
#3909 = CARTESIAN_POINT('',(-4.117615067485,-39.26375628726));
#3910 = CARTESIAN_POINT('',(-4.132466290246,-39.22162938247));
#3911 = CARTESIAN_POINT('',(-4.14739889739,-39.18991775264));
#3912 = CARTESIAN_POINT('',(-4.162386584601,-39.16873521894));
#3913 = CARTESIAN_POINT('',(-4.177402877098,-39.15814146693));
#3914 = CARTESIAN_POINT('',(-4.214720320105,-39.15814146693));
#3915 = CARTESIAN_POINT('',(-4.237006208764,-39.18149681977));
#3916 = CARTESIAN_POINT('',(-4.259195861926,-39.22815848944));
#3917 = CARTESIAN_POINT('',(-4.28120731232,-39.29783652768));
#3918 = CARTESIAN_POINT('',(-4.302959712584,-39.39000524219));
#3919 = CARTESIAN_POINT('',(-4.324373751086,-39.50390356086));
#3920 = CARTESIAN_POINT('',(-4.34537237405,-39.63853059204));
#3921 = CARTESIAN_POINT('',(-4.377426954496,-39.87938536035));
#3922 = CARTESIAN_POINT('',(-4.388821435249,-39.97233950064));
#3923 = CARTESIAN_POINT('',(-4.400056618602,-40.07131929577));
#3924 = CARTESIAN_POINT('',(-4.411124187259,-40.17613706846));
#3925 = CARTESIAN_POINT('',(-4.42201614591,-40.28659658511));
#3926 = CARTESIAN_POINT('',(-4.432724822835,-40.4024926708));
#3927 = CARTESIAN_POINT('',(-4.44324287152,-40.52361082412));
#3928 = CARTESIAN_POINT('',(-4.479353383774,-40.96488377152));
#3929 = CARTESIAN_POINT('',(-4.503891663412,-41.3110361902));
#3930 = CARTESIAN_POINT('',(-4.527118883711,-41.685182844));
#3931 = CARTESIAN_POINT('',(-4.548986701165,-42.0843954481));
#3932 = CARTESIAN_POINT('',(-4.569458028061,-42.50579437569));
#3933 = CARTESIAN_POINT('',(-4.588507821572,-42.94652439625));
#3934 = CARTESIAN_POINT('',(-4.606124290142,-43.40373045337));
#3935 = CARTESIAN_POINT('',(-4.6425925026,-44.46446838152));
#3936 = CARTESIAN_POINT('',(-4.660613025079,-45.07529256204));
#3937 = CARTESIAN_POINT('',(-4.676439956893,-45.70291588652));
#3938 = CARTESIAN_POINT('',(-4.690147275018,-46.34369973738));
#3939 = CARTESIAN_POINT('',(-4.701817499203,-46.99425905606));
#3940 = CARTESIAN_POINT('',(-4.71154336868,-47.65131235054));
#3941 = CARTESIAN_POINT('',(-4.719428757478,-48.31157967113));
#3942 = CARTESIAN_POINT('',(-4.729287215384,-49.36806913845));
#3943 = CARTESIAN_POINT('',(-4.732367689357,-49.76479384484));
#3944 = CARTESIAN_POINT('',(-4.734856517211,-50.16157624175));
#3945 = CARTESIAN_POINT('',(-4.736778548339,-50.55811034822));
#3946 = CARTESIAN_POINT('',(-4.738157400609,-50.95410686727));
#3947 = CARTESIAN_POINT('',(-4.739015597049,-51.34928971134));
#3948 = CARTESIAN_POINT('',(-4.739374653217,-51.74339282013));
#3949 = CARTESIAN_POINT('',(-4.73897969293,-53.04110876964));
#3950 = CARTESIAN_POINT('',(-4.736163546427,-53.93914673178));
#3951 = CARTESIAN_POINT('',(-4.731055543027,-54.82867471172));
#3952 = CARTESIAN_POINT('',(-4.723854032068,-55.70858528297));
#3953 = CARTESIAN_POINT('',(-4.714709686934,-56.57815449912));
#3954 = CARTESIAN_POINT('',(-4.703726848289,-57.43687646178));
#3955 = CARTESIAN_POINT('',(-4.690963844685,-58.28422127989));
#3956 = CARTESIAN_POINT('',(-4.664071532968,-59.8296805575));
#3957 = CARTESIAN_POINT('',(-4.650468592322,-60.52901421547));
#3958 = CARTESIAN_POINT('',(-4.635614794677,-61.21858139342));
#3959 = CARTESIAN_POINT('',(-4.619464274354,-61.89905611582));
#3960 = CARTESIAN_POINT('',(-4.601944048961,-62.57015525909));
#3961 = CARTESIAN_POINT('',(-4.582962900104,-63.23029825004));
#3962 = CARTESIAN_POINT('',(-4.562418562793,-63.87626883713));
#3963 = CARTESIAN_POINT('',(-4.53393076486,-64.67975553724));
#3964 = CARTESIAN_POINT('',(-4.527521053636,-64.85523759273));
#3965 = CARTESIAN_POINT('',(-4.520967130251,-65.02928467187));
#3966 = CARTESIAN_POINT('',(-4.5142630538,-65.20183401391));
#3967 = CARTESIAN_POINT('',(-4.507402915747,-65.37279264004));
#3968 = CARTESIAN_POINT('',(-4.500380826744,-65.5420375505));
#3969 = CARTESIAN_POINT('',(-4.493190903447,-65.7094159218));
#3970 = CARTESIAN_POINT('',(-4.478010506452,-66.05024775103));
#3971 = CARTESIAN_POINT('',(-4.469999423274,-66.22340941832));
#3972 = CARTESIAN_POINT('',(-4.461782102904,-66.39412372137));
#3973 = CARTESIAN_POINT('',(-4.453347035318,-66.56221511416));
#3974 = CARTESIAN_POINT('',(-4.444683062325,-66.72743944082));
#3975 = CARTESIAN_POINT('',(-4.43577933654,-66.88948428743));
#3976 = CARTESIAN_POINT('',(-4.426625280341,-67.04796933372));
#3977 = CARTESIAN_POINT('',(-4.40613123254,-67.38423652134));
#3978 = CARTESIAN_POINT('',(-4.394681893572,-67.56062371474));
#3979 = CARTESIAN_POINT('',(-4.382842658412,-67.73089331894));
#3980 = CARTESIAN_POINT('',(-4.370594787754,-67.8941670353));
#3981 = CARTESIAN_POINT('',(-4.357920817035,-68.04940066845));
#3982 = CARTESIAN_POINT('',(-4.344804663841,-68.1953808904));
#3983 = CARTESIAN_POINT('',(-4.331231698208,-68.33072133324));
#3984 = CARTESIAN_POINT('',(-4.309146009766,-68.52438175584));
#3985 = CARTESIAN_POINT('',(-4.30094565949,-68.5909325633));
#3986 = CARTESIAN_POINT('',(-4.292596004612,-68.65311423277));
#3987 = CARTESIAN_POINT('',(-4.284105182367,-68.71055404023));
#3988 = CARTESIAN_POINT('',(-4.27548119603,-68.76290248892));
#3989 = CARTESIAN_POINT('',(-4.266731923363,-68.80983306065));
#3990 = CARTESIAN_POINT('',(-4.257865125059,-68.85104196708));
#3991 = CARTESIAN_POINT('',(-4.241976724992,-68.91335525759));
#3992 = CARTESIAN_POINT('',(-4.235002899065,-68.93689186323));
#3993 = CARTESIAN_POINT('',(-4.227977156969,-68.95670878839));
#3994 = CARTESIAN_POINT('',(-4.220909610482,-68.97268611558));
#3995 = CARTESIAN_POINT('',(-4.213810301596,-68.98473293928));
#3996 = CARTESIAN_POINT('',(-4.206689202513,-68.99278736596));
#3997 = CARTESIAN_POINT('',(-4.199556215649,-68.99681651409));
#3998 = CARTESIAN_POINT('',(-4.17353836184,-68.99681651409));
#3999 = CARTESIAN_POINT('',(-4.154815472722,-68.96859631743));
#4000 = CARTESIAN_POINT('',(-4.136348066357,-68.91299199654));
#4001 = CARTESIAN_POINT('',(-4.118233085037,-68.83151424178));
#4002 = CARTESIAN_POINT('',(-4.10056915315,-68.72634901771));
#4003 = CARTESIAN_POINT('',(-4.083457649793,-68.60036647393));
#4004 = CARTESIAN_POINT('',(-4.067004554123,-68.45713811073));
#4005 = CARTESIAN_POINT('',(-4.051323063432,-68.30096219937));
#4006 = ( GEOMETRIC_REPRESENTATION_CONTEXT(2) 
PARAMETRIC_REPRESENTATION_CONTEXT() REPRESENTATION_CONTEXT('2D SPACE',''
  ) );
#4007 = ORIENTED_EDGE('',*,*,#3493,.T.);
#4008 = ORIENTED_EDGE('',*,*,#4009,.T.);
#4009 = EDGE_CURVE('',#3496,#4010,#4012,.T.);
#4010 = VERTEX_POINT('',#4011);
#4011 = CARTESIAN_POINT('',(-2.17314751657,787.32481838357,
    -75.98310915299));
#4012 = SURFACE_CURVE('',#4013,(#4026,#4042),.PCURVE_S1.);
#4013 = B_SPLINE_CURVE_WITH_KNOTS('',6,(#4014,#4015,#4016,#4017,#4018,
    #4019,#4020,#4021,#4022,#4023,#4024,#4025),.UNSPECIFIED.,.F.,.F.,(7,
    5,7),(0.,0.581030936642,1.),.UNSPECIFIED.);
#4014 = CARTESIAN_POINT('',(-1.775048837474,785.38101574056,
    -68.81130744329));
#4015 = CARTESIAN_POINT('',(-1.799250768365,785.34371629413,
    -69.66293942398));
#4016 = CARTESIAN_POINT('',(-1.828412917176,785.40378846623,
    -70.47996732387));
#4017 = CARTESIAN_POINT('',(-1.861199478602,785.530585732,
    -71.25417925776));
#4018 = CARTESIAN_POINT('',(-1.896891734663,785.70343388242,
    -71.98646487864));
#4019 = CARTESIAN_POINT('',(-1.935311608111,785.91148928637,
    -72.68549002444));
#4020 = CARTESIAN_POINT('',(-2.007812681363,786.32799152277,
    -73.85644731062));
#4021 = CARTESIAN_POINT('',(-2.039890185243,786.51885448588,
    -74.33371385069));
#4022 = CARTESIAN_POINT('',(-2.073648776608,786.72318939188,
    -74.79796696784));
#4023 = CARTESIAN_POINT('',(-2.109123180692,786.93897147104,
    -75.25007983156));
#4024 = CARTESIAN_POINT('',(-2.146433856235,787.16498772823,
    -75.69137655134));
#4025 = CARTESIAN_POINT('',(-2.185817294095,787.4007840191,
    -76.12352486164));
#4026 = PCURVE('',#3504,#4027);
#4027 = DEFINITIONAL_REPRESENTATION('',(#4028),#4041);
#4028 = B_SPLINE_CURVE_WITH_KNOTS('',6,(#4029,#4030,#4031,#4032,#4033,
    #4034,#4035,#4036,#4037,#4038,#4039,#4040),.UNSPECIFIED.,.F.,.F.,(7,
    5,7),(0.,0.581030936642,1.),.UNSPECIFIED.);
#4029 = CARTESIAN_POINT('',(0.,-320.6297488362));
#4030 = CARTESIAN_POINT('',(-6.053329148759E-02,-320.9583683697));
#4031 = CARTESIAN_POINT('',(-0.116037036886,-321.34320434));
#4032 = CARTESIAN_POINT('',(-0.167171181269,-321.758182369));
#4033 = CARTESIAN_POINT('',(-0.214636176754,-322.1884066267));
#4034 = CARTESIAN_POINT('',(-0.259356373223,-322.6295163704));
#4035 = CARTESIAN_POINT('',(-0.333600474082,-323.4158445233));
#4036 = CARTESIAN_POINT('',(-0.363654171041,-323.7510587508));
#4037 = CARTESIAN_POINT('',(-0.392770667503,-324.0900015465));
#4038 = CARTESIAN_POINT('',(-0.42107404765,-324.4315027855));
#4039 = CARTESIAN_POINT('',(-0.448700758445,-324.7751593597));
#4040 = CARTESIAN_POINT('',(-0.475802972166,-325.1212338315));
#4041 = ( GEOMETRIC_REPRESENTATION_CONTEXT(2) 
PARAMETRIC_REPRESENTATION_CONTEXT() REPRESENTATION_CONTEXT('2D SPACE',''
  ) );
#4042 = PCURVE('',#4043,#4048);
#4043 = CYLINDRICAL_SURFACE('',#4044,16.);
#4044 = AXIS2_PLACEMENT_3D('',#4045,#4046,#4047);
#4045 = CARTESIAN_POINT('',(170.,550.,70.));
#4046 = DIRECTION('',(0.490657783129,-0.756190230469,0.432933338055));
#4047 = DIRECTION('',(0.838882261035,0.544312917466,0.));
#4048 = DEFINITIONAL_REPRESENTATION('',(#4049),#4062);
#4049 = B_SPLINE_CURVE_WITH_KNOTS('',6,(#4050,#4051,#4052,#4053,#4054,
    #4055,#4056,#4057,#4058,#4059,#4060,#4061),.UNSPECIFIED.,.F.,.F.,(7,
    5,7),(0.,0.581030936642,1.),.UNSPECIFIED.);
#4050 = CARTESIAN_POINT('',(-3.193903057588,-322.3716318913));
#4051 = CARTESIAN_POINT('',(-3.145366267667,-322.7240011563));
#4052 = CARTESIAN_POINT('',(-3.101216030153,-323.1374543972));
#4053 = CARTESIAN_POINT('',(-3.060944002077,-323.5846063893));
#4054 = CARTESIAN_POINT('',(-3.023964065419,-324.0498560135));
#4055 = CARTESIAN_POINT('',(-2.989520117377,-324.528667777));
#4056 = CARTESIAN_POINT('',(-2.933110315851,-325.3861423616));
#4057 = CARTESIAN_POINT('',(-2.910518215254,-325.752834743));
#4058 = CARTESIAN_POINT('',(-2.888880087407,-326.12490537));
#4059 = CARTESIAN_POINT('',(-2.868102172096,-326.5012181939));
#4060 = CARTESIAN_POINT('',(-2.848086483714,-326.8814883148));
#4061 = CARTESIAN_POINT('',(-2.828732457719,-327.2662103672));
#4062 = ( GEOMETRIC_REPRESENTATION_CONTEXT(2) 
PARAMETRIC_REPRESENTATION_CONTEXT() REPRESENTATION_CONTEXT('2D SPACE',''
  ) );
#4063 = ORIENTED_EDGE('',*,*,#4064,.T.);
#4064 = EDGE_CURVE('',#4010,#4065,#4067,.T.);
#4065 = VERTEX_POINT('',#4066);
#4066 = CARTESIAN_POINT('',(-2.173147518918,796.04350037412,
    -60.75447793078));
#4067 = SURFACE_CURVE('',#4068,(#4197,#4329),.PCURVE_S1.);
#4068 = B_SPLINE_CURVE_WITH_KNOTS('',8,(#4069,#4070,#4071,#4072,#4073,
    #4074,#4075,#4076,#4077,#4078,#4079,#4080,#4081,#4082,#4083,#4084,
    #4085,#4086,#4087,#4088,#4089,#4090,#4091,#4092,#4093,#4094,#4095,
    #4096,#4097,#4098,#4099,#4100,#4101,#4102,#4103,#4104,#4105,#4106,
    #4107,#4108,#4109,#4110,#4111,#4112,#4113,#4114,#4115,#4116,#4117,
    #4118,#4119,#4120,#4121,#4122,#4123,#4124,#4125,#4126,#4127,#4128,
    #4129,#4130,#4131,#4132,#4133,#4134,#4135,#4136,#4137,#4138,#4139,
    #4140,#4141,#4142,#4143,#4144,#4145,#4146,#4147,#4148,#4149,#4150,
    #4151,#4152,#4153,#4154,#4155,#4156,#4157,#4158,#4159,#4160,#4161,
    #4162,#4163,#4164,#4165,#4166,#4167,#4168,#4169,#4170,#4171,#4172,
    #4173,#4174,#4175,#4176,#4177,#4178,#4179,#4180,#4181,#4182,#4183,
    #4184,#4185,#4186,#4187,#4188,#4189,#4190,#4191,#4192,#4193,#4194,
    #4195,#4196),.UNSPECIFIED.,.T.,.F.,(9,7,7,7,7,7,7,7,7,7,7,7,7,7,7,7,
    7,7,9),(0.,4.175630542556E-02,9.549305937712E-02,0.159373340445,
    0.288023160358,0.369318197578,0.416780441251,0.460182328208,
    0.495246622991,0.536135075924,0.655885005004,0.748067108726,
    0.788516512913,0.855986241094,0.909045712569,0.931213193255,
    0.94364376364,0.969305811828,1.),.UNSPECIFIED.);
#4069 = CARTESIAN_POINT('',(0.425803531083,788.77291762622,
    -70.75323600378));
#4070 = CARTESIAN_POINT('',(0.289443323015,788.56276248202,
    -71.28112779896));
#4071 = CARTESIAN_POINT('',(0.129113932772,788.3708098871,
    -71.80319719621));
#4072 = CARTESIAN_POINT('',(-5.404229593779E-02,788.19676793734,
    -72.31719323398));
#4073 = CARTESIAN_POINT('',(-0.258781229761,788.04008917801,
    -72.82094776027));
#4074 = CARTESIAN_POINT('',(-0.483754863087,787.90000827567,
    -73.3124099373));
#4075 = CARTESIAN_POINT('',(-0.72750832417,787.77558359596,
    -73.78968204478));
#4076 = CARTESIAN_POINT('',(-0.988475969982,787.66574268733,
    -74.25105658184));
#4077 = CARTESIAN_POINT('',(-1.620808929701,787.44525902988,
    -75.2664418063));
#4078 = CARTESIAN_POINT('',(-2.002563779432,787.34335937113,
    -75.80936772502));
#4079 = CARTESIAN_POINT('',(-2.407462122894,787.26095398514,
    -76.32183326456));
#4080 = CARTESIAN_POINT('',(-2.832835248217,787.19534525063,
    -76.80232089007));
#4081 = CARTESIAN_POINT('',(-3.276097120534,787.14393090964,
    -77.24978145173));
#4082 = CARTESIAN_POINT('',(-3.734716003118,787.10429071886,
    -77.66361588148));
#4083 = CARTESIAN_POINT('',(-4.206185306893,787.0742454771,
    -78.04365182541));
#4084 = CARTESIAN_POINT('',(-5.260749766999,787.02531119022,
    -78.80197817136));
#4085 = CARTESIAN_POINT('',(-5.847720654812,787.00961675584,
    -79.16611312054));
#4086 = CARTESIAN_POINT('',(-6.445988371836,787.00151373313,
    -79.48397419188));
#4087 = CARTESIAN_POINT('',(-7.052932267028,786.99840741392,
    -79.75725675519));
#4088 = CARTESIAN_POINT('',(-7.666094251839,786.99832135707,
    -79.98785241574));
#4089 = CARTESIAN_POINT('',(-8.283078996429,786.99981579623,
    -80.1778200244));
#4090 = CARTESIAN_POINT('',(-8.901489068493,787.00190287268,
    -80.32937270017));
#4091 = CARTESIAN_POINT('',(-10.76230162567,787.00809895239,
    -80.67750514784));
#4092 = CARTESIAN_POINT('',(-12.00291603937,787.01211613864,
    -80.76417727679));
#4093 = CARTESIAN_POINT('',(-13.23352689966,787.01095742333,
    -80.72608913007));
#4094 = CARTESIAN_POINT('',(-14.44964767616,787.00549435474,
    -80.57955383366));
#4095 = CARTESIAN_POINT('',(-15.64815456975,786.99871330784,
    -80.33693171771));
#4096 = CARTESIAN_POINT('',(-16.82704401949,786.99472359507,
    -80.00686944886));
#4097 = CARTESIAN_POINT('',(-17.98491528323,786.99841897383,
    -79.59445082327));
#4098 = CARTESIAN_POINT('',(-19.83612794353,787.02736888666,
    -78.78965429946));
#4099 = CARTESIAN_POINT('',(-20.54169879353,787.044157451,
    -78.44659557306));
#4100 = CARTESIAN_POINT('',(-21.23736366525,787.06810701069,
    -78.07199403138));
#4101 = CARTESIAN_POINT('',(-21.9238203166,787.10107279519,
    -77.66485260877));
#4102 = CARTESIAN_POINT('',(-22.60074804035,787.14530066038,
    -77.22358952917));
#4103 = CARTESIAN_POINT('',(-23.2664578623,787.20356459436,
    -76.74632921697));
#4104 = CARTESIAN_POINT('',(-23.91754913065,787.27929691362,
    -76.23118624643));
#4105 = CARTESIAN_POINT('',(-24.91696737007,787.43354149304,
    -75.35272042508));
#4106 = CARTESIAN_POINT('',(-25.27827622621,787.49774101348,
    -75.01565803332));
#4107 = CARTESIAN_POINT('',(-25.63285829751,787.57032103867,
    -74.66379607703));
#4108 = CARTESIAN_POINT('',(-25.9803619505,787.6525100078,
    -74.29561584505));
#4109 = CARTESIAN_POINT('',(-26.31968069387,787.74574822621,
    -73.90971156949));
#4110 = CARTESIAN_POINT('',(-26.64891450714,787.85170098237,
    -73.50486229212));
#4111 = CARTESIAN_POINT('',(-26.9653278708,787.97226305115,
    -73.08009937717));
#4112 = CARTESIAN_POINT('',(-27.53961836573,788.2351009361,
    -72.22753756134));
#4113 = CARTESIAN_POINT('',(-27.80278281822,788.3758246022,
    -71.79925340193));
#4114 = CARTESIAN_POINT('',(-28.05063988903,788.53337988171,
    -71.35024390992));
#4115 = CARTESIAN_POINT('',(-28.27863966444,788.70953025086,
    -70.88105356181));
#4116 = CARTESIAN_POINT('',(-28.48182476663,788.90612972173,
    -70.39248219107));
#4117 = CARTESIAN_POINT('',(-28.65480653196,789.12508800848,
    -69.88561718953));
#4118 = CARTESIAN_POINT('',(-28.79173288396,789.36831950047,
    -69.36186031174));
#4119 = CARTESIAN_POINT('',(-28.96260638787,789.85528863584,
    -68.38756381411));
#4120 = CARTESIAN_POINT('',(-29.01047399936,790.08764689962,
    -67.94690041582));
#4121 = CARTESIAN_POINT('',(-29.02678953592,790.33301124266,
    -67.50641350608));
#4122 = CARTESIAN_POINT('',(-29.0102176197,790.58908714977,
    -67.07120334052));
#4123 = CARTESIAN_POINT('',(-28.96113499105,790.85299231298,
    -66.6460023061));
#4124 = CARTESIAN_POINT('',(-28.8816330814,791.12123361693,
    -66.2352084775));
#4125 = CARTESIAN_POINT('',(-28.77553686252,791.38969397809,
    -65.84296623587));
#4126 = CARTESIAN_POINT('',(-28.50023236516,791.96140355136,
    -65.04221932049));
#4127 = CARTESIAN_POINT('',(-28.32238277646,792.26527794634,
    -64.6386791701));
#4128 = CARTESIAN_POINT('',(-28.12002763565,792.56378550875,
    -64.26112807123));
#4129 = CARTESIAN_POINT('',(-27.89757122236,792.85581927928,
    -63.90791188477));
#4130 = CARTESIAN_POINT('',(-27.65871500721,793.14062224992,
    -63.57731431754));
#4131 = CARTESIAN_POINT('',(-27.40648096707,793.41776711558,
    -63.26759568399));
#4132 = CARTESIAN_POINT('',(-27.14322887453,793.68712558085,
    -62.97702387164));
#4133 = CARTESIAN_POINT('',(-26.07241779811,794.71527228588,
    -61.9039928911));
#4134 = CARTESIAN_POINT('',(-25.17481908233,795.43477136331,
    -61.23417809787));
#4135 = CARTESIAN_POINT('',(-24.22272073139,796.09660652291,
    -60.67325005775));
#4136 = CARTESIAN_POINT('',(-23.24303274382,796.69809000141,
    -60.20106454444));
#4137 = CARTESIAN_POINT('',(-22.24811899786,797.24209813922,
    -59.80048625859));
#4138 = CARTESIAN_POINT('',(-21.23780891835,797.7340837024,
    -59.45770654761));
#4139 = CARTESIAN_POINT('',(-20.20193726316,798.17865106279,
    -59.16276943205));
#4140 = CARTESIAN_POINT('',(-18.29586883761,798.87867913029,
    -58.71711428244));
#4141 = CARTESIAN_POINT('',(-17.45471670779,799.14960149197,
    -58.55169860347));
#4142 = CARTESIAN_POINT('',(-16.60234759486,799.38527166678,
    -58.41280369424));
#4143 = CARTESIAN_POINT('',(-15.73927905719,799.58335719084,
    -58.2993962208));
#4144 = CARTESIAN_POINT('',(-14.86600145966,799.74077606761,
    -58.21123156583));
#4145 = CARTESIAN_POINT('',(-13.98321359828,799.85364021822,
    -58.14885348793));
#4146 = CARTESIAN_POINT('',(-13.09198351176,799.91727429275,
    -58.11375211352));
#4147 = CARTESIAN_POINT('',(-11.79974943556,799.93031058189,
    -58.10656221684));
#4148 = CARTESIAN_POINT('',(-11.40428843036,799.92377875174,
    -58.11016580898));
#4149 = CARTESIAN_POINT('',(-11.00772164236,799.90628358963,
    -58.11980705249));
#4150 = CARTESIAN_POINT('',(-10.61031176359,799.87736268645,
    -58.13576732151));
#4151 = CARTESIAN_POINT('',(-10.21233197908,799.83654894715,
    -58.15837438751));
#4152 = CARTESIAN_POINT('',(-9.814069130985,799.78337311025,
    -58.18801068679));
#4153 = CARTESIAN_POINT('',(-9.415827183031,799.71736681238,
    -58.22512351797));
#4154 = CARTESIAN_POINT('',(-8.354238927787,799.50579253417,
    -58.3454868759));
#4155 = CARTESIAN_POINT('',(-7.690303982989,799.33629081071,
    -58.44313323194));
#4156 = CARTESIAN_POINT('',(-7.029493899242,799.12754219619,
    -58.56554239361));
#4157 = CARTESIAN_POINT('',(-6.375122803917,798.87806199829,
    -58.71539131113));
#4158 = CARTESIAN_POINT('',(-5.730505376142,798.58697504868,
    -58.89577472755));
#4159 = CARTESIAN_POINT('',(-5.09906091743,798.25410425649,
    -59.11027459543));
#4160 = CARTESIAN_POINT('',(-4.484467320349,797.88007233046,
    -59.36299191119));
#4161 = CARTESIAN_POINT('',(-3.424044782383,797.14111002722,
    -59.89096633991));
#4162 = CARTESIAN_POINT('',(-2.970515689451,796.79151345247,
    -60.14972731984));
#4163 = CARTESIAN_POINT('',(-2.533066146286,796.41899024374,
    -60.43660643353));
#4164 = CARTESIAN_POINT('',(-2.114463216549,796.02544557976,
    -60.75334573879));
#4165 = CARTESIAN_POINT('',(-1.717475877326,795.61330503982,
    -61.10158470741));
#4166 = CARTESIAN_POINT('',(-1.344898374765,795.18547367517,
    -61.48277931241));
#4167 = CARTESIAN_POINT('',(-0.999573595724,794.7452756315,
    -61.89810231989));
#4168 = CARTESIAN_POINT('',(-0.552748354973,794.10882984054,
    -62.53642122789));
#4169 = CARTESIAN_POINT('',(-0.426379480153,793.91981411629,
    -62.73056120866));
#4170 = CARTESIAN_POINT('',(-0.305558533233,793.72965429643,
    -62.93073674155));
#4171 = CARTESIAN_POINT('',(-0.190523272189,793.53868459529,
    -63.13692223938));
#4172 = CARTESIAN_POINT('',(-8.150096043533E-02,793.3472441977,
    -63.34907314966));
#4173 = CARTESIAN_POINT('',(2.129118344286E-02,793.15567516162,
    -63.56712458998));
#4174 = CARTESIAN_POINT('',(0.11764553596,792.96432032081,
    -63.79098998356));
#4175 = CARTESIAN_POINT('',(0.257673663787,792.66652923434,
    -64.14929252139));
#4176 = CARTESIAN_POINT('',(0.30589390557,792.559718519,-64.27981124414)
  );
#4177 = CARTESIAN_POINT('',(0.351985986688,792.45315743536,
    -64.41208626905));
#4178 = CARTESIAN_POINT('',(0.395913619204,792.34691362336,
    -64.54608557846));
#4179 = CARTESIAN_POINT('',(0.437642550139,792.24105385082,
    -64.68177466188));
#4180 = CARTESIAN_POINT('',(0.477140526677,792.13564389528,
    -64.81911644699));
#4181 = CARTESIAN_POINT('',(0.514377261395,792.03074842588,
    -64.95807123068));
#4182 = CARTESIAN_POINT('',(0.621470329817,791.71107457601,
    -65.3887014842));
#4183 = CARTESIAN_POINT('',(0.683869474262,791.49814800678,
    -65.68554492205));
#4184 = CARTESIAN_POINT('',(0.736243738893,791.28828068883,
    -65.98866321534));
#4185 = CARTESIAN_POINT('',(0.778370635977,791.08206875327,
    -66.29754088162));
#4186 = CARTESIAN_POINT('',(0.810082257332,790.88006690981,
    -66.61161328703));
#4187 = CARTESIAN_POINT('',(0.831264784409,790.68278189741,
    -66.93027014769));
#4188 = CARTESIAN_POINT('',(0.841858533068,790.49066742679,
    -67.25285990978));
#4189 = CARTESIAN_POINT('',(0.841858533068,790.08099333679,
    -67.96842398698));
#4190 = CARTESIAN_POINT('',(0.826702705048,789.86592606691,
    -68.36263044999));
#4191 = CARTESIAN_POINT('',(0.7964051778,789.65957642135,-68.76014854155
    ));
#4192 = CARTESIAN_POINT('',(0.751088148008,789.46248104291,
    -69.15975237324));
#4193 = CARTESIAN_POINT('',(0.690980290512,789.27504949591,
    -69.5601696836));
#4194 = CARTESIAN_POINT('',(0.616416641539,789.09756239419,
    -69.96009781477));
#4195 = CARTESIAN_POINT('',(0.527839954888,788.93017376173,
    -70.35822200593));
#4196 = CARTESIAN_POINT('',(0.425803531083,788.77291762622,
    -70.75323600378));
#4197 = PCURVE('',#3504,#4198);
#4198 = DEFINITIONAL_REPRESENTATION('',(#4199),#4328);
#4199 = B_SPLINE_CURVE_WITH_KNOTS('',8,(#4200,#4201,#4202,#4203,#4204,
    #4205,#4206,#4207,#4208,#4209,#4210,#4211,#4212,#4213,#4214,#4215,
    #4216,#4217,#4218,#4219,#4220,#4221,#4222,#4223,#4224,#4225,#4226,
    #4227,#4228,#4229,#4230,#4231,#4232,#4233,#4234,#4235,#4236,#4237,
    #4238,#4239,#4240,#4241,#4242,#4243,#4244,#4245,#4246,#4247,#4248,
    #4249,#4250,#4251,#4252,#4253,#4254,#4255,#4256,#4257,#4258,#4259,
    #4260,#4261,#4262,#4263,#4264,#4265,#4266,#4267,#4268,#4269,#4270,
    #4271,#4272,#4273,#4274,#4275,#4276,#4277,#4278,#4279,#4280,#4281,
    #4282,#4283,#4284,#4285,#4286,#4287,#4288,#4289,#4290,#4291,#4292,
    #4293,#4294,#4295,#4296,#4297,#4298,#4299,#4300,#4301,#4302,#4303,
    #4304,#4305,#4306,#4307,#4308,#4309,#4310,#4311,#4312,#4313,#4314,
    #4315,#4316,#4317,#4318,#4319,#4320,#4321,#4322,#4323,#4324,#4325,
    #4326,#4327),.UNSPECIFIED.,.F.,.F.,(9,7,7,7,7,7,7,7,7,7,7,7,7,7,7,7,
    7,7,9),(0.,4.175630542556E-02,9.549305937712E-02,0.159373340445,
    0.288023160358,0.369318197578,0.416780441251,0.460182328208,
    0.495246622991,0.536135075924,0.655885005004,0.748067108726,
    0.788516512913,0.855986241094,0.909045712569,0.931213193255,
    0.94364376364,0.969305811828,1.),.UNSPECIFIED.);
#4200 = CARTESIAN_POINT('',(0.,-325.115262863));
#4201 = CARTESIAN_POINT('',(-4.494715162276E-02,-325.1179813557));
#4202 = CARTESIAN_POINT('',(-8.941654304922E-02,-325.1201830623));
#4203 = CARTESIAN_POINT('',(-0.133377903761,-325.1212332315));
#4204 = CARTESIAN_POINT('',(-0.176799649957,-325.1203896616));
#4205 = CARTESIAN_POINT('',(-0.219647919339,-325.1168471484));
#4206 = CARTESIAN_POINT('',(-0.261885894838,-325.109785895));
#4207 = CARTESIAN_POINT('',(-0.303473417287,-325.0984238848));
#4208 = CARTESIAN_POINT('',(-0.396993246073,-325.0610313235));
#4209 = CARTESIAN_POINT('',(-0.448499330702,-325.0317155391));
#4210 = CARTESIAN_POINT('',(-0.498901414994,-324.9925982844));
#4211 = CARTESIAN_POINT('',(-0.548211891395,-324.9422920772));
#4212 = CARTESIAN_POINT('',(-0.596439345795,-324.8796437618));
#4213 = CARTESIAN_POINT('',(-0.643588270306,-324.8038060337));
#4214 = CARTESIAN_POINT('',(-0.689658413742,-324.7142862618));
#4215 = CARTESIAN_POINT('',(-0.78812071022,-324.4881571282));
#4216 = CARTESIAN_POINT('',(-0.840027756117,-324.3459334748));
#4217 = CARTESIAN_POINT('',(-0.890482850848,-324.183873991));
#4218 = CARTESIAN_POINT('',(-0.939581742103,-324.0020364091));
#4219 = CARTESIAN_POINT('',(-0.987401560084,-323.8009511826));
#4220 = CARTESIAN_POINT('',(-1.034002787526,-323.5815962069));
#4221 = CARTESIAN_POINT('',(-1.079429621545,-323.3453589245));
#4222 = CARTESIAN_POINT('',(-1.21288333474,-322.5877403179));
#4223 = CARTESIAN_POINT('',(-1.297495051168,-322.0195842111));
#4224 = CARTESIAN_POINT('',(-1.378653178556,-321.3984095768));
#4225 = CARTESIAN_POINT('',(-1.457192250127,-320.7341393185));
#4226 = CARTESIAN_POINT('',(-1.533853328994,-320.035915619));
#4227 = CARTESIAN_POINT('',(-1.609323798186,-319.3115723934));
#4228 = CARTESIAN_POINT('',(-1.684312289445,-318.5676984831));
#4229 = CARTESIAN_POINT('',(-1.807165099242,-317.3328549788));
#4230 = CARTESIAN_POINT('',(-1.854728669485,-316.8508349385));
#4231 = CARTESIAN_POINT('',(-1.902604674882,-316.3654344819));
#4232 = CARTESIAN_POINT('',(-1.951097744338,-315.8772824922));
#4233 = CARTESIAN_POINT('',(-2.000498978249,-315.3875498175));
#4234 = CARTESIAN_POINT('',(-2.051086776778,-314.8983508296));
#4235 = CARTESIAN_POINT('',(-2.10313058348,-314.4131333054));
#4236 = CARTESIAN_POINT('',(-2.188294440274,-313.6590820713));
#4237 = CARTESIAN_POINT('',(-2.220254652159,-313.3844245727));
#4238 = CARTESIAN_POINT('',(-2.252957164742,-313.1129976543));
#4239 = CARTESIAN_POINT('',(-2.286561212268,-312.845245281));
#4240 = CARTESIAN_POINT('',(-2.321212083039,-312.5821909023));
#4241 = CARTESIAN_POINT('',(-2.357043733332,-312.3254974594));
#4242 = CARTESIAN_POINT('',(-2.394182181151,-312.0775206117));
#4243 = CARTESIAN_POINT('',(-2.468017760032,-311.6253935186));
#4244 = CARTESIAN_POINT('',(-2.504814645731,-311.4172652025));
#4245 = CARTESIAN_POINT('',(-2.543152452601,-311.2204027865));
#4246 = CARTESIAN_POINT('',(-2.583051056775,-311.0386079668));
#4247 = CARTESIAN_POINT('',(-2.624538433016,-310.8760613798));
#4248 = CARTESIAN_POINT('',(-2.667652795429,-310.7373218905));
#4249 = CARTESIAN_POINT('',(-2.7124465407,-310.6273153748));
#4250 = CARTESIAN_POINT('',(-2.796595969248,-310.4899108279));
#4251 = CARTESIAN_POINT('',(-2.834944914998,-310.4513533848));
#4252 = CARTESIAN_POINT('',(-2.87367423313,-310.4381886907));
#4253 = CARTESIAN_POINT('',(-2.912445637342,-310.4515449399));
#4254 = CARTESIAN_POINT('',(-2.950929773736,-310.4911065166));
#4255 = CARTESIAN_POINT('',(-2.988786489839,-310.5551098574));
#4256 = CARTESIAN_POINT('',(-3.025642751914,-310.6403591523));
#4257 = CARTESIAN_POINT('',(-3.102377816395,-310.8610906056));
#4258 = CARTESIAN_POINT('',(-3.14204437446,-311.003434755));
#4259 = CARTESIAN_POINT('',(-3.180170006022,-311.1649959247));
#4260 = CARTESIAN_POINT('',(-3.216849646684,-311.3420599168));
#4261 = CARTESIAN_POINT('',(-3.252177208332,-311.5314950935));
#4262 = CARTESIAN_POINT('',(-3.286250340924,-311.7307424064));
#4263 = CARTESIAN_POINT('',(-3.319173794094,-311.9377971098));
#4264 = CARTESIAN_POINT('',(-3.444450482421,-312.7761225083));
#4265 = CARTESIAN_POINT('',(-3.53123690501,-313.4706293232));
#4266 = CARTESIAN_POINT('',(-3.612502244513,-314.1954126225));
#4267 = CARTESIAN_POINT('',(-3.689232828162,-314.9265152384));
#4268 = CARTESIAN_POINT('',(-3.762509083712,-315.652627356));
#4269 = CARTESIAN_POINT('',(-3.833605397182,-316.3719777718));
#4270 = CARTESIAN_POINT('',(-3.904029736632,-317.0887256465));
#4271 = CARTESIAN_POINT('',(-4.030536499958,-318.3603683689));
#4272 = CARTESIAN_POINT('',(-4.085372887418,-318.9063410892));
#4273 = CARTESIAN_POINT('',(-4.140331497598,-319.4426418757));
#4274 = CARTESIAN_POINT('',(-4.195704214876,-319.9668056331));
#4275 = CARTESIAN_POINT('',(-4.251778069721,-320.4761552815));
#4276 = CARTESIAN_POINT('',(-4.308843190498,-320.9676432351));
#4277 = CARTESIAN_POINT('',(-4.367204083963,-321.4378551239));
#4278 = CARTESIAN_POINT('',(-4.453532166102,-322.0786449995));
#4279 = CARTESIAN_POINT('',(-4.480177880458,-322.2693018287));
#4280 = CARTESIAN_POINT('',(-4.507162052063,-322.4548247548));
#4281 = CARTESIAN_POINT('',(-4.534507181377,-322.634857033));
#4282 = CARTESIAN_POINT('',(-4.562237646389,-322.8090533135));
#4283 = CARTESIAN_POINT('',(-4.590379968818,-322.9770835732));
#4284 = CARTESIAN_POINT('',(-4.618963248061,-323.1386381488));
#4285 = CARTESIAN_POINT('',(-4.696486117246,-323.5516335969));
#4286 = CARTESIAN_POINT('',(-4.746357186961,-323.7914972606));
#4287 = CARTESIAN_POINT('',(-4.797655523682,-324.0108702154));
#4288 = CARTESIAN_POINT('',(-4.850427473555,-324.2081625901));
#4289 = CARTESIAN_POINT('',(-4.904740453423,-324.3824260352));
#4290 = CARTESIAN_POINT('',(-4.96068256954,-324.5333996763));
#4291 = CARTESIAN_POINT('',(-5.018364578798,-324.6615252709));
#4292 = CARTESIAN_POINT('',(-5.124763000159,-324.8516115));
#4293 = CARTESIAN_POINT('',(-5.172732054657,-324.9218038197));
#4294 = CARTESIAN_POINT('',(-5.22181526193,-324.978942964));
#4295 = CARTESIAN_POINT('',(-5.272001691986,-325.0238661241));
#4296 = CARTESIAN_POINT('',(-5.323285183412,-325.0577586611));
#4297 = CARTESIAN_POINT('',(-5.375663941934,-325.0820766671));
#4298 = CARTESIAN_POINT('',(-5.429140133003,-325.0984466736));
#4299 = CARTESIAN_POINT('',(-5.506521926272,-325.1127604019));
#4300 = CARTESIAN_POINT('',(-5.529511113699,-325.1158820997));
#4301 = CARTESIAN_POINT('',(-5.552680149029,-325.1180295013));
#4302 = CARTESIAN_POINT('',(-5.576022571011,-325.119327601));
#4303 = CARTESIAN_POINT('',(-5.599532251444,-325.1199020902));
#4304 = CARTESIAN_POINT('',(-5.623203307823,-325.11987696));
#4305 = CARTESIAN_POINT('',(-5.647030015982,-325.119372104));
#4306 = CARTESIAN_POINT('',(-5.684451829351,-325.1180123982));
#4307 = CARTESIAN_POINT('',(-5.697943286286,-325.117408722));
#4308 = CARTESIAN_POINT('',(-5.711479054845,-325.116709978));
#4309 = CARTESIAN_POINT('',(-5.725057147826,-325.1159356484));
#4310 = CARTESIAN_POINT('',(-5.738675617709,-325.1151044752));
#4311 = CARTESIAN_POINT('',(-5.752332544845,-325.1142343237));
#4312 = CARTESIAN_POINT('',(-5.766026025644,-325.1133420466));
#4313 = CARTESIAN_POINT('',(-5.80809494109,-325.110588045));
#4314 = CARTESIAN_POINT('',(-5.836587798771,-325.1087050999));
#4315 = CARTESIAN_POINT('',(-5.865206893431,-325.1069333395));
#4316 = CARTESIAN_POINT('',(-5.893927144249,-325.1053912174));
#4317 = CARTESIAN_POINT('',(-5.92272401277,-325.1041713656));
#4318 = CARTESIAN_POINT('',(-5.95157327039,-325.1033369167));
#4319 = CARTESIAN_POINT('',(-5.980450750523,-325.1029195987));
#4320 = CARTESIAN_POINT('',(-6.043876838925,-325.1029195987));
#4321 = CARTESIAN_POINT('',(-6.0784124456,-325.1035166252));
#4322 = CARTESIAN_POINT('',(-6.11289875838,-325.104710156));
#4323 = CARTESIAN_POINT('',(-6.147296110677,-325.1064352237));
#4324 = CARTESIAN_POINT('',(-6.181564682627,-325.1085629336));
#4325 = CARTESIAN_POINT('',(-6.215663917235,-325.1109059074));
#4326 = CARTESIAN_POINT('',(-6.249551986456,-325.1132286532));
#4327 = CARTESIAN_POINT('',(-6.28318530718,-325.115262863));
#4328 = ( GEOMETRIC_REPRESENTATION_CONTEXT(2) 
PARAMETRIC_REPRESENTATION_CONTEXT() REPRESENTATION_CONTEXT('2D SPACE',''
  ) );
#4329 = PCURVE('',#4330,#4335);
#4330 = CYLINDRICAL_SURFACE('',#4331,25.);
#4331 = AXIS2_PLACEMENT_3D('',#4332,#4333,#4334);
#4332 = CARTESIAN_POINT('',(-50.,812.,-80.));
#4333 = DIRECTION('',(-1.,-0.,0.));
#4334 = DIRECTION('',(0.,0.,1.));
#4335 = DEFINITIONAL_REPRESENTATION('',(#4336),#4465);
#4336 = B_SPLINE_CURVE_WITH_KNOTS('',8,(#4337,#4338,#4339,#4340,#4341,
    #4342,#4343,#4344,#4345,#4346,#4347,#4348,#4349,#4350,#4351,#4352,
    #4353,#4354,#4355,#4356,#4357,#4358,#4359,#4360,#4361,#4362,#4363,
    #4364,#4365,#4366,#4367,#4368,#4369,#4370,#4371,#4372,#4373,#4374,
    #4375,#4376,#4377,#4378,#4379,#4380,#4381,#4382,#4383,#4384,#4385,
    #4386,#4387,#4388,#4389,#4390,#4391,#4392,#4393,#4394,#4395,#4396,
    #4397,#4398,#4399,#4400,#4401,#4402,#4403,#4404,#4405,#4406,#4407,
    #4408,#4409,#4410,#4411,#4412,#4413,#4414,#4415,#4416,#4417,#4418,
    #4419,#4420,#4421,#4422,#4423,#4424,#4425,#4426,#4427,#4428,#4429,
    #4430,#4431,#4432,#4433,#4434,#4435,#4436,#4437,#4438,#4439,#4440,
    #4441,#4442,#4443,#4444,#4445,#4446,#4447,#4448,#4449,#4450,#4451,
    #4452,#4453,#4454,#4455,#4456,#4457,#4458,#4459,#4460,#4461,#4462,
    #4463,#4464),.UNSPECIFIED.,.T.,.F.,(9,7,7,7,7,7,7,7,7,7,7,7,7,7,7,7,
    7,7,9),(0.,4.175630542556E-02,9.549305937712E-02,0.159373340445,
    0.288023160358,0.369318197578,0.416780441251,0.460182328208,
    0.495246622991,0.536135075924,0.655885005004,0.748067108726,
    0.788516512913,0.855986241094,0.909045712569,0.931213193255,
    0.94364376364,0.969305811828,1.),.UNSPECIFIED.);
#4337 = CARTESIAN_POINT('',(-1.19192663025,-50.42580353108));
#4338 = CARTESIAN_POINT('',(-1.214654056222,-50.28944332301));
#4339 = CARTESIAN_POINT('',(-1.236895798283,-50.12911393277));
#4340 = CARTESIAN_POINT('',(-1.258590413678,-49.94595770406));
#4341 = CARTESIAN_POINT('',(-1.279680099956,-49.74121877023));
#4342 = CARTESIAN_POINT('',(-1.300110684503,-49.51624513691));
#4343 = CARTESIAN_POINT('',(-1.319832062419,-49.27249167583));
#4344 = CARTESIAN_POINT('',(-1.338799082731,-49.01152403001));
#4345 = CARTESIAN_POINT('',(-1.380360992163,-48.37919107029));
#4346 = CARTESIAN_POINT('',(-1.402448359764,-47.99743622056));
#4347 = CARTESIAN_POINT('',(-1.42319914952,-47.5925378771));
#4348 = CARTESIAN_POINT('',(-1.442587191614,-47.16716475178));
#4349 = CARTESIAN_POINT('',(-1.46059647888,-46.72390287946));
#4350 = CARTESIAN_POINT('',(-1.477221725389,-46.26528399688));
#4351 = CARTESIAN_POINT('',(-1.492468987385,-45.7938146931));
#4352 = CARTESIAN_POINT('',(-1.522865129546,-44.739250233));
#4353 = CARTESIAN_POINT('',(-1.5374407384,-44.15227934518));
#4354 = CARTESIAN_POINT('',(-1.55015647594,-43.55401162816));
#4355 = CARTESIAN_POINT('',(-1.5610869471,-42.94706773297));
#4356 = CARTESIAN_POINT('',(-1.570310120934,-42.33390574816));
#4357 = CARTESIAN_POINT('',(-1.57790879218,-41.71692100357));
#4358 = CARTESIAN_POINT('',(-1.583971442405,-41.0985109315));
#4359 = CARTESIAN_POINT('',(-1.597898945701,-39.23769837432));
#4360 = CARTESIAN_POINT('',(-1.601368156543,-37.99708396062));
#4361 = CARTESIAN_POINT('',(-1.599845174301,-36.76647310034));
#4362 = CARTESIAN_POINT('',(-1.593978376962,-35.55035232382));
#4363 = CARTESIAN_POINT('',(-1.584270772736,-34.35184543024));
#4364 = CARTESIAN_POINT('',(-1.571070752737,-33.1729559805));
#4365 = CARTESIAN_POINT('',(-1.554579371134,-32.01508471677));
#4366 = CARTESIAN_POINT('',(-1.522366689353,-30.16387205646));
#4367 = CARTESIAN_POINT('',(-1.508629069053,-29.45830120646));
#4368 = CARTESIAN_POINT('',(-1.493617296467,-28.76263633474));
#4369 = CARTESIAN_POINT('',(-1.477283374831,-28.0761796834));
#4370 = CARTESIAN_POINT('',(-1.459551684072,-27.39925195964));
#4371 = CARTESIAN_POINT('',(-1.440328455095,-26.73354213769));
#4372 = CARTESIAN_POINT('',(-1.419509329004,-26.08245086935));
#4373 = CARTESIAN_POINT('',(-1.38383315007,-25.08303262992));
#4374 = CARTESIAN_POINT('',(-1.370109695684,-24.72172377378));
#4375 = CARTESIAN_POINT('',(-1.355741746897,-24.36714170248));
#4376 = CARTESIAN_POINT('',(-1.340656224023,-24.01963804949));
#4377 = CARTESIAN_POINT('',(-1.324781152685,-23.68031930612));
#4378 = CARTESIAN_POINT('',(-1.30804745468,-23.35108549285));
#4379 = CARTESIAN_POINT('',(-1.290390264317,-23.03467212919));
#4380 = CARTESIAN_POINT('',(-1.254703955377,-22.46038163426));
#4381 = CARTESIAN_POINT('',(-1.236674584086,-22.19721718177));
#4382 = CARTESIAN_POINT('',(-1.217647070998,-21.94936011096));
#4383 = CARTESIAN_POINT('',(-1.197610292658,-21.72136033555));
#4384 = CARTESIAN_POINT('',(-1.176557039869,-21.51817523336));
#4385 = CARTESIAN_POINT('',(-1.154484514456,-21.34519346803));
#4386 = CARTESIAN_POINT('',(-1.131394870438,-21.20826711603));
#4387 = CARTESIAN_POINT('',(-1.087826210067,-21.03739361212));
#4388 = CARTESIAN_POINT('',(-1.067904042257,-20.98952600063));
#4389 = CARTESIAN_POINT('',(-1.047744450385,-20.97321046407));
#4390 = CARTESIAN_POINT('',(-1.027557296132,-20.98978238029));
#4391 = CARTESIAN_POINT('',(-1.007550332746,-21.03886500894));
#4392 = CARTESIAN_POINT('',(-0.987933543411,-21.11836691859));
#4393 = CARTESIAN_POINT('',(-0.968924633902,-21.22446313747));
#4394 = CARTESIAN_POINT('',(-0.929568872775,-21.49976763483));
#4395 = CARTESIAN_POINT('',(-0.909369080298,-21.67761722353));
#4396 = CARTESIAN_POINT('',(-0.890125580104,-21.87997236434));
#4397 = CARTESIAN_POINT('',(-0.871801450895,-22.10242877763));
#4398 = CARTESIAN_POINT('',(-0.854353671387,-22.34128499278));
#4399 = CARTESIAN_POINT('',(-0.837733490919,-22.59351903292));
#4400 = CARTESIAN_POINT('',(-0.821887071325,-22.85677112547));
#4401 = CARTESIAN_POINT('',(-0.762443233868,-23.92758220188));
#4402 = CARTESIAN_POINT('',(-0.723186488843,-24.82518091766));
#4403 = CARTESIAN_POINT('',(-0.68853770309,-25.77727926859));
#4404 = CARTESIAN_POINT('',(-0.657984308726,-26.75696725619));
#4405 = CARTESIAN_POINT('',(-0.630981557748,-27.75188100212));
#4406 = CARTESIAN_POINT('',(-0.607007294302,-28.76219108165));
#4407 = CARTESIAN_POINT('',(-0.585670873437,-29.79806273684));
#4408 = CARTESIAN_POINT('',(-0.552476950917,-31.70413116238));
#4409 = CARTESIAN_POINT('',(-0.539782013816,-32.5452832922));
#4410 = CARTESIAN_POINT('',(-0.528841715323,-33.39765240513));
#4411 = CARTESIAN_POINT('',(-0.519712534505,-34.2607209428));
#4412 = CARTESIAN_POINT('',(-0.512495687022,-35.13399854033));
#4413 = CARTESIAN_POINT('',(-0.50733746491,-36.01678640171));
#4414 = CARTESIAN_POINT('',(-0.50443054213,-36.90801648823));
#4415 = CARTESIAN_POINT('',(-0.503835039722,-38.20025056443));
#4416 = CARTESIAN_POINT('',(-0.504133437848,-38.59571156963));
#4417 = CARTESIAN_POINT('',(-0.504932469988,-38.99227835763));
#4418 = CARTESIAN_POINT('',(-0.506253772561,-39.38968823641));
#4419 = CARTESIAN_POINT('',(-0.508120034151,-39.78766802091));
#4420 = CARTESIAN_POINT('',(-0.510555082924,-40.18593086901));
#4421 = CARTESIAN_POINT('',(-0.513584023674,-40.58417281696));
#4422 = CARTESIAN_POINT('',(-0.523320636073,-41.64576107221));
#4423 = CARTESIAN_POINT('',(-0.531145183458,-42.30969601701));
#4424 = CARTESIAN_POINT('',(-0.540824310406,-42.97050610075));
#4425 = CARTESIAN_POINT('',(-0.552463909624,-43.62487719608));
#4426 = CARTESIAN_POINT('',(-0.566158683655,-44.26949462385));
#4427 = CARTESIAN_POINT('',(-0.581993094763,-44.90093908257));
#4428 = CARTESIAN_POINT('',(-0.60004310383,-45.51553267965));
#4429 = CARTESIAN_POINT('',(-0.636370994669,-46.57595521761));
#4430 = CARTESIAN_POINT('',(-0.653766220359,-47.02948431054));
#4431 = CARTESIAN_POINT('',(-0.672567779393,-47.46693385371));
#4432 = CARTESIAN_POINT('',(-0.6927648484,-47.88553678345));
#4433 = CARTESIAN_POINT('',(-0.714333883658,-48.28252412267));
#4434 = CARTESIAN_POINT('',(-0.73723974789,-48.65510162523));
#4435 = CARTESIAN_POINT('',(-0.761436456733,-49.00042640427));
#4436 = CARTESIAN_POINT('',(-0.797492286179,-49.44725164502));
#4437 = CARTESIAN_POINT('',(-0.808329769963,-49.57362051984));
#4438 = CARTESIAN_POINT('',(-0.819372349819,-49.69444146676));
#4439 = CARTESIAN_POINT('',(-0.830612003198,-49.80947672781));
#4440 = CARTESIAN_POINT('',(-0.842040333988,-49.91849903956));
#4441 = CARTESIAN_POINT('',(-0.853648575058,-50.02129118344));
#4442 = CARTESIAN_POINT('',(-0.865427590802,-50.11764553596));
#4443 = CARTESIAN_POINT('',(-0.884063480469,-50.25767366378));
#4444 = CARTESIAN_POINT('',(-0.890809386016,-50.30589390557));
#4445 = CARTESIAN_POINT('',(-0.897603394406,-50.35198598668));
#4446 = CARTESIAN_POINT('',(-0.904443277851,-50.3959136192));
#4447 = CARTESIAN_POINT('',(-0.911326780677,-50.43764255013));
#4448 = CARTESIAN_POINT('',(-0.91825161731,-50.47714052667));
#4449 = CARTESIAN_POINT('',(-0.925215470266,-50.51437726139));
#4450 = CARTESIAN_POINT('',(-0.946668070501,-50.62147032981));
#4451 = CARTESIAN_POINT('',(-0.961278650193,-50.68386947426));
#4452 = CARTESIAN_POINT('',(-0.976022422124,-50.73624373889));
#4453 = CARTESIAN_POINT('',(-0.99087364462,-50.77837063597));
#4454 = CARTESIAN_POINT('',(-1.005806250489,-50.81008225733));
#4455 = CARTESIAN_POINT('',(-1.020793935731,-50.8312647844));
#4456 = CARTESIAN_POINT('',(-1.03581022589,-50.84185853306));
#4457 = CARTESIAN_POINT('',(-1.068791791859,-50.84185853306));
#4458 = CARTESIAN_POINT('',(-1.08675030892,-50.82670270504));
#4459 = CARTESIAN_POINT('',(-1.10465935505,-50.7964051778));
#4460 = CARTESIAN_POINT('',(-1.122474537479,-50.751088148));
#4461 = CARTESIAN_POINT('',(-1.140151866468,-50.69098029051));
#4462 = CARTESIAN_POINT('',(-1.157647909121,-50.61641664153));
#4463 = CARTESIAN_POINT('',(-1.174920017388,-50.52783995488));
#4464 = CARTESIAN_POINT('',(-1.19192663025,-50.42580353108));
#4465 = ( GEOMETRIC_REPRESENTATION_CONTEXT(2) 
PARAMETRIC_REPRESENTATION_CONTEXT() REPRESENTATION_CONTEXT('2D SPACE',''
  ) );
#4466 = ORIENTED_EDGE('',*,*,#4467,.T.);
#4467 = EDGE_CURVE('',#4065,#3496,#4468,.T.);
#4468 = SURFACE_CURVE('',#4469,(#4520,#4574),.PCURVE_S1.);
#4469 = B_SPLINE_CURVE_WITH_KNOTS('',7,(#4470,#4471,#4472,#4473,#4474,
    #4475,#4476,#4477,#4478,#4479,#4480,#4481,#4482,#4483,#4484,#4485,
    #4486,#4487,#4488,#4489,#4490,#4491,#4492,#4493,#4494,#4495,#4496,
    #4497,#4498,#4499,#4500,#4501,#4502,#4503,#4504,#4505,#4506,#4507,
    #4508,#4509,#4510,#4511,#4512,#4513,#4514,#4515,#4516,#4517,#4518,
    #4519),.UNSPECIFIED.,.F.,.F.,(8,6,6,6,6,6,6,6,8),(0.,0.44449810182,
    0.62586162409,0.6844996256,0.717557024349,0.782533048924,
    0.862997000441,0.905922453895,1.),.UNSPECIFIED.);
#4470 = CARTESIAN_POINT('',(-2.185817294095,796.20305046851,
    -60.74889946333));
#4471 = CARTESIAN_POINT('',(-2.122287653075,795.40932125947,
    -60.77380934885));
#4472 = CARTESIAN_POINT('',(-2.064762737652,794.617656614,
    -60.83147495391));
#4473 = CARTESIAN_POINT('',(-2.0114864817,793.8159872279,-60.92542470078
    ));
#4474 = CARTESIAN_POINT('',(-1.961884403379,792.99748760161,
    -61.06318750364));
#4475 = CARTESIAN_POINT('',(-1.916015894265,792.16232444376,
    -61.2559395434));
#4476 = CARTESIAN_POINT('',(-1.874333565254,791.31812757649,
    -61.51841245053));
#4477 = CARTESIAN_POINT('',(-1.822712559655,790.13979461534,
    -62.01143783046));
#4478 = CARTESIAN_POINT('',(-1.808515545748,789.79786483742,
    -62.16961189569));
#4479 = CARTESIAN_POINT('',(-1.795111213155,789.45566833954,
    -62.34495888462));
#4480 = CARTESIAN_POINT('',(-1.782572707245,789.11405634506,
    -62.53959128124));
#4481 = CARTESIAN_POINT('',(-1.771008651292,788.77455572993,
    -62.75584815316));
#4482 = CARTESIAN_POINT('',(-1.76056212612,788.43939692547,
    -62.99627750863));
#4483 = CARTESIAN_POINT('',(-1.748458165816,788.00554087857,
    -63.35005399529));
#4484 = CARTESIAN_POINT('',(-1.745637118548,787.90031482828,
    -63.43929354163));
#4485 = CARTESIAN_POINT('',(-1.742960110632,787.7960267545,
    -63.53137685962));
#4486 = CARTESIAN_POINT('',(-1.740434760751,787.69283699038,
    -63.6263422475));
#4487 = CARTESIAN_POINT('',(-1.738068501054,787.59090338376,
    -63.72422618288));
#4488 = CARTESIAN_POINT('',(-1.735868577155,787.49038129724,
    -63.82506332276));
#4489 = CARTESIAN_POINT('',(-1.732699584608,787.33563583046,
    -63.98741722077));
#4490 = CARTESIAN_POINT('',(-1.731612392381,787.28035265061,
    -64.04688919021));
#4491 = CARTESIAN_POINT('',(-1.730581965261,787.2256133543,
    -64.10729511957));
#4492 = CARTESIAN_POINT('',(-1.729609707453,787.17145563923,
    -64.16862697581));
#4493 = CARTESIAN_POINT('',(-1.728696933557,787.117915615,
    -64.23087598511));
#4494 = CARTESIAN_POINT('',(-1.727844868572,787.06502780319,
    -64.29403263292));
#4495 = CARTESIAN_POINT('',(-1.725501428333,786.9102181014,
    -64.48398817005));
#4496 = CARTESIAN_POINT('',(-1.724186713885,786.81022655968,
    -64.61339519774));
#4497 = CARTESIAN_POINT('',(-1.723120726725,786.71319672218,
    -64.74611963177));
#4498 = CARTESIAN_POINT('',(-1.722311238452,786.6194306843,
    -64.88195085774));
#4499 = CARTESIAN_POINT('',(-1.721763570088,786.52918642681,
    -65.02065576201));
#4500 = CARTESIAN_POINT('',(-1.721480592077,786.44267781586,
    -65.16197873174));
#4501 = CARTESIAN_POINT('',(-1.721440597453,786.25778178096,
    -65.48354860677));
#4502 = CARTESIAN_POINT('',(-1.721825143328,786.1616139734,
    -65.66480747619));
#4503 = CARTESIAN_POINT('',(-1.722615347443,786.07185012767,
    -65.8489003942));
#4504 = CARTESIAN_POINT('',(-1.723805166882,785.98867624103,
    -66.03524993807));
#4505 = CARTESIAN_POINT('',(-1.725383231671,785.91218552112,
    -66.22321879806));
#4506 = CARTESIAN_POINT('',(-1.727332546163,785.8423785465,
    -66.41210944426));
#4507 = CARTESIAN_POINT('',(-1.730855924684,785.74543978312,
    -66.70201943751));
#4508 = CARTESIAN_POINT('',(-1.732181251806,785.71357922966,
    -66.80296042584));
#4509 = CARTESIAN_POINT('',(-1.733603496368,785.68355247951,
    -66.9039256179));
#4510 = CARTESIAN_POINT('',(-1.73511982023,785.65532767189,
    -67.00485217666));
#4511 = CARTESIAN_POINT('',(-1.736727222536,785.6288703725,
    -67.10567556851));
#4512 = CARTESIAN_POINT('',(-1.738422539714,785.60414357353,
    -67.20632956324));
#4513 = CARTESIAN_POINT('',(-1.744103374954,785.53062112047,
    -67.52682437461));
#4514 = CARTESIAN_POINT('',(-1.748408296786,785.48828416039,
    -67.74564223177));
#4515 = CARTESIAN_POINT('',(-1.753089001135,785.45356833574,
    -67.96290585477));
#4516 = CARTESIAN_POINT('',(-1.758118517893,785.42596428033,
    -68.17834324866));
#4517 = CARTESIAN_POINT('',(-1.763471116679,785.4049817395,
    -68.3917043743));
#4518 = CARTESIAN_POINT('',(-1.769122306846,785.39014957012,
    -68.60276114835));
#4519 = CARTESIAN_POINT('',(-1.775048837474,785.38101574056,
    -68.81130744329));
#4520 = PCURVE('',#3504,#4521);
#4521 = DEFINITIONAL_REPRESENTATION('',(#4522),#4573);
#4522 = B_SPLINE_CURVE_WITH_KNOTS('',7,(#4523,#4524,#4525,#4526,#4527,
    #4528,#4529,#4530,#4531,#4532,#4533,#4534,#4535,#4536,#4537,#4538,
    #4539,#4540,#4541,#4542,#4543,#4544,#4545,#4546,#4547,#4548,#4549,
    #4550,#4551,#4552,#4553,#4554,#4555,#4556,#4557,#4558,#4559,#4560,
    #4561,#4562,#4563,#4564,#4565,#4566,#4567,#4568,#4569,#4570,#4571,
    #4572),.UNSPECIFIED.,.F.,.F.,(8,6,6,6,6,6,6,6,8),(0.,0.44449810182,
    0.62586162409,0.6844996256,0.717557024349,0.782533048924,
    0.862997000441,0.905922453895,1.),.UNSPECIFIED.);
#4523 = CARTESIAN_POINT('',(-5.259675891533,-325.1212338315));
#4524 = CARTESIAN_POINT('',(-5.3033946221,-324.5629791907));
#4525 = CARTESIAN_POINT('',(-5.3479171961,-324.0175205303));
#4526 = CARTESIAN_POINT('',(-5.394194599533,-323.4781203596));
#4527 = CARTESIAN_POINT('',(-5.443027172461,-322.9431586945));
#4528 = CARTESIAN_POINT('',(-5.495063320777,-322.4175709987));
#4529 = CARTESIAN_POINT('',(-5.550852292025,-321.913282606));
#4530 = CARTESIAN_POINT('',(-5.635424068283,-321.2610141042));
#4531 = CARTESIAN_POINT('',(-5.660764469765,-321.0778948481));
#4532 = CARTESIAN_POINT('',(-5.687052735434,-320.9016196968));
#4533 = CARTESIAN_POINT('',(-5.714392243202,-320.7337110127));
#4534 = CARTESIAN_POINT('',(-5.742876546952,-320.5762827678));
#4535 = CARTESIAN_POINT('',(-5.772592341638,-320.4320545065));
#4536 = CARTESIAN_POINT('',(-5.813656737237,-320.26307734));
#4537 = CARTESIAN_POINT('',(-5.823826156319,-320.2235253723));
#4538 = CARTESIAN_POINT('',(-5.83412882948,-320.1858431827));
#4539 = CARTESIAN_POINT('',(-5.844561788538,-320.1501648562));
#4540 = CARTESIAN_POINT('',(-5.855122267118,-320.1166219013));
#4541 = CARTESIAN_POINT('',(-5.865807700651,-320.0853432509));
#4542 = CARTESIAN_POINT('',(-5.882708792426,-320.0401695466));
#4543 = CARTESIAN_POINT('',(-5.888840010745,-320.0246457836));
#4544 = CARTESIAN_POINT('',(-5.895007617146,-320.0099097903));
#4545 = CARTESIAN_POINT('',(-5.901209885724,-319.9959859063));
#4546 = CARTESIAN_POINT('',(-5.907445128854,-319.9828969941));
#4547 = CARTESIAN_POINT('',(-5.913711697196,-319.9706644381));
#4548 = CARTESIAN_POINT('',(-5.93238364812,-319.936986766));
#4549 = CARTESIAN_POINT('',(-5.94487784001,-319.9180438304));
#4550 = CARTESIAN_POINT('',(-5.957467367354,-319.9026546824));
#4551 = CARTESIAN_POINT('',(-5.970129467342,-319.8909527684));
#4552 = CARTESIAN_POINT('',(-5.982841802361,-319.8830296375));
#4553 = CARTESIAN_POINT('',(-5.995582459993,-319.8789349414));
#4554 = CARTESIAN_POINT('',(-6.024115985902,-319.8783563093));
#4555 = CARTESIAN_POINT('',(-6.039891393941,-319.8839194796));
#4556 = CARTESIAN_POINT('',(-6.055617376072,-319.8953531782));
#4557 = CARTESIAN_POINT('',(-6.071254664233,-319.9125510336));
#4558 = CARTESIAN_POINT('',(-6.086763102056,-319.9353131947));
#4559 = CARTESIAN_POINT('',(-6.102101223558,-319.9633464541));
#4560 = CARTESIAN_POINT('',(-6.125294422263,-320.0138252363));
#4561 = CARTESIAN_POINT('',(-6.133305345128,-320.032783034));
#4562 = CARTESIAN_POINT('',(-6.141256272563,-320.0530904612));
#4563 = CARTESIAN_POINT('',(-6.149144786486,-320.0746976133));
#4564 = CARTESIAN_POINT('',(-6.156968378602,-320.0975519851));
#4565 = CARTESIAN_POINT('',(-6.164724450409,-320.1215984706));
#4566 = CARTESIAN_POINT('',(-6.189255030066,-320.2019670524));
#4567 = CARTESIAN_POINT('',(-6.205753365542,-320.2625735587));
#4568 = CARTESIAN_POINT('',(-6.221909487115,-320.3280858328));
#4569 = CARTESIAN_POINT('',(-6.237727280078,-320.3980141743));
#4570 = CARTESIAN_POINT('',(-6.253210347519,-320.471892232));
#4571 = CARTESIAN_POINT('',(-6.268362010325,-320.5492770037));
#4572 = CARTESIAN_POINT('',(-6.28318530718,-320.6297488362));
#4573 = ( GEOMETRIC_REPRESENTATION_CONTEXT(2) 
PARAMETRIC_REPRESENTATION_CONTEXT() REPRESENTATION_CONTEXT('2D SPACE',''
  ) );
#4574 = PCURVE('',#4043,#4575);
#4575 = DEFINITIONAL_REPRESENTATION('',(#4576),#4627);
#4576 = B_SPLINE_CURVE_WITH_KNOTS('',7,(#4577,#4578,#4579,#4580,#4581,
    #4582,#4583,#4584,#4585,#4586,#4587,#4588,#4589,#4590,#4591,#4592,
    #4593,#4594,#4595,#4596,#4597,#4598,#4599,#4600,#4601,#4602,#4603,
    #4604,#4605,#4606,#4607,#4608,#4609,#4610,#4611,#4612,#4613,#4614,
    #4615,#4616,#4617,#4618,#4619,#4620,#4621,#4622,#4623,#4624,#4625,
    #4626),.UNSPECIFIED.,.F.,.F.,(8,6,6,6,6,6,6,6,8),(0.,0.44449810182,
    0.62586162409,0.6844996256,0.717557024349,0.782533048924,
    0.862997000441,0.905922453895,1.),.UNSPECIFIED.);
#4577 = CARTESIAN_POINT('',(-4.002159292941,-327.2662103672));
#4578 = CARTESIAN_POINT('',(-3.970939206768,-326.6456131007));
#4579 = CARTESIAN_POINT('',(-3.938418652344,-326.0437043454));
#4580 = CARTESIAN_POINT('',(-3.903981312056,-325.4520233555));
#4581 = CARTESIAN_POINT('',(-3.867022579257,-324.8683863987));
#4582 = CARTESIAN_POINT('',(-3.827021550065,-324.2977872209));
#4583 = CARTESIAN_POINT('',(-3.783526519798,-323.75259531));
#4584 = CARTESIAN_POINT('',(-3.716791743684,-323.0496703118));
#4585 = CARTESIAN_POINT('',(-3.696708056774,-322.8526193049));
#4586 = CARTESIAN_POINT('',(-3.675787368685,-322.6631902734));
#4587 = CARTESIAN_POINT('',(-3.65394612687,-322.4829773583));
#4588 = CARTESIAN_POINT('',(-3.631108952877,-322.3142011252));
#4589 = CARTESIAN_POINT('',(-3.607207611844,-322.1597215262));
#4590 = CARTESIAN_POINT('',(-3.574086924789,-321.9788665551));
#4591 = CARTESIAN_POINT('',(-3.565877822975,-321.9365462497));
#4592 = CARTESIAN_POINT('',(-3.557554504707,-321.8962370707));
#4593 = CARTESIAN_POINT('',(-3.549119589181,-321.8580805789));
#4594 = CARTESIAN_POINT('',(-3.540575590126,-321.8222155766));
#4595 = CARTESIAN_POINT('',(-3.531924915802,-321.7887781066));
#4596 = CARTESIAN_POINT('',(-3.518234177718,-321.7404946206));
#4597 = CARTESIAN_POINT('',(-3.513265970425,-321.723903979));
#4598 = CARTESIAN_POINT('',(-3.508266747146,-321.7081568115));
#4599 = CARTESIAN_POINT('',(-3.503237983705,-321.6932788358));
#4600 = CARTESIAN_POINT('',(-3.498181131732,-321.6792942043));
#4601 = CARTESIAN_POINT('',(-3.493097618662,-321.6662255038));
#4602 = CARTESIAN_POINT('',(-3.477947294621,-321.6302481773));
#4603 = CARTESIAN_POINT('',(-3.46780511956,-321.6100150919));
#4604 = CARTESIAN_POINT('',(-3.457581897749,-321.5935798741));
#4605 = CARTESIAN_POINT('',(-3.447296920414,-321.5810835966));
#4606 = CARTESIAN_POINT('',(-3.436969194803,-321.5726230302));
#4607 = CARTESIAN_POINT('',(-3.426617444192,-321.5682506434));
#4608 = CARTESIAN_POINT('',(-3.403433958347,-321.5676327639));
#4609 = CARTESIAN_POINT('',(-3.390616361106,-321.5735732952));
#4610 = CARTESIAN_POINT('',(-3.377840616131,-321.5857824333));
#4611 = CARTESIAN_POINT('',(-3.365140393783,-321.604147877));
#4612 = CARTESIAN_POINT('',(-3.352549975415,-321.6284586177));
#4613 = CARTESIAN_POINT('',(-3.340104493981,-321.6584047698));
#4614 = CARTESIAN_POINT('',(-3.32129747498,-321.7123410982));
#4615 = CARTESIAN_POINT('',(-3.314803820987,-321.73259946));
#4616 = CARTESIAN_POINT('',(-3.308361286854,-321.7543025579));
#4617 = CARTESIAN_POINT('',(-3.301972000799,-321.7773977022));
#4618 = CARTESIAN_POINT('',(-3.295638145064,-321.8018294429));
#4619 = CARTESIAN_POINT('',(-3.289361955924,-321.8275395696));
#4620 = CARTESIAN_POINT('',(-3.269521921744,-321.9134828434));
#4621 = CARTESIAN_POINT('',(-3.25619352145,-321.9783138365));
#4622 = CARTESIAN_POINT('',(-3.243158282646,-322.0484193586));
#4623 = CARTESIAN_POINT('',(-3.230413934278,-322.1232832432));
#4624 = CARTESIAN_POINT('',(-3.21795817438,-322.2024138894));
#4625 = CARTESIAN_POINT('',(-3.205788670077,-322.285344262));
#4626 = CARTESIAN_POINT('',(-3.193903057588,-322.3716318913));
#4627 = ( GEOMETRIC_REPRESENTATION_CONTEXT(2) 
PARAMETRIC_REPRESENTATION_CONTEXT() REPRESENTATION_CONTEXT('2D SPACE',''
  ) );
#4628 = ADVANCED_FACE('',(#4629),#4043,.F.);
#4629 = FACE_BOUND('',#4630,.T.);
#4630 = EDGE_LOOP('',(#4631,#4793,#4794));
#4631 = ORIENTED_EDGE('',*,*,#4632,.T.);
#4632 = EDGE_CURVE('',#4010,#4065,#4633,.T.);
#4633 = SURFACE_CURVE('',#4634,(#4685,#4739),.PCURVE_S1.);
#4634 = B_SPLINE_CURVE_WITH_KNOTS('',7,(#4635,#4636,#4637,#4638,#4639,
    #4640,#4641,#4642,#4643,#4644,#4645,#4646,#4647,#4648,#4649,#4650,
    #4651,#4652,#4653,#4654,#4655,#4656,#4657,#4658,#4659,#4660,#4661,
    #4662,#4663,#4664,#4665,#4666,#4667,#4668,#4669,#4670,#4671,#4672,
    #4673,#4674,#4675,#4676,#4677,#4678,#4679,#4680,#4681,#4682,#4683,
    #4684),.UNSPECIFIED.,.F.,.F.,(8,6,6,6,6,6,6,6,8),(0.,0.260669168019,
    0.345614363457,0.394288634353,0.500148071354,0.606011722414,
    0.654690479039,0.738656755918,1.),.UNSPECIFIED.);
#4635 = CARTESIAN_POINT('',(0.841859133068,787.0008521742,
    -80.20641701457));
#4636 = CARTESIAN_POINT('',(0.172728207327,786.9952303523,-79.5255586221
    ));
#4637 = CARTESIAN_POINT('',(-0.463742711841,787.01070113567,
    -78.77894043918));
#4638 = CARTESIAN_POINT('',(-1.062088645668,787.05479089676,
    -77.96965722212));
#4639 = CARTESIAN_POINT('',(-1.616983022363,787.13564727666,
    -77.1025876009));
#4640 = CARTESIAN_POINT('',(-2.123113721959,787.26138203823,
    -76.18424447792));
#4641 = CARTESIAN_POINT('',(-2.575106353779,787.43938470219,
    -75.22253226811));
#4642 = CARTESIAN_POINT('',(-3.095387418936,787.75284907096,
    -73.9018884057));
#4643 = CARTESIAN_POINT('',(-3.216908578934,787.83608046298,
    -73.57371885094));
#4644 = CARTESIAN_POINT('',(-3.33185633691,787.92568647857,
    -73.24237436797));
#4645 = CARTESIAN_POINT('',(-3.440024255837,788.02183099061,
    -72.90827015286));
#4646 = CARTESIAN_POINT('',(-3.541218229239,788.12465288851,
    -72.5718290052));
#4647 = CARTESIAN_POINT('',(-3.635255513245,788.23426381419,
    -72.23348014213));
#4648 = CARTESIAN_POINT('',(-3.771648271159,788.41749105611,
    -71.69893723622));
#4649 = CARTESIAN_POINT('',(-3.818924042914,788.48648909826,
    -71.50374179565));
#4650 = CARTESIAN_POINT('',(-3.86375569587,788.55775055625,
    -71.30816726563));
#4651 = CARTESIAN_POINT('',(-3.906110153481,788.63128194758,
    -71.11230896323));
#4652 = CARTESIAN_POINT('',(-3.945956640696,788.70708577541,
    -70.9162619477));
#4653 = CARTESIAN_POINT('',(-3.983266683958,788.78516052862,
    -70.72012102051));
#4654 = CARTESIAN_POINT('',(-4.093584695374,789.04022879215,
    -70.09740420266));
#4655 = CARTESIAN_POINT('',(-4.157043840925,789.22569477076,
    -69.67077407845));
#4656 = CARTESIAN_POINT('',(-4.208091805099,789.42178934775,
    -69.24520144173));
#4657 = CARTESIAN_POINT('',(-4.246503814335,789.62829260885,
    -68.82177412208));
#4658 = CARTESIAN_POINT('',(-4.272129165735,789.84487564428,
    -68.40154564836));
#4659 = CARTESIAN_POINT('',(-4.284890328522,790.07110219748,
    -67.98552420749));
#4660 = CARTESIAN_POINT('',(-4.284673758161,790.54176779839,
    -67.1637826431));
#4661 = CARTESIAN_POINT('',(-4.271695024832,790.78615463223,
    -66.75815535671));
#4662 = CARTESIAN_POINT('',(-4.245852016551,791.03904330896,
    -66.35872806002));
#4663 = CARTESIAN_POINT('',(-4.207223124254,791.29978427455,
    -65.9663863839));
#4664 = CARTESIAN_POINT('',(-4.155959861904,791.56763462997,
    -65.58194627837));
#4665 = CARTESIAN_POINT('',(-4.092287769642,791.8417668336,
    -65.20614701702));
#4666 = CARTESIAN_POINT('',(-3.981661567903,792.24980336029,
    -64.67111703284));
#4667 = CARTESIAN_POINT('',(-3.944253571359,792.37947445291,
    -64.50454528917));
#4668 = CARTESIAN_POINT('',(-3.904309556829,792.51021190548,
    -64.3399814676));
#4669 = CARTESIAN_POINT('',(-3.861858052528,792.64193469029,
    -64.17747473853));
#4670 = CARTESIAN_POINT('',(-3.816929885349,792.77455952801,
    -64.01707094552));
#4671 = CARTESIAN_POINT('',(-3.769558180861,792.9080008877,
    -63.8588126053));
#4672 = CARTESIAN_POINT('',(-3.63391285989,793.27360178897,
    -63.43352645849));
#4673 = CARTESIAN_POINT('',(-3.540889283279,793.5071828323,
    -63.17083519886));
#4674 = CARTESIAN_POINT('',(-3.440874263819,793.74251191105,
    -62.91480881475));
#4675 = CARTESIAN_POINT('',(-3.334044369249,793.9791768875,
    -62.66556416776));
#4676 = CARTESIAN_POINT('',(-3.220587017912,794.21675773912,
    -62.42319257318));
#4677 = CARTESIAN_POINT('',(-3.100701391959,794.45482860578,
    -62.1877610779));
#4678 = CARTESIAN_POINT('',(-2.582109439011,795.43413820959,
    -61.2482762712));
#4679 = CARTESIAN_POINT('',(-2.129653393966,796.17542033226,
    -60.60535975372));
#4680 = CARTESIAN_POINT('',(-1.622721643794,796.90582076197,
    -60.02984251922));
#4681 = CARTESIAN_POINT('',(-1.066730482651,797.61469227375,
    -59.51934758703));
#4682 = CARTESIAN_POINT('',(-0.46703359755,798.29222724617,
    -59.07015400839));
#4683 = CARTESIAN_POINT('',(0.170999826695,798.93002189183,
    -58.67767202957));
#4684 = CARTESIAN_POINT('',(0.841859133068,799.52154502843,
    -58.3369401625));
#4685 = PCURVE('',#4043,#4686);
#4686 = DEFINITIONAL_REPRESENTATION('',(#4687),#4738);
#4687 = B_SPLINE_CURVE_WITH_KNOTS('',7,(#4688,#4689,#4690,#4691,#4692,
    #4693,#4694,#4695,#4696,#4697,#4698,#4699,#4700,#4701,#4702,#4703,
    #4704,#4705,#4706,#4707,#4708,#4709,#4710,#4711,#4712,#4713,#4714,
    #4715,#4716,#4717,#4718,#4719,#4720,#4721,#4722,#4723,#4724,#4725,
    #4726,#4727,#4728,#4729,#4730,#4731,#4732,#4733,#4734,#4735,#4736,
    #4737),.UNSPECIFIED.,.F.,.F.,(8,6,6,6,6,6,6,6,8),(0.,0.260669168019,
    0.345614363457,0.394288634353,0.500148071354,0.606011722414,
    0.654690479039,0.738656755918,1.),.UNSPECIFIED.);
#4688 = CARTESIAN_POINT('',(-2.508702047762,-327.2458529381));
#4689 = CARTESIAN_POINT('',(-2.568338892983,-327.2751497713));
#4690 = CARTESIAN_POINT('',(-2.629523971626,-327.2759021346));
#4691 = CARTESIAN_POINT('',(-2.692215078655,-327.2524597861));
#4692 = CARTESIAN_POINT('',(-2.756374639075,-327.2104824899));
#4693 = CARTESIAN_POINT('',(-2.821972032001,-327.1563175016));
#4694 = CARTESIAN_POINT('',(-2.888985298454,-327.0963378025));
#4695 = CARTESIAN_POINT('',(-2.97970169738,-327.0169056941));
#4696 = CARTESIAN_POINT('',(-3.002142879702,-326.9973942218));
#4697 = CARTESIAN_POINT('',(-3.024722245747,-326.9781033544));
#4698 = CARTESIAN_POINT('',(-3.047433626845,-326.9592354733));
#4699 = CARTESIAN_POINT('',(-3.070271250209,-326.9409834095));
#4700 = CARTESIAN_POINT('',(-3.093229606921,-326.9235277433));
#4701 = CARTESIAN_POINT('',(-3.129524740528,-326.8975831172));
#4702 = CARTESIAN_POINT('',(-3.142783411893,-326.8884483743));
#4703 = CARTESIAN_POINT('',(-3.156077406454,-326.879661858));
#4704 = CARTESIAN_POINT('',(-3.169404833404,-326.8712535334));
#4705 = CARTESIAN_POINT('',(-3.18276383869,-326.8632513477));
#4706 = CARTESIAN_POINT('',(-3.196152605013,-326.8556812301));
#4707 = CARTESIAN_POINT('',(-3.238748818473,-326.8330948794));
#4708 = CARTESIAN_POINT('',(-3.26806444881,-326.8197767604));
#4709 = CARTESIAN_POINT('',(-3.297488304031,-326.8088640624));
#4710 = CARTESIAN_POINT('',(-3.326993531951,-326.8005511594));
#4711 = CARTESIAN_POINT('',(-3.35655394512,-326.7949714972));
#4712 = CARTESIAN_POINT('',(-3.386143598929,-326.7921936193));
#4713 = CARTESIAN_POINT('',(-3.445330318539,-326.7922407681));
#4714 = CARTESIAN_POINT('',(-3.474920726115,-326.7950660127));
#4715 = CARTESIAN_POINT('',(-3.504481490368,-326.8006924934));
#4716 = CARTESIAN_POINT('',(-3.53398668543,-326.8090509061));
#4717 = CARTESIAN_POINT('',(-3.563410140106,-326.8200070713));
#4718 = CARTESIAN_POINT('',(-3.592725016325,-326.8333659292));
#4719 = CARTESIAN_POINT('',(-3.63532033309,-326.8560072405));
#4720 = CARTESIAN_POINT('',(-3.648709226271,-326.8635942682));
#4721 = CARTESIAN_POINT('',(-3.662068290343,-326.8716126464));
#4722 = CARTESIAN_POINT('',(-3.675395711357,-326.8800363877));
#4723 = CARTESIAN_POINT('',(-3.688689638228,-326.8888374899));
#4724 = CARTESIAN_POINT('',(-3.701948182734,-326.8979859354));
#4725 = CARTESIAN_POINT('',(-3.737974809485,-326.9237737815));
#4726 = CARTESIAN_POINT('',(-3.760667387128,-326.9410349387));
#4727 = CARTESIAN_POINT('',(-3.783241952861,-326.9590729842));
#4728 = CARTESIAN_POINT('',(-3.805693180413,-326.977713491));
#4729 = CARTESIAN_POINT('',(-3.828015492119,-326.996770334));
#4730 = CARTESIAN_POINT('',(-3.850202934227,-327.0160482389));
#4731 = CARTESIAN_POINT('',(-3.940867123672,-327.0954071225));
#4732 = CARTESIAN_POINT('',(-4.008071552792,-327.1556163477));
#4733 = CARTESIAN_POINT('',(-4.073853309505,-327.2100474108));
#4734 = CARTESIAN_POINT('',(-4.138190237199,-327.252277457));
#4735 = CARTESIAN_POINT('',(-4.201051410628,-327.2759059644));
#4736 = CARTESIAN_POINT('',(-4.262398814329,-327.2752254457));
#4737 = CARTESIAN_POINT('',(-4.322189702898,-327.2458529381));
#4738 = ( GEOMETRIC_REPRESENTATION_CONTEXT(2) 
PARAMETRIC_REPRESENTATION_CONTEXT() REPRESENTATION_CONTEXT('2D SPACE',''
  ) );
#4739 = PCURVE('',#4330,#4740);
#4740 = DEFINITIONAL_REPRESENTATION('',(#4741),#4792);
#4741 = B_SPLINE_CURVE_WITH_KNOTS('',7,(#4742,#4743,#4744,#4745,#4746,
    #4747,#4748,#4749,#4750,#4751,#4752,#4753,#4754,#4755,#4756,#4757,
    #4758,#4759,#4760,#4761,#4762,#4763,#4764,#4765,#4766,#4767,#4768,
    #4769,#4770,#4771,#4772,#4773,#4774,#4775,#4776,#4777,#4778,#4779,
    #4780,#4781,#4782,#4783,#4784,#4785,#4786,#4787,#4788,#4789,#4790,
    #4791),.UNSPECIFIED.,.F.,.F.,(8,6,6,6,6,6,6,6,8),(0.,0.260669168019,
    0.345614363457,0.394288634353,0.500148071354,0.606011722414,
    0.654690479039,0.738656755918,1.),.UNSPECIFIED.);
#4742 = CARTESIAN_POINT('',(-1.579053101194,-50.84185913306));
#4743 = CARTESIAN_POINT('',(-1.551817837128,-50.17272820732));
#4744 = CARTESIAN_POINT('',(-1.521959241136,-49.53625728815));
#4745 = CARTESIAN_POINT('',(-1.489570559427,-48.93791135433));
#4746 = CARTESIAN_POINT('',(-1.454788129688,-48.38301697763));
#4747 = CARTESIAN_POINT('',(-1.417773778762,-47.87688627804));
#4748 = CARTESIAN_POINT('',(-1.378700850621,-47.42489364622));
#4749 = CARTESIAN_POINT('',(-1.32440742381,-46.90461258106));
#4750 = CARTESIAN_POINT('',(-1.310866624765,-46.78309142106));
#4751 = CARTESIAN_POINT('',(-1.297139498501,-46.66814366309));
#4752 = CARTESIAN_POINT('',(-1.283236287216,-46.55997574416));
#4753 = CARTESIAN_POINT('',(-1.269167291773,-46.45878177076));
#4754 = CARTESIAN_POINT('',(-1.254942906281,-46.36474448675));
#4755 = CARTESIAN_POINT('',(-1.232339956369,-46.22835172884));
#4756 = CARTESIAN_POINT('',(-1.224059082411,-46.18107595708));
#4757 = CARTESIAN_POINT('',(-1.215733591042,-46.13624430413));
#4758 = CARTESIAN_POINT('',(-1.20736604744,-46.09388984651));
#4759 = CARTESIAN_POINT('',(-1.198959021728,-46.0540433593));
#4760 = CARTESIAN_POINT('',(-1.190515088975,-46.01673331604));
#4761 = CARTESIAN_POINT('',(-1.163597851247,-45.90641530462));
#4762 = CARTESIAN_POINT('',(-1.144994082715,-45.84295615907));
#4763 = CARTESIAN_POINT('',(-1.12625807972,-45.7919081949));
#4764 = CARTESIAN_POINT('',(-1.107422362466,-45.75349618566));
#4765 = CARTESIAN_POINT('',(-1.088519463585,-45.72787083426));
#4766 = CARTESIAN_POINT('',(-1.069581976473,-45.71510967147));
#4767 = CARTESIAN_POINT('',(-1.031702476866,-45.71532624183));
#4768 = CARTESIAN_POINT('',(-1.012764731662,-45.72830497516));
#4769 = CARTESIAN_POINT('',(-0.993862058472,-45.75414798344));
#4770 = CARTESIAN_POINT('',(-0.975027038647,-45.79277687574));
#4771 = CARTESIAN_POINT('',(-0.956292192618,-45.84404013809));
#4772 = CARTESIAN_POINT('',(-0.937690028061,-45.90771223035));
#4773 = CARTESIAN_POINT('',(-0.910775321565,-46.01833843209));
#4774 = CARTESIAN_POINT('',(-0.902331975409,-46.05574642864));
#4775 = CARTESIAN_POINT('',(-0.893925627034,-46.09569044317));
#4776 = CARTESIAN_POINT('',(-0.885558849132,-46.13814194747));
#4777 = CARTESIAN_POINT('',(-0.877234209649,-46.18307011465));
#4778 = CARTESIAN_POINT('',(-0.868954271792,-46.23044181913));
#4779 = CARTESIAN_POINT('',(-0.846520999158,-46.36608714011));
#4780 = CARTESIAN_POINT('',(-0.832462141052,-46.45911071672));
#4781 = CARTESIAN_POINT('',(-0.818555182905,-46.55912573618));
#4782 = CARTESIAN_POINT('',(-0.804810165877,-46.66595563075));
#4783 = CARTESIAN_POINT('',(-0.791237041762,-46.77941298208));
#4784 = CARTESIAN_POINT('',(-0.777845705667,-46.89929860804));
#4785 = CARTESIAN_POINT('',(-0.723562315911,-47.41789056098));
#4786 = CARTESIAN_POINT('',(-0.684361958752,-47.87034660603));
#4787 = CARTESIAN_POINT('',(-0.647228842356,-48.3772783562));
#4788 = CARTESIAN_POINT('',(-0.612337822477,-48.93326951735));
#4789 = CARTESIAN_POINT('',(-0.579852192076,-49.53296640245));
#4790 = CARTESIAN_POINT('',(-0.549909552281,-50.17099982669));
#4791 = CARTESIAN_POINT('',(-0.522603938898,-50.84185913306));
#4792 = ( GEOMETRIC_REPRESENTATION_CONTEXT(2) 
PARAMETRIC_REPRESENTATION_CONTEXT() REPRESENTATION_CONTEXT('2D SPACE',''
  ) );
#4793 = ORIENTED_EDGE('',*,*,#4467,.T.);
#4794 = ORIENTED_EDGE('',*,*,#4009,.T.);
#4795 = ADVANCED_FACE('',(#4796),#4330,.F.);
#4796 = FACE_BOUND('',#4797,.T.);
#4797 = EDGE_LOOP('',(#4798,#4799));
#4798 = ORIENTED_EDGE('',*,*,#4632,.F.);
#4799 = ORIENTED_EDGE('',*,*,#4064,.T.);
#4800 = ADVANCED_FACE('',(#4801),#3843,.F.);
#4801 = FACE_BOUND('',#4802,.T.);
#4802 = EDGE_LOOP('',(#4803));
#4803 = ORIENTED_EDGE('',*,*,#3523,.F.);
#4804 = ORIENTED_CLOSED_SHELL('',*,#4805,.F.);
#4805 = CLOSED_SHELL('',(#4806,#6026,#6698,#6703));
#4806 = ADVANCED_FACE('',(#4807),#4981,.F.);
#4807 = FACE_BOUND('',#4808,.T.);
#4808 = EDGE_LOOP('',(#4809,#5324,#5525));
#4809 = ORIENTED_EDGE('',*,*,#4810,.T.);
#4810 = EDGE_CURVE('',#4811,#4813,#4815,.T.);
#4811 = VERTEX_POINT('',#4812);
#4812 = CARTESIAN_POINT('',(28.300962199379,792.26654372028,
    -64.65103575948));
#4813 = VERTEX_POINT('',#4814);
#4814 = CARTESIAN_POINT('',(2.173147520439,787.32481837037,
    -75.98310913557));
#4815 = SURFACE_CURVE('',#4816,(#4980,#5152),.PCURVE_S1.);
#4816 = B_SPLINE_CURVE_WITH_KNOTS('',8,(#4817,#4818,#4819,#4820,#4821,
    #4822,#4823,#4824,#4825,#4826,#4827,#4828,#4829,#4830,#4831,#4832,
    #4833,#4834,#4835,#4836,#4837,#4838,#4839,#4840,#4841,#4842,#4843,
    #4844,#4845,#4846,#4847,#4848,#4849,#4850,#4851,#4852,#4853,#4854,
    #4855,#4856,#4857,#4858,#4859,#4860,#4861,#4862,#4863,#4864,#4865,
    #4866,#4867,#4868,#4869,#4870,#4871,#4872,#4873,#4874,#4875,#4876,
    #4877,#4878,#4879,#4880,#4881,#4882,#4883,#4884,#4885,#4886,#4887,
    #4888,#4889,#4890,#4891,#4892,#4893,#4894,#4895,#4896,#4897,#4898,
    #4899,#4900,#4901,#4902,#4903,#4904,#4905,#4906,#4907,#4908,#4909,
    #4910,#4911,#4912,#4913,#4914,#4915,#4916,#4917,#4918,#4919,#4920,
    #4921,#4922,#4923,#4924,#4925,#4926,#4927,#4928,#4929,#4930,#4931,
    #4932,#4933,#4934,#4935,#4936,#4937,#4938,#4939,#4940,#4941,#4942,
    #4943,#4944,#4945,#4946,#4947,#4948,#4949,#4950,#4951,#4952,#4953,
    #4954,#4955,#4956,#4957,#4958,#4959,#4960,#4961,#4962,#4963,#4964,
    #4965,#4966,#4967,#4968,#4969,#4970,#4971,#4972,#4973,#4974,#4975,
    #4976,#4977,#4978,#4979),.UNSPECIFIED.,.T.,.F.,(9,7,7,7,7,7,7,7,7,7,
    7,7,7,7,7,7,7,7,7,7,7,7,7,9),(0.,1.936138110247E-02,
    3.248958703847E-02,4.701722823673E-02,7.055901812433E-02,
    9.504372723755E-02,0.118984454518,0.140821505096,0.21573606128,
    0.350229826974,0.418433278783,0.472809955374,0.507031401777,
    0.532955572249,0.571447745642,0.593115697106,0.647262711198,
    0.715111071013,0.755845910146,0.849701858933,0.929533929112,
    0.952074535636,0.976002113148,1.),.UNSPECIFIED.);
#4817 = CARTESIAN_POINT('',(28.300962199379,792.26654372028,
    -64.65103575948));
#4818 = CARTESIAN_POINT('',(28.393825788765,792.12342454135,
    -64.83503749511));
#4819 = CARTESIAN_POINT('',(28.481686767666,791.97873368188,
    -65.02510584612));
#4820 = CARTESIAN_POINT('',(28.563893392728,791.83281651583,
    -65.22114651135));
#4821 = CARTESIAN_POINT('',(28.639823667607,791.68601337165,
    -65.42305778553));
#4822 = CARTESIAN_POINT('',(28.708884803673,791.53865846084,
    -65.63072993948));
#4823 = CARTESIAN_POINT('',(28.770512680718,791.39107880635,
    -65.84404460048));
#4824 = CARTESIAN_POINT('',(28.824171307661,791.24359317106,
    -66.06287413245));
#4825 = CARTESIAN_POINT('',(28.899987760592,790.99678022838,
    -66.43910705864));
#4826 = CARTESIAN_POINT('',(28.926704736133,790.89730247667,
    -66.59350248423));
#4827 = CARTESIAN_POINT('',(28.949317082074,790.79829334476,
    -66.75003653234));
#4828 = CARTESIAN_POINT('',(28.967674226959,790.69995607152,
    -66.9084728524));
#4829 = CARTESIAN_POINT('',(28.981661080625,790.60248141025,
    -67.06856938194));
#4830 = CARTESIAN_POINT('',(28.991197959147,790.50604751778,
    -67.23007822461));
#4831 = CARTESIAN_POINT('',(28.996240509775,790.41081984373,
    -67.39274552812));
#4832 = CARTESIAN_POINT('',(28.997376231536,790.21307600396,
    -67.73731292193));
#4833 = CARTESIAN_POINT('',(28.992457593449,790.11095887648,
    -67.91925113195));
#4834 = CARTESIAN_POINT('',(28.982028649776,790.01079874852,
    -68.10177522005));
#4835 = CARTESIAN_POINT('',(28.966146458973,789.91277732388,
    -68.28452257684));
#4836 = CARTESIAN_POINT('',(28.944920337653,789.81705917463,
    -68.46711880918));
#4837 = CARTESIAN_POINT('',(28.91851198844,789.72379201684,
    -68.6491777934));
#4838 = CARTESIAN_POINT('',(28.887135627831,789.63310698639,
    -68.83030172862));
#4839 = CARTESIAN_POINT('',(28.792595130451,789.4025357751,
    -69.30141068046));
#4840 = CARTESIAN_POINT('',(28.721880788652,789.2672637509,
    -69.58874221658));
#4841 = CARTESIAN_POINT('',(28.639867959834,789.13913939554,
    -69.87160603816));
#4842 = CARTESIAN_POINT('',(28.547527545344,789.01797978037,
    -70.14954216574));
#4843 = CARTESIAN_POINT('',(28.445850312398,788.90358572773,
    -70.42209970569));
#4844 = CARTESIAN_POINT('',(28.335848729779,788.79574504399,
    -70.68883615517));
#4845 = CARTESIAN_POINT('',(28.218558803542,788.69423575249,
    -70.94931670722));
#4846 = CARTESIAN_POINT('',(27.966577800295,788.49960158744,
    -71.46707572846));
#4847 = CARTESIAN_POINT('',(27.831060882716,788.40673055518,
    -71.72445957743));
#4848 = CARTESIAN_POINT('',(27.689321196589,788.31977966801,
    -71.97534889356));
#4849 = CARTESIAN_POINT('',(27.542083850198,788.23833425766,
    -72.21987221765));
#4850 = CARTESIAN_POINT('',(27.389970863188,788.16200217136,
    -72.45819898107));
#4851 = CARTESIAN_POINT('',(27.233503006267,788.09041439382,
    -72.69053564641));
#4852 = CARTESIAN_POINT('',(27.073101640899,788.02322566919,
    -72.91712184824));
#4853 = CARTESIAN_POINT('',(26.748723345139,787.89840671689,
    -73.35441889085));
#4854 = CARTESIAN_POINT('',(26.584878498692,787.84058687264,
    -73.56540659796));
#4855 = CARTESIAN_POINT('',(26.417933511391,787.78638761771,
    -73.77133297666));
#4856 = CARTESIAN_POINT('',(26.248206844897,787.7355589119,
    -73.97235674148));
#4857 = CARTESIAN_POINT('',(26.075957590126,787.68786780959,
    -74.16865155943));
#4858 = CARTESIAN_POINT('',(25.901385126574,787.64309762194,
    -74.36040560965));
#4859 = CARTESIAN_POINT('',(25.724628781637,787.60104707908,
    -74.54782114294));
#4860 = CARTESIAN_POINT('',(25.382622777266,787.52548432414,
    -74.89830095453));
#4861 = CARTESIAN_POINT('',(25.217758123324,787.49155348793,
    -75.06202567505));
#4862 = CARTESIAN_POINT('',(25.051313814853,787.45961168866,
    -75.22237221779));
#4863 = CARTESIAN_POINT('',(24.883407469422,787.42954149928,
    -75.37942785557));
#4864 = CARTESIAN_POINT('',(24.714133883173,787.40123294322,
    -75.53328295014));
#4865 = CARTESIAN_POINT('',(24.543564878563,787.37458307683,
    -75.68403078327));
#4866 = CARTESIAN_POINT('',(24.371749152114,787.34949557189,
    -75.83176738778));
#4867 = CARTESIAN_POINT('',(23.605088351561,787.24486533907,
    -76.47342701822));
#4868 = CARTESIAN_POINT('',(22.995782828485,787.18099939659,
    -76.93707775992));
#4869 = CARTESIAN_POINT('',(22.374585118384,787.13117049732,
    -77.36884386751));
#4870 = CARTESIAN_POINT('',(21.743876997229,787.09280097636,
    -77.77015049887));
#4871 = CARTESIAN_POINT('',(21.104869338222,787.06376601408,
    -78.14236371578));
#4872 = CARTESIAN_POINT('',(20.457839007995,787.04231017236,
    -78.48660586029));
#4873 = CARTESIAN_POINT('',(19.802365772282,787.02696193024,
    -78.80357029735));
#4874 = CARTESIAN_POINT('',(17.944062935498,786.99756740991,
    -79.61354973179));
#4875 = CARTESIAN_POINT('',(16.724470217713,786.99432895923,
    -80.04437049134));
#4876 = CARTESIAN_POINT('',(15.481680728617,786.99930185191,
    -80.38394828555));
#4877 = CARTESIAN_POINT('',(14.21730879489,787.00686314492,
    -80.62615193421));
#4878 = CARTESIAN_POINT('',(12.933818130332,787.01229508836,
    -80.76050933073));
#4879 = CARTESIAN_POINT('',(11.635092364232,787.01231580044,
    -80.77199957193));
#4880 = CARTESIAN_POINT('',(10.326694681873,787.00641055224,
    -80.64073484983));
#4881 = CARTESIAN_POINT('',(8.354240730058,787.00024751664,
    -80.18850592958));
#4882 = CARTESIAN_POINT('',(7.690307101194,786.99864034773,
    -79.99289700382));
#4883 = CARTESIAN_POINT('',(7.029497805944,786.99851815837,
    -79.75090589663));
#4884 = CARTESIAN_POINT('',(6.375126952001,787.00143780371,
    -79.45989686058));
#4885 = CARTESIAN_POINT('',(5.730509217777,787.00962502535,-79.11754824)
  );
#4886 = CARTESIAN_POINT('',(5.099063925534,787.02607915674,
    -78.72189369618));
#4887 = CARTESIAN_POINT('',(4.484469017538,787.05465208892,
    -78.27139382051));
#4888 = CARTESIAN_POINT('',(3.417601246202,787.13633702006,
    -77.36133511792));
#4889 = CARTESIAN_POINT('',(2.957982124688,787.18327691599,
    -76.92238564209));
#4890 = CARTESIAN_POINT('',(2.514922809479,787.24324269711,
    -76.44847699831));
#4891 = CARTESIAN_POINT('',(2.09131401391,787.31880868674,
    -75.94041427077));
#4892 = CARTESIAN_POINT('',(1.690046674316,787.41273232363,
    -75.39953348962));
#4893 = CARTESIAN_POINT('',(1.314036734737,787.52785637303,
    -74.82770684422));
#4894 = CARTESIAN_POINT('',(0.966249967854,787.66698304446,
    -74.22733995806));
#4895 = CARTESIAN_POINT('',(0.450525994575,787.93702500923,
    -73.20740743814));
#4896 = CARTESIAN_POINT('',(0.263706615765,788.05187007404,
    -72.80330773534));
#4897 = CARTESIAN_POINT('',(9.021946874594E-02,788.17780455168,
    -72.39017312756));
#4898 = CARTESIAN_POINT('',(-6.906298707018E-02,788.31530177142,
    -71.9692088727));
#4899 = CARTESIAN_POINT('',(-0.213344250443,788.46473927291,
    -71.54169395969));
#4900 = CARTESIAN_POINT('',(-0.341902087714,788.62638166518,
    -71.10896176513));
#4901 = CARTESIAN_POINT('',(-0.454087507044,788.80036612223,
    -70.67238188232));
#4902 = CARTESIAN_POINT('',(-0.621470307189,789.12783900047,
    -69.90075298313));
#4903 = CARTESIAN_POINT('',(-0.683869445017,789.27602876538,
    -69.56684656566));
#4904 = CARTESIAN_POINT('',(-0.73624371273,789.43117862711,
    -69.23240151495));
#4905 = CARTESIAN_POINT('',(-0.778370617522,789.59314585412,
    -68.89819290135));
#4906 = CARTESIAN_POINT('',(-0.810082247358,789.7617243566,
    -68.56498495884));
#4907 = CARTESIAN_POINT('',(-0.83126478105,789.93664439021,
    -68.23352366438));
#4908 = CARTESIAN_POINT('',(-0.841858533068,790.11757377285,
    -67.90453015864));
#4909 = CARTESIAN_POINT('',(-0.841858533068,790.58110511396,
    -67.09489541619));
#4910 = CARTESIAN_POINT('',(-0.818503180223,790.87025435786,
    -66.61844250445));
#4911 = CARTESIAN_POINT('',(-0.771841510556,791.17030249248,
    -66.15148767989));
#4912 = CARTESIAN_POINT('',(-0.702163472314,791.47972632842,
    -65.69600612781));
#4913 = CARTESIAN_POINT('',(-0.6099947578,791.79677083223,-65.2537641829
    ));
#4914 = CARTESIAN_POINT('',(-0.496096439137,792.11948838614,
    -64.82629521182));
#4915 = CARTESIAN_POINT('',(-0.361469407954,792.44579181603,
    -64.41488400739));
#4916 = CARTESIAN_POINT('',(-0.120614639641,792.95800607078,
    -63.79858729562));
#4917 = CARTESIAN_POINT('',(-2.766049935547E-02,793.14301233424,
    -63.58194568711));
#4918 = CARTESIAN_POINT('',(7.131929577579E-02,793.32823059999,
    -63.37073498271));
#4919 = CARTESIAN_POINT('',(0.176137068461,793.51335025442,
    -63.16503508949));
#4920 = CARTESIAN_POINT('',(0.28659658512,793.69806122677,
    -62.96490686237));
#4921 = CARTESIAN_POINT('',(0.402492670806,793.88205576751,
    -62.77039325838));
#4922 = CARTESIAN_POINT('',(0.523610824129,794.0650302268,
    -62.58152049103));
#4923 = CARTESIAN_POINT('',(0.964883771528,794.70063665978,
    -61.94043925837));
#4924 = CARTESIAN_POINT('',(1.311036190201,795.14604757585,
    -61.51818291805));
#4925 = CARTESIAN_POINT('',(1.685182844006,795.57912291041,
    -61.13077486157));
#4926 = CARTESIAN_POINT('',(2.084395448107,795.99641207542,
    -60.77703466021));
#4927 = CARTESIAN_POINT('',(2.505794375698,796.39489600305,
    -60.45548131858));
#4928 = CARTESIAN_POINT('',(2.946524396256,796.77205205941,
    -60.16443819753));
#4929 = CARTESIAN_POINT('',(3.40373045337,797.12589843421,
    -59.90211830003));
#4930 = CARTESIAN_POINT('',(4.464468381306,797.86741790603,
    -59.37168880661));
#4931 = CARTESIAN_POINT('',(5.075292562132,798.2406724067,
    -59.11914016377));
#4932 = CARTESIAN_POINT('',(5.702915886762,798.57323601868,
    -58.90450966713));
#4933 = CARTESIAN_POINT('',(6.343699737441,798.86446420874,
    -58.72375802414));
#4934 = CARTESIAN_POINT('',(6.994259055843,799.11450213815,
    -58.57334972454));
#4935 = CARTESIAN_POINT('',(7.651312350368,799.32418569524,
    -58.45022439343));
#4936 = CARTESIAN_POINT('',(8.311579671385,799.49495482263,
    -58.35173074683));
#4937 = CARTESIAN_POINT('',(9.368069138458,799.70912466313,
    -58.22976958676));
#4938 = CARTESIAN_POINT('',(9.764793844847,799.77623971461,
    -58.19199995371));
#4939 = CARTESIAN_POINT('',(10.161576241756,799.83058027256,
    -58.16169170114));
#4940 = CARTESIAN_POINT('',(10.558110348226,799.87260771361,
    -58.1383983207));
#4941 = CARTESIAN_POINT('',(10.954106867272,799.90278524822,
    -58.1217373992));
#4942 = CARTESIAN_POINT('',(11.349289711342,799.92157488892,
    -58.11138055196));
#4943 = CARTESIAN_POINT('',(11.74339282013,799.92943495063,
    -58.10704523551));
#4944 = CARTESIAN_POINT('',(13.041114328384,799.92078863589,
    -58.11181368333));
#4945 = CARTESIAN_POINT('',(13.939152620474,799.8591390109,
    -58.14581567383));
#4946 = CARTESIAN_POINT('',(14.828677047029,799.74735406929,
    -58.20755122664));
#4947 = CARTESIAN_POINT('',(15.708582150456,799.5902363175,
    -58.2954661929));
#4948 = CARTESIAN_POINT('',(16.578146642571,799.39177930704,
    -58.40898396502));
#4949 = CARTESIAN_POINT('',(17.436867154559,799.15514675176,
    -58.54833919542));
#4950 = CARTESIAN_POINT('',(18.284214995493,798.88273079001,
    -58.71457727453));
#4951 = CARTESIAN_POINT('',(19.829606744676,798.31558704003,
    -59.07555682561));
#4952 = CARTESIAN_POINT('',(20.528925578563,798.03105149254,
    -59.26183385583));
#4953 = CARTESIAN_POINT('',(21.218535491376,797.72334066502,
    -59.46985617084));
#4954 = CARTESIAN_POINT('',(21.899090487454,797.39254746334,
    -59.7016608444));
#4955 = CARTESIAN_POINT('',(22.57027285099,797.03846926777,
    -59.95989267124));
#4956 = CARTESIAN_POINT('',(23.230460244801,796.66091133308,
    -60.24777735752));
#4957 = CARTESIAN_POINT('',(23.876398325248,796.25998177213,
    -60.5690922358));
#4958 = CARTESIAN_POINT('',(24.67975553725,795.71675331,-61.02948447091)
  );
#4959 = CARTESIAN_POINT('',(24.855237592739,795.59523456978,
    -61.13394600918));
#4960 = CARTESIAN_POINT('',(25.02928467187,795.47175525668,
    -61.24165588181));
#4961 = CARTESIAN_POINT('',(25.201834013913,795.34627210989,
    -61.35277560086));
#4962 = CARTESIAN_POINT('',(25.372792640041,795.21874995693,
    -61.46747171383));
#4963 = CARTESIAN_POINT('',(25.542037550504,795.08916217604,
    -61.58591614254));
#4964 = CARTESIAN_POINT('',(25.709415921809,794.95749115861,
    -61.70828652197));
#4965 = CARTESIAN_POINT('',(26.050247751035,794.68173570317,
    -61.9690291381));
#4966 = CARTESIAN_POINT('',(26.223409418325,794.53741187948,
    -62.10789817553));
#4967 = CARTESIAN_POINT('',(26.394123721372,794.39065884094,
    -62.25167592572));
#4968 = CARTESIAN_POINT('',(26.562215114161,794.24140142463,
    -62.40066987931));
#4969 = CARTESIAN_POINT('',(26.727439440828,794.08958860735,
    -62.55519323461));
#4970 = CARTESIAN_POINT('',(26.889484287434,793.93519434877,
    -62.71556538893));
#4971 = CARTESIAN_POINT('',(27.04796933373,793.7782184346,
    -62.88211242995));
#4972 = CARTESIAN_POINT('',(27.35737799597,793.45868743487,
    -63.22873133344));
#4973 = CARTESIAN_POINT('',(27.50834834712,793.29604454257,
    -63.40892065587));
#4974 = CARTESIAN_POINT('',(27.654935620516,793.13074249391,
    -63.59612382866));
#4975 = CARTESIAN_POINT('',(27.796627741102,792.96280272957,
    -63.79073253781));
#4976 = CARTESIAN_POINT('',(27.93282103247,792.79228665044,
    -63.99313939402));
#4977 = CARTESIAN_POINT('',(28.062818552693,792.61929798827,
    -64.20373540592));
#4978 = CARTESIAN_POINT('',(28.185828430152,792.44398517638,
    -64.42290745314));
#4979 = CARTESIAN_POINT('',(28.300962199379,792.26654372028,
    -64.65103575948));
#4980 = PCURVE('',#4981,#4986);
#4981 = CYLINDRICAL_SURFACE('',#4982,25.);
#4982 = AXIS2_PLACEMENT_3D('',#4983,#4984,#4985);
#4983 = CARTESIAN_POINT('',(-50.,812.,-80.));
#4984 = DIRECTION('',(-1.,-0.,0.));
#4985 = DIRECTION('',(0.,0.,1.));
#4986 = DEFINITIONAL_REPRESENTATION('',(#4987),#5151);
#4987 = B_SPLINE_CURVE_WITH_KNOTS('',8,(#4988,#4989,#4990,#4991,#4992,
    #4993,#4994,#4995,#4996,#4997,#4998,#4999,#5000,#5001,#5002,#5003,
    #5004,#5005,#5006,#5007,#5008,#5009,#5010,#5011,#5012,#5013,#5014,
    #5015,#5016,#5017,#5018,#5019,#5020,#5021,#5022,#5023,#5024,#5025,
    #5026,#5027,#5028,#5029,#5030,#5031,#5032,#5033,#5034,#5035,#5036,
    #5037,#5038,#5039,#5040,#5041,#5042,#5043,#5044,#5045,#5046,#5047,
    #5048,#5049,#5050,#5051,#5052,#5053,#5054,#5055,#5056,#5057,#5058,
    #5059,#5060,#5061,#5062,#5063,#5064,#5065,#5066,#5067,#5068,#5069,
    #5070,#5071,#5072,#5073,#5074,#5075,#5076,#5077,#5078,#5079,#5080,
    #5081,#5082,#5083,#5084,#5085,#5086,#5087,#5088,#5089,#5090,#5091,
    #5092,#5093,#5094,#5095,#5096,#5097,#5098,#5099,#5100,#5101,#5102,
    #5103,#5104,#5105,#5106,#5107,#5108,#5109,#5110,#5111,#5112,#5113,
    #5114,#5115,#5116,#5117,#5118,#5119,#5120,#5121,#5122,#5123,#5124,
    #5125,#5126,#5127,#5128,#5129,#5130,#5131,#5132,#5133,#5134,#5135,
    #5136,#5137,#5138,#5139,#5140,#5141,#5142,#5143,#5144,#5145,#5146,
    #5147,#5148,#5149,#5150),.UNSPECIFIED.,.T.,.F.,(9,7,7,7,7,7,7,7,7,7,
    7,7,7,7,7,7,7,7,7,7,7,7,7,9),(0.,1.936138110247E-02,
    3.248958703847E-02,4.701722823673E-02,7.055901812433E-02,
    9.504372723755E-02,0.118984454518,0.140821505096,0.21573606128,
    0.350229826974,0.418433278783,0.472809955374,0.507031401777,
    0.532955572249,0.571447745642,0.593115697106,0.647262711198,
    0.715111071013,0.755845910146,0.849701858933,0.929533929112,
    0.952074535636,0.976002113148,1.),.UNSPECIFIED.);
#4988 = CARTESIAN_POINT('',(-0.909730409842,-78.30096219937));
#4989 = CARTESIAN_POINT('',(-0.919054764026,-78.39382578876));
#4990 = CARTESIAN_POINT('',(-0.928609262114,-78.48168676766));
#4991 = CARTESIAN_POINT('',(-0.938383675173,-78.56389339272));
#4992 = CARTESIAN_POINT('',(-0.948367929543,-78.6398236676));
#4993 = CARTESIAN_POINT('',(-0.95855210178,-78.70888480367));
#4994 = CARTESIAN_POINT('',(-0.968926413604,-78.77051268071));
#4995 = CARTESIAN_POINT('',(-0.979481226846,-78.82417130766));
#4996 = CARTESIAN_POINT('',(-0.997479797608,-78.89998776059));
#4997 = CARTESIAN_POINT('',(-1.004826251346,-78.92670473613));
#4998 = CARTESIAN_POINT('',(-1.012234536312,-78.94931708207));
#4999 = CARTESIAN_POINT('',(-1.019692925298,-78.96767422695));
#5000 = CARTESIAN_POINT('',(-1.027189805301,-78.98166108062));
#5001 = CARTESIAN_POINT('',(-1.034713655622,-78.99119795914));
#5002 = CARTESIAN_POINT('',(-1.042253025986,-78.99624050977));
#5003 = CARTESIAN_POINT('',(-1.058144121105,-78.99737623153));
#5004 = CARTESIAN_POINT('',(-1.066489222808,-78.99245759344));
#5005 = CARTESIAN_POINT('',(-1.074816573946,-78.98202864977));
#5006 = CARTESIAN_POINT('',(-1.08311086021,-78.96614645897));
#5007 = CARTESIAN_POINT('',(-1.091356662772,-78.94492033765));
#5008 = CARTESIAN_POINT('',(-1.099538422275,-78.91851198844));
#5009 = CARTESIAN_POINT('',(-1.107640402813,-78.88713562783));
#5010 = CARTESIAN_POINT('',(-1.128620649827,-78.79259513045));
#5011 = CARTESIAN_POINT('',(-1.141322445107,-78.72188078865));
#5012 = CARTESIAN_POINT('',(-1.153741376415,-78.63986795983));
#5013 = CARTESIAN_POINT('',(-1.165866867194,-78.54752754534));
#5014 = CARTESIAN_POINT('',(-1.177688365038,-78.44585031239));
#5015 = CARTESIAN_POINT('',(-1.189195277056,-78.33584872977));
#5016 = CARTESIAN_POINT('',(-1.200376905237,-78.21855880354));
#5017 = CARTESIAN_POINT('',(-1.222502252233,-77.96657780029));
#5018 = CARTESIAN_POINT('',(-1.233446350735,-77.83106088271));
#5019 = CARTESIAN_POINT('',(-1.244066134614,-77.68932119658));
#5020 = CARTESIAN_POINT('',(-1.25437390221,-77.54208385019));
#5021 = CARTESIAN_POINT('',(-1.264382733013,-77.38997086318));
#5022 = CARTESIAN_POINT('',(-1.274106427761,-77.23350300626));
#5023 = CARTESIAN_POINT('',(-1.283559448536,-77.07310164089));
#5024 = CARTESIAN_POINT('',(-1.301749928434,-76.74872334513));
#5025 = CARTESIAN_POINT('',(-1.310500117203,-76.58487849869));
#5026 = CARTESIAN_POINT('',(-1.319016982329,-76.41793351139));
#5027 = CARTESIAN_POINT('',(-1.3273102354,-76.24820684489));
#5028 = CARTESIAN_POINT('',(-1.335389775841,-76.07595759012));
#5029 = CARTESIAN_POINT('',(-1.343265724343,-75.90138512657));
#5030 = CARTESIAN_POINT('',(-1.350948456267,-75.72462878163));
#5031 = CARTESIAN_POINT('',(-1.365289771591,-75.38262277726));
#5032 = CARTESIAN_POINT('',(-1.371977707235,-75.21775812332));
#5033 = CARTESIAN_POINT('',(-1.378517269607,-75.05131381485));
#5034 = CARTESIAN_POINT('',(-1.384913258604,-74.88340746942));
#5035 = CARTESIAN_POINT('',(-1.391170455818,-74.71413388317));
#5036 = CARTESIAN_POINT('',(-1.397293633936,-74.54356487856));
#5037 = CARTESIAN_POINT('',(-1.40328756615,-74.37174915211));
#5038 = CARTESIAN_POINT('',(-1.429292936886,-73.60508835156));
#5039 = CARTESIAN_POINT('',(-1.448008364581,-72.99578282848));
#5040 = CARTESIAN_POINT('',(-1.46538705283,-72.37458511838));
#5041 = CARTESIAN_POINT('',(-1.481507052474,-71.74387699722));
#5042 = CARTESIAN_POINT('',(-1.496436944437,-71.10486933822));
#5043 = CARTESIAN_POINT('',(-1.510231038019,-70.45783900799));
#5044 = CARTESIAN_POINT('',(-1.522923554068,-69.80236577228));
#5045 = CARTESIAN_POINT('',(-1.555344059234,-67.94406293549));
#5046 = CARTESIAN_POINT('',(-1.572570229175,-66.72447021771));
#5047 = CARTESIAN_POINT('',(-1.586151069559,-65.4816807286));
#5048 = CARTESIAN_POINT('',(-1.595842845515,-64.2173087949));
#5049 = CARTESIAN_POINT('',(-1.601223463481,-62.93381813031));
#5050 = CARTESIAN_POINT('',(-1.601680610319,-61.63509236423));
#5051 = CARTESIAN_POINT('',(-1.596427257095,-60.32669468187));
#5052 = CARTESIAN_POINT('',(-1.578336420549,-58.35424073005));
#5053 = CARTESIAN_POINT('',(-1.570511894662,-57.69030710119));
#5054 = CARTESIAN_POINT('',(-1.560832790529,-57.02949780594));
#5055 = CARTESIAN_POINT('',(-1.549193210798,-56.375126952));
#5056 = CARTESIAN_POINT('',(-1.535498447286,-55.73050921777));
#5057 = CARTESIAN_POINT('',(-1.519664031197,-55.09906392553));
#5058 = CARTESIAN_POINT('',(-1.501613994405,-54.48446901753));
#5059 = CARTESIAN_POINT('',(-1.465065303153,-53.4176012462));
#5060 = CARTESIAN_POINT('',(-1.447409795404,-52.95798212468));
#5061 = CARTESIAN_POINT('',(-1.428308367314,-52.51492280947));
#5062 = CARTESIAN_POINT('',(-1.40777270735,-52.09131401391));
#5063 = CARTESIAN_POINT('',(-1.38582798803,-51.69004667431));
#5064 = CARTESIAN_POINT('',(-1.362511636243,-51.31403673473));
#5065 = CARTESIAN_POINT('',(-1.337872529581,-50.96624996785));
#5066 = CARTESIAN_POINT('',(-1.295669496364,-50.45052599457));
#5067 = CARTESIAN_POINT('',(-1.278868147595,-50.26370661576));
#5068 = CARTESIAN_POINT('',(-1.261597309537,-50.09021946874));
#5069 = CARTESIAN_POINT('',(-1.243890436408,-49.93093701293));
#5070 = CARTESIAN_POINT('',(-1.225783153765,-49.78665574955));
#5071 = CARTESIAN_POINT('',(-1.207312885562,-49.65809791228));
#5072 = CARTESIAN_POINT('',(-1.188518653969,-49.54591249295));
#5073 = CARTESIAN_POINT('',(-1.154988974124,-49.37852969281));
#5074 = CARTESIAN_POINT('',(-1.140378397082,-49.31613055498));
#5075 = CARTESIAN_POINT('',(-1.125634626198,-49.26375628727));
#5076 = CARTESIAN_POINT('',(-1.110783403436,-49.22162938247));
#5077 = CARTESIAN_POINT('',(-1.095850796292,-49.18991775264));
#5078 = CARTESIAN_POINT('',(-1.080863109081,-49.16873521895));
#5079 = CARTESIAN_POINT('',(-1.065846816585,-49.15814146693));
#5080 = CARTESIAN_POINT('',(-1.028529373578,-49.15814146693));
#5081 = CARTESIAN_POINT('',(-1.006243484919,-49.18149681977));
#5082 = CARTESIAN_POINT('',(-0.984053831756,-49.22815848944));
#5083 = CARTESIAN_POINT('',(-0.962042381363,-49.29783652768));
#5084 = CARTESIAN_POINT('',(-0.940289981098,-49.3900052422));
#5085 = CARTESIAN_POINT('',(-0.918875942596,-49.50390356086));
#5086 = CARTESIAN_POINT('',(-0.897877319632,-49.63853059204));
#5087 = CARTESIAN_POINT('',(-0.865822739187,-49.87938536035));
#5088 = CARTESIAN_POINT('',(-0.854428258433,-49.97233950064));
#5089 = CARTESIAN_POINT('',(-0.84319307508,-50.07131929577));
#5090 = CARTESIAN_POINT('',(-0.832125506423,-50.17613706846));
#5091 = CARTESIAN_POINT('',(-0.821233547773,-50.28659658512));
#5092 = CARTESIAN_POINT('',(-0.810524870847,-50.4024926708));
#5093 = CARTESIAN_POINT('',(-0.800006822162,-50.52361082412));
#5094 = CARTESIAN_POINT('',(-0.763896309908,-50.96488377152));
#5095 = CARTESIAN_POINT('',(-0.73935803027,-51.3110361902));
#5096 = CARTESIAN_POINT('',(-0.716130809972,-51.685182844));
#5097 = CARTESIAN_POINT('',(-0.694262992517,-52.0843954481));
#5098 = CARTESIAN_POINT('',(-0.673791665622,-52.50579437569));
#5099 = CARTESIAN_POINT('',(-0.65474187211,-52.94652439625));
#5100 = CARTESIAN_POINT('',(-0.637125403541,-53.40373045337));
#5101 = CARTESIAN_POINT('',(-0.60065719109,-54.4644683813));
#5102 = CARTESIAN_POINT('',(-0.582636668598,-55.07529256213));
#5103 = CARTESIAN_POINT('',(-0.566809736785,-55.70291588676));
#5104 = CARTESIAN_POINT('',(-0.553102418666,-56.34369973744));
#5105 = CARTESIAN_POINT('',(-0.541432194484,-56.99425905584));
#5106 = CARTESIAN_POINT('',(-0.531706325003,-57.65131235036));
#5107 = CARTESIAN_POINT('',(-0.523820936202,-58.31157967138));
#5108 = CARTESIAN_POINT('',(-0.513962478299,-59.36806913845));
#5109 = CARTESIAN_POINT('',(-0.510882004325,-59.76479384484));
#5110 = CARTESIAN_POINT('',(-0.508393176472,-60.16157624175));
#5111 = CARTESIAN_POINT('',(-0.506471145343,-60.55811034822));
#5112 = CARTESIAN_POINT('',(-0.505092293074,-60.95410686727));
#5113 = CARTESIAN_POINT('',(-0.504234096633,-61.34928971134));
#5114 = CARTESIAN_POINT('',(-0.503875040465,-61.74339282013));
#5115 = CARTESIAN_POINT('',(-0.504270002444,-63.04111432838));
#5116 = CARTESIAN_POINT('',(-0.50708617975,-63.93915262047));
#5117 = CARTESIAN_POINT('',(-0.512194191112,-64.82867704703));
#5118 = CARTESIAN_POINT('',(-0.519395659381,-65.70858215045));
#5119 = CARTESIAN_POINT('',(-0.528539929626,-66.57814664257));
#5120 = CARTESIAN_POINT('',(-0.539522714391,-67.43686715456));
#5121 = CARTESIAN_POINT('',(-0.552285739644,-68.28421499549));
#5122 = CARTESIAN_POINT('',(-0.579176876308,-69.82960674467));
#5123 = CARTESIAN_POINT('',(-0.592779261734,-70.52892557856));
#5124 = CARTESIAN_POINT('',(-0.60763361003,-71.21853549137));
#5125 = CARTESIAN_POINT('',(-0.623785842574,-71.89909048745));
#5126 = CARTESIAN_POINT('',(-0.64130845477,-72.57027285098));
#5127 = CARTESIAN_POINT('',(-0.660291561984,-73.2304602448));
#5128 = CARTESIAN_POINT('',(-0.680835721919,-73.87639832524));
#5129 = CARTESIAN_POINT('',(-0.709318928823,-74.67975553725));
#5130 = CARTESIAN_POINT('',(-0.715728640047,-74.85523759273));
#5131 = CARTESIAN_POINT('',(-0.722282563431,-75.02928467187));
#5132 = CARTESIAN_POINT('',(-0.728986639882,-75.20183401391));
#5133 = CARTESIAN_POINT('',(-0.735846777935,-75.37279264004));
#5134 = CARTESIAN_POINT('',(-0.742868866938,-75.5420375505));
#5135 = CARTESIAN_POINT('',(-0.750058790236,-75.7094159218));
#5136 = CARTESIAN_POINT('',(-0.76523918723,-76.05024775103));
#5137 = CARTESIAN_POINT('',(-0.773250270409,-76.22340941832));
#5138 = CARTESIAN_POINT('',(-0.781467590778,-76.39412372137));
#5139 = CARTESIAN_POINT('',(-0.789902658365,-76.56221511416));
#5140 = CARTESIAN_POINT('',(-0.798566631357,-76.72743944082));
#5141 = CARTESIAN_POINT('',(-0.807470357143,-76.88948428743));
#5142 = CARTESIAN_POINT('',(-0.816624413342,-77.04796933373));
#5143 = CARTESIAN_POINT('',(-0.835481548821,-77.35737799597));
#5144 = CARTESIAN_POINT('',(-0.845190462563,-77.50834834712));
#5145 = CARTESIAN_POINT('',(-0.855179037679,-77.65493562051));
#5146 = CARTESIAN_POINT('',(-0.865459792422,-77.7966277411));
#5147 = CARTESIAN_POINT('',(-0.876044570409,-77.93282103247));
#5148 = CARTESIAN_POINT('',(-0.886944495357,-78.06281855269));
#5149 = CARTESIAN_POINT('',(-0.898169925804,-78.18582843015));
#5150 = CARTESIAN_POINT('',(-0.909730409842,-78.30096219937));
#5151 = ( GEOMETRIC_REPRESENTATION_CONTEXT(2) 
PARAMETRIC_REPRESENTATION_CONTEXT() REPRESENTATION_CONTEXT('2D SPACE',''
  ) );
#5152 = PCURVE('',#5153,#5158);
#5153 = CYLINDRICAL_SURFACE('',#5154,13.);
#5154 = AXIS2_PLACEMENT_3D('',#5155,#5156,#5157);
#5155 = CARTESIAN_POINT('',(170.,550.,70.));
#5156 = DIRECTION('',(0.490657783129,-0.756190230469,0.432933338055));
#5157 = DIRECTION('',(0.838882261035,0.544312917466,0.));
#5158 = DEFINITIONAL_REPRESENTATION('',(#5159),#5323);
#5159 = B_SPLINE_CURVE_WITH_KNOTS('',8,(#5160,#5161,#5162,#5163,#5164,
    #5165,#5166,#5167,#5168,#5169,#5170,#5171,#5172,#5173,#5174,#5175,
    #5176,#5177,#5178,#5179,#5180,#5181,#5182,#5183,#5184,#5185,#5186,
    #5187,#5188,#5189,#5190,#5191,#5192,#5193,#5194,#5195,#5196,#5197,
    #5198,#5199,#5200,#5201,#5202,#5203,#5204,#5205,#5206,#5207,#5208,
    #5209,#5210,#5211,#5212,#5213,#5214,#5215,#5216,#5217,#5218,#5219,
    #5220,#5221,#5222,#5223,#5224,#5225,#5226,#5227,#5228,#5229,#5230,
    #5231,#5232,#5233,#5234,#5235,#5236,#5237,#5238,#5239,#5240,#5241,
    #5242,#5243,#5244,#5245,#5246,#5247,#5248,#5249,#5250,#5251,#5252,
    #5253,#5254,#5255,#5256,#5257,#5258,#5259,#5260,#5261,#5262,#5263,
    #5264,#5265,#5266,#5267,#5268,#5269,#5270,#5271,#5272,#5273,#5274,
    #5275,#5276,#5277,#5278,#5279,#5280,#5281,#5282,#5283,#5284,#5285,
    #5286,#5287,#5288,#5289,#5290,#5291,#5292,#5293,#5294,#5295,#5296,
    #5297,#5298,#5299,#5300,#5301,#5302,#5303,#5304,#5305,#5306,#5307,
    #5308,#5309,#5310,#5311,#5312,#5313,#5314,#5315,#5316,#5317,#5318,
    #5319,#5320,#5321,#5322),.UNSPECIFIED.,.F.,.F.,(9,7,7,7,7,7,7,7,7,7,
    7,7,7,7,7,7,7,7,7,7,7,7,7,9),(0.,1.936138110247E-02,
    3.248958703847E-02,4.701722823673E-02,7.055901812433E-02,
    9.504372723755E-02,0.118984454518,0.140821505096,0.21573606128,
    0.350229826974,0.418433278783,0.472809955374,0.507031401777,
    0.532955572249,0.571447745642,0.593115697106,0.647262711198,
    0.715111071013,0.755845910146,0.849701858933,0.929533929112,
    0.952074535636,0.976002113148,1.),.UNSPECIFIED.);
#5160 = CARTESIAN_POINT('',(0.,-311.0202516732));
#5161 = CARTESIAN_POINT('',(-1.844041475806E-02,-310.946122591));
#5162 = CARTESIAN_POINT('',(-3.725471574801E-02,-310.8758860292));
#5163 = CARTESIAN_POINT('',(-5.642445971893E-02,-310.8100821129));
#5164 = CARTESIAN_POINT('',(-7.593299357152E-02,-310.7492293511));
#5165 = CARTESIAN_POINT('',(-9.576536527883E-02,-310.693823822));
#5166 = CARTESIAN_POINT('',(-0.115908234807,-310.6443383598));
#5167 = CARTESIAN_POINT('',(-0.136349785036,-310.6012217401));
#5168 = CARTESIAN_POINT('',(-0.171135743008,-310.540268048));
#5169 = CARTESIAN_POINT('',(-0.185314886493,-310.5187779789));
#5170 = CARTESIAN_POINT('',(-0.199596673682,-310.5005821251));
#5171 = CARTESIAN_POINT('',(-0.213961347641,-310.4858057287));
#5172 = CARTESIAN_POINT('',(-0.228389653318,-310.4745447085));
#5173 = CARTESIAN_POINT('',(-0.242862706907,-310.4668655598));
#5174 = CARTESIAN_POINT('',(-0.257361865215,-310.462805255));
#5175 = CARTESIAN_POINT('',(-0.28792170743,-310.4618907565));
#5176 = CARTESIAN_POINT('',(-0.303969576659,-310.465851267));
#5177 = CARTESIAN_POINT('',(-0.319987483169,-310.4742489618));
#5178 = CARTESIAN_POINT('',(-0.335950567401,-310.4870362619));
#5179 = CARTESIAN_POINT('',(-0.351833615781,-310.5041218906));
#5180 = CARTESIAN_POINT('',(-0.367610846732,-310.5253710428));
#5181 = CARTESIAN_POINT('',(-0.383255696674,-310.5506055542));
#5182 = CARTESIAN_POINT('',(-0.423833632325,-310.6265956587));
#5183 = CARTESIAN_POINT('',(-0.448466403752,-310.6833962188));
#5184 = CARTESIAN_POINT('',(-0.472631857099,-310.7492112443));
#5185 = CARTESIAN_POINT('',(-0.496320570837,-310.8232268855));
#5186 = CARTESIAN_POINT('',(-0.519520600874,-310.9046111918));
#5187 = CARTESIAN_POINT('',(-0.542217316318,-310.9925153544));
#5188 = CARTESIAN_POINT('',(-0.564393235229,-311.08607495));
#5189 = CARTESIAN_POINT('',(-0.608529017096,-311.2866860777));
#5190 = CARTESIAN_POINT('',(-0.63050019163,-311.3943803896));
#5191 = CARTESIAN_POINT('',(-0.651966709434,-311.5067930075));
#5192 = CARTESIAN_POINT('',(-0.672954298434,-311.6233102328));
#5193 = CARTESIAN_POINT('',(-0.69348939814,-311.7434036771));
#5194 = CARTESIAN_POINT('',(-0.713599468761,-311.866628159));
#5195 = CARTESIAN_POINT('',(-0.733313300316,-311.9926196009));
#5196 = CARTESIAN_POINT('',(-0.771579484202,-312.2467119324));
#5197 = CARTESIAN_POINT('',(-0.790151051506,-312.3747244926));
#5198 = CARTESIAN_POINT('',(-0.808395053277,-312.5048047974));
#5199 = CARTESIAN_POINT('',(-0.826330689285,-312.6366762261));
#5200 = CARTESIAN_POINT('',(-0.843977643776,-312.7701106887));
#5201 = CARTESIAN_POINT('',(-0.861356399784,-312.9049279692));
#5202 = CARTESIAN_POINT('',(-0.878488553447,-313.0409950683));
#5203 = CARTESIAN_POINT('',(-0.910819943185,-313.3033975539));
#5204 = CARTESIAN_POINT('',(-0.926053771477,-313.4295134024));
#5205 = CARTESIAN_POINT('',(-0.941108649424,-313.5564458853));
#5206 = CARTESIAN_POINT('',(-0.955994676654,-313.6840862786));
#5207 = CARTESIAN_POINT('',(-0.970722128297,-313.8123440273));
#5208 = CARTESIAN_POINT('',(-0.985301567083,-313.9411464309));
#5209 = CARTESIAN_POINT('',(-0.999743955451,-314.0704383296));
#5210 = CARTESIAN_POINT('',(-1.063176266424,-314.6452819042));
#5211 = CARTESIAN_POINT('',(-1.110922077757,-315.096677463));
#5212 = CARTESIAN_POINT('',(-1.157511245819,-315.5507187697));
#5213 = CARTESIAN_POINT('',(-1.203156958749,-316.0049049808));
#5214 = CARTESIAN_POINT('',(-1.248077142043,-316.4576266178));
#5215 = CARTESIAN_POINT('',(-1.292497437742,-316.9079062881));
#5216 = CARTESIAN_POINT('',(-1.336652569381,-317.3551376139));
#5217 = CARTESIAN_POINT('',(-1.460018808629,-318.5953676154));
#5218 = CARTESIAN_POINT('',(-1.53891910103,-319.3778380594));
#5219 = CARTESIAN_POINT('',(-1.61839088893,-320.1383973958));
#5220 = CARTESIAN_POINT('',(-1.699253833018,-320.8693471359));
#5221 = CARTESIAN_POINT('',(-1.782302113159,-321.5613771987));
#5222 = CARTESIAN_POINT('',(-1.868407273753,-322.2035972748));
#5223 = CARTESIAN_POINT('',(-1.958560606926,-322.7842784157));
#5224 = CARTESIAN_POINT('',(-2.102599775526,-323.5516328957));
#5225 = CARTESIAN_POINT('',(-2.152470741604,-323.7914961476));
#5226 = CARTESIAN_POINT('',(-2.203769007056,-324.0108689553));
#5227 = CARTESIAN_POINT('',(-2.25654092246,-324.2081614017));
#5228 = CARTESIAN_POINT('',(-2.310853909582,-324.3824250761));
#5229 = CARTESIAN_POINT('',(-2.36679608039,-324.5333990344));
#5230 = CARTESIAN_POINT('',(-2.424478198399,-324.6615249667));
#5231 = CARTESIAN_POINT('',(-2.53152330788,-324.8527665372));
#5232 = CARTESIAN_POINT('',(-2.580171893726,-324.9237418654));
#5233 = CARTESIAN_POINT('',(-2.629966307452,-324.9813070535));
#5234 = CARTESIAN_POINT('',(-2.680894577761,-325.0263389766));
#5235 = CARTESIAN_POINT('',(-2.732949790469,-325.0600827345));
#5236 = CARTESIAN_POINT('',(-2.786129665518,-325.0840678009));
#5237 = CARTESIAN_POINT('',(-2.840436115063,-325.0999994746));
#5238 = CARTESIAN_POINT('',(-2.930764582982,-325.1156837612));
#5239 = CARTESIAN_POINT('',(-2.966102987051,-325.1192446262));
#5240 = CARTESIAN_POINT('',(-3.001857637908,-325.120738122));
#5241 = CARTESIAN_POINT('',(-3.037998153855,-325.1206158929));
#5242 = CARTESIAN_POINT('',(-3.074495963826,-325.1193263381));
#5243 = CARTESIAN_POINT('',(-3.111324028519,-325.1172924459));
#5244 = CARTESIAN_POINT('',(-3.148456447269,-325.1148924557));
#5245 = CARTESIAN_POINT('',(-3.214208722092,-325.1105880456));
#5246 = CARTESIAN_POINT('',(-3.242701574678,-325.1087051008));
#5247 = CARTESIAN_POINT('',(-3.271320667385,-325.1069333404));
#5248 = CARTESIAN_POINT('',(-3.300040918776,-325.1053912181));
#5249 = CARTESIAN_POINT('',(-3.328837789787,-325.104171366));
#5250 = CARTESIAN_POINT('',(-3.357687051205,-325.1033369169));
#5251 = CARTESIAN_POINT('',(-3.386564535833,-325.1029195987));
#5252 = CARTESIAN_POINT('',(-3.458328849308,-325.1029195987));
#5253 = CARTESIAN_POINT('',(-3.501186315453,-325.1038395969));
#5254 = CARTESIAN_POINT('',(-3.54394643209,-325.1056778427));
#5255 = CARTESIAN_POINT('',(-3.586538703263,-325.1082799039));
#5256 = CARTESIAN_POINT('',(-3.628892177209,-325.1113412818));
#5257 = CARTESIAN_POINT('',(-3.670933845165,-325.1144264781));
#5258 = CARTESIAN_POINT('',(-3.712587240474,-325.1170045173));
#5259 = CARTESIAN_POINT('',(-3.776954466752,-325.1193432733));
#5260 = CARTESIAN_POINT('',(-3.799997692514,-325.1198431551));
#5261 = CARTESIAN_POINT('',(-3.822895714473,-325.119898036));
#5262 = CARTESIAN_POINT('',(-3.845643267071,-325.1193997128));
#5263 = CARTESIAN_POINT('',(-3.868234944327,-325.1182363426));
#5264 = CARTESIAN_POINT('',(-3.89066512413,-325.1162944764));
#5265 = CARTESIAN_POINT('',(-3.912927892531,-325.1134610927));
#5266 = CARTESIAN_POINT('',(-3.990216347863,-325.1000410236));
#5267 = CARTESIAN_POINT('',(-4.044293464553,-325.0842051816));
#5268 = CARTESIAN_POINT('',(-4.097253804637,-325.0603926878));
#5269 = CARTESIAN_POINT('',(-4.14909917751,-325.0269199802));
#5270 = CARTESIAN_POINT('',(-4.199827265197,-324.9822758081));
#5271 = CARTESIAN_POINT('',(-4.249431191554,-324.9252276485));
#5272 = CARTESIAN_POINT('',(-4.297899110887,-324.8549040809));
#5273 = CARTESIAN_POINT('',(-4.404501021241,-324.6655339298));
#5274 = CARTESIAN_POINT('',(-4.461931426341,-324.5387429713));
#5275 = CARTESIAN_POINT('',(-4.517639411813,-324.3893553592));
#5276 = CARTESIAN_POINT('',(-4.571733176642,-324.2169202756));
#5277 = CARTESIAN_POINT('',(-4.624298867974,-324.0216777549));
#5278 = CARTESIAN_POINT('',(-4.675402438653,-323.8045450388));
#5279 = CARTESIAN_POINT('',(-4.725089232617,-323.5670725014));
#5280 = CARTESIAN_POINT('',(-4.802374917522,-323.1578498105));
#5281 = CARTESIAN_POINT('',(-4.83089704744,-322.9975937584));
#5282 = CARTESIAN_POINT('',(-4.858979499109,-322.8308797333));
#5283 = CARTESIAN_POINT('',(-4.88665092766,-322.658013447));
#5284 = CARTESIAN_POINT('',(-4.91393742383,-322.4793215614));
#5285 = CARTESIAN_POINT('',(-4.940862937675,-322.2951467415));
#5286 = CARTESIAN_POINT('',(-4.967449534298,-322.1058437826));
#5287 = CARTESIAN_POINT('',(-5.054240689026,-321.4646327856));
#5288 = CARTESIAN_POINT('',(-5.113084872407,-320.9921050591));
#5289 = CARTESIAN_POINT('',(-5.170602223581,-320.4978496741));
#5290 = CARTESIAN_POINT('',(-5.227104238163,-319.9853677976));
#5291 = CARTESIAN_POINT('',(-5.28288735579,-319.4577835871));
#5292 = CARTESIAN_POINT('',(-5.33824463846,-318.917837983));
#5293 = CARTESIAN_POINT('',(-5.393473940079,-318.3680518874));
#5294 = CARTESIAN_POINT('',(-5.49603142723,-317.3372049167));
#5295 = CARTESIAN_POINT('',(-5.543166699569,-316.8595612232));
#5296 = CARTESIAN_POINT('',(-5.59060809306,-316.3785706258));
#5297 = CARTESIAN_POINT('',(-5.638650326652,-315.8948644038));
#5298 = CARTESIAN_POINT('',(-5.687575349966,-315.4095902477));
#5299 = CARTESIAN_POINT('',(-5.737653151425,-314.9247934212));
#5300 = CARTESIAN_POINT('',(-5.789145284924,-314.4437877803));
#5301 = CARTESIAN_POINT('',(-5.857327217753,-313.8381494028));
#5302 = CARTESIAN_POINT('',(-5.87248602132,-313.7053813648));
#5303 = CARTESIAN_POINT('',(-5.887805154492,-313.5732411552));
#5304 = CARTESIAN_POINT('',(-5.903297883153,-313.4417967788));
#5305 = CARTESIAN_POINT('',(-5.918976937813,-313.3111393631));
#5306 = CARTESIAN_POINT('',(-5.934854663285,-313.1813835585));
#5307 = CARTESIAN_POINT('',(-5.950943168361,-313.0526679378));
#5308 = CARTESIAN_POINT('',(-5.984569451677,-312.7897967378));
#5309 = CARTESIAN_POINT('',(-6.002132332652,-312.6558183884));
#5310 = CARTESIAN_POINT('',(-6.019968333949,-312.5233290542));
#5311 = CARTESIAN_POINT('',(-6.038101042918,-312.3924911537));
#5312 = CARTESIAN_POINT('',(-6.056552781917,-312.2635214946));
#5313 = CARTESIAN_POINT('',(-6.075344971511,-312.1366919515));
#5314 = CARTESIAN_POINT('',(-6.094498493679,-312.0123301437));
#5315 = CARTESIAN_POINT('',(-6.133627020084,-311.768953034));
#5316 = CARTESIAN_POINT('',(-6.153613183729,-311.6498992549));
#5317 = CARTESIAN_POINT('',(-6.174018801128,-311.5340217685));
#5318 = CARTESIAN_POINT('',(-6.194868846599,-311.4217576157));
#5319 = CARTESIAN_POINT('',(-6.216187323274,-311.3136194));
#5320 = CARTESIAN_POINT('',(-6.237997572769,-311.210196803));
#5321 = CARTESIAN_POINT('',(-6.260322584866,-311.1121580996));
#5322 = CARTESIAN_POINT('',(-6.28318530718,-311.0202516732));
#5323 = ( GEOMETRIC_REPRESENTATION_CONTEXT(2) 
PARAMETRIC_REPRESENTATION_CONTEXT() REPRESENTATION_CONTEXT('2D SPACE',''
  ) );
#5324 = ORIENTED_EDGE('',*,*,#5325,.F.);
#5325 = EDGE_CURVE('',#5326,#4813,#5328,.T.);
#5326 = VERTEX_POINT('',#5327);
#5327 = CARTESIAN_POINT('',(2.173147524244,796.04350032305,
    -60.75447792034));
#5328 = SURFACE_CURVE('',#5329,(#5374,#5447),.PCURVE_S1.);
#5329 = B_SPLINE_CURVE_WITH_KNOTS('',8,(#5330,#5331,#5332,#5333,#5334,
    #5335,#5336,#5337,#5338,#5339,#5340,#5341,#5342,#5343,#5344,#5345,
    #5346,#5347,#5348,#5349,#5350,#5351,#5352,#5353,#5354,#5355,#5356,
    #5357,#5358,#5359,#5360,#5361,#5362,#5363,#5364,#5365,#5366,#5367,
    #5368,#5369,#5370,#5371,#5372,#5373),.UNSPECIFIED.,.F.,.F.,(9,7,7,7,
    7,7,9),(0.903687726703,0.908548057959,0.931441234715,0.944179554919,
    0.969669510968,1.,1.035686356454),.UNSPECIFIED.);
#5330 = CARTESIAN_POINT('',(2.173147524244,796.04350032305,
    -60.75447792034));
#5331 = CARTESIAN_POINT('',(2.209579891518,795.98819110204,
    -60.80033490761));
#5332 = CARTESIAN_POINT('',(2.245715681542,795.93280301949,
    -60.84656381463));
#5333 = CARTESIAN_POINT('',(2.281552691682,795.87734029002,
    -60.89316559805));
#5334 = CARTESIAN_POINT('',(2.317088717139,795.82180714962,
    -60.94014117564));
#5335 = CARTESIAN_POINT('',(2.352321550819,795.76620785467,
    -60.98749142556));
#5336 = CARTESIAN_POINT('',(2.387248983219,795.71054668104,
    -61.03521718552));
#5337 = CARTESIAN_POINT('',(2.421868802304,795.65482792313,
    -61.08331925197));
#5338 = CARTESIAN_POINT('',(2.617786027353,795.3363579662,
    -61.36014520859));
#5339 = CARTESIAN_POINT('',(2.772531623317,795.07245813954,
    -61.59687501963));
#5340 = CARTESIAN_POINT('',(2.920144982277,794.80786839363,
    -61.84201561178));
#5341 = CARTESIAN_POINT('',(3.060366991597,794.54310376864,
    -62.09556977326));
#5342 = CARTESIAN_POINT('',(3.192949044597,794.27867989974,
    -62.35751363655));
#5343 = CARTESIAN_POINT('',(3.317652060149,794.01511055246,-62.627795034
    ));
#5344 = CARTESIAN_POINT('',(3.434245502266,793.75290515807,
    -62.90633185327));
#5345 = CARTESIAN_POINT('',(3.602745395432,793.34770750542,
    -63.35252530298));
#5346 = CARTESIAN_POINT('',(3.660400720574,793.20343590104,
    -63.51455068838));
#5347 = CARTESIAN_POINT('',(3.715429394326,793.05985060721,
    -63.67905251555));
#5348 = CARTESIAN_POINT('',(3.767790780473,792.91704894678,
    -63.84599335959));
#5349 = CARTESIAN_POINT('',(3.817446522247,792.77512636613,
    -64.01533232917));
#5350 = CARTESIAN_POINT('',(3.864360477203,792.63417630722,
    -64.18702499163));
#5351 = CARTESIAN_POINT('',(3.908498652084,792.49429007962,
    -64.36102329801));
#5352 = CARTESIAN_POINT('',(4.032533312565,792.07794501758,
    -64.88996416838));
#5353 = CARTESIAN_POINT('',(4.10400877372,791.80490346861,
    -65.25173652413));
#5354 = CARTESIAN_POINT('',(4.16396376196,791.53724810239,
    -65.62205647925));
#5355 = CARTESIAN_POINT('',(4.21216574566,791.27574074868,
    -66.00032207005));
#5356 = CARTESIAN_POINT('',(4.248439514736,791.02108100836,
    -66.38586860408));
#5357 = CARTESIAN_POINT('',(4.272666108436,790.77389962052,
    -66.77797262337));
#5358 = CARTESIAN_POINT('',(4.284782576971,790.53475323845,
    -67.17585669207));
#5359 = CARTESIAN_POINT('',(4.284782576971,790.02969094301,
    -68.0580321681));
#5360 = CARTESIAN_POINT('',(4.267627339024,789.76744407803,
    -68.54415941947));
#5361 = CARTESIAN_POINT('',(4.233334309416,789.51815324381,
    -69.03569749637));
#5362 = CARTESIAN_POINT('',(4.182029701502,789.28243165594,
    -69.5311847817));
#5363 = CARTESIAN_POINT('',(4.113946892326,789.06072605685,
    -70.02909152051));
#5364 = CARTESIAN_POINT('',(4.029427078565,788.85331417683,
    -70.52783620555));
#5365 = CARTESIAN_POINT('',(3.928922191768,788.66030612044,
    -71.0258041352));
#5366 = CARTESIAN_POINT('',(3.676608007153,788.27144543592,
    -72.10444063695));
#5367 = CARTESIAN_POINT('',(3.518954939796,788.08123510471,
    -72.68383558494));
#5368 = CARTESIAN_POINT('',(3.340823421584,787.91060324954,
    -73.25770920416));
#5369 = CARTESIAN_POINT('',(3.143033426667,787.75895315276,
    -73.82425176112));
#5370 = CARTESIAN_POINT('',(2.926444306669,787.62552128996,
    -74.38170457309));
#5371 = CARTESIAN_POINT('',(2.691958177274,787.50939597065,
    -74.92837874618));
#5372 = CARTESIAN_POINT('',(2.440524737326,787.40954014412,
    -75.46267565096));
#5373 = CARTESIAN_POINT('',(2.173147520439,787.32481837037,
    -75.98310913557));
#5374 = PCURVE('',#4981,#5375);
#5375 = DEFINITIONAL_REPRESENTATION('',(#5376),#5446);
#5376 = B_SPLINE_CURVE_WITH_KNOTS('',3,(#5377,#5378,#5379,#5380,#5381,
    #5382,#5383,#5384,#5385,#5386,#5387,#5388,#5389,#5390,#5391,#5392,
    #5393,#5394,#5395,#5396,#5397,#5398,#5399,#5400,#5401,#5402,#5403,
    #5404,#5405,#5406,#5407,#5408,#5409,#5410,#5411,#5412,#5413,#5414,
    #5415,#5416,#5417,#5418,#5419,#5420,#5421,#5422,#5423,#5424,#5425,
    #5426,#5427,#5428,#5429,#5430,#5431,#5432,#5433,#5434,#5435,#5436,
    #5437,#5438,#5439,#5440,#5441,#5442,#5443,#5444,#5445),
  .UNSPECIFIED.,.F.,.F.,(4,1,1,1,1,1,1,1,1,1,1,1,1,1,1,1,1,1,1,1,1,1,1,1
    ,1,1,1,1,1,1,1,1,1,1,1,1,1,1,1,1,1,1,1,1,1,1,1,1,1,1,1,1,1,1,1,1,1,1
    ,1,1,1,1,1,1,1,1,4),(0.903687726703,0.905687705941,0.90768768518,
    0.909687664419,0.911687643657,0.913687622896,0.915687602135,
    0.917687581373,0.919687560612,0.921687539851,0.923687519089,
    0.925687498328,0.927687477567,0.929687456805,0.931687436044,
    0.933687415283,0.935687394521,0.93768737376,0.939687352999,
    0.941687332237,0.943687311476,0.945687290715,0.947687269953,
    0.949687249192,0.951687228431,0.953687207669,0.955687186908,
    0.957687166147,0.959687145385,0.961687124624,0.963687103863,
    0.965687083101,0.96768706234,0.969687041578,0.971687020817,
    0.973687000056,0.975686979294,0.977686958533,0.979686937772,
    0.98168691701,0.983686896249,0.985686875488,0.987686854726,
    0.989686833965,0.991686813204,0.993686792442,0.995686771681,
    0.99768675092,0.999686730158,1.001686709397,1.003686688636,
    1.005686667874,1.007686647113,1.009686626352,1.01168660559,
    1.013686584829,1.015686564068,1.017686543306,1.019686522545,
    1.021686501784,1.023686481022,1.025686460261,1.027686439499,
    1.029686418738,1.031686397977,1.033686377215,1.035686356454),
  .QUASI_UNIFORM_KNOTS.);
#5377 = CARTESIAN_POINT('',(-0.692235857626,-52.17314752424));
#5378 = CARTESIAN_POINT('',(-0.695389386426,-52.21312508947));
#5379 = CARTESIAN_POINT('',(-0.701734118972,-52.29214265809));
#5380 = CARTESIAN_POINT('',(-0.711362652237,-52.40780521862));
#5381 = CARTESIAN_POINT('',(-0.721101010878,-52.52055270358));
#5382 = CARTESIAN_POINT('',(-0.730947651172,-52.63033444679));
#5383 = CARTESIAN_POINT('',(-0.740900042782,-52.73708933328));
#5384 = CARTESIAN_POINT('',(-0.75095582354,-52.84075944783));
#5385 = CARTESIAN_POINT('',(-0.761112573039,-52.94128734262));
#5386 = CARTESIAN_POINT('',(-0.771367873419,-53.03861672761));
#5387 = CARTESIAN_POINT('',(-0.781719292503,-53.13269224025));
#5388 = CARTESIAN_POINT('',(-0.79216438942,-53.22345947502));
#5389 = CARTESIAN_POINT('',(-0.802700706928,-53.31086489449));
#5390 = CARTESIAN_POINT('',(-0.813325793447,-53.39485595436));
#5391 = CARTESIAN_POINT('',(-0.824037118572,-53.47538049107));
#5392 = CARTESIAN_POINT('',(-0.834832383935,-53.55238884521));
#5393 = CARTESIAN_POINT('',(-0.845708321468,-53.6258255266));
#5394 = CARTESIAN_POINT('',(-0.856661068162,-53.69563363178));
#5395 = CARTESIAN_POINT('',(-0.867687215518,-53.76176177505));
#5396 = CARTESIAN_POINT('',(-0.878783223497,-53.82415999532));
#5397 = CARTESIAN_POINT('',(-0.889945604117,-53.88278094414));
#5398 = CARTESIAN_POINT('',(-0.901170755674,-53.93757897619));
#5399 = CARTESIAN_POINT('',(-0.912455423722,-53.98851234893));
#5400 = CARTESIAN_POINT('',(-0.923796317838,-54.0355408097));
#5401 = CARTESIAN_POINT('',(-0.935188565476,-54.07862031792));
#5402 = CARTESIAN_POINT('',(-0.946627662991,-54.11771230607));
#5403 = CARTESIAN_POINT('',(-0.958109007257,-54.15278141528));
#5404 = CARTESIAN_POINT('',(-0.969628020976,-54.18379606894));
#5405 = CARTESIAN_POINT('',(-0.981180119007,-54.21072829076));
#5406 = CARTESIAN_POINT('',(-0.992760715928,-54.23355373039));
#5407 = CARTESIAN_POINT('',(-1.004365226674,-54.2522516382));
#5408 = CARTESIAN_POINT('',(-1.015989052826,-54.26680485897));
#5409 = CARTESIAN_POINT('',(-1.02762763248,-54.27719982463));
#5410 = CARTESIAN_POINT('',(-1.039276249537,-54.28342655533));
#5411 = CARTESIAN_POINT('',(-1.050930741203,-54.28547865154));
#5412 = CARTESIAN_POINT('',(-1.062584852265,-54.28335333751));
#5413 = CARTESIAN_POINT('',(-1.074232528533,-54.2770540725));
#5414 = CARTESIAN_POINT('',(-1.085869687645,-54.2665877305));
#5415 = CARTESIAN_POINT('',(-1.097491727706,-54.25196462817));
#5416 = CARTESIAN_POINT('',(-1.109094193525,-54.23319851122));
#5417 = CARTESIAN_POINT('',(-1.120672596858,-54.2103065567));
#5418 = CARTESIAN_POINT('',(-1.132222463442,-54.18330937569));
#5419 = CARTESIAN_POINT('',(-1.143739319345,-54.15223102094));
#5420 = CARTESIAN_POINT('',(-1.155218693895,-54.11709899686));
#5421 = CARTESIAN_POINT('',(-1.16665611765,-54.07794427746));
#5422 = CARTESIAN_POINT('',(-1.178047124492,-54.0348013127));
#5423 = CARTESIAN_POINT('',(-1.189387243065,-53.98770809571));
#5424 = CARTESIAN_POINT('',(-1.200672027736,-53.93670602064));
#5425 = CARTESIAN_POINT('',(-1.211896943252,-53.88184053937));
#5426 = CARTESIAN_POINT('',(-1.223057796268,-53.82315885499));
#5427 = CARTESIAN_POINT('',(-1.23414912699,-53.76071869132));
#5428 = CARTESIAN_POINT('',(-1.245165870009,-53.69458101688));
#5429 = CARTESIAN_POINT('',(-1.256106301778,-53.62478936895));
#5430 = CARTESIAN_POINT('',(-1.266967866868,-53.55139246614));
#5431 = CARTESIAN_POINT('',(-1.277748242244,-53.47443845336));
#5432 = CARTESIAN_POINT('',(-1.288445051915,-53.39397645669));
#5433 = CARTESIAN_POINT('',(-1.299055943402,-53.31005618061));
#5434 = CARTESIAN_POINT('',(-1.309578567445,-53.22272803094));
#5435 = CARTESIAN_POINT('',(-1.320010583847,-53.1320430981));
#5436 = CARTESIAN_POINT('',(-1.330349660518,-53.03805317886));
#5437 = CARTESIAN_POINT('',(-1.340593474549,-52.94081078894));
#5438 = CARTESIAN_POINT('',(-1.350739712966,-52.84036917932));
#5439 = CARTESIAN_POINT('',(-1.360786073772,-52.73678235205));
#5440 = CARTESIAN_POINT('',(-1.370730267197,-52.6301050798));
#5441 = CARTESIAN_POINT('',(-1.380570016898,-52.52039291629));
#5442 = CARTESIAN_POINT('',(-1.39030306222,-52.40770224489));
#5443 = CARTESIAN_POINT('',(-1.399927157352,-52.29209018906));
#5444 = CARTESIAN_POINT('',(-1.406269107748,-52.21310675793));
#5445 = CARTESIAN_POINT('',(-1.409421183539,-52.17314752043));
#5446 = ( GEOMETRIC_REPRESENTATION_CONTEXT(2) 
PARAMETRIC_REPRESENTATION_CONTEXT() REPRESENTATION_CONTEXT('2D SPACE',''
  ) );
#5447 = PCURVE('',#5448,#5453);
#5448 = CYLINDRICAL_SURFACE('',#5449,16.);
#5449 = AXIS2_PLACEMENT_3D('',#5450,#5451,#5452);
#5450 = CARTESIAN_POINT('',(-170.,550.,70.));
#5451 = DIRECTION('',(-0.490657783129,-0.756190230469,0.432933338055));
#5452 = DIRECTION('',(0.838882261035,-0.544312917466,0.));
#5453 = DEFINITIONAL_REPRESENTATION('',(#5454),#5524);
#5454 = B_SPLINE_CURVE_WITH_KNOTS('',3,(#5455,#5456,#5457,#5458,#5459,
    #5460,#5461,#5462,#5463,#5464,#5465,#5466,#5467,#5468,#5469,#5470,
    #5471,#5472,#5473,#5474,#5475,#5476,#5477,#5478,#5479,#5480,#5481,
    #5482,#5483,#5484,#5485,#5486,#5487,#5488,#5489,#5490,#5491,#5492,
    #5493,#5494,#5495,#5496,#5497,#5498,#5499,#5500,#5501,#5502,#5503,
    #5504,#5505,#5506,#5507,#5508,#5509,#5510,#5511,#5512,#5513,#5514,
    #5515,#5516,#5517,#5518,#5519,#5520,#5521,#5522,#5523),
  .UNSPECIFIED.,.F.,.F.,(4,1,1,1,1,1,1,1,1,1,1,1,1,1,1,1,1,1,1,1,1,1,1,1
    ,1,1,1,1,1,1,1,1,1,1,1,1,1,1,1,1,1,1,1,1,1,1,1,1,1,1,1,1,1,1,1,1,1,1
    ,1,1,1,1,1,1,1,1,4),(0.903687726703,0.905687705941,0.90768768518,
    0.909687664419,0.911687643657,0.913687622896,0.915687602135,
    0.917687581373,0.919687560612,0.921687539851,0.923687519089,
    0.925687498328,0.927687477567,0.929687456805,0.931687436044,
    0.933687415283,0.935687394521,0.93768737376,0.939687352999,
    0.941687332237,0.943687311476,0.945687290715,0.947687269953,
    0.949687249192,0.951687228431,0.953687207669,0.955687186908,
    0.957687166147,0.959687145385,0.961687124624,0.963687103863,
    0.965687083101,0.96768706234,0.969687041578,0.971687020817,
    0.973687000056,0.975686979294,0.977686958533,0.979686937772,
    0.98168691701,0.983686896249,0.985686875488,0.987686854726,
    0.989686833965,0.991686813204,0.993686792442,0.995686771681,
    0.99768675092,0.999686730158,1.001686709397,1.003686688636,
    1.005686667874,1.007686647113,1.009686626352,1.01168660559,
    1.013686584829,1.015686564068,1.017686543306,1.019686522545,
    1.021686501784,1.023686481022,1.025686460261,1.027686439499,
    1.029686418738,1.031686397977,1.033686377215,1.035686356454),
  .QUASI_UNIFORM_KNOTS.);
#5455 = CARTESIAN_POINT('',(-5.428918377486,-327.1417586847));
#5456 = CARTESIAN_POINT('',(-5.434435922076,-327.1372646934));
#5457 = CARTESIAN_POINT('',(-5.44549658969,-327.1281372922));
#5458 = CARTESIAN_POINT('',(-5.462164266907,-327.1140866049));
#5459 = CARTESIAN_POINT('',(-5.478908513552,-327.0997351142));
#5460 = CARTESIAN_POINT('',(-5.495729387263,-327.0851412114));
#5461 = CARTESIAN_POINT('',(-5.512625309666,-327.0703644434));
#5462 = CARTESIAN_POINT('',(-5.529595061368,-327.0554636335));
#5463 = CARTESIAN_POINT('',(-5.546637385793,-327.040497129));
#5464 = CARTESIAN_POINT('',(-5.563751091243,-327.0255226025));
#5465 = CARTESIAN_POINT('',(-5.580935018593,-327.0105969729));
#5466 = CARTESIAN_POINT('',(-5.598188048007,-326.9957762922));
#5467 = CARTESIAN_POINT('',(-5.615509083743,-326.9811156505));
#5468 = CARTESIAN_POINT('',(-5.632897087484,-326.9666690419));
#5469 = CARTESIAN_POINT('',(-5.650350939463,-326.9524893689));
#5470 = CARTESIAN_POINT('',(-5.667869939946,-326.9386279313));
#5471 = CARTESIAN_POINT('',(-5.685451862253,-326.9251358873));
#5472 = CARTESIAN_POINT('',(-5.703093586967,-326.9120634851));
#5473 = CARTESIAN_POINT('',(-5.720792791362,-326.8994585859));
#5474 = CARTESIAN_POINT('',(-5.738546996328,-326.8873673236));
#5475 = CARTESIAN_POINT('',(-5.756353859114,-326.8758337671));
#5476 = CARTESIAN_POINT('',(-5.774210905065,-326.8648999894));
#5477 = CARTESIAN_POINT('',(-5.792116257402,-326.8546055111));
#5478 = CARTESIAN_POINT('',(-5.810068019603,-326.8449876937));
#5479 = CARTESIAN_POINT('',(-5.828061837399,-326.8360827523));
#5480 = CARTESIAN_POINT('',(-5.846093993831,-326.8279237892));
#5481 = CARTESIAN_POINT('',(-5.864160659292,-326.8205411484));
#5482 = CARTESIAN_POINT('',(-5.882258085519,-326.8139622107));
#5483 = CARTESIAN_POINT('',(-5.900382547137,-326.808211349));
#5484 = CARTESIAN_POINT('',(-5.918530349039,-326.8033098527));
#5485 = CARTESIAN_POINT('',(-5.936697822821,-326.7992758699));
#5486 = CARTESIAN_POINT('',(-5.954881301076,-326.796124357));
#5487 = CARTESIAN_POINT('',(-5.973077191122,-326.7938670364));
#5488 = CARTESIAN_POINT('',(-5.991281672988,-326.7925123633));
#5489 = CARTESIAN_POINT('',(-6.00949180078,-326.7920655019));
#5490 = CARTESIAN_POINT('',(-6.027701365177,-326.7925283039));
#5491 = CARTESIAN_POINT('',(-6.045904470359,-326.7938987249));
#5492 = CARTESIAN_POINT('',(-6.064098294648,-326.7961714527));
#5493 = CARTESIAN_POINT('',(-6.082279194521,-326.7993379186));
#5494 = CARTESIAN_POINT('',(-6.100443741839,-326.8033863235));
#5495 = CARTESIAN_POINT('',(-6.118588439268,-326.8083016707));
#5496 = CARTESIAN_POINT('',(-6.136709789936,-326.8140658077));
#5497 = CARTESIAN_POINT('',(-6.154804272128,-326.8206574756));
#5498 = CARTESIAN_POINT('',(-6.172868339759,-326.8280523677));
#5499 = CARTESIAN_POINT('',(-6.190898414841,-326.8362231953));
#5500 = CARTESIAN_POINT('',(-6.208890886292,-326.8451397646));
#5501 = CARTESIAN_POINT('',(-6.226842091469,-326.8547690511));
#5502 = CARTESIAN_POINT('',(-6.244748360522,-326.8650753238));
#5503 = CARTESIAN_POINT('',(-6.262605826749,-326.8760201229));
#5504 = CARTESIAN_POINT('',(-6.280411110134,-326.8875628217));
#5505 = CARTESIAN_POINT('',(-6.298158742129,-326.8996590507));
#5506 = CARTESIAN_POINT('',(-6.315843788501,-326.9122623371));
#5507 = CARTESIAN_POINT('',(-6.333466614368,-326.925328041));
#5508 = CARTESIAN_POINT('',(-6.351026217643,-326.9388090563));
#5509 = CARTESIAN_POINT('',(-6.368521928759,-326.9526570043));
#5510 = CARTESIAN_POINT('',(-6.385952954453,-326.9668220164));
#5511 = CARTESIAN_POINT('',(-6.403318499226,-326.9812528979));
#5512 = CARTESIAN_POINT('',(-6.42061773202,-326.9958971937));
#5513 = CARTESIAN_POINT('',(-6.437849794361,-327.0107012838));
#5514 = CARTESIAN_POINT('',(-6.455013797405,-327.0256104744));
#5515 = CARTESIAN_POINT('',(-6.472108821958,-327.040569094));
#5516 = CARTESIAN_POINT('',(-6.489133917709,-327.0555205917));
#5517 = CARTESIAN_POINT('',(-6.506088102717,-327.0704076386));
#5518 = CARTESIAN_POINT('',(-6.522970362739,-327.0851722316));
#5519 = CARTESIAN_POINT('',(-6.539779651,-327.0997558018));
#5520 = CARTESIAN_POINT('',(-6.556514886477,-327.11409932));
#5521 = CARTESIAN_POINT('',(-6.573174957778,-327.1281434263));
#5522 = CARTESIAN_POINT('',(-6.584230790084,-327.1372667967));
#5523 = CARTESIAN_POINT('',(-6.589745794903,-327.1417587137));
#5524 = ( GEOMETRIC_REPRESENTATION_CONTEXT(2) 
PARAMETRIC_REPRESENTATION_CONTEXT() REPRESENTATION_CONTEXT('2D SPACE',''
  ) );
#5525 = ORIENTED_EDGE('',*,*,#5526,.T.);
#5526 = EDGE_CURVE('',#5326,#4811,#5527,.T.);
#5527 = SURFACE_CURVE('',#5528,(#5692,#5859),.PCURVE_S1.);
#5528 = B_SPLINE_CURVE_WITH_KNOTS('',8,(#5529,#5530,#5531,#5532,#5533,
    #5534,#5535,#5536,#5537,#5538,#5539,#5540,#5541,#5542,#5543,#5544,
    #5545,#5546,#5547,#5548,#5549,#5550,#5551,#5552,#5553,#5554,#5555,
    #5556,#5557,#5558,#5559,#5560,#5561,#5562,#5563,#5564,#5565,#5566,
    #5567,#5568,#5569,#5570,#5571,#5572,#5573,#5574,#5575,#5576,#5577,
    #5578,#5579,#5580,#5581,#5582,#5583,#5584,#5585,#5586,#5587,#5588,
    #5589,#5590,#5591,#5592,#5593,#5594,#5595,#5596,#5597,#5598,#5599,
    #5600,#5601,#5602,#5603,#5604,#5605,#5606,#5607,#5608,#5609,#5610,
    #5611,#5612,#5613,#5614,#5615,#5616,#5617,#5618,#5619,#5620,#5621,
    #5622,#5623,#5624,#5625,#5626,#5627,#5628,#5629,#5630,#5631,#5632,
    #5633,#5634,#5635,#5636,#5637,#5638,#5639,#5640,#5641,#5642,#5643,
    #5644,#5645,#5646,#5647,#5648,#5649,#5650,#5651,#5652,#5653,#5654,
    #5655,#5656,#5657,#5658,#5659,#5660,#5661,#5662,#5663,#5664,#5665,
    #5666,#5667,#5668,#5669,#5670,#5671,#5672,#5673,#5674,#5675,#5676,
    #5677,#5678,#5679,#5680,#5681,#5682,#5683,#5684,#5685,#5686,#5687,
    #5688,#5689,#5690,#5691),.UNSPECIFIED.,.T.,.F.,(9,7,7,7,7,7,7,7,7,7,
    7,7,7,7,7,7,7,7,7,7,7,7,7,9),(0.,1.936138110247E-02,
    3.248958703847E-02,4.701722823673E-02,7.055901812433E-02,
    9.504372723755E-02,0.118984454518,0.140821505096,0.21573606128,
    0.350229826974,0.418433278783,0.472809955374,0.507031401777,
    0.532955572249,0.571447745642,0.593115697106,0.647262711198,
    0.715111071013,0.755845910146,0.849701858933,0.929533929112,
    0.952074535636,0.976002113148,1.),.UNSPECIFIED.);
#5529 = CARTESIAN_POINT('',(28.300962199379,792.26654372028,
    -64.65103575948));
#5530 = CARTESIAN_POINT('',(28.393825788765,792.12342454135,
    -64.83503749511));
#5531 = CARTESIAN_POINT('',(28.481686767666,791.97873368188,
    -65.02510584612));
#5532 = CARTESIAN_POINT('',(28.563893392728,791.83281651583,
    -65.22114651135));
#5533 = CARTESIAN_POINT('',(28.639823667607,791.68601337165,
    -65.42305778553));
#5534 = CARTESIAN_POINT('',(28.708884803673,791.53865846084,
    -65.63072993948));
#5535 = CARTESIAN_POINT('',(28.770512680718,791.39107880635,
    -65.84404460048));
#5536 = CARTESIAN_POINT('',(28.824171307661,791.24359317106,
    -66.06287413245));
#5537 = CARTESIAN_POINT('',(28.899987760592,790.99678022838,
    -66.43910705864));
#5538 = CARTESIAN_POINT('',(28.926704736133,790.89730247667,
    -66.59350248423));
#5539 = CARTESIAN_POINT('',(28.949317082074,790.79829334476,
    -66.75003653234));
#5540 = CARTESIAN_POINT('',(28.967674226959,790.69995607152,
    -66.9084728524));
#5541 = CARTESIAN_POINT('',(28.981661080625,790.60248141025,
    -67.06856938194));
#5542 = CARTESIAN_POINT('',(28.991197959147,790.50604751778,
    -67.23007822461));
#5543 = CARTESIAN_POINT('',(28.996240509775,790.41081984373,
    -67.39274552812));
#5544 = CARTESIAN_POINT('',(28.997376231536,790.21307600396,
    -67.73731292193));
#5545 = CARTESIAN_POINT('',(28.992457593449,790.11095887648,
    -67.91925113195));
#5546 = CARTESIAN_POINT('',(28.982028649776,790.01079874852,
    -68.10177522005));
#5547 = CARTESIAN_POINT('',(28.966146458973,789.91277732388,
    -68.28452257684));
#5548 = CARTESIAN_POINT('',(28.944920337653,789.81705917463,
    -68.46711880918));
#5549 = CARTESIAN_POINT('',(28.91851198844,789.72379201684,
    -68.6491777934));
#5550 = CARTESIAN_POINT('',(28.887135627831,789.63310698639,
    -68.83030172862));
#5551 = CARTESIAN_POINT('',(28.792595130451,789.4025357751,
    -69.30141068046));
#5552 = CARTESIAN_POINT('',(28.721880788652,789.2672637509,
    -69.58874221658));
#5553 = CARTESIAN_POINT('',(28.639867959834,789.13913939554,
    -69.87160603816));
#5554 = CARTESIAN_POINT('',(28.547527545344,789.01797978037,
    -70.14954216574));
#5555 = CARTESIAN_POINT('',(28.445850312398,788.90358572773,
    -70.42209970569));
#5556 = CARTESIAN_POINT('',(28.335848729779,788.79574504399,
    -70.68883615517));
#5557 = CARTESIAN_POINT('',(28.218558803542,788.69423575249,
    -70.94931670722));
#5558 = CARTESIAN_POINT('',(27.966577800295,788.49960158744,
    -71.46707572846));
#5559 = CARTESIAN_POINT('',(27.831060882716,788.40673055518,
    -71.72445957743));
#5560 = CARTESIAN_POINT('',(27.689321196589,788.31977966801,
    -71.97534889356));
#5561 = CARTESIAN_POINT('',(27.542083850198,788.23833425766,
    -72.21987221765));
#5562 = CARTESIAN_POINT('',(27.389970863188,788.16200217136,
    -72.45819898107));
#5563 = CARTESIAN_POINT('',(27.233503006267,788.09041439382,
    -72.69053564641));
#5564 = CARTESIAN_POINT('',(27.073101640899,788.02322566919,
    -72.91712184824));
#5565 = CARTESIAN_POINT('',(26.748723345139,787.89840671689,
    -73.35441889085));
#5566 = CARTESIAN_POINT('',(26.584878498692,787.84058687264,
    -73.56540659796));
#5567 = CARTESIAN_POINT('',(26.417933511391,787.78638761771,
    -73.77133297666));
#5568 = CARTESIAN_POINT('',(26.248206844897,787.7355589119,
    -73.97235674148));
#5569 = CARTESIAN_POINT('',(26.075957590126,787.68786780959,
    -74.16865155943));
#5570 = CARTESIAN_POINT('',(25.901385126574,787.64309762194,
    -74.36040560965));
#5571 = CARTESIAN_POINT('',(25.724628781637,787.60104707908,
    -74.54782114294));
#5572 = CARTESIAN_POINT('',(25.382622777266,787.52548432414,
    -74.89830095453));
#5573 = CARTESIAN_POINT('',(25.217758123324,787.49155348793,
    -75.06202567505));
#5574 = CARTESIAN_POINT('',(25.051313814853,787.45961168866,
    -75.22237221779));
#5575 = CARTESIAN_POINT('',(24.883407469422,787.42954149928,
    -75.37942785557));
#5576 = CARTESIAN_POINT('',(24.714133883173,787.40123294322,
    -75.53328295014));
#5577 = CARTESIAN_POINT('',(24.543564878563,787.37458307683,
    -75.68403078327));
#5578 = CARTESIAN_POINT('',(24.371749152114,787.34949557189,
    -75.83176738778));
#5579 = CARTESIAN_POINT('',(23.605088351561,787.24486533907,
    -76.47342701822));
#5580 = CARTESIAN_POINT('',(22.995782828485,787.18099939659,
    -76.93707775992));
#5581 = CARTESIAN_POINT('',(22.374585118384,787.13117049732,
    -77.36884386751));
#5582 = CARTESIAN_POINT('',(21.743876997229,787.09280097636,
    -77.77015049887));
#5583 = CARTESIAN_POINT('',(21.104869338222,787.06376601408,
    -78.14236371578));
#5584 = CARTESIAN_POINT('',(20.457839007995,787.04231017236,
    -78.48660586029));
#5585 = CARTESIAN_POINT('',(19.802365772282,787.02696193024,
    -78.80357029735));
#5586 = CARTESIAN_POINT('',(17.944062935498,786.99756740991,
    -79.61354973179));
#5587 = CARTESIAN_POINT('',(16.724470217713,786.99432895923,
    -80.04437049134));
#5588 = CARTESIAN_POINT('',(15.481680728617,786.99930185191,
    -80.38394828555));
#5589 = CARTESIAN_POINT('',(14.21730879489,787.00686314492,
    -80.62615193421));
#5590 = CARTESIAN_POINT('',(12.933818130332,787.01229508836,
    -80.76050933073));
#5591 = CARTESIAN_POINT('',(11.635092364232,787.01231580044,
    -80.77199957193));
#5592 = CARTESIAN_POINT('',(10.326694681873,787.00641055224,
    -80.64073484983));
#5593 = CARTESIAN_POINT('',(8.354240730058,787.00024751664,
    -80.18850592958));
#5594 = CARTESIAN_POINT('',(7.690307101194,786.99864034773,
    -79.99289700382));
#5595 = CARTESIAN_POINT('',(7.029497805944,786.99851815837,
    -79.75090589663));
#5596 = CARTESIAN_POINT('',(6.375126952001,787.00143780371,
    -79.45989686058));
#5597 = CARTESIAN_POINT('',(5.730509217777,787.00962502535,-79.11754824)
  );
#5598 = CARTESIAN_POINT('',(5.099063925534,787.02607915674,
    -78.72189369618));
#5599 = CARTESIAN_POINT('',(4.484469017538,787.05465208892,
    -78.27139382051));
#5600 = CARTESIAN_POINT('',(3.417601246202,787.13633702006,
    -77.36133511792));
#5601 = CARTESIAN_POINT('',(2.957982124688,787.18327691599,
    -76.92238564209));
#5602 = CARTESIAN_POINT('',(2.514922809479,787.24324269711,
    -76.44847699831));
#5603 = CARTESIAN_POINT('',(2.09131401391,787.31880868674,
    -75.94041427077));
#5604 = CARTESIAN_POINT('',(1.690046674316,787.41273232363,
    -75.39953348962));
#5605 = CARTESIAN_POINT('',(1.314036734737,787.52785637303,
    -74.82770684422));
#5606 = CARTESIAN_POINT('',(0.966249967854,787.66698304446,
    -74.22733995806));
#5607 = CARTESIAN_POINT('',(0.450525994575,787.93702500923,
    -73.20740743814));
#5608 = CARTESIAN_POINT('',(0.263706615765,788.05187007404,
    -72.80330773534));
#5609 = CARTESIAN_POINT('',(9.021946874594E-02,788.17780455168,
    -72.39017312756));
#5610 = CARTESIAN_POINT('',(-6.906298707018E-02,788.31530177142,
    -71.9692088727));
#5611 = CARTESIAN_POINT('',(-0.213344250443,788.46473927291,
    -71.54169395969));
#5612 = CARTESIAN_POINT('',(-0.341902087714,788.62638166518,
    -71.10896176513));
#5613 = CARTESIAN_POINT('',(-0.454087507044,788.80036612223,
    -70.67238188232));
#5614 = CARTESIAN_POINT('',(-0.621470307189,789.12783900047,
    -69.90075298313));
#5615 = CARTESIAN_POINT('',(-0.683869445017,789.27602876538,
    -69.56684656566));
#5616 = CARTESIAN_POINT('',(-0.73624371273,789.43117862711,
    -69.23240151495));
#5617 = CARTESIAN_POINT('',(-0.778370617522,789.59314585412,
    -68.89819290135));
#5618 = CARTESIAN_POINT('',(-0.810082247358,789.7617243566,
    -68.56498495884));
#5619 = CARTESIAN_POINT('',(-0.83126478105,789.93664439021,
    -68.23352366438));
#5620 = CARTESIAN_POINT('',(-0.841858533068,790.11757377285,
    -67.90453015864));
#5621 = CARTESIAN_POINT('',(-0.841858533068,790.58110511396,
    -67.09489541619));
#5622 = CARTESIAN_POINT('',(-0.818503180223,790.87025435786,
    -66.61844250445));
#5623 = CARTESIAN_POINT('',(-0.771841510556,791.17030249248,
    -66.15148767989));
#5624 = CARTESIAN_POINT('',(-0.702163472314,791.47972632842,
    -65.69600612781));
#5625 = CARTESIAN_POINT('',(-0.6099947578,791.79677083223,-65.2537641829
    ));
#5626 = CARTESIAN_POINT('',(-0.496096439137,792.11948838614,
    -64.82629521182));
#5627 = CARTESIAN_POINT('',(-0.361469407954,792.44579181603,
    -64.41488400739));
#5628 = CARTESIAN_POINT('',(-0.120614639641,792.95800607078,
    -63.79858729562));
#5629 = CARTESIAN_POINT('',(-2.766049935547E-02,793.14301233424,
    -63.58194568711));
#5630 = CARTESIAN_POINT('',(7.131929577579E-02,793.32823059999,
    -63.37073498271));
#5631 = CARTESIAN_POINT('',(0.176137068461,793.51335025442,
    -63.16503508949));
#5632 = CARTESIAN_POINT('',(0.28659658512,793.69806122677,
    -62.96490686237));
#5633 = CARTESIAN_POINT('',(0.402492670806,793.88205576751,
    -62.77039325838));
#5634 = CARTESIAN_POINT('',(0.523610824129,794.0650302268,
    -62.58152049103));
#5635 = CARTESIAN_POINT('',(0.964883771528,794.70063665978,
    -61.94043925837));
#5636 = CARTESIAN_POINT('',(1.311036190201,795.14604757585,
    -61.51818291805));
#5637 = CARTESIAN_POINT('',(1.685182844006,795.57912291041,
    -61.13077486157));
#5638 = CARTESIAN_POINT('',(2.084395448107,795.99641207542,
    -60.77703466021));
#5639 = CARTESIAN_POINT('',(2.505794375698,796.39489600305,
    -60.45548131858));
#5640 = CARTESIAN_POINT('',(2.946524396256,796.77205205941,
    -60.16443819753));
#5641 = CARTESIAN_POINT('',(3.40373045337,797.12589843421,
    -59.90211830003));
#5642 = CARTESIAN_POINT('',(4.464468381306,797.86741790603,
    -59.37168880661));
#5643 = CARTESIAN_POINT('',(5.075292562132,798.2406724067,
    -59.11914016377));
#5644 = CARTESIAN_POINT('',(5.702915886762,798.57323601868,
    -58.90450966713));
#5645 = CARTESIAN_POINT('',(6.343699737441,798.86446420874,
    -58.72375802414));
#5646 = CARTESIAN_POINT('',(6.994259055843,799.11450213815,
    -58.57334972454));
#5647 = CARTESIAN_POINT('',(7.651312350368,799.32418569524,
    -58.45022439343));
#5648 = CARTESIAN_POINT('',(8.311579671385,799.49495482263,
    -58.35173074683));
#5649 = CARTESIAN_POINT('',(9.368069138458,799.70912466313,
    -58.22976958676));
#5650 = CARTESIAN_POINT('',(9.764793844847,799.77623971461,
    -58.19199995371));
#5651 = CARTESIAN_POINT('',(10.161576241756,799.83058027256,
    -58.16169170114));
#5652 = CARTESIAN_POINT('',(10.558110348226,799.87260771361,
    -58.1383983207));
#5653 = CARTESIAN_POINT('',(10.954106867272,799.90278524822,
    -58.1217373992));
#5654 = CARTESIAN_POINT('',(11.349289711342,799.92157488892,
    -58.11138055196));
#5655 = CARTESIAN_POINT('',(11.74339282013,799.92943495063,
    -58.10704523551));
#5656 = CARTESIAN_POINT('',(13.041114328384,799.92078863589,
    -58.11181368333));
#5657 = CARTESIAN_POINT('',(13.939152620474,799.8591390109,
    -58.14581567383));
#5658 = CARTESIAN_POINT('',(14.828677047029,799.74735406929,
    -58.20755122664));
#5659 = CARTESIAN_POINT('',(15.708582150456,799.5902363175,
    -58.2954661929));
#5660 = CARTESIAN_POINT('',(16.578146642571,799.39177930704,
    -58.40898396502));
#5661 = CARTESIAN_POINT('',(17.436867154559,799.15514675176,
    -58.54833919542));
#5662 = CARTESIAN_POINT('',(18.284214995493,798.88273079001,
    -58.71457727453));
#5663 = CARTESIAN_POINT('',(19.829606744676,798.31558704003,
    -59.07555682561));
#5664 = CARTESIAN_POINT('',(20.528925578563,798.03105149254,
    -59.26183385583));
#5665 = CARTESIAN_POINT('',(21.218535491376,797.72334066502,
    -59.46985617084));
#5666 = CARTESIAN_POINT('',(21.899090487454,797.39254746334,
    -59.7016608444));
#5667 = CARTESIAN_POINT('',(22.57027285099,797.03846926777,
    -59.95989267124));
#5668 = CARTESIAN_POINT('',(23.230460244801,796.66091133308,
    -60.24777735752));
#5669 = CARTESIAN_POINT('',(23.876398325248,796.25998177213,
    -60.5690922358));
#5670 = CARTESIAN_POINT('',(24.67975553725,795.71675331,-61.02948447091)
  );
#5671 = CARTESIAN_POINT('',(24.855237592739,795.59523456978,
    -61.13394600918));
#5672 = CARTESIAN_POINT('',(25.02928467187,795.47175525668,
    -61.24165588181));
#5673 = CARTESIAN_POINT('',(25.201834013913,795.34627210989,
    -61.35277560086));
#5674 = CARTESIAN_POINT('',(25.372792640041,795.21874995693,
    -61.46747171383));
#5675 = CARTESIAN_POINT('',(25.542037550504,795.08916217604,
    -61.58591614254));
#5676 = CARTESIAN_POINT('',(25.709415921809,794.95749115861,
    -61.70828652197));
#5677 = CARTESIAN_POINT('',(26.050247751035,794.68173570317,
    -61.9690291381));
#5678 = CARTESIAN_POINT('',(26.223409418325,794.53741187948,
    -62.10789817553));
#5679 = CARTESIAN_POINT('',(26.394123721372,794.39065884094,
    -62.25167592572));
#5680 = CARTESIAN_POINT('',(26.562215114161,794.24140142463,
    -62.40066987931));
#5681 = CARTESIAN_POINT('',(26.727439440828,794.08958860735,
    -62.55519323461));
#5682 = CARTESIAN_POINT('',(26.889484287434,793.93519434877,
    -62.71556538893));
#5683 = CARTESIAN_POINT('',(27.04796933373,793.7782184346,
    -62.88211242995));
#5684 = CARTESIAN_POINT('',(27.35737799597,793.45868743487,
    -63.22873133344));
#5685 = CARTESIAN_POINT('',(27.50834834712,793.29604454257,
    -63.40892065587));
#5686 = CARTESIAN_POINT('',(27.654935620516,793.13074249391,
    -63.59612382866));
#5687 = CARTESIAN_POINT('',(27.796627741102,792.96280272957,
    -63.79073253781));
#5688 = CARTESIAN_POINT('',(27.93282103247,792.79228665044,
    -63.99313939402));
#5689 = CARTESIAN_POINT('',(28.062818552693,792.61929798827,
    -64.20373540592));
#5690 = CARTESIAN_POINT('',(28.185828430152,792.44398517638,
    -64.42290745314));
#5691 = CARTESIAN_POINT('',(28.300962199379,792.26654372028,
    -64.65103575948));
#5692 = PCURVE('',#4981,#5693);
#5693 = DEFINITIONAL_REPRESENTATION('',(#5694),#5858);
#5694 = B_SPLINE_CURVE_WITH_KNOTS('',8,(#5695,#5696,#5697,#5698,#5699,
    #5700,#5701,#5702,#5703,#5704,#5705,#5706,#5707,#5708,#5709,#5710,
    #5711,#5712,#5713,#5714,#5715,#5716,#5717,#5718,#5719,#5720,#5721,
    #5722,#5723,#5724,#5725,#5726,#5727,#5728,#5729,#5730,#5731,#5732,
    #5733,#5734,#5735,#5736,#5737,#5738,#5739,#5740,#5741,#5742,#5743,
    #5744,#5745,#5746,#5747,#5748,#5749,#5750,#5751,#5752,#5753,#5754,
    #5755,#5756,#5757,#5758,#5759,#5760,#5761,#5762,#5763,#5764,#5765,
    #5766,#5767,#5768,#5769,#5770,#5771,#5772,#5773,#5774,#5775,#5776,
    #5777,#5778,#5779,#5780,#5781,#5782,#5783,#5784,#5785,#5786,#5787,
    #5788,#5789,#5790,#5791,#5792,#5793,#5794,#5795,#5796,#5797,#5798,
    #5799,#5800,#5801,#5802,#5803,#5804,#5805,#5806,#5807,#5808,#5809,
    #5810,#5811,#5812,#5813,#5814,#5815,#5816,#5817,#5818,#5819,#5820,
    #5821,#5822,#5823,#5824,#5825,#5826,#5827,#5828,#5829,#5830,#5831,
    #5832,#5833,#5834,#5835,#5836,#5837,#5838,#5839,#5840,#5841,#5842,
    #5843,#5844,#5845,#5846,#5847,#5848,#5849,#5850,#5851,#5852,#5853,
    #5854,#5855,#5856,#5857),.UNSPECIFIED.,.T.,.F.,(9,7,7,7,7,7,7,7,7,7,
    7,7,7,7,7,7,7,7,7,7,7,7,7,9),(0.,1.936138110247E-02,
    3.248958703847E-02,4.701722823673E-02,7.055901812433E-02,
    9.504372723755E-02,0.118984454518,0.140821505096,0.21573606128,
    0.350229826974,0.418433278783,0.472809955374,0.507031401777,
    0.532955572249,0.571447745642,0.593115697106,0.647262711198,
    0.715111071013,0.755845910146,0.849701858933,0.929533929112,
    0.952074535636,0.976002113148,1.),.UNSPECIFIED.);
#5695 = CARTESIAN_POINT('',(-0.909730409842,-78.30096219937));
#5696 = CARTESIAN_POINT('',(-0.919054764026,-78.39382578876));
#5697 = CARTESIAN_POINT('',(-0.928609262114,-78.48168676766));
#5698 = CARTESIAN_POINT('',(-0.938383675173,-78.56389339272));
#5699 = CARTESIAN_POINT('',(-0.948367929543,-78.6398236676));
#5700 = CARTESIAN_POINT('',(-0.95855210178,-78.70888480367));
#5701 = CARTESIAN_POINT('',(-0.968926413604,-78.77051268071));
#5702 = CARTESIAN_POINT('',(-0.979481226846,-78.82417130766));
#5703 = CARTESIAN_POINT('',(-0.997479797608,-78.89998776059));
#5704 = CARTESIAN_POINT('',(-1.004826251346,-78.92670473613));
#5705 = CARTESIAN_POINT('',(-1.012234536312,-78.94931708207));
#5706 = CARTESIAN_POINT('',(-1.019692925298,-78.96767422695));
#5707 = CARTESIAN_POINT('',(-1.027189805301,-78.98166108062));
#5708 = CARTESIAN_POINT('',(-1.034713655622,-78.99119795914));
#5709 = CARTESIAN_POINT('',(-1.042253025986,-78.99624050977));
#5710 = CARTESIAN_POINT('',(-1.058144121105,-78.99737623153));
#5711 = CARTESIAN_POINT('',(-1.066489222808,-78.99245759344));
#5712 = CARTESIAN_POINT('',(-1.074816573946,-78.98202864977));
#5713 = CARTESIAN_POINT('',(-1.08311086021,-78.96614645897));
#5714 = CARTESIAN_POINT('',(-1.091356662772,-78.94492033765));
#5715 = CARTESIAN_POINT('',(-1.099538422275,-78.91851198844));
#5716 = CARTESIAN_POINT('',(-1.107640402813,-78.88713562783));
#5717 = CARTESIAN_POINT('',(-1.128620649827,-78.79259513045));
#5718 = CARTESIAN_POINT('',(-1.141322445107,-78.72188078865));
#5719 = CARTESIAN_POINT('',(-1.153741376415,-78.63986795983));
#5720 = CARTESIAN_POINT('',(-1.165866867194,-78.54752754534));
#5721 = CARTESIAN_POINT('',(-1.177688365038,-78.44585031239));
#5722 = CARTESIAN_POINT('',(-1.189195277056,-78.33584872977));
#5723 = CARTESIAN_POINT('',(-1.200376905237,-78.21855880354));
#5724 = CARTESIAN_POINT('',(-1.222502252233,-77.96657780029));
#5725 = CARTESIAN_POINT('',(-1.233446350735,-77.83106088271));
#5726 = CARTESIAN_POINT('',(-1.244066134614,-77.68932119658));
#5727 = CARTESIAN_POINT('',(-1.25437390221,-77.54208385019));
#5728 = CARTESIAN_POINT('',(-1.264382733013,-77.38997086318));
#5729 = CARTESIAN_POINT('',(-1.274106427761,-77.23350300626));
#5730 = CARTESIAN_POINT('',(-1.283559448536,-77.07310164089));
#5731 = CARTESIAN_POINT('',(-1.301749928434,-76.74872334513));
#5732 = CARTESIAN_POINT('',(-1.310500117203,-76.58487849869));
#5733 = CARTESIAN_POINT('',(-1.319016982329,-76.41793351139));
#5734 = CARTESIAN_POINT('',(-1.3273102354,-76.24820684489));
#5735 = CARTESIAN_POINT('',(-1.335389775841,-76.07595759012));
#5736 = CARTESIAN_POINT('',(-1.343265724343,-75.90138512657));
#5737 = CARTESIAN_POINT('',(-1.350948456267,-75.72462878163));
#5738 = CARTESIAN_POINT('',(-1.365289771591,-75.38262277726));
#5739 = CARTESIAN_POINT('',(-1.371977707235,-75.21775812332));
#5740 = CARTESIAN_POINT('',(-1.378517269607,-75.05131381485));
#5741 = CARTESIAN_POINT('',(-1.384913258604,-74.88340746942));
#5742 = CARTESIAN_POINT('',(-1.391170455818,-74.71413388317));
#5743 = CARTESIAN_POINT('',(-1.397293633936,-74.54356487856));
#5744 = CARTESIAN_POINT('',(-1.40328756615,-74.37174915211));
#5745 = CARTESIAN_POINT('',(-1.429292936886,-73.60508835156));
#5746 = CARTESIAN_POINT('',(-1.448008364581,-72.99578282848));
#5747 = CARTESIAN_POINT('',(-1.46538705283,-72.37458511838));
#5748 = CARTESIAN_POINT('',(-1.481507052474,-71.74387699722));
#5749 = CARTESIAN_POINT('',(-1.496436944437,-71.10486933822));
#5750 = CARTESIAN_POINT('',(-1.510231038019,-70.45783900799));
#5751 = CARTESIAN_POINT('',(-1.522923554068,-69.80236577228));
#5752 = CARTESIAN_POINT('',(-1.555344059234,-67.94406293549));
#5753 = CARTESIAN_POINT('',(-1.572570229175,-66.72447021771));
#5754 = CARTESIAN_POINT('',(-1.586151069559,-65.4816807286));
#5755 = CARTESIAN_POINT('',(-1.595842845515,-64.2173087949));
#5756 = CARTESIAN_POINT('',(-1.601223463481,-62.93381813031));
#5757 = CARTESIAN_POINT('',(-1.601680610319,-61.63509236423));
#5758 = CARTESIAN_POINT('',(-1.596427257095,-60.32669468187));
#5759 = CARTESIAN_POINT('',(-1.578336420549,-58.35424073005));
#5760 = CARTESIAN_POINT('',(-1.570511894662,-57.69030710119));
#5761 = CARTESIAN_POINT('',(-1.560832790529,-57.02949780594));
#5762 = CARTESIAN_POINT('',(-1.549193210798,-56.375126952));
#5763 = CARTESIAN_POINT('',(-1.535498447286,-55.73050921777));
#5764 = CARTESIAN_POINT('',(-1.519664031197,-55.09906392553));
#5765 = CARTESIAN_POINT('',(-1.501613994405,-54.48446901753));
#5766 = CARTESIAN_POINT('',(-1.465065303153,-53.4176012462));
#5767 = CARTESIAN_POINT('',(-1.447409795404,-52.95798212468));
#5768 = CARTESIAN_POINT('',(-1.428308367314,-52.51492280947));
#5769 = CARTESIAN_POINT('',(-1.40777270735,-52.09131401391));
#5770 = CARTESIAN_POINT('',(-1.38582798803,-51.69004667431));
#5771 = CARTESIAN_POINT('',(-1.362511636243,-51.31403673473));
#5772 = CARTESIAN_POINT('',(-1.337872529581,-50.96624996785));
#5773 = CARTESIAN_POINT('',(-1.295669496364,-50.45052599457));
#5774 = CARTESIAN_POINT('',(-1.278868147595,-50.26370661576));
#5775 = CARTESIAN_POINT('',(-1.261597309537,-50.09021946874));
#5776 = CARTESIAN_POINT('',(-1.243890436408,-49.93093701293));
#5777 = CARTESIAN_POINT('',(-1.225783153765,-49.78665574955));
#5778 = CARTESIAN_POINT('',(-1.207312885562,-49.65809791228));
#5779 = CARTESIAN_POINT('',(-1.188518653969,-49.54591249295));
#5780 = CARTESIAN_POINT('',(-1.154988974124,-49.37852969281));
#5781 = CARTESIAN_POINT('',(-1.140378397082,-49.31613055498));
#5782 = CARTESIAN_POINT('',(-1.125634626198,-49.26375628727));
#5783 = CARTESIAN_POINT('',(-1.110783403436,-49.22162938247));
#5784 = CARTESIAN_POINT('',(-1.095850796292,-49.18991775264));
#5785 = CARTESIAN_POINT('',(-1.080863109081,-49.16873521895));
#5786 = CARTESIAN_POINT('',(-1.065846816585,-49.15814146693));
#5787 = CARTESIAN_POINT('',(-1.028529373578,-49.15814146693));
#5788 = CARTESIAN_POINT('',(-1.006243484919,-49.18149681977));
#5789 = CARTESIAN_POINT('',(-0.984053831756,-49.22815848944));
#5790 = CARTESIAN_POINT('',(-0.962042381363,-49.29783652768));
#5791 = CARTESIAN_POINT('',(-0.940289981098,-49.3900052422));
#5792 = CARTESIAN_POINT('',(-0.918875942596,-49.50390356086));
#5793 = CARTESIAN_POINT('',(-0.897877319632,-49.63853059204));
#5794 = CARTESIAN_POINT('',(-0.865822739187,-49.87938536035));
#5795 = CARTESIAN_POINT('',(-0.854428258433,-49.97233950064));
#5796 = CARTESIAN_POINT('',(-0.84319307508,-50.07131929577));
#5797 = CARTESIAN_POINT('',(-0.832125506423,-50.17613706846));
#5798 = CARTESIAN_POINT('',(-0.821233547773,-50.28659658512));
#5799 = CARTESIAN_POINT('',(-0.810524870847,-50.4024926708));
#5800 = CARTESIAN_POINT('',(-0.800006822162,-50.52361082412));
#5801 = CARTESIAN_POINT('',(-0.763896309908,-50.96488377152));
#5802 = CARTESIAN_POINT('',(-0.73935803027,-51.3110361902));
#5803 = CARTESIAN_POINT('',(-0.716130809972,-51.685182844));
#5804 = CARTESIAN_POINT('',(-0.694262992517,-52.0843954481));
#5805 = CARTESIAN_POINT('',(-0.673791665622,-52.50579437569));
#5806 = CARTESIAN_POINT('',(-0.65474187211,-52.94652439625));
#5807 = CARTESIAN_POINT('',(-0.637125403541,-53.40373045337));
#5808 = CARTESIAN_POINT('',(-0.60065719109,-54.4644683813));
#5809 = CARTESIAN_POINT('',(-0.582636668598,-55.07529256213));
#5810 = CARTESIAN_POINT('',(-0.566809736785,-55.70291588676));
#5811 = CARTESIAN_POINT('',(-0.553102418666,-56.34369973744));
#5812 = CARTESIAN_POINT('',(-0.541432194484,-56.99425905584));
#5813 = CARTESIAN_POINT('',(-0.531706325003,-57.65131235036));
#5814 = CARTESIAN_POINT('',(-0.523820936202,-58.31157967138));
#5815 = CARTESIAN_POINT('',(-0.513962478299,-59.36806913845));
#5816 = CARTESIAN_POINT('',(-0.510882004325,-59.76479384484));
#5817 = CARTESIAN_POINT('',(-0.508393176472,-60.16157624175));
#5818 = CARTESIAN_POINT('',(-0.506471145343,-60.55811034822));
#5819 = CARTESIAN_POINT('',(-0.505092293074,-60.95410686727));
#5820 = CARTESIAN_POINT('',(-0.504234096633,-61.34928971134));
#5821 = CARTESIAN_POINT('',(-0.503875040465,-61.74339282013));
#5822 = CARTESIAN_POINT('',(-0.504270002444,-63.04111432838));
#5823 = CARTESIAN_POINT('',(-0.50708617975,-63.93915262047));
#5824 = CARTESIAN_POINT('',(-0.512194191112,-64.82867704703));
#5825 = CARTESIAN_POINT('',(-0.519395659381,-65.70858215045));
#5826 = CARTESIAN_POINT('',(-0.528539929626,-66.57814664257));
#5827 = CARTESIAN_POINT('',(-0.539522714391,-67.43686715456));
#5828 = CARTESIAN_POINT('',(-0.552285739644,-68.28421499549));
#5829 = CARTESIAN_POINT('',(-0.579176876308,-69.82960674467));
#5830 = CARTESIAN_POINT('',(-0.592779261734,-70.52892557856));
#5831 = CARTESIAN_POINT('',(-0.60763361003,-71.21853549137));
#5832 = CARTESIAN_POINT('',(-0.623785842574,-71.89909048745));
#5833 = CARTESIAN_POINT('',(-0.64130845477,-72.57027285098));
#5834 = CARTESIAN_POINT('',(-0.660291561984,-73.2304602448));
#5835 = CARTESIAN_POINT('',(-0.680835721919,-73.87639832524));
#5836 = CARTESIAN_POINT('',(-0.709318928823,-74.67975553725));
#5837 = CARTESIAN_POINT('',(-0.715728640047,-74.85523759273));
#5838 = CARTESIAN_POINT('',(-0.722282563431,-75.02928467187));
#5839 = CARTESIAN_POINT('',(-0.728986639882,-75.20183401391));
#5840 = CARTESIAN_POINT('',(-0.735846777935,-75.37279264004));
#5841 = CARTESIAN_POINT('',(-0.742868866938,-75.5420375505));
#5842 = CARTESIAN_POINT('',(-0.750058790236,-75.7094159218));
#5843 = CARTESIAN_POINT('',(-0.76523918723,-76.05024775103));
#5844 = CARTESIAN_POINT('',(-0.773250270409,-76.22340941832));
#5845 = CARTESIAN_POINT('',(-0.781467590778,-76.39412372137));
#5846 = CARTESIAN_POINT('',(-0.789902658365,-76.56221511416));
#5847 = CARTESIAN_POINT('',(-0.798566631357,-76.72743944082));
#5848 = CARTESIAN_POINT('',(-0.807470357143,-76.88948428743));
#5849 = CARTESIAN_POINT('',(-0.816624413342,-77.04796933373));
#5850 = CARTESIAN_POINT('',(-0.835481548821,-77.35737799597));
#5851 = CARTESIAN_POINT('',(-0.845190462563,-77.50834834712));
#5852 = CARTESIAN_POINT('',(-0.855179037679,-77.65493562051));
#5853 = CARTESIAN_POINT('',(-0.865459792422,-77.7966277411));
#5854 = CARTESIAN_POINT('',(-0.876044570409,-77.93282103247));
#5855 = CARTESIAN_POINT('',(-0.886944495357,-78.06281855269));
#5856 = CARTESIAN_POINT('',(-0.898169925804,-78.18582843015));
#5857 = CARTESIAN_POINT('',(-0.909730409842,-78.30096219937));
#5858 = ( GEOMETRIC_REPRESENTATION_CONTEXT(2) 
PARAMETRIC_REPRESENTATION_CONTEXT() REPRESENTATION_CONTEXT('2D SPACE',''
  ) );
#5859 = PCURVE('',#5153,#5860);
#5860 = DEFINITIONAL_REPRESENTATION('',(#5861),#6025);
#5861 = B_SPLINE_CURVE_WITH_KNOTS('',8,(#5862,#5863,#5864,#5865,#5866,
    #5867,#5868,#5869,#5870,#5871,#5872,#5873,#5874,#5875,#5876,#5877,
    #5878,#5879,#5880,#5881,#5882,#5883,#5884,#5885,#5886,#5887,#5888,
    #5889,#5890,#5891,#5892,#5893,#5894,#5895,#5896,#5897,#5898,#5899,
    #5900,#5901,#5902,#5903,#5904,#5905,#5906,#5907,#5908,#5909,#5910,
    #5911,#5912,#5913,#5914,#5915,#5916,#5917,#5918,#5919,#5920,#5921,
    #5922,#5923,#5924,#5925,#5926,#5927,#5928,#5929,#5930,#5931,#5932,
    #5933,#5934,#5935,#5936,#5937,#5938,#5939,#5940,#5941,#5942,#5943,
    #5944,#5945,#5946,#5947,#5948,#5949,#5950,#5951,#5952,#5953,#5954,
    #5955,#5956,#5957,#5958,#5959,#5960,#5961,#5962,#5963,#5964,#5965,
    #5966,#5967,#5968,#5969,#5970,#5971,#5972,#5973,#5974,#5975,#5976,
    #5977,#5978,#5979,#5980,#5981,#5982,#5983,#5984,#5985,#5986,#5987,
    #5988,#5989,#5990,#5991,#5992,#5993,#5994,#5995,#5996,#5997,#5998,
    #5999,#6000,#6001,#6002,#6003,#6004,#6005,#6006,#6007,#6008,#6009,
    #6010,#6011,#6012,#6013,#6014,#6015,#6016,#6017,#6018,#6019,#6020,
    #6021,#6022,#6023,#6024),.UNSPECIFIED.,.F.,.F.,(9,7,7,7,7,7,7,7,7,7,
    7,7,7,7,7,7,7,7,7,7,7,7,7,9),(0.,1.936138110247E-02,
    3.248958703847E-02,4.701722823673E-02,7.055901812433E-02,
    9.504372723755E-02,0.118984454518,0.140821505096,0.21573606128,
    0.350229826974,0.418433278783,0.472809955374,0.507031401777,
    0.532955572249,0.571447745642,0.593115697106,0.647262711198,
    0.715111071013,0.755845910146,0.849701858933,0.929533929112,
    0.952074535636,0.976002113148,1.),.UNSPECIFIED.);
#5862 = CARTESIAN_POINT('',(0.,-311.0202516732));
#5863 = CARTESIAN_POINT('',(-1.844041475806E-02,-310.946122591));
#5864 = CARTESIAN_POINT('',(-3.725471574801E-02,-310.8758860292));
#5865 = CARTESIAN_POINT('',(-5.642445971893E-02,-310.8100821129));
#5866 = CARTESIAN_POINT('',(-7.593299357152E-02,-310.7492293511));
#5867 = CARTESIAN_POINT('',(-9.576536527883E-02,-310.693823822));
#5868 = CARTESIAN_POINT('',(-0.115908234807,-310.6443383598));
#5869 = CARTESIAN_POINT('',(-0.136349785036,-310.6012217401));
#5870 = CARTESIAN_POINT('',(-0.171135743008,-310.540268048));
#5871 = CARTESIAN_POINT('',(-0.185314886493,-310.5187779789));
#5872 = CARTESIAN_POINT('',(-0.199596673682,-310.5005821251));
#5873 = CARTESIAN_POINT('',(-0.213961347641,-310.4858057287));
#5874 = CARTESIAN_POINT('',(-0.228389653318,-310.4745447085));
#5875 = CARTESIAN_POINT('',(-0.242862706907,-310.4668655598));
#5876 = CARTESIAN_POINT('',(-0.257361865215,-310.462805255));
#5877 = CARTESIAN_POINT('',(-0.28792170743,-310.4618907565));
#5878 = CARTESIAN_POINT('',(-0.303969576659,-310.465851267));
#5879 = CARTESIAN_POINT('',(-0.319987483169,-310.4742489618));
#5880 = CARTESIAN_POINT('',(-0.335950567401,-310.4870362619));
#5881 = CARTESIAN_POINT('',(-0.351833615781,-310.5041218906));
#5882 = CARTESIAN_POINT('',(-0.367610846732,-310.5253710428));
#5883 = CARTESIAN_POINT('',(-0.383255696674,-310.5506055542));
#5884 = CARTESIAN_POINT('',(-0.423833632325,-310.6265956587));
#5885 = CARTESIAN_POINT('',(-0.448466403752,-310.6833962188));
#5886 = CARTESIAN_POINT('',(-0.472631857099,-310.7492112443));
#5887 = CARTESIAN_POINT('',(-0.496320570837,-310.8232268855));
#5888 = CARTESIAN_POINT('',(-0.519520600874,-310.9046111918));
#5889 = CARTESIAN_POINT('',(-0.542217316318,-310.9925153544));
#5890 = CARTESIAN_POINT('',(-0.564393235229,-311.08607495));
#5891 = CARTESIAN_POINT('',(-0.608529017096,-311.2866860777));
#5892 = CARTESIAN_POINT('',(-0.63050019163,-311.3943803896));
#5893 = CARTESIAN_POINT('',(-0.651966709434,-311.5067930075));
#5894 = CARTESIAN_POINT('',(-0.672954298434,-311.6233102328));
#5895 = CARTESIAN_POINT('',(-0.69348939814,-311.7434036771));
#5896 = CARTESIAN_POINT('',(-0.713599468761,-311.866628159));
#5897 = CARTESIAN_POINT('',(-0.733313300316,-311.9926196009));
#5898 = CARTESIAN_POINT('',(-0.771579484202,-312.2467119324));
#5899 = CARTESIAN_POINT('',(-0.790151051506,-312.3747244926));
#5900 = CARTESIAN_POINT('',(-0.808395053277,-312.5048047974));
#5901 = CARTESIAN_POINT('',(-0.826330689285,-312.6366762261));
#5902 = CARTESIAN_POINT('',(-0.843977643776,-312.7701106887));
#5903 = CARTESIAN_POINT('',(-0.861356399784,-312.9049279692));
#5904 = CARTESIAN_POINT('',(-0.878488553447,-313.0409950683));
#5905 = CARTESIAN_POINT('',(-0.910819943185,-313.3033975539));
#5906 = CARTESIAN_POINT('',(-0.926053771477,-313.4295134024));
#5907 = CARTESIAN_POINT('',(-0.941108649424,-313.5564458853));
#5908 = CARTESIAN_POINT('',(-0.955994676654,-313.6840862786));
#5909 = CARTESIAN_POINT('',(-0.970722128297,-313.8123440273));
#5910 = CARTESIAN_POINT('',(-0.985301567083,-313.9411464309));
#5911 = CARTESIAN_POINT('',(-0.999743955451,-314.0704383296));
#5912 = CARTESIAN_POINT('',(-1.063176266424,-314.6452819042));
#5913 = CARTESIAN_POINT('',(-1.110922077757,-315.096677463));
#5914 = CARTESIAN_POINT('',(-1.157511245819,-315.5507187697));
#5915 = CARTESIAN_POINT('',(-1.203156958749,-316.0049049808));
#5916 = CARTESIAN_POINT('',(-1.248077142043,-316.4576266178));
#5917 = CARTESIAN_POINT('',(-1.292497437742,-316.9079062881));
#5918 = CARTESIAN_POINT('',(-1.336652569381,-317.3551376139));
#5919 = CARTESIAN_POINT('',(-1.460018808629,-318.5953676154));
#5920 = CARTESIAN_POINT('',(-1.53891910103,-319.3778380594));
#5921 = CARTESIAN_POINT('',(-1.61839088893,-320.1383973958));
#5922 = CARTESIAN_POINT('',(-1.699253833018,-320.8693471359));
#5923 = CARTESIAN_POINT('',(-1.782302113159,-321.5613771987));
#5924 = CARTESIAN_POINT('',(-1.868407273753,-322.2035972748));
#5925 = CARTESIAN_POINT('',(-1.958560606926,-322.7842784157));
#5926 = CARTESIAN_POINT('',(-2.102599775526,-323.5516328957));
#5927 = CARTESIAN_POINT('',(-2.152470741604,-323.7914961476));
#5928 = CARTESIAN_POINT('',(-2.203769007056,-324.0108689553));
#5929 = CARTESIAN_POINT('',(-2.25654092246,-324.2081614017));
#5930 = CARTESIAN_POINT('',(-2.310853909582,-324.3824250761));
#5931 = CARTESIAN_POINT('',(-2.36679608039,-324.5333990344));
#5932 = CARTESIAN_POINT('',(-2.424478198399,-324.6615249667));
#5933 = CARTESIAN_POINT('',(-2.53152330788,-324.8527665372));
#5934 = CARTESIAN_POINT('',(-2.580171893726,-324.9237418654));
#5935 = CARTESIAN_POINT('',(-2.629966307452,-324.9813070535));
#5936 = CARTESIAN_POINT('',(-2.680894577761,-325.0263389766));
#5937 = CARTESIAN_POINT('',(-2.732949790469,-325.0600827345));
#5938 = CARTESIAN_POINT('',(-2.786129665518,-325.0840678009));
#5939 = CARTESIAN_POINT('',(-2.840436115063,-325.0999994746));
#5940 = CARTESIAN_POINT('',(-2.930764582982,-325.1156837612));
#5941 = CARTESIAN_POINT('',(-2.966102987051,-325.1192446262));
#5942 = CARTESIAN_POINT('',(-3.001857637908,-325.120738122));
#5943 = CARTESIAN_POINT('',(-3.037998153855,-325.1206158929));
#5944 = CARTESIAN_POINT('',(-3.074495963826,-325.1193263381));
#5945 = CARTESIAN_POINT('',(-3.111324028519,-325.1172924459));
#5946 = CARTESIAN_POINT('',(-3.148456447269,-325.1148924557));
#5947 = CARTESIAN_POINT('',(-3.214208722092,-325.1105880456));
#5948 = CARTESIAN_POINT('',(-3.242701574678,-325.1087051008));
#5949 = CARTESIAN_POINT('',(-3.271320667385,-325.1069333404));
#5950 = CARTESIAN_POINT('',(-3.300040918776,-325.1053912181));
#5951 = CARTESIAN_POINT('',(-3.328837789787,-325.104171366));
#5952 = CARTESIAN_POINT('',(-3.357687051205,-325.1033369169));
#5953 = CARTESIAN_POINT('',(-3.386564535833,-325.1029195987));
#5954 = CARTESIAN_POINT('',(-3.458328849308,-325.1029195987));
#5955 = CARTESIAN_POINT('',(-3.501186315453,-325.1038395969));
#5956 = CARTESIAN_POINT('',(-3.54394643209,-325.1056778427));
#5957 = CARTESIAN_POINT('',(-3.586538703263,-325.1082799039));
#5958 = CARTESIAN_POINT('',(-3.628892177209,-325.1113412818));
#5959 = CARTESIAN_POINT('',(-3.670933845165,-325.1144264781));
#5960 = CARTESIAN_POINT('',(-3.712587240474,-325.1170045173));
#5961 = CARTESIAN_POINT('',(-3.776954466752,-325.1193432733));
#5962 = CARTESIAN_POINT('',(-3.799997692514,-325.1198431551));
#5963 = CARTESIAN_POINT('',(-3.822895714473,-325.119898036));
#5964 = CARTESIAN_POINT('',(-3.845643267071,-325.1193997128));
#5965 = CARTESIAN_POINT('',(-3.868234944327,-325.1182363426));
#5966 = CARTESIAN_POINT('',(-3.89066512413,-325.1162944764));
#5967 = CARTESIAN_POINT('',(-3.912927892531,-325.1134610927));
#5968 = CARTESIAN_POINT('',(-3.990216347863,-325.1000410236));
#5969 = CARTESIAN_POINT('',(-4.044293464553,-325.0842051816));
#5970 = CARTESIAN_POINT('',(-4.097253804637,-325.0603926878));
#5971 = CARTESIAN_POINT('',(-4.14909917751,-325.0269199802));
#5972 = CARTESIAN_POINT('',(-4.199827265197,-324.9822758081));
#5973 = CARTESIAN_POINT('',(-4.249431191554,-324.9252276485));
#5974 = CARTESIAN_POINT('',(-4.297899110887,-324.8549040809));
#5975 = CARTESIAN_POINT('',(-4.404501021241,-324.6655339298));
#5976 = CARTESIAN_POINT('',(-4.461931426341,-324.5387429713));
#5977 = CARTESIAN_POINT('',(-4.517639411813,-324.3893553592));
#5978 = CARTESIAN_POINT('',(-4.571733176642,-324.2169202756));
#5979 = CARTESIAN_POINT('',(-4.624298867974,-324.0216777549));
#5980 = CARTESIAN_POINT('',(-4.675402438653,-323.8045450388));
#5981 = CARTESIAN_POINT('',(-4.725089232617,-323.5670725014));
#5982 = CARTESIAN_POINT('',(-4.802374917522,-323.1578498105));
#5983 = CARTESIAN_POINT('',(-4.83089704744,-322.9975937584));
#5984 = CARTESIAN_POINT('',(-4.858979499109,-322.8308797333));
#5985 = CARTESIAN_POINT('',(-4.88665092766,-322.658013447));
#5986 = CARTESIAN_POINT('',(-4.91393742383,-322.4793215614));
#5987 = CARTESIAN_POINT('',(-4.940862937675,-322.2951467415));
#5988 = CARTESIAN_POINT('',(-4.967449534298,-322.1058437826));
#5989 = CARTESIAN_POINT('',(-5.054240689026,-321.4646327856));
#5990 = CARTESIAN_POINT('',(-5.113084872407,-320.9921050591));
#5991 = CARTESIAN_POINT('',(-5.170602223581,-320.4978496741));
#5992 = CARTESIAN_POINT('',(-5.227104238163,-319.9853677976));
#5993 = CARTESIAN_POINT('',(-5.28288735579,-319.4577835871));
#5994 = CARTESIAN_POINT('',(-5.33824463846,-318.917837983));
#5995 = CARTESIAN_POINT('',(-5.393473940079,-318.3680518874));
#5996 = CARTESIAN_POINT('',(-5.49603142723,-317.3372049167));
#5997 = CARTESIAN_POINT('',(-5.543166699569,-316.8595612232));
#5998 = CARTESIAN_POINT('',(-5.59060809306,-316.3785706258));
#5999 = CARTESIAN_POINT('',(-5.638650326652,-315.8948644038));
#6000 = CARTESIAN_POINT('',(-5.687575349966,-315.4095902477));
#6001 = CARTESIAN_POINT('',(-5.737653151425,-314.9247934212));
#6002 = CARTESIAN_POINT('',(-5.789145284924,-314.4437877803));
#6003 = CARTESIAN_POINT('',(-5.857327217753,-313.8381494028));
#6004 = CARTESIAN_POINT('',(-5.87248602132,-313.7053813648));
#6005 = CARTESIAN_POINT('',(-5.887805154492,-313.5732411552));
#6006 = CARTESIAN_POINT('',(-5.903297883153,-313.4417967788));
#6007 = CARTESIAN_POINT('',(-5.918976937813,-313.3111393631));
#6008 = CARTESIAN_POINT('',(-5.934854663285,-313.1813835585));
#6009 = CARTESIAN_POINT('',(-5.950943168361,-313.0526679378));
#6010 = CARTESIAN_POINT('',(-5.984569451677,-312.7897967378));
#6011 = CARTESIAN_POINT('',(-6.002132332652,-312.6558183884));
#6012 = CARTESIAN_POINT('',(-6.019968333949,-312.5233290542));
#6013 = CARTESIAN_POINT('',(-6.038101042918,-312.3924911537));
#6014 = CARTESIAN_POINT('',(-6.056552781917,-312.2635214946));
#6015 = CARTESIAN_POINT('',(-6.075344971511,-312.1366919515));
#6016 = CARTESIAN_POINT('',(-6.094498493679,-312.0123301437));
#6017 = CARTESIAN_POINT('',(-6.133627020084,-311.768953034));
#6018 = CARTESIAN_POINT('',(-6.153613183729,-311.6498992549));
#6019 = CARTESIAN_POINT('',(-6.174018801128,-311.5340217685));
#6020 = CARTESIAN_POINT('',(-6.194868846599,-311.4217576157));
#6021 = CARTESIAN_POINT('',(-6.216187323274,-311.3136194));
#6022 = CARTESIAN_POINT('',(-6.237997572769,-311.210196803));
#6023 = CARTESIAN_POINT('',(-6.260322584866,-311.1121580996));
#6024 = CARTESIAN_POINT('',(-6.28318530718,-311.0202516732));
#6025 = ( GEOMETRIC_REPRESENTATION_CONTEXT(2) 
PARAMETRIC_REPRESENTATION_CONTEXT() REPRESENTATION_CONTEXT('2D SPACE',''
  ) );
#6026 = ADVANCED_FACE('',(#6027),#5153,.T.);
#6027 = FACE_BOUND('',#6028,.F.);
#6028 = EDGE_LOOP('',(#6029,#6474,#6495,#6496,#6696,#6697));
#6029 = ORIENTED_EDGE('',*,*,#6030,.F.);
#6030 = EDGE_CURVE('',#6031,#6031,#6033,.T.);
#6031 = VERTEX_POINT('',#6032);
#6032 = CARTESIAN_POINT('',(170.42580353108,573.22708237377,
    60.753236003785));
#6033 = SURFACE_CURVE('',#6034,(#6177,#6323),.PCURVE_S1.);
#6034 = B_SPLINE_CURVE_WITH_KNOTS('',8,(#6035,#6036,#6037,#6038,#6039,
    #6040,#6041,#6042,#6043,#6044,#6045,#6046,#6047,#6048,#6049,#6050,
    #6051,#6052,#6053,#6054,#6055,#6056,#6057,#6058,#6059,#6060,#6061,
    #6062,#6063,#6064,#6065,#6066,#6067,#6068,#6069,#6070,#6071,#6072,
    #6073,#6074,#6075,#6076,#6077,#6078,#6079,#6080,#6081,#6082,#6083,
    #6084,#6085,#6086,#6087,#6088,#6089,#6090,#6091,#6092,#6093,#6094,
    #6095,#6096,#6097,#6098,#6099,#6100,#6101,#6102,#6103,#6104,#6105,
    #6106,#6107,#6108,#6109,#6110,#6111,#6112,#6113,#6114,#6115,#6116,
    #6117,#6118,#6119,#6120,#6121,#6122,#6123,#6124,#6125,#6126,#6127,
    #6128,#6129,#6130,#6131,#6132,#6133,#6134,#6135,#6136,#6137,#6138,
    #6139,#6140,#6141,#6142,#6143,#6144,#6145,#6146,#6147,#6148,#6149,
    #6150,#6151,#6152,#6153,#6154,#6155,#6156,#6157,#6158,#6159,#6160,
    #6161,#6162,#6163,#6164,#6165,#6166,#6167,#6168,#6169,#6170,#6171,
    #6172,#6173,#6174,#6175,#6176),.UNSPECIFIED.,.T.,.F.,(9,7,7,7,7,7,7,
    7,7,7,7,7,7,7,7,7,7,7,7,7,9),(0.,1.03757648174E-02,
    3.082426305755E-02,5.747277218855E-02,7.005806470273E-02,
    9.17652664905E-02,0.145226663551,0.213659967629,0.25411204034,
    0.348035561877,0.428658577898,0.475728477414,0.518771585188,
    0.553546023382,0.59409647495,0.640550453283,0.714143710722,
    0.841635732448,0.90505963406,0.958438525958,1.),.UNSPECIFIED.);
#6035 = CARTESIAN_POINT('',(170.42580353108,573.22708237377,
    60.753236003784));
#6036 = CARTESIAN_POINT('',(170.45991063393,573.17451730938,
    60.621197046038));
#6037 = CARTESIAN_POINT('',(170.49250897443,573.12082782696,
    60.488829684101));
#6038 = CARTESIAN_POINT('',(170.52358001584,573.06601327089,
    60.356177122439));
#6039 = CARTESIAN_POINT('',(170.55310615295,573.01007474922,
    60.223283379202));
#6040 = CARTESIAN_POINT('',(170.58107071208,572.95301513363,
    60.090193286226));
#6041 = CARTESIAN_POINT('',(170.60745795111,572.89483905942,
    59.956952489028));
#6042 = CARTESIAN_POINT('',(170.63225305944,572.83555292553,
    59.823607446808));
#6043 = CARTESIAN_POINT('',(170.70114310148,572.65615250689,
    59.427297501928));
#6044 = CARTESIAN_POINT('',(170.74061109708,572.53284841772,
    59.164141038731));
#6045 = CARTESIAN_POINT('',(170.7737349845,572.40532636626,
    58.901122592773));
#6046 = CARTESIAN_POINT('',(170.80042568987,572.27368335617,
    58.638621362282));
#6047 = CARTESIAN_POINT('',(170.82061601877,572.1380402024,
    58.377008776537));
#6048 = CARTESIAN_POINT('',(170.83426044928,571.99854207815,
    58.116648078594));
#6049 = CARTESIAN_POINT('',(170.84133492495,571.85535906173,
    57.85789390802));
#6050 = CARTESIAN_POINT('',(170.8424904938,571.51754305204,
    57.266427156089));
#6051 = CARTESIAN_POINT('',(170.83198175603,571.32051203946,
    56.93514567472));
#6052 = CARTESIAN_POINT('',(170.81031339699,571.11802025667,
    56.607992133864));
#6053 = CARTESIAN_POINT('',(170.77754903423,570.91055719907,
    56.285671439019));
#6054 = CARTESIAN_POINT('',(170.73381225691,570.69867123032,
    55.968842710311));
#6055 = CARTESIAN_POINT('',(170.67928656845,570.48296382704,
    55.65811431108));
#6056 = CARTESIAN_POINT('',(170.61421595531,570.26408208418,
    55.354039901586));
#6057 = CARTESIAN_POINT('',(170.50333948482,569.93816183295,
    54.91688702677));
#6058 = CARTESIAN_POINT('',(170.46548621723,569.83305007379,
    54.778241799553));
#6059 = CARTESIAN_POINT('',(170.4253750471,569.72743783877,
    54.641221546617));
#6060 = CARTESIAN_POINT('',(170.3830366502,569.62138995483,
    54.505865278385));
#6061 = CARTESIAN_POINT('',(170.33850364493,569.51497232175,
    54.372209375006));
#6062 = CARTESIAN_POINT('',(170.29181062715,569.408251793,
    54.240287656092));
#6063 = CARTESIAN_POINT('',(170.24299420507,569.30129605661,
    54.110131450465));
#6064 = CARTESIAN_POINT('',(170.10429833333,569.00940779829,
    53.760370349483));
#6065 = CARTESIAN_POINT('',(170.01030978886,568.82416318681,
    53.54433014678));
#6066 = CARTESIAN_POINT('',(169.91030835001,568.63874934931,
    53.333745923958));
#6067 = CARTESIAN_POINT('',(169.80448296466,568.45347692496,
    53.128694418265));
#6068 = CARTESIAN_POINT('',(169.69303096068,568.26865574502,
    52.929233398752));
#6069 = CARTESIAN_POINT('',(169.57615842736,568.08459305354,
    52.735402826995));
#6070 = CARTESIAN_POINT('',(169.45408059684,567.90159172795,
    52.547226017827));
#6071 = CARTESIAN_POINT('',(169.01409759802,567.27259002214,
    51.915204750307));
#6072 = CARTESIAN_POINT('',(168.67116334736,566.83375547727,
    51.500327065826));
#6073 = CARTESIAN_POINT('',(168.30110023827,566.40707489833,
    51.119330372932));
#6074 = CARTESIAN_POINT('',(167.90671966763,565.99584675341,
    50.771069091286));
#6075 = CARTESIAN_POINT('',(167.49078646397,565.60295888562,
    50.454115568019));
#6076 = CARTESIAN_POINT('',(167.05604165403,565.2308284031,
    50.166858012663));
#6077 = CARTESIAN_POINT('',(166.60522519648,564.88136051913,
    49.907580232907));
#6078 = CARTESIAN_POINT('',(165.54699316776,564.13935406366,
    49.376198292785));
#6079 = CARTESIAN_POINT('',(164.9315837774,563.76251627994,
    49.121090572065));
#6080 = CARTESIAN_POINT('',(164.29906508465,563.42701020038,
    48.904548685451));
#6081 = CARTESIAN_POINT('',(163.65316264267,563.13350197073,
    48.722432289571));
#6082 = CARTESIAN_POINT('',(162.99733931616,562.88184256104,
    48.571121402547));
#6083 = CARTESIAN_POINT('',(162.3349512629,562.67117081473,
    48.447486675253));
#6084 = CARTESIAN_POINT('',(161.6693535658,562.50000365887,
    48.348820552489));
#6085 = CARTESIAN_POINT('',(160.61062757809,562.28728696801,
    48.227750523957));
#6086 = CARTESIAN_POINT('',(160.21694097397,562.2212695344,
    48.190610872826));
#6087 = CARTESIAN_POINT('',(159.82321267738,562.16781457841,
    48.160802101208));
#6088 = CARTESIAN_POINT('',(159.42973979834,562.12647061965,
    48.137889481169));
#6089 = CARTESIAN_POINT('',(159.03680317474,562.0967847214,
    48.121500366048));
#6090 = CARTESIAN_POINT('',(158.6446706846,562.07830540962,
    48.111314526716));
#6091 = CARTESIAN_POINT('',(158.25360027805,562.07058508341,
    48.107056284305));
#6092 = CARTESIAN_POINT('',(156.95888535431,562.07921136621,
    48.111813684506));
#6093 = CARTESIAN_POINT('',(156.0608468707,562.14086103149,
    48.14581569717));
#6094 = CARTESIAN_POINT('',(155.17132237074,562.25264601984,
    48.20755127588));
#6095 = CARTESIAN_POINT('',(154.29141728884,562.40976380262,
    48.295466260933));
#6096 = CARTESIAN_POINT('',(153.42185288398,562.6082208195,
    48.408984039081));
#6097 = CARTESIAN_POINT('',(152.56313249937,562.84485335756,
    48.548339261693));
#6098 = CARTESIAN_POINT('',(151.71578481328,563.11726928016,
    48.714577319205));
#6099 = CARTESIAN_POINT('',(150.16387205646,563.68680617655,
    49.077080076559));
#6100 = CARTESIAN_POINT('',(149.45830120646,563.97415064664,
    49.265240383625));
#6101 = CARTESIAN_POINT('',(148.76263633474,564.28507130728,
    49.475545493469));
#6102 = CARTESIAN_POINT('',(148.0761796834,564.61948874186,
    49.710100093512));
#6103 = CARTESIAN_POINT('',(147.39925195964,564.97763000673,
    49.971641761082));
#6104 = CARTESIAN_POINT('',(146.73354213769,565.3597081421,
    50.263512263331));
#6105 = CARTESIAN_POINT('',(146.08245086935,565.7656113869,
    50.589626078021));
#6106 = CARTESIAN_POINT('',(145.08303262981,566.44508509545,
    51.167388199596));
#6107 = CARTESIAN_POINT('',(144.72172377386,566.7032554776,
    51.393398571135));
#6108 = CARTESIAN_POINT('',(144.36714170259,566.96994573782,
    51.634128713396));
#6109 = CARTESIAN_POINT('',(144.01963804947,567.24584364059,
    51.891406884247));
#6110 = CARTESIAN_POINT('',(143.68031930601,567.53143228842,
    52.167186868327));
#6111 = CARTESIAN_POINT('',(143.3510854928,567.82692150568,
    52.463522904563));
#6112 = CARTESIAN_POINT('',(143.0346721293,568.13218733774,
    52.782539389865));
#6113 = CARTESIAN_POINT('',(142.46038163259,568.73434400774,
    53.440834728804));
#6114 = CARTESIAN_POINT('',(142.1972171816,569.03243913153,
    53.779020723394));
#6115 = CARTESIAN_POINT('',(141.949360112,569.33988575572,
    54.142214557369));
#6116 = CARTESIAN_POINT('',(141.72136033652,569.65532153527,
    54.531661348957));
#6117 = CARTESIAN_POINT('',(141.51817523344,569.97711807519,
    54.94855500979));
#6118 = CARTESIAN_POINT('',(141.34519346742,570.30337079688,
    55.393991902477));
#6119 = CARTESIAN_POINT('',(141.20826711561,570.63190165672,
    55.86891326601));
#6120 = CARTESIAN_POINT('',(141.03739361165,571.22556663683,
    56.782124356731));
#6121 = CARTESIAN_POINT('',(140.98952600063,571.48794488404,
    57.205600731287));
#6122 = CARTESIAN_POINT('',(140.97321046467,571.74358627696,
    57.640203840806));
#6123 = CARTESIAN_POINT('',(140.98978238061,571.98925414997,
    58.081372810984));
#6124 = CARTESIAN_POINT('',(141.03886500837,572.2223266642,
    58.524226119174));
#6125 = CARTESIAN_POINT('',(141.11836691795,572.44077952913,
    58.963524772179));
#6126 = CARTESIAN_POINT('',(141.22446313825,572.64312313523,
    59.393620127723));
#6127 = CARTESIAN_POINT('',(141.49976763476,573.04422184592,
    60.292045014388));
#6128 = CARTESIAN_POINT('',(141.67761722346,573.23837917657,
    60.758400278102));
#6129 = CARTESIAN_POINT('',(141.87997236437,573.41284138384,
    61.206969710329));
#6130 = CARTESIAN_POINT('',(142.10242877775,573.56959537699,
    61.637636151151));
#6131 = CARTESIAN_POINT('',(142.34128499289,573.71050449337,
    62.050615695912));
#6132 = CARTESIAN_POINT('',(142.59351903289,573.83728532272,
    62.446420609552));
#6133 = CARTESIAN_POINT('',(142.85677112529,573.95149654261,
    62.825817180519));
#6134 = CARTESIAN_POINT('',(143.44157451802,574.17258450806,
    63.606727062475));
#6135 = CARTESIAN_POINT('',(143.76717688241,574.27640485715,
    64.004946109887));
#6136 = CARTESIAN_POINT('',(144.10331025829,574.36776339981,
    64.385086504692));
#6137 = CARTESIAN_POINT('',(144.44785176961,574.44823055488,
    64.7480305884));
#6138 = CARTESIAN_POINT('',(144.79934551327,574.51918509063,
    65.094839715342));
#6139 = CARTESIAN_POINT('',(145.1569653807,574.58182080741,
    65.426698860228));
#6140 = CARTESIAN_POINT('',(145.520480125,574.637159385,65.744858313757)
  );
#6141 = CARTESIAN_POINT('',(146.47597053557,574.76355354254,
    66.534890519031));
#6142 = CARTESIAN_POINT('',(147.07658869527,574.82480282153,
    66.987347985508));
#6143 = CARTESIAN_POINT('',(147.68858932476,574.87271716193,
    67.409157919203));
#6144 = CARTESIAN_POINT('',(148.30976849001,574.90970777394,
    67.801636104806));
#6145 = CARTESIAN_POINT('',(148.93899014698,574.93777150926,
    68.166035193847));
#6146 = CARTESIAN_POINT('',(149.57597186712,574.95856653251,
    68.503378261469));
#6147 = CARTESIAN_POINT('',(150.22107029248,574.97348930244,
    68.814291784324));
#6148 = CARTESIAN_POINT('',(152.00804070806,575.00153332465,
    69.591782347574));
#6149 = CARTESIAN_POINT('',(153.16443602583,575.0052776771,
    70.004165772284));
#6150 = CARTESIAN_POINT('',(154.34179671754,575.00132888838,
    70.334401323209));
#6151 = CARTESIAN_POINT('',(155.5387344745,574.99456798379,
    70.57744326698));
#6152 = CARTESIAN_POINT('',(156.75326645928,574.98909392627,
    70.724697551843));
#6153 = CARTESIAN_POINT('',(157.98229602421,574.98789144016,
    70.763870607396));
#6154 = CARTESIAN_POINT('',(159.22136856329,574.99184843855,
    70.678730993358));
#6155 = CARTESIAN_POINT('',(161.08116297933,574.99803850193,
    70.333508785657));
#6156 = CARTESIAN_POINT('',(161.69995546481,575.00013927617,
    70.182795660502));
#6157 = CARTESIAN_POINT('',(162.31731019043,575.00166583066,
    69.993689733429));
#6158 = CARTESIAN_POINT('',(162.93086280564,575.00163659829,
    69.763973709766));
#6159 = CARTESIAN_POINT('',(163.53824583798,574.99861903999,
    69.49157565039));
#6160 = CARTESIAN_POINT('',(164.13702399011,574.99064370515,
    69.17458204978));
#6161 = CARTESIAN_POINT('',(164.72459414893,574.97512035974,
    68.811266786893));
#6162 = CARTESIAN_POINT('',(165.78068272284,574.92656753412,
    68.054119573315));
#6163 = CARTESIAN_POINT('',(166.25300299581,574.8967143619,
    67.67445989388));
#6164 = CARTESIAN_POINT('',(166.71249228599,574.85728830954,
    67.260922939635));
#6165 = CARTESIAN_POINT('',(167.15663710704,574.8061068822,
    66.813673999823));
#6166 = CARTESIAN_POINT('',(167.58289890304,574.74074463235,
    66.333306283014));
#6167 = CARTESIAN_POINT('',(167.9886846141,574.65859215791,
    65.820864522072));
#6168 = CARTESIAN_POINT('',(168.37131803049,574.55694291218,
    65.277863524955));
#6169 = CARTESIAN_POINT('',(169.00573827815,574.33668827514,
    64.261276450717));
#6170 = CARTESIAN_POINT('',(169.26786141458,574.22677639627,
    63.798740993717));
#6171 = CARTESIAN_POINT('',(169.51268399535,574.10220611085,
    63.320183574659));
#6172 = CARTESIAN_POINT('',(169.73862539762,573.96189304001,
    62.827324191968));
#6173 = CARTESIAN_POINT('',(169.94421682189,573.80488465183,
    62.322075679662));
#6174 = CARTESIAN_POINT('',(170.12809731444,573.63040645567,
    61.806506119681));
#6175 = CARTESIAN_POINT('',(170.28901071525,573.43790424287,
    61.282802555038));
#6176 = CARTESIAN_POINT('',(170.42580353108,573.22708237377,
    60.753236003784));
#6177 = PCURVE('',#5153,#6178);
#6178 = DEFINITIONAL_REPRESENTATION('',(#6179),#6322);
#6179 = B_SPLINE_CURVE_WITH_KNOTS('',8,(#6180,#6181,#6182,#6183,#6184,
    #6185,#6186,#6187,#6188,#6189,#6190,#6191,#6192,#6193,#6194,#6195,
    #6196,#6197,#6198,#6199,#6200,#6201,#6202,#6203,#6204,#6205,#6206,
    #6207,#6208,#6209,#6210,#6211,#6212,#6213,#6214,#6215,#6216,#6217,
    #6218,#6219,#6220,#6221,#6222,#6223,#6224,#6225,#6226,#6227,#6228,
    #6229,#6230,#6231,#6232,#6233,#6234,#6235,#6236,#6237,#6238,#6239,
    #6240,#6241,#6242,#6243,#6244,#6245,#6246,#6247,#6248,#6249,#6250,
    #6251,#6252,#6253,#6254,#6255,#6256,#6257,#6258,#6259,#6260,#6261,
    #6262,#6263,#6264,#6265,#6266,#6267,#6268,#6269,#6270,#6271,#6272,
    #6273,#6274,#6275,#6276,#6277,#6278,#6279,#6280,#6281,#6282,#6283,
    #6284,#6285,#6286,#6287,#6288,#6289,#6290,#6291,#6292,#6293,#6294,
    #6295,#6296,#6297,#6298,#6299,#6300,#6301,#6302,#6303,#6304,#6305,
    #6306,#6307,#6308,#6309,#6310,#6311,#6312,#6313,#6314,#6315,#6316,
    #6317,#6318,#6319,#6320,#6321),.UNSPECIFIED.,.F.,.F.,(9,7,7,7,7,7,7,
    7,7,7,7,7,7,7,7,7,7,7,7,7,9),(0.,1.03757648174E-02,
    3.082426305755E-02,5.747277218855E-02,7.005806470273E-02,
    9.17652664905E-02,0.145226663551,0.213659967629,0.25411204034,
    0.348035561877,0.428658577898,0.475728477414,0.518771585188,
    0.553546023382,0.59409647495,0.640550453283,0.714143710722,
    0.841635732448,0.90505963406,0.958438525958,1.),.UNSPECIFIED.);
#6180 = CARTESIAN_POINT('',(0.,-21.35840135981));
#6181 = CARTESIAN_POINT('',(-1.124240821346E-02,-21.35908132291));
#6182 = CARTESIAN_POINT('',(-2.251164552091E-02,-21.35979347519));
#6183 = CARTESIAN_POINT('',(-3.3806575502E-02,-21.36052771143));
#6184 = CARTESIAN_POINT('',(-4.512600493935E-02,-21.36127445073));
#6185 = CARTESIAN_POINT('',(-5.646868381854E-02,-21.36202463648));
#6186 = CARTESIAN_POINT('',(-6.783330532812E-02,-21.36276973641));
#6187 = CARTESIAN_POINT('',(-7.921850585958E-02,-21.36350174252));
#6188 = CARTESIAN_POINT('',(-0.113098511099,-21.36561525063));
#6189 = CARTESIAN_POINT('',(-0.135650866379,-21.36693782985));
#6190 = CARTESIAN_POINT('',(-0.158266846578,-21.36812386098));
#6191 = CARTESIAN_POINT('',(-0.180933908843,-21.36912623446));
#6192 = CARTESIAN_POINT('',(-0.203639828956,-21.36990847475));
#6193 = CARTESIAN_POINT('',(-0.226372478534,-21.37044543606));
#6194 = CARTESIAN_POINT('',(-0.249119602248,-21.37072399813));
#6195 = CARTESIAN_POINT('',(-0.301515111581,-21.37076951832));
#6196 = CARTESIAN_POINT('',(-0.331158793101,-21.37035558305));
#6197 = CARTESIAN_POINT('',(-0.360773327038,-21.36950069867));
#6198 = CARTESIAN_POINT('',(-0.390332636886,-21.36823862526));
#6199 = CARTESIAN_POINT('',(-0.419810581699,-21.36663803504));
#6200 = CARTESIAN_POINT('',(-0.449180673625,-21.36480034056));
#6201 = CARTESIAN_POINT('',(-0.47841581343,-21.3628554569));
#6202 = CARTESIAN_POINT('',(-0.5212179876,-21.36005820355));
#6203 = CARTESIAN_POINT('',(-0.534912719234,-21.35917085955));
#6204 = CARTESIAN_POINT('',(-0.548570360448,-21.35830941251));
#6205 = CARTESIAN_POINT('',(-0.562189028055,-21.35749094371));
#6206 = CARTESIAN_POINT('',(-0.575766822529,-21.35673353127));
#6207 = CARTESIAN_POINT('',(-0.58930181635,-21.35605611276));
#6208 = CARTESIAN_POINT('',(-0.602792042348,-21.35547834781));
#6209 = CARTESIAN_POINT('',(-0.639422822194,-21.35423074841));
#6210 = CARTESIAN_POINT('',(-0.662468798311,-21.35379779994));
#6211 = CARTESIAN_POINT('',(-0.685368304801,-21.35382508226));
#6212 = CARTESIAN_POINT('',(-0.708116168117,-21.35442156679));
#6213 = CARTESIAN_POINT('',(-0.730707073042,-21.35569971433));
#6214 = CARTESIAN_POINT('',(-0.753135488967,-21.35777343979));
#6215 = CARTESIAN_POINT('',(-0.775395596164,-21.36075607704));
#6216 = CARTESIAN_POINT('',(-0.851874583103,-21.37461529204));
#6217 = CARTESIAN_POINT('',(-0.905174762891,-21.39065063644));
#6218 = CARTESIAN_POINT('',(-0.957387065702,-21.41451946588));
#6219 = CARTESIAN_POINT('',(-1.008513311395,-21.44783257588));
#6220 = CARTESIAN_POINT('',(-1.058551409772,-21.49203521906));
#6221 = CARTESIAN_POINT('',(-1.107494959436,-21.54830808071));
#6222 = CARTESIAN_POINT('',(-1.155332861131,-21.61749047932));
#6223 = CARTESIAN_POINT('',(-1.26184790686,-21.80567518512));
#6224 = CARTESIAN_POINT('',(-1.319757954257,-21.93311417888));
#6225 = CARTESIAN_POINT('',(-1.375917209319,-22.08350618063));
#6226 = CARTESIAN_POINT('',(-1.430436721978,-22.25731944429));
#6227 = CARTESIAN_POINT('',(-1.483404797294,-22.45430940419));
#6228 = CARTESIAN_POINT('',(-1.534888946315,-22.67353293676));
#6229 = CARTESIAN_POINT('',(-1.584935461074,-22.91339455012));
#6230 = CARTESIAN_POINT('',(-1.662313302897,-23.32442766429));
#6231 = CARTESIAN_POINT('',(-1.690596777149,-23.48375031552));
#6232 = CARTESIAN_POINT('',(-1.718448116182,-23.64941926419));
#6233 = CARTESIAN_POINT('',(-1.745895355754,-23.82113553412));
#6234 = CARTESIAN_POINT('',(-1.772964055141,-23.99858015484));
#6235 = CARTESIAN_POINT('',(-1.799677705802,-24.18141892753));
#6236 = CARTESIAN_POINT('',(-1.826057981236,-24.3693061661));
#6237 = CARTESIAN_POINT('',(-1.912648056658,-25.009031594));
#6238 = CARTESIAN_POINT('',(-1.971492251999,-25.48155943529));
#6239 = CARTESIAN_POINT('',(-2.029009607421,-25.97581488041));
#6240 = CARTESIAN_POINT('',(-2.085511620494,-26.48829676168));
#6241 = CARTESIAN_POINT('',(-2.141294732672,-27.01588093157));
#6242 = CARTESIAN_POINT('',(-2.19665200738,-27.5558264636));
#6243 = CARTESIAN_POINT('',(-2.25188129918,-28.10561246294));
#6244 = CARTESIAN_POINT('',(-2.354871542722,-29.14080924396));
#6245 = CARTESIAN_POINT('',(-2.402435112966,-29.62282928429));
#6246 = CARTESIAN_POINT('',(-2.450311118362,-30.10822974087));
#6247 = CARTESIAN_POINT('',(-2.498804187819,-30.5963817306));
#6248 = CARTESIAN_POINT('',(-2.54820542173,-31.08611440532));
#6249 = CARTESIAN_POINT('',(-2.598793220259,-31.57531339318));
#6250 = CARTESIAN_POINT('',(-2.65083702696,-32.06053091738));
#6251 = CARTESIAN_POINT('',(-2.736000883764,-32.81458215158));
#6252 = CARTESIAN_POINT('',(-2.767961095634,-33.08923965006));
#6253 = CARTESIAN_POINT('',(-2.800663608211,-33.36066656837));
#6254 = CARTESIAN_POINT('',(-2.834267655749,-33.6284189418));
#6255 = CARTESIAN_POINT('',(-2.868918526532,-33.89147332059));
#6256 = CARTESIAN_POINT('',(-2.90475017682,-34.14816676345));
#6257 = CARTESIAN_POINT('',(-2.941888624618,-34.39614361097));
#6258 = CARTESIAN_POINT('',(-3.015724203728,-34.84827070551));
#6259 = CARTESIAN_POINT('',(-3.052521089269,-35.05639902047));
#6260 = CARTESIAN_POINT('',(-3.090858895952,-35.25326143547));
#6261 = CARTESIAN_POINT('',(-3.130757500067,-35.43505625521));
#6262 = CARTESIAN_POINT('',(-3.172244876408,-35.59760284295));
#6263 = CARTESIAN_POINT('',(-3.215359239006,-35.73634233274));
#6264 = CARTESIAN_POINT('',(-3.260152984388,-35.84634884837));
#6265 = CARTESIAN_POINT('',(-3.344302412962,-35.9837533953));
#6266 = CARTESIAN_POINT('',(-3.382651358017,-36.022310838));
#6267 = CARTESIAN_POINT('',(-3.421380676619,-36.0354755316));
#6268 = CARTESIAN_POINT('',(-3.460152081266,-36.02211928268));
#6269 = CARTESIAN_POINT('',(-3.498636217242,-35.98255770662));
#6270 = CARTESIAN_POINT('',(-3.536492932868,-35.91855436594));
#6271 = CARTESIAN_POINT('',(-3.573349195611,-35.83330506986));
#6272 = CARTESIAN_POINT('',(-3.650084259856,-35.61257361722));
#6273 = CARTESIAN_POINT('',(-3.689750817931,-35.47022946787));
#6274 = CARTESIAN_POINT('',(-3.727876449511,-35.3086682981));
#6275 = CARTESIAN_POINT('',(-3.764556090183,-35.13160430587));
#6276 = CARTESIAN_POINT('',(-3.799883651825,-34.94216912919));
#6277 = CARTESIAN_POINT('',(-3.833956784399,-34.74292181637));
#6278 = CARTESIAN_POINT('',(-3.866880237554,-34.53586711309));
#6279 = CARTESIAN_POINT('',(-3.935297752069,-34.07803141448));
#6280 = CARTESIAN_POINT('',(-3.970602091356,-33.82437771242));
#6281 = CARTESIAN_POINT('',(-4.004786163296,-33.56396024275));
#6282 = CARTESIAN_POINT('',(-4.037958883898,-33.29862615146));
#6283 = CARTESIAN_POINT('',(-4.070235600687,-33.02967290416));
#6284 = CARTESIAN_POINT('',(-4.101740445146,-32.75789556255));
#6285 = CARTESIAN_POINT('',(-4.132608198668,-32.48363888147));
#6286 = CARTESIAN_POINT('',(-4.211110230988,-31.76836682214));
#6287 = CARTESIAN_POINT('',(-4.257942208834,-31.32410103251));
#6288 = CARTESIAN_POINT('',(-4.303682025593,-30.87743493385));
#6289 = CARTESIAN_POINT('',(-4.348530308795,-30.43070359012));
#6290 = CARTESIAN_POINT('',(-4.392691990662,-29.98543209529));
#6291 = CARTESIAN_POINT('',(-4.436378980735,-29.54256998968));
#6292 = CARTESIAN_POINT('',(-4.479811413934,-29.10272704993));
#6293 = CARTESIAN_POINT('',(-4.598413579735,-27.91054113807));
#6294 = CARTESIAN_POINT('',(-4.673312943225,-27.16744368516));
#6295 = CARTESIAN_POINT('',(-4.748688870237,-26.44380648336));
#6296 = CARTESIAN_POINT('',(-4.825248098047,-25.746186167));
#6297 = CARTESIAN_POINT('',(-4.90367617917,-25.08237587789));
#6298 = CARTESIAN_POINT('',(-4.984711601887,-24.46147432621));
#6299 = CARTESIAN_POINT('',(-5.069185642303,-23.89336576188));
#6300 = CARTESIAN_POINT('',(-5.202484842402,-23.13498222483));
#6301 = CARTESIAN_POINT('',(-5.247909282963,-22.89820419701));
#6302 = CARTESIAN_POINT('',(-5.294504034245,-22.67831892178));
#6303 = CARTESIAN_POINT('',(-5.342315378543,-22.47670417547));
#6304 = CARTESIAN_POINT('',(-5.391405756182,-22.29433531633));
#6305 = CARTESIAN_POINT('',(-5.441854248437,-22.13174638298));
#6306 = CARTESIAN_POINT('',(-5.493758663828,-21.98900319881));
#6307 = CARTESIAN_POINT('',(-5.592249597211,-21.76190421852));
#6308 = CARTESIAN_POINT('',(-5.638347068205,-21.67194925563));
#6309 = CARTESIAN_POINT('',(-5.685525601311,-21.59571759752));
#6310 = CARTESIAN_POINT('',(-5.73378496704,-21.53272056536));
#6311 = CARTESIAN_POINT('',(-5.783129718246,-21.48211280185));
#6312 = CARTESIAN_POINT('',(-5.833568530946,-21.44274110798));
#6313 = CARTESIAN_POINT('',(-5.885113913578,-21.41321611184));
#6314 = CARTESIAN_POINT('',(-5.978790538367,-21.37549291027));
#6315 = CARTESIAN_POINT('',(-6.020497615961,-21.3640128836));
#6316 = CARTESIAN_POINT('',(-6.062859587977,-21.35687340691));
#6317 = CARTESIAN_POINT('',(-6.105836006415,-21.35328538371));
#6318 = CARTESIAN_POINT('',(-6.149389806023,-21.35242106699));
#6319 = CARTESIAN_POINT('',(-6.193486912703,-21.35346721539));
#6320 = CARTESIAN_POINT('',(-6.23809555907,-21.3556742426));
#6321 = CARTESIAN_POINT('',(-6.28318530718,-21.35840135981));
#6322 = ( GEOMETRIC_REPRESENTATION_CONTEXT(2) 
PARAMETRIC_REPRESENTATION_CONTEXT() REPRESENTATION_CONTEXT('2D SPACE',''
  ) );
#6323 = PCURVE('',#6324,#6329);
#6324 = CYLINDRICAL_SURFACE('',#6325,25.);
#6325 = AXIS2_PLACEMENT_3D('',#6326,#6327,#6328);
#6326 = CARTESIAN_POINT('',(130.,550.,70.));
#6327 = DIRECTION('',(-1.,-0.,0.));
#6328 = DIRECTION('',(0.,0.,1.));
#6329 = DEFINITIONAL_REPRESENTATION('',(#6330),#6473);
#6330 = B_SPLINE_CURVE_WITH_KNOTS('',8,(#6331,#6332,#6333,#6334,#6335,
    #6336,#6337,#6338,#6339,#6340,#6341,#6342,#6343,#6344,#6345,#6346,
    #6347,#6348,#6349,#6350,#6351,#6352,#6353,#6354,#6355,#6356,#6357,
    #6358,#6359,#6360,#6361,#6362,#6363,#6364,#6365,#6366,#6367,#6368,
    #6369,#6370,#6371,#6372,#6373,#6374,#6375,#6376,#6377,#6378,#6379,
    #6380,#6381,#6382,#6383,#6384,#6385,#6386,#6387,#6388,#6389,#6390,
    #6391,#6392,#6393,#6394,#6395,#6396,#6397,#6398,#6399,#6400,#6401,
    #6402,#6403,#6404,#6405,#6406,#6407,#6408,#6409,#6410,#6411,#6412,
    #6413,#6414,#6415,#6416,#6417,#6418,#6419,#6420,#6421,#6422,#6423,
    #6424,#6425,#6426,#6427,#6428,#6429,#6430,#6431,#6432,#6433,#6434,
    #6435,#6436,#6437,#6438,#6439,#6440,#6441,#6442,#6443,#6444,#6445,
    #6446,#6447,#6448,#6449,#6450,#6451,#6452,#6453,#6454,#6455,#6456,
    #6457,#6458,#6459,#6460,#6461,#6462,#6463,#6464,#6465,#6466,#6467,
    #6468,#6469,#6470,#6471,#6472),.UNSPECIFIED.,.T.,.F.,(9,7,7,7,7,7,7,
    7,7,7,7,7,7,7,7,7,7,7,7,7,9),(0.,1.03757648174E-02,
    3.082426305755E-02,5.747277218855E-02,7.005806470273E-02,
    9.17652664905E-02,0.145226663551,0.213659967629,0.25411204034,
    0.348035561877,0.428658577898,0.475728477414,0.518771585188,
    0.553546023382,0.59409647495,0.640550453283,0.714143710722,
    0.841635732448,0.90505963406,0.958438525958,1.),.UNSPECIFIED.);
#6331 = CARTESIAN_POINT('',(-4.33351928384,-40.42580353108));
#6332 = CARTESIAN_POINT('',(-4.327834585451,-40.45991063393));
#6333 = CARTESIAN_POINT('',(-4.322121048306,-40.49250897443));
#6334 = CARTESIAN_POINT('',(-4.31637998565,-40.52358001584));
#6335 = CARTESIAN_POINT('',(-4.310612757752,-40.55310615295));
#6336 = CARTESIAN_POINT('',(-4.304820771904,-40.58107071208));
#6337 = CARTESIAN_POINT('',(-4.299005482423,-40.60745795111));
#6338 = CARTESIAN_POINT('',(-4.293168390646,-40.63225305944));
#6339 = CARTESIAN_POINT('',(-4.275767421357,-40.70114310148));
#6340 = CARTESIAN_POINT('',(-4.264143945805,-40.74061109708));
#6341 = CARTESIAN_POINT('',(-4.252453579515,-40.7737349845));
#6342 = CARTESIAN_POINT('',(-4.240709258098,-40.80042568987));
#6343 = CARTESIAN_POINT('',(-4.228923944088,-40.82061601877));
#6344 = CARTESIAN_POINT('',(-4.217110679482,-40.83426044928));
#6345 = CARTESIAN_POINT('',(-4.205282638281,-40.84133492495));
#6346 = CARTESIAN_POINT('',(-4.178037012576,-40.8424904938));
#6347 = CARTESIAN_POINT('',(-4.162621563424,-40.83198175603));
#6348 = CARTESIAN_POINT('',(-4.147235581102,-40.81031339699));
#6349 = CARTESIAN_POINT('',(-4.131907674509,-40.77754903423));
#6350 = CARTESIAN_POINT('',(-4.11666626326,-40.73381225691));
#6351 = CARTESIAN_POINT('',(-4.101539502702,-40.67928656845));
#6352 = CARTESIAN_POINT('',(-4.086555182613,-40.61421595531));
#6353 = CARTESIAN_POINT('',(-4.064744115839,-40.50333948482));
#6354 = CARTESIAN_POINT('',(-4.05778491772,-40.46548621723));
#6355 = CARTESIAN_POINT('',(-4.050865342044,-40.4253750471));
#6356 = CARTESIAN_POINT('',(-4.043987691455,-40.3830366502));
#6357 = CARTESIAN_POINT('',(-4.037154236369,-40.33850364493));
#6358 = CARTESIAN_POINT('',(-4.030367216933,-40.29181062715));
#6359 = CARTESIAN_POINT('',(-4.023628844971,-40.24299420507));
#6360 = CARTESIAN_POINT('',(-4.005406591187,-40.10429833333));
#6361 = CARTESIAN_POINT('',(-3.994024186983,-40.01030978886));
#6362 = CARTESIAN_POINT('',(-3.982802659079,-39.91030835001));
#6363 = CARTESIAN_POINT('',(-3.97175025191,-39.80448296466));
#6364 = CARTESIAN_POINT('',(-3.960874886321,-39.69303096068));
#6365 = CARTESIAN_POINT('',(-3.950184157292,-39.57615842736));
#6366 = CARTESIAN_POINT('',(-3.939685331667,-39.45408059684));
#6367 = CARTESIAN_POINT('',(-3.904018113586,-39.01409759802));
#6368 = CARTESIAN_POINT('',(-3.879873197388,-38.67116334736));
#6369 = CARTESIAN_POINT('',(-3.857006866202,-38.30110023827));
#6370 = CARTESIAN_POINT('',(-3.835465066717,-37.90671966763));
#6371 = CARTESIAN_POINT('',(-3.81528306629,-37.49078646397));
#6372 = CARTESIAN_POINT('',(-3.796484715037,-37.05604165403));
#6373 = CARTESIAN_POINT('',(-3.7790813271,-36.60522519648));
#6374 = CARTESIAN_POINT('',(-3.742575100864,-35.54699316776));
#6375 = CARTESIAN_POINT('',(-3.724378702251,-34.9315837774));
#6376 = CARTESIAN_POINT('',(-3.70841157142,-34.29906508465));
#6377 = CARTESIAN_POINT('',(-3.694598040552,-33.65316264267));
#6378 = CARTESIAN_POINT('',(-3.682853644174,-32.99733931616));
#6379 = CARTESIAN_POINT('',(-3.673083376065,-32.3349512629));
#6380 = CARTESIAN_POINT('',(-3.665180746733,-31.6693535658));
#6381 = CARTESIAN_POINT('',(-3.655390437861,-30.61062757809));
#6382 = CARTESIAN_POINT('',(-3.652360582512,-30.21694097397));
#6383 = CARTESIAN_POINT('',(-3.64991242296,-29.82321267738));
#6384 = CARTESIAN_POINT('',(-3.648021686996,-29.42973979834));
#6385 = CARTESIAN_POINT('',(-3.646665305492,-29.03680317474));
#6386 = CARTESIAN_POINT('',(-3.645821282009,-28.6446706846));
#6387 = CARTESIAN_POINT('',(-3.645468609206,-28.25360027805));
#6388 = CARTESIAN_POINT('',(-3.645862656131,-26.95888535431));
#6389 = CARTESIAN_POINT('',(-3.648678835274,-26.0608468707));
#6390 = CARTESIAN_POINT('',(-3.653786848776,-25.17132237074));
#6391 = CARTESIAN_POINT('',(-3.660988318493,-24.29141728884));
#6392 = CARTESIAN_POINT('',(-3.670132589079,-23.42185288398));
#6393 = CARTESIAN_POINT('',(-3.681115373093,-22.56313249937));
#6394 = CARTESIAN_POINT('',(-3.693878396561,-21.71578481328));
#6395 = CARTESIAN_POINT('',(-3.720883004329,-20.16387205646));
#6396 = CARTESIAN_POINT('',(-3.734620624629,-19.45830120646));
#6397 = CARTESIAN_POINT('',(-3.749632397215,-18.76263633474));
#6398 = CARTESIAN_POINT('',(-3.765966318852,-18.0761796834));
#6399 = CARTESIAN_POINT('',(-3.78369800961,-17.39925195964));
#6400 = CARTESIAN_POINT('',(-3.802921238587,-16.73354213769));
#6401 = CARTESIAN_POINT('',(-3.823740364679,-16.08245086935));
#6402 = CARTESIAN_POINT('',(-3.859416543616,-15.08303262981));
#6403 = CARTESIAN_POINT('',(-3.873139997996,-14.72172377386));
#6404 = CARTESIAN_POINT('',(-3.88750794678,-14.36714170259));
#6405 = CARTESIAN_POINT('',(-3.902593469659,-14.01963804947));
#6406 = CARTESIAN_POINT('',(-3.918468541003,-13.68031930601));
#6407 = CARTESIAN_POINT('',(-3.935202239006,-13.3510854928));
#6408 = CARTESIAN_POINT('',(-3.95285942936,-13.0346721293));
#6409 = CARTESIAN_POINT('',(-3.988545738409,-12.46038163259));
#6410 = CARTESIAN_POINT('',(-4.006575109628,-12.1972171816));
#6411 = CARTESIAN_POINT('',(-4.025602622621,-11.949360112));
#6412 = CARTESIAN_POINT('',(-4.045639400928,-11.72136033652));
#6413 = CARTESIAN_POINT('',(-4.066692653767,-11.51817523344));
#6414 = CARTESIAN_POINT('',(-4.088765179276,-11.34519346742));
#6415 = CARTESIAN_POINT('',(-4.111854823352,-11.20826711561));
#6416 = CARTESIAN_POINT('',(-4.155423483737,-11.03739361165));
#6417 = CARTESIAN_POINT('',(-4.175345651187,-10.98952600063));
#6418 = CARTESIAN_POINT('',(-4.195505243302,-10.97321046467));
#6419 = CARTESIAN_POINT('',(-4.21569239778,-10.98978238061));
#6420 = CARTESIAN_POINT('',(-4.235699360951,-11.03886500837));
#6421 = CARTESIAN_POINT('',(-4.255316150038,-11.11836691795));
#6422 = CARTESIAN_POINT('',(-4.274325059892,-11.22446313825));
#6423 = CARTESIAN_POINT('',(-4.313680820897,-11.49976763476));
#6424 = CARTESIAN_POINT('',(-4.33388061338,-11.67761722346));
#6425 = CARTESIAN_POINT('',(-4.353124113583,-11.87997236437));
#6426 = CARTESIAN_POINT('',(-4.371448242797,-12.10242877775));
#6427 = CARTESIAN_POINT('',(-4.388896022302,-12.34128499289));
#6428 = CARTESIAN_POINT('',(-4.40551620276,-12.59351903289));
#6429 = CARTESIAN_POINT('',(-4.421362622348,-12.85677112529));
#6430 = CARTESIAN_POINT('',(-4.453826759661,-13.44157451802));
#6431 = CARTESIAN_POINT('',(-4.470284386257,-13.76717688241));
#6432 = CARTESIAN_POINT('',(-4.485918356309,-14.10331025829));
#6433 = CARTESIAN_POINT('',(-4.500784320294,-14.44785176961));
#6434 = CARTESIAN_POINT('',(-4.514940584676,-14.79934551327));
#6435 = CARTESIAN_POINT('',(-4.528446951998,-15.1569653807));
#6436 = CARTESIAN_POINT('',(-4.541363212658,-15.520480125));
#6437 = CARTESIAN_POINT('',(-4.573366371713,-16.47597053557));
#6438 = CARTESIAN_POINT('',(-4.591624459522,-17.07658869527));
#6439 = CARTESIAN_POINT('',(-4.608599231362,-17.68858932476));
#6440 = CARTESIAN_POINT('',(-4.624362806744,-18.30976849001));
#6441 = CARTESIAN_POINT('',(-4.63897829528,-18.93899014698));
#6442 = CARTESIAN_POINT('',(-4.652495452211,-19.57597186712));
#6443 = CARTESIAN_POINT('',(-4.664945439323,-20.22107029248));
#6444 = CARTESIAN_POINT('',(-4.69606528619,-22.00804070806));
#6445 = CARTESIAN_POINT('',(-4.712555287697,-23.16443602583));
#6446 = CARTESIAN_POINT('',(-4.725762214628,-24.34179671754));
#6447 = CARTESIAN_POINT('',(-4.735486577048,-25.53873447451));
#6448 = CARTESIAN_POINT('',(-4.741382115647,-26.75326645928));
#6449 = CARTESIAN_POINT('',(-4.742948552728,-27.98229602422));
#6450 = CARTESIAN_POINT('',(-4.739540662876,-29.22136856329));
#6451 = CARTESIAN_POINT('',(-4.725729554907,-31.08116297933));
#6452 = CARTESIAN_POINT('',(-4.719700476101,-31.69995546481));
#6453 = CARTESIAN_POINT('',(-4.712136256053,-32.31731019043));
#6454 = CARTESIAN_POINT('',(-4.7029482569,-32.93086280564));
#6455 = CARTESIAN_POINT('',(-4.692053186686,-33.53824583798));
#6456 = CARTESIAN_POINT('',(-4.679372246212,-34.13702399011));
#6457 = CARTESIAN_POINT('',(-4.664829669535,-34.72459414893));
#6458 = CARTESIAN_POINT('',(-4.634481574902,-35.78068272284));
#6459 = CARTESIAN_POINT('',(-4.61924991437,-36.25300299581));
#6460 = CARTESIAN_POINT('',(-4.602637315016,-36.71249228599));
#6461 = CARTESIAN_POINT('',(-4.584637484665,-37.15663710704));
#6462 = CARTESIAN_POINT('',(-4.565255517092,-37.58289890304));
#6463 = CARTESIAN_POINT('',(-4.544507269728,-37.9886846141));
#6464 = CARTESIAN_POINT('',(-4.522418802492,-38.37131803049));
#6465 = CARTESIAN_POINT('',(-4.480811853367,-39.00573827815));
#6466 = CARTESIAN_POINT('',(-4.461799023942,-39.26786141458));
#6467 = CARTESIAN_POINT('',(-4.442026481303,-39.51268399535));
#6468 = CARTESIAN_POINT('',(-4.421539690802,-39.73862539762));
#6469 = CARTESIAN_POINT('',(-4.400389135822,-39.94421682189));
#6470 = CARTESIAN_POINT('',(-4.378629418038,-40.12809731444));
#6471 = CARTESIAN_POINT('',(-4.356318813404,-40.28901071525));
#6472 = CARTESIAN_POINT('',(-4.33351928384,-40.42580353108));
#6473 = ( GEOMETRIC_REPRESENTATION_CONTEXT(2) 
PARAMETRIC_REPRESENTATION_CONTEXT() REPRESENTATION_CONTEXT('2D SPACE',''
  ) );
#6474 = ORIENTED_EDGE('',*,*,#6475,.T.);
#6475 = EDGE_CURVE('',#6031,#4811,#6476,.T.);
#6476 = SEAM_CURVE('',#6477,(#6481,#6488),.PCURVE_S1.);
#6477 = LINE('',#6478,#6479);
#6478 = CARTESIAN_POINT('',(180.90546939346,557.07606792705,70.));
#6479 = VECTOR('',#6480,1.);
#6480 = DIRECTION('',(-0.490657783129,0.756190230469,-0.432933338055));
#6481 = PCURVE('',#5153,#6482);
#6482 = DEFINITIONAL_REPRESENTATION('',(#6483),#6487);
#6483 = LINE('',#6484,#6485);
#6484 = CARTESIAN_POINT('',(-0.,0.));
#6485 = VECTOR('',#6486,1.);
#6486 = DIRECTION('',(-0.,-1.));
#6487 = ( GEOMETRIC_REPRESENTATION_CONTEXT(2) 
PARAMETRIC_REPRESENTATION_CONTEXT() REPRESENTATION_CONTEXT('2D SPACE',''
  ) );
#6488 = PCURVE('',#5153,#6489);
#6489 = DEFINITIONAL_REPRESENTATION('',(#6490),#6494);
#6490 = LINE('',#6491,#6492);
#6491 = CARTESIAN_POINT('',(-6.28318530718,0.));
#6492 = VECTOR('',#6493,1.);
#6493 = DIRECTION('',(-0.,-1.));
#6494 = ( GEOMETRIC_REPRESENTATION_CONTEXT(2) 
PARAMETRIC_REPRESENTATION_CONTEXT() REPRESENTATION_CONTEXT('2D SPACE',''
  ) );
#6495 = ORIENTED_EDGE('',*,*,#4810,.T.);
#6496 = ORIENTED_EDGE('',*,*,#6497,.F.);
#6497 = EDGE_CURVE('',#5326,#4813,#6498,.T.);
#6498 = SURFACE_CURVE('',#6499,(#6550,#6623),.PCURVE_S1.);
#6499 = B_SPLINE_CURVE_WITH_KNOTS('',7,(#6500,#6501,#6502,#6503,#6504,
    #6505,#6506,#6507,#6508,#6509,#6510,#6511,#6512,#6513,#6514,#6515,
    #6516,#6517,#6518,#6519,#6520,#6521,#6522,#6523,#6524,#6525,#6526,
    #6527,#6528,#6529,#6530,#6531,#6532,#6533,#6534,#6535,#6536,#6537,
    #6538,#6539,#6540,#6541,#6542,#6543,#6544,#6545,#6546,#6547,#6548,
    #6549),.UNSPECIFIED.,.F.,.F.,(8,6,6,6,6,6,6,6,8),(0.,0.243119197556,
    0.538651305176,0.654876854009,0.784397928144,0.858958823053,
    0.986866642444,1.044000873297,1.44931740644),.UNSPECIFIED.);
#6500 = CARTESIAN_POINT('',(2.173147511203,796.04350032438,
    -60.75447792825));
#6501 = CARTESIAN_POINT('',(2.136968938736,795.58428315616,
    -60.77218644849));
#6502 = CARTESIAN_POINT('',(2.102514411439,795.12257999262,
    -60.8011464133));
#6503 = CARTESIAN_POINT('',(2.069608465769,794.65743960244,
    -60.84230998616));
#6504 = CARTESIAN_POINT('',(2.038152146209,794.18835117458,
    -60.89693280151));
#6505 = CARTESIAN_POINT('',(2.008102233706,793.71529793651,
    -60.96656974217));
#6506 = CARTESIAN_POINT('',(1.979458037375,793.23881042035,
    -61.05306978269));
#6507 = CARTESIAN_POINT('',(1.919189049924,792.17800805191,
    -61.28681428179));
#6508 = CARTESIAN_POINT('',(1.888469269225,791.59639793658,
    -61.44229496808));
#6509 = CARTESIAN_POINT('',(1.859661215122,791.0093935876,
    -61.62993586828));
#6510 = CARTESIAN_POINT('',(1.832755244921,790.41519062827,
    -61.85666007726));
#6511 = CARTESIAN_POINT('',(1.808021925822,789.81637522702,
    -62.13120682177));
#6512 = CARTESIAN_POINT('',(1.785952582326,789.22027813842,
    -62.4639640662));
#6513 = CARTESIAN_POINT('',(1.75994451461,788.41079225117,
    -63.02524889258));
#6514 = CARTESIAN_POINT('',(1.753098338325,788.18366461879,
    -63.19519634996));
#6515 = CARTESIAN_POINT('',(1.74682026882,787.9593059201,-63.37712254698
    ));
#6516 = CARTESIAN_POINT('',(1.741178349122,787.73910445445,
    -63.57146745581));
#6517 = CARTESIAN_POINT('',(1.736237676885,787.52443132255,
    -63.7786474817));
#6518 = CARTESIAN_POINT('',(1.732062482926,787.31664043897,
    -63.99905532269));
#6519 = CARTESIAN_POINT('',(1.724991371262,786.89466678928,
    -64.49383308726));
#6520 = CARTESIAN_POINT('',(1.722300546678,786.68271527767,
    -64.77120688898));
#6521 = CARTESIAN_POINT('',(1.720765240832,786.48497610216,
    -65.06334040938));
#6522 = CARTESIAN_POINT('',(1.720445007705,786.30422237244,
    -65.36794114953));
#6523 = CARTESIAN_POINT('',(1.721348486277,786.14226899373,
    -65.68221295457));
#6524 = CARTESIAN_POINT('',(1.723434182996,786.0000031789,
    -66.00280504803));
#6525 = CARTESIAN_POINT('',(1.728427181987,785.80684465713,
    -66.51167750727));
#6526 = CARTESIAN_POINT('',(1.730609515924,785.74282586442,
    -66.69829659643));
#6527 = CARTESIAN_POINT('',(1.733134409817,785.68519682882,
    -66.8852578165));
#6528 = CARTESIAN_POINT('',(1.735984948773,785.63376721142,
    -67.07218061848));
#6529 = CARTESIAN_POINT('',(1.739142561416,785.58831784016,
    -67.25866541456));
#6530 = CARTESIAN_POINT('',(1.742586685426,785.54860072767,
    -67.44429355467));
#6531 = CARTESIAN_POINT('',(1.752655004766,785.45556388967,
    -67.94484839766));
#6532 = CARTESIAN_POINT('',(1.759794405026,785.41281489385,
    -68.25741467313));
#6533 = CARTESIAN_POINT('',(1.76763103904,785.38442612063,
    -68.56571211747));
#6534 = CARTESIAN_POINT('',(1.776094441657,785.36888389216,
    -68.86928574962));
#6535 = CARTESIAN_POINT('',(1.785124722865,785.36482751526,
    -69.16783179244));
#6536 = CARTESIAN_POINT('',(1.794672013259,785.37104996298,
    -69.46118984559));
#6537 = CARTESIAN_POINT('',(1.809173412183,785.39339917779,
    -69.87804458688));
#6538 = CARTESIAN_POINT('',(1.813747625741,785.402143093,-70.00575967802
    ));
#6539 = CARTESIAN_POINT('',(1.818415303994,785.4126391814,
    -70.13248328225));
#6540 = CARTESIAN_POINT('',(1.823173655508,785.42480270459,
    -70.25822363908));
#6541 = CARTESIAN_POINT('',(1.828020343604,785.43855530605,
    -70.38299427714));
#6542 = CARTESIAN_POINT('',(1.832953486359,785.45382501111,
    -70.50681401422));
#6543 = CARTESIAN_POINT('',(1.873571109641,785.58916837585,
    -71.50152304492));
#6544 = CARTESIAN_POINT('',(1.913890902773,785.78230941091,
    -72.33749628298));
#6545 = CARTESIAN_POINT('',(1.95817187215,786.02830512867,
    -73.13307857096));
#6546 = CARTESIAN_POINT('',(2.005992378343,786.31186827834,
    -73.88892714141));
#6547 = CARTESIAN_POINT('',(2.057278541993,786.6237740393,
    -74.60982769117));
#6548 = CARTESIAN_POINT('',(2.11250510942,786.96071646436,
    -75.30428124955));
#6549 = CARTESIAN_POINT('',(2.173147510097,787.3248183747,
    -75.98310913417));
#6550 = PCURVE('',#5153,#6551);
#6551 = DEFINITIONAL_REPRESENTATION('',(#6552),#6622);
#6552 = B_SPLINE_CURVE_WITH_KNOTS('',3,(#6553,#6554,#6555,#6556,#6557,
    #6558,#6559,#6560,#6561,#6562,#6563,#6564,#6565,#6566,#6567,#6568,
    #6569,#6570,#6571,#6572,#6573,#6574,#6575,#6576,#6577,#6578,#6579,
    #6580,#6581,#6582,#6583,#6584,#6585,#6586,#6587,#6588,#6589,#6590,
    #6591,#6592,#6593,#6594,#6595,#6596,#6597,#6598,#6599,#6600,#6601,
    #6602,#6603,#6604,#6605,#6606,#6607,#6608,#6609,#6610,#6611,#6612,
    #6613,#6614,#6615,#6616,#6617,#6618,#6619,#6620,#6621),
  .UNSPECIFIED.,.F.,.F.,(4,1,1,1,1,1,1,1,1,1,1,1,1,1,1,1,1,1,1,1,1,1,1,1
    ,1,1,1,1,1,1,1,1,1,1,1,1,1,1,1,1,1,1,1,1,1,1,1,1,1,1,1,1,1,1,1,1,1,1
    ,1,1,1,1,1,1,1,1,4),(0.,2.195935464303E-02,4.391870928607E-02,
    6.58780639291E-02,8.783741857213E-02,0.109796773215,0.131756127858,
    0.153715482501,0.175674837144,0.197634191787,0.21959354643,
    0.241552901073,0.263512255716,0.285471610359,0.307430965002,
    0.329390319645,0.351349674289,0.373309028932,0.395268383575,
    0.417227738218,0.439187092861,0.461146447504,0.483105802147,
    0.50506515679,0.527024511433,0.548983866076,0.570943220719,
    0.592902575362,0.614861930005,0.636821284648,0.658780639291,
    0.680739993934,0.702699348577,0.72465870322,0.746618057863,
    0.768577412506,0.790536767149,0.812496121792,0.834455476435,
    0.856414831078,0.878374185721,0.900333540364,0.922292895007,
    0.94425224965,0.966211604293,0.988170958936,1.01013031358,
    1.032089668223,1.054049022866,1.076008377509,1.097967732152,
    1.119927086795,1.141886441438,1.163845796081,1.185805150724,
    1.207764505367,1.22972386001,1.251683214653,1.273642569296,
    1.295601923939,1.317561278582,1.339520633225,1.361479987868,
    1.383439342511,1.405398697154,1.427358051797,1.44931740644),
  .QUASI_UNIFORM_KNOTS.);
#6553 = CARTESIAN_POINT('',(-4.15629788704,-325.0092152022));
#6554 = CARTESIAN_POINT('',(-4.150947431706,-324.941388497));
#6555 = CARTESIAN_POINT('',(-4.140193934221,-324.8059723066));
#6556 = CARTESIAN_POINT('',(-4.123888640951,-324.6035646692));
#6557 = CARTESIAN_POINT('',(-4.1073908066,-324.4018687906));
#6558 = CARTESIAN_POINT('',(-4.09068366319,-324.2009143536));
#6559 = CARTESIAN_POINT('',(-4.073750886127,-324.0007545653));
#6560 = CARTESIAN_POINT('',(-4.056576656609,-323.8014701643));
#6561 = CARTESIAN_POINT('',(-4.039145557741,-323.6031686341));
#6562 = CARTESIAN_POINT('',(-4.021442787237,-323.4059874653));
#6563 = CARTESIAN_POINT('',(-4.003453265011,-323.2100859414));
#6564 = CARTESIAN_POINT('',(-3.985164838002,-323.0156787129));
#6565 = CARTESIAN_POINT('',(-3.966556192792,-322.822913621));
#6566 = CARTESIAN_POINT('',(-3.947641829646,-322.6323306622));
#6567 = CARTESIAN_POINT('',(-3.928414627037,-322.4442494307));
#6568 = CARTESIAN_POINT('',(-3.908813568721,-322.2585109614));
#6569 = CARTESIAN_POINT('',(-3.888794816006,-322.0752050378));
#6570 = CARTESIAN_POINT('',(-3.868312783578,-321.8944795993));
#6571 = CARTESIAN_POINT('',(-3.847325090158,-321.7165936997));
#6572 = CARTESIAN_POINT('',(-3.825791095152,-321.5419051236));
#6573 = CARTESIAN_POINT('',(-3.803672144923,-321.3708754641));
#6574 = CARTESIAN_POINT('',(-3.780931311472,-321.2040703428));
#6575 = CARTESIAN_POINT('',(-3.757533356506,-321.0421612453));
#6576 = CARTESIAN_POINT('',(-3.73344419332,-320.8859253962));
#6577 = CARTESIAN_POINT('',(-3.708632010332,-320.7362515058));
#6578 = CARTESIAN_POINT('',(-3.683062114658,-320.5941236374));
#6579 = CARTESIAN_POINT('',(-3.656715084373,-320.4606863641));
#6580 = CARTESIAN_POINT('',(-3.629439955535,-320.3366324004));
#6581 = CARTESIAN_POINT('',(-3.601286205601,-320.2237937965));
#6582 = CARTESIAN_POINT('',(-3.572275166999,-320.1238309812));
#6583 = CARTESIAN_POINT('',(-3.542436623883,-320.0384326171));
#6584 = CARTESIAN_POINT('',(-3.511773976085,-319.9692035253));
#6585 = CARTESIAN_POINT('',(-3.480371152144,-319.9179181737));
#6586 = CARTESIAN_POINT('',(-3.448501577801,-319.886263813));
#6587 = CARTESIAN_POINT('',(-3.416393144551,-319.8751888082));
#6588 = CARTESIAN_POINT('',(-3.384279940375,-319.885032954));
#6589 = CARTESIAN_POINT('',(-3.352391448984,-319.9154939618));
#6590 = CARTESIAN_POINT('',(-3.320968135465,-319.9656316825));
#6591 = CARTESIAN_POINT('',(-3.290235727313,-320.0338849161));
#6592 = CARTESIAN_POINT('',(-3.260256010599,-320.1186586172));
#6593 = CARTESIAN_POINT('',(-3.231114665133,-320.2181747789));
#6594 = CARTESIAN_POINT('',(-3.202902092835,-320.3304436093));
#6595 = CARTESIAN_POINT('',(-3.175584736019,-320.4539241444));
#6596 = CARTESIAN_POINT('',(-3.149129297118,-320.5872213232));
#6597 = CARTESIAN_POINT('',(-3.123501944599,-320.7290616695));
#6598 = CARTESIAN_POINT('',(-3.098666545948,-320.8783088071));
#6599 = CARTESIAN_POINT('',(-3.07459037465,-321.0339212699));
#6600 = CARTESIAN_POINT('',(-3.051221292322,-321.1951012573));
#6601 = CARTESIAN_POINT('',(-3.028503350091,-321.3612227604));
#6602 = CARTESIAN_POINT('',(-3.006404109331,-321.5315901334));
#6603 = CARTESIAN_POINT('',(-2.984784788766,-321.706487028));
#6604 = CARTESIAN_POINT('',(-2.963639795786,-321.8852911577));
#6605 = CARTESIAN_POINT('',(-2.942949901714,-322.0675170821));
#6606 = CARTESIAN_POINT('',(-2.922699116089,-322.252703845));
#6607 = CARTESIAN_POINT('',(-2.902870080434,-322.4404441282));
#6608 = CARTESIAN_POINT('',(-2.883445221439,-322.6303755074));
#6609 = CARTESIAN_POINT('',(-2.86440636477,-322.8221818721));
#6610 = CARTESIAN_POINT('',(-2.845734765353,-323.0155921225));
#6611 = CARTESIAN_POINT('',(-2.827411030267,-323.2103795865));
#6612 = CARTESIAN_POINT('',(-2.809415074834,-323.4063612239));
#6613 = CARTESIAN_POINT('',(-2.791726074535,-323.6033968563));
#6614 = CARTESIAN_POINT('',(-2.774322422779,-323.801388358));
#6615 = CARTESIAN_POINT('',(-2.757181693039,-324.000278781));
#6616 = CARTESIAN_POINT('',(-2.740280602548,-324.200051538));
#6617 = CARTESIAN_POINT('',(-2.723594991484,-324.4007291263));
#6618 = CARTESIAN_POINT('',(-2.707099765987,-324.6023732961));
#6619 = CARTESIAN_POINT('',(-2.690768998843,-324.8050795121));
#6620 = CARTESIAN_POINT('',(-2.679973309758,-324.9410214148));
#6621 = CARTESIAN_POINT('',(-2.674593861788,-325.0092152318));
#6622 = ( GEOMETRIC_REPRESENTATION_CONTEXT(2) 
PARAMETRIC_REPRESENTATION_CONTEXT() REPRESENTATION_CONTEXT('2D SPACE',''
  ) );
#6623 = PCURVE('',#5448,#6624);
#6624 = DEFINITIONAL_REPRESENTATION('',(#6625),#6695);
#6625 = B_SPLINE_CURVE_WITH_KNOTS('',3,(#6626,#6627,#6628,#6629,#6630,
    #6631,#6632,#6633,#6634,#6635,#6636,#6637,#6638,#6639,#6640,#6641,
    #6642,#6643,#6644,#6645,#6646,#6647,#6648,#6649,#6650,#6651,#6652,
    #6653,#6654,#6655,#6656,#6657,#6658,#6659,#6660,#6661,#6662,#6663,
    #6664,#6665,#6666,#6667,#6668,#6669,#6670,#6671,#6672,#6673,#6674,
    #6675,#6676,#6677,#6678,#6679,#6680,#6681,#6682,#6683,#6684,#6685,
    #6686,#6687,#6688,#6689,#6690,#6691,#6692,#6693,#6694),
  .UNSPECIFIED.,.F.,.F.,(4,1,1,1,1,1,1,1,1,1,1,1,1,1,1,1,1,1,1,1,1,1,1,1
    ,1,1,1,1,1,1,1,1,1,1,1,1,1,1,1,1,1,1,1,1,1,1,1,1,1,1,1,1,1,1,1,1,1,1
    ,1,1,1,1,1,1,1,1,4),(0.,2.195935464303E-02,4.391870928607E-02,
    6.58780639291E-02,8.783741857213E-02,0.109796773215,0.131756127858,
    0.153715482501,0.175674837144,0.197634191787,0.21959354643,
    0.241552901073,0.263512255716,0.285471610359,0.307430965002,
    0.329390319645,0.351349674289,0.373309028932,0.395268383575,
    0.417227738218,0.439187092861,0.461146447504,0.483105802147,
    0.50506515679,0.527024511433,0.548983866076,0.570943220719,
    0.592902575362,0.614861930005,0.636821284648,0.658780639291,
    0.680739993934,0.702699348577,0.72465870322,0.746618057863,
    0.768577412506,0.790536767149,0.812496121792,0.834455476435,
    0.856414831078,0.878374185721,0.900333540364,0.922292895007,
    0.94425224965,0.966211604293,0.988170958936,1.01013031358,
    1.032089668223,1.054049022866,1.076008377509,1.097967732152,
    1.119927086795,1.141886441438,1.163845796081,1.185805150724,
    1.207764505367,1.22972386001,1.251683214653,1.273642569296,
    1.295601923939,1.317561278582,1.339520633225,1.361479987868,
    1.383439342511,1.405398697154,1.427358051797,1.44931740644),
  .QUASI_UNIFORM_KNOTS.);
#6626 = CARTESIAN_POINT('',(-5.428918377336,-327.1417586827));
#6627 = CARTESIAN_POINT('',(-5.432754405294,-327.0664499616));
#6628 = CARTESIAN_POINT('',(-5.44049144552,-326.9162617503));
#6629 = CARTESIAN_POINT('',(-5.452303923528,-326.6922517555));
#6630 = CARTESIAN_POINT('',(-5.464335333067,-326.4694873914));
#6631 = CARTESIAN_POINT('',(-5.476597516067,-326.2479815913));
#6632 = CARTESIAN_POINT('',(-5.489102182961,-326.0277737889));
#6633 = CARTESIAN_POINT('',(-5.501860870923,-325.8089341889));
#6634 = CARTESIAN_POINT('',(-5.514884983117,-325.5915625763));
#6635 = CARTESIAN_POINT('',(-5.528185600329,-325.3757916256));
#6636 = CARTESIAN_POINT('',(-5.541774136672,-325.1617777235));
#6637 = CARTESIAN_POINT('',(-5.55565986173,-324.9497372849));
#6638 = CARTESIAN_POINT('',(-5.569859128417,-324.739813634));
#6639 = CARTESIAN_POINT('',(-5.584360927642,-324.5325761824));
#6640 = CARTESIAN_POINT('',(-5.599170484125,-324.3283523196));
#6641 = CARTESIAN_POINT('',(-5.614334804823,-324.1269502744));
#6642 = CARTESIAN_POINT('',(-5.629888193325,-323.9284496244));
#6643 = CARTESIAN_POINT('',(-5.645866635501,-323.7329931429));
#6644 = CARTESIAN_POINT('',(-5.662303920601,-323.5408437221));
#6645 = CARTESIAN_POINT('',(-5.679232674484,-323.3523702769));
#6646 = CARTESIAN_POINT('',(-5.696684087446,-323.1680527238));
#6647 = CARTESIAN_POINT('',(-5.714688034229,-322.9884817531));
#6648 = CARTESIAN_POINT('',(-5.733273017731,-322.8143604271));
#6649 = CARTESIAN_POINT('',(-5.752466517253,-322.6465037541));
#6650 = CARTESIAN_POINT('',(-5.772293991029,-322.4858446077));
#6651 = CARTESIAN_POINT('',(-5.79278295793,-322.333416365));
#6652 = CARTESIAN_POINT('',(-5.813948213693,-322.1904223945));
#6653 = CARTESIAN_POINT('',(-5.83591015248,-322.0575810498));
#6654 = CARTESIAN_POINT('',(-5.858627530105,-321.936829799));
#6655 = CARTESIAN_POINT('',(-5.8820804971,-321.8299201368));
#6656 = CARTESIAN_POINT('',(-5.906241296064,-321.7386333271));
#6657 = CARTESIAN_POINT('',(-5.931102413524,-321.6646616846));
#6658 = CARTESIAN_POINT('',(-5.956589889967,-321.6098807867));
#6659 = CARTESIAN_POINT('',(-5.982474425524,-321.576076413));
#6660 = CARTESIAN_POINT('',(-6.008562383957,-321.5642505198));
#6661 = CARTESIAN_POINT('',(-6.034654490442,-321.5747620666));
#6662 = CARTESIAN_POINT('',(-6.060555189995,-321.607291718));
#6663 = CARTESIAN_POINT('',(-6.086060598176,-321.6608459029));
#6664 = CARTESIAN_POINT('',(-6.110980032299,-321.7337732209));
#6665 = CARTESIAN_POINT('',(-6.135257199914,-321.8243898581));
#6666 = CARTESIAN_POINT('',(-6.158817707229,-321.9308186878));
#6667 = CARTESIAN_POINT('',(-6.181584891871,-322.0509563078));
#6668 = CARTESIAN_POINT('',(-6.203583420252,-322.1831787276));
#6669 = CARTESIAN_POINT('',(-6.224838424995,-322.3260169693));
#6670 = CARTESIAN_POINT('',(-6.245376078729,-322.4781306891));
#6671 = CARTESIAN_POINT('',(-6.265224863064,-322.6383247521));
#6672 = CARTESIAN_POINT('',(-6.284410920639,-322.8055037288));
#6673 = CARTESIAN_POINT('',(-6.302976120623,-322.9788317238));
#6674 = CARTESIAN_POINT('',(-6.320965309679,-323.1576562851));
#6675 = CARTESIAN_POINT('',(-6.338404810331,-323.341248125));
#6676 = CARTESIAN_POINT('',(-6.355404406547,-323.5299332337));
#6677 = CARTESIAN_POINT('',(-6.371968401591,-323.7230616503));
#6678 = CARTESIAN_POINT('',(-6.388112067509,-323.9201291641));
#6679 = CARTESIAN_POINT('',(-6.403848162512,-324.1206568151));
#6680 = CARTESIAN_POINT('',(-6.419190569606,-324.3242223296));
#6681 = CARTESIAN_POINT('',(-6.434153344242,-324.5304508955));
#6682 = CARTESIAN_POINT('',(-6.448750988315,-324.7390168762));
#6683 = CARTESIAN_POINT('',(-6.46299839129,-324.9496426257));
#6684 = CARTESIAN_POINT('',(-6.476910855741,-325.1620981046));
#6685 = CARTESIAN_POINT('',(-6.490504094979,-325.3762002961));
#6686 = CARTESIAN_POINT('',(-6.503794232315,-325.5918126785));
#6687 = CARTESIAN_POINT('',(-6.516797793555,-325.8088446864));
#6688 = CARTESIAN_POINT('',(-6.529531694244,-326.0272511287));
#6689 = CARTESIAN_POINT('',(-6.542013221377,-326.2470317151));
#6690 = CARTESIAN_POINT('',(-6.5542600066,-326.4682300748));
#6691 = CARTESIAN_POINT('',(-6.566290000518,-326.6909345304));
#6692 = CARTESIAN_POINT('',(-6.578121409995,-326.915272151));
#6693 = CARTESIAN_POINT('',(-6.585888962485,-327.0660425049));
#6694 = CARTESIAN_POINT('',(-6.589745795088,-327.1417587113));
#6695 = ( GEOMETRIC_REPRESENTATION_CONTEXT(2) 
PARAMETRIC_REPRESENTATION_CONTEXT() REPRESENTATION_CONTEXT('2D SPACE',''
  ) );
#6696 = ORIENTED_EDGE('',*,*,#5526,.T.);
#6697 = ORIENTED_EDGE('',*,*,#6475,.F.);
#6698 = ADVANCED_FACE('',(#6699),#5448,.F.);
#6699 = FACE_BOUND('',#6700,.T.);
#6700 = EDGE_LOOP('',(#6701,#6702));
#6701 = ORIENTED_EDGE('',*,*,#6497,.F.);
#6702 = ORIENTED_EDGE('',*,*,#5325,.T.);
#6703 = ADVANCED_FACE('',(#6704),#6324,.F.);
#6704 = FACE_BOUND('',#6705,.T.);
#6705 = EDGE_LOOP('',(#6706));
#6706 = ORIENTED_EDGE('',*,*,#6030,.F.);
#6707 = ( GEOMETRIC_REPRESENTATION_CONTEXT(3) 
GLOBAL_UNCERTAINTY_ASSIGNED_CONTEXT((#6711)) 
GLOBAL_UNIT_ASSIGNED_CONTEXT((#6708,#6709,#6710)) REPRESENTATION_CONTEXT
('Context #1','3D Context with UNIT and UNCERTAINTY') );
#6708 = ( LENGTH_UNIT() NAMED_UNIT(*) SI_UNIT(.MILLI.,.METRE.) );
#6709 = ( NAMED_UNIT(*) PLANE_ANGLE_UNIT() SI_UNIT($,.RADIAN.) );
#6710 = ( NAMED_UNIT(*) SI_UNIT($,.STERADIAN.) SOLID_ANGLE_UNIT() );
#6711 = UNCERTAINTY_MEASURE_WITH_UNIT(LENGTH_MEASURE(2.E-07),#6708,
  'distance_accuracy_value','confusion accuracy');
#6712 = PRODUCT_RELATED_PRODUCT_CATEGORY('part',$,(#7));
ENDSEC;
END-ISO-10303-21;
