ISO-10303-21;
HEADER;
FILE_DESCRIPTION(('Open CASCADE Model'),'2;1');
FILE_NAME('Open CASCADE Shape Model','2026-10-09T03:58:03',('Author'),(
    'Open CASCADE'),'Open CASCADE STEP processor 7.8','Open CASCADE 7.8'
  ,'Unknown');
FILE_SCHEMA(('AUTOMOTIVE_DESIGN { 1 0 10303 214 1 1 1 1 }'));
ENDSEC;
DATA;
#1 = APPLICATION_PROTOCOL_DEFINITION('international standard',
  'automotive_design',2000,#2);
#2 = APPLICATION_CONTEXT(
  'core data for automotive mechanical design processes');
#3 = SHAPE_DEFINITION_REPRESENTATION(#4,#10);
#4 = PRODUCT_DEFINITION_SHAPE('','',#5);
#5 = PRODUCT_DEFINITION('design','',#6,#9);
#6 = PRODUCT_DEFINITION_FORMATION('','',#7);
#7 = PRODUCT('Open CASCADE STEP translator 7.8 3',
  'Open CASCADE STEP translator 7.8 3','',(#8));
#8 = PRODUCT_CONTEXT('',#2,'mechanical');
#9 = PRODUCT_DEFINITION_CONTEXT('part definition',#2,'design');
#10 = ADVANCED_BREP_SHAPE_REPRESENTATION('',(#11,#15),#7480);
#11 = AXIS2_PLACEMENT_3D('',#12,#13,#14);
#12 = CARTESIAN_POINT('',(0.,0.,0.));
#13 = DIRECTION('',(0.,0.,1.));
#14 = DIRECTION('',(1.,0.,-0.));
#15 = MANIFOLD_SOLID_BREP('',#16);
#16 = CLOSED_SHELL('',(#17,#105,#140,#175,#230,#285,#340,#395,#450,#505,
    #560,#615,#670,#725,#780,#835,#3542,#3597,#3787,#4348,#4877,#5406,
    #5956,#6506,#6561,#6616,#6666,#6716,#6766,#6816,#6866,#6981,#7036,
    #7058,#7113,#7168,#7223,#7278,#7333,#7388,#7423,#7453));
#17 = ADVANCED_FACE('',(#18),#31,.T.);
#18 = FACE_BOUND('',#19,.T.);
#19 = EDGE_LOOP('',(#20,#54,#77,#104));
#20 = ORIENTED_EDGE('',*,*,#21,.T.);
#21 = EDGE_CURVE('',#22,#22,#24,.T.);
#22 = VERTEX_POINT('',#23);
#23 = CARTESIAN_POINT('',(244.6,-114.95,0.));
#24 = SURFACE_CURVE('',#25,(#30,#42),.PCURVE_S1.);
#25 = CIRCLE('',#26,244.6);
#26 = AXIS2_PLACEMENT_3D('',#27,#28,#29);
#27 = CARTESIAN_POINT('',(0.,-114.95,0.));
#28 = DIRECTION('',(-0.,1.,0.));
#29 = DIRECTION('',(1.,0.,0.));
#30 = PCURVE('',#31,#36);
#31 = CYLINDRICAL_SURFACE('',#32,244.6);
#32 = AXIS2_PLACEMENT_3D('',#33,#34,#35);
#33 = CARTESIAN_POINT('',(0.,-114.95,0.));
#34 = DIRECTION('',(0.,1.,0.));
#35 = DIRECTION('',(1.,0.,0.));
#36 = DEFINITIONAL_REPRESENTATION('',(#37),#41);
#37 = LINE('',#38,#39);
#38 = CARTESIAN_POINT('',(0.,0.));
#39 = VECTOR('',#40,1.);
#40 = DIRECTION('',(1.,0.));
#41 = ( GEOMETRIC_REPRESENTATION_CONTEXT(2) 
PARAMETRIC_REPRESENTATION_CONTEXT() REPRESENTATION_CONTEXT('2D SPACE',''
  ) );
#42 = PCURVE('',#43,#48);
#43 = PLANE('',#44);
#44 = AXIS2_PLACEMENT_3D('',#45,#46,#47);
#45 = CARTESIAN_POINT('',(0.,-114.95,0.));
#46 = DIRECTION('',(0.,1.,0.));
#47 = DIRECTION('',(1.,0.,0.));
#48 = DEFINITIONAL_REPRESENTATION('',(#49),#53);
#49 = CIRCLE('',#50,244.6);
#50 = AXIS2_PLACEMENT_2D('',#51,#52);
#51 = CARTESIAN_POINT('',(0.,0.));
#52 = DIRECTION('',(1.,-0.));
#53 = ( GEOMETRIC_REPRESENTATION_CONTEXT(2) 
PARAMETRIC_REPRESENTATION_CONTEXT() REPRESENTATION_CONTEXT('2D SPACE',''
  ) );
#54 = ORIENTED_EDGE('',*,*,#55,.T.);
#55 = EDGE_CURVE('',#22,#56,#58,.T.);
#56 = VERTEX_POINT('',#57);
#57 = CARTESIAN_POINT('',(244.6,-107.95,0.));
#58 = SEAM_CURVE('',#59,(#63,#70),.PCURVE_S1.);
#59 = LINE('',#60,#61);
#60 = CARTESIAN_POINT('',(244.6,-114.95,0.));
#61 = VECTOR('',#62,1.);
#62 = DIRECTION('',(0.,1.,0.));
#63 = PCURVE('',#31,#64);
#64 = DEFINITIONAL_REPRESENTATION('',(#65),#69);
#65 = LINE('',#66,#67);
#66 = CARTESIAN_POINT('',(0.,0.));
#67 = VECTOR('',#68,1.);
#68 = DIRECTION('',(0.,1.));
#69 = ( GEOMETRIC_REPRESENTATION_CONTEXT(2) 
PARAMETRIC_REPRESENTATION_CONTEXT() REPRESENTATION_CONTEXT('2D SPACE',''
  ) );
#70 = PCURVE('',#31,#71);
#71 = DEFINITIONAL_REPRESENTATION('',(#72),#76);
#72 = LINE('',#73,#74);
#73 = CARTESIAN_POINT('',(6.28318530718,0.));
#74 = VECTOR('',#75,1.);
#75 = DIRECTION('',(0.,1.));
#76 = ( GEOMETRIC_REPRESENTATION_CONTEXT(2) 
PARAMETRIC_REPRESENTATION_CONTEXT() REPRESENTATION_CONTEXT('2D SPACE',''
  ) );
#77 = ORIENTED_EDGE('',*,*,#78,.F.);
#78 = EDGE_CURVE('',#56,#56,#79,.T.);
#79 = SURFACE_CURVE('',#80,(#85,#92),.PCURVE_S1.);
#80 = CIRCLE('',#81,244.6);
#81 = AXIS2_PLACEMENT_3D('',#82,#83,#84);
#82 = CARTESIAN_POINT('',(0.,-107.95,0.));
#83 = DIRECTION('',(-0.,1.,0.));
#84 = DIRECTION('',(1.,0.,0.));
#85 = PCURVE('',#31,#86);
#86 = DEFINITIONAL_REPRESENTATION('',(#87),#91);
#87 = LINE('',#88,#89);
#88 = CARTESIAN_POINT('',(0.,7.));
#89 = VECTOR('',#90,1.);
#90 = DIRECTION('',(1.,0.));
#91 = ( GEOMETRIC_REPRESENTATION_CONTEXT(2) 
PARAMETRIC_REPRESENTATION_CONTEXT() REPRESENTATION_CONTEXT('2D SPACE',''
  ) );
#92 = PCURVE('',#93,#98);
#93 = PLANE('',#94);
#94 = AXIS2_PLACEMENT_3D('',#95,#96,#97);
#95 = CARTESIAN_POINT('',(0.,-107.95,0.));
#96 = DIRECTION('',(0.,1.,0.));
#97 = DIRECTION('',(1.,0.,0.));
#98 = DEFINITIONAL_REPRESENTATION('',(#99),#103);
#99 = CIRCLE('',#100,244.6);
#100 = AXIS2_PLACEMENT_2D('',#101,#102);
#101 = CARTESIAN_POINT('',(0.,0.));
#102 = DIRECTION('',(1.,0.));
#103 = ( GEOMETRIC_REPRESENTATION_CONTEXT(2) 
PARAMETRIC_REPRESENTATION_CONTEXT() REPRESENTATION_CONTEXT('2D SPACE',''
  ) );
#104 = ORIENTED_EDGE('',*,*,#55,.F.);
#105 = ADVANCED_FACE('',(#106,#137),#43,.F.);
#106 = FACE_BOUND('',#107,.T.);
#107 = EDGE_LOOP('',(#108));
#108 = ORIENTED_EDGE('',*,*,#109,.T.);
#109 = EDGE_CURVE('',#110,#110,#112,.T.);
#110 = VERTEX_POINT('',#111);
#111 = CARTESIAN_POINT('',(220.6,-114.95,0.));
#112 = SURFACE_CURVE('',#113,(#118,#125),.PCURVE_S1.);
#113 = CIRCLE('',#114,220.6);
#114 = AXIS2_PLACEMENT_3D('',#115,#116,#117);
#115 = CARTESIAN_POINT('',(0.,-114.95,0.));
#116 = DIRECTION('',(-0.,1.,0.));
#117 = DIRECTION('',(1.,0.,0.));
#118 = PCURVE('',#43,#119);
#119 = DEFINITIONAL_REPRESENTATION('',(#120),#124);
#120 = CIRCLE('',#121,220.6);
#121 = AXIS2_PLACEMENT_2D('',#122,#123);
#122 = CARTESIAN_POINT('',(0.,0.));
#123 = DIRECTION('',(1.,-0.));
#124 = ( GEOMETRIC_REPRESENTATION_CONTEXT(2) 
PARAMETRIC_REPRESENTATION_CONTEXT() REPRESENTATION_CONTEXT('2D SPACE',''
  ) );
#125 = PCURVE('',#126,#131);
#126 = CYLINDRICAL_SURFACE('',#127,220.6);
#127 = AXIS2_PLACEMENT_3D('',#128,#129,#130);
#128 = CARTESIAN_POINT('',(0.,-90.,0.));
#129 = DIRECTION('',(-0.,-1.,-0.));
#130 = DIRECTION('',(1.,-0.,0.));
#131 = DEFINITIONAL_REPRESENTATION('',(#132),#136);
#132 = LINE('',#133,#134);
#133 = CARTESIAN_POINT('',(-0.,24.95));
#134 = VECTOR('',#135,1.);
#135 = DIRECTION('',(-1.,0.));
#136 = ( GEOMETRIC_REPRESENTATION_CONTEXT(2) 
PARAMETRIC_REPRESENTATION_CONTEXT() REPRESENTATION_CONTEXT('2D SPACE',''
  ) );
#137 = FACE_BOUND('',#138,.T.);
#138 = EDGE_LOOP('',(#139));
#139 = ORIENTED_EDGE('',*,*,#21,.F.);
#140 = ADVANCED_FACE('',(#141,#144),#93,.T.);
#141 = FACE_BOUND('',#142,.T.);
#142 = EDGE_LOOP('',(#143));
#143 = ORIENTED_EDGE('',*,*,#78,.T.);
#144 = FACE_BOUND('',#145,.T.);
#145 = EDGE_LOOP('',(#146));
#146 = ORIENTED_EDGE('',*,*,#147,.F.);
#147 = EDGE_CURVE('',#148,#148,#150,.T.);
#148 = VERTEX_POINT('',#149);
#149 = CARTESIAN_POINT('',(228.6,-107.95,0.));
#150 = SURFACE_CURVE('',#151,(#156,#163),.PCURVE_S1.);
#151 = CIRCLE('',#152,228.6);
#152 = AXIS2_PLACEMENT_3D('',#153,#154,#155);
#153 = CARTESIAN_POINT('',(0.,-107.95,0.));
#154 = DIRECTION('',(-0.,1.,0.));
#155 = DIRECTION('',(1.,0.,0.));
#156 = PCURVE('',#93,#157);
#157 = DEFINITIONAL_REPRESENTATION('',(#158),#162);
#158 = CIRCLE('',#159,228.6);
#159 = AXIS2_PLACEMENT_2D('',#160,#161);
#160 = CARTESIAN_POINT('',(0.,0.));
#161 = DIRECTION('',(1.,0.));
#162 = ( GEOMETRIC_REPRESENTATION_CONTEXT(2) 
PARAMETRIC_REPRESENTATION_CONTEXT() REPRESENTATION_CONTEXT('2D SPACE',''
  ) );
#163 = PCURVE('',#164,#169);
#164 = CYLINDRICAL_SURFACE('',#165,228.6);
#165 = AXIS2_PLACEMENT_3D('',#166,#167,#168);
#166 = CARTESIAN_POINT('',(0.,-107.95,0.));
#167 = DIRECTION('',(0.,1.,0.));
#168 = DIRECTION('',(1.,0.,0.));
#169 = DEFINITIONAL_REPRESENTATION('',(#170),#174);
#170 = LINE('',#171,#172);
#171 = CARTESIAN_POINT('',(0.,0.));
#172 = VECTOR('',#173,1.);
#173 = DIRECTION('',(1.,0.));
#174 = ( GEOMETRIC_REPRESENTATION_CONTEXT(2) 
PARAMETRIC_REPRESENTATION_CONTEXT() REPRESENTATION_CONTEXT('2D SPACE',''
  ) );
#175 = ADVANCED_FACE('',(#176),#126,.F.);
#176 = FACE_BOUND('',#177,.T.);
#177 = EDGE_LOOP('',(#178,#207,#228,#229));
#178 = ORIENTED_EDGE('',*,*,#179,.T.);
#179 = EDGE_CURVE('',#180,#180,#182,.T.);
#180 = VERTEX_POINT('',#181);
#181 = CARTESIAN_POINT('',(220.6,-90.,0.));
#182 = SURFACE_CURVE('',#183,(#188,#195),.PCURVE_S1.);
#183 = CIRCLE('',#184,220.6);
#184 = AXIS2_PLACEMENT_3D('',#185,#186,#187);
#185 = CARTESIAN_POINT('',(0.,-90.,0.));
#186 = DIRECTION('',(-0.,1.,0.));
#187 = DIRECTION('',(1.,0.,0.));
#188 = PCURVE('',#126,#189);
#189 = DEFINITIONAL_REPRESENTATION('',(#190),#194);
#190 = LINE('',#191,#192);
#191 = CARTESIAN_POINT('',(-0.,0.));
#192 = VECTOR('',#193,1.);
#193 = DIRECTION('',(-1.,0.));
#194 = ( GEOMETRIC_REPRESENTATION_CONTEXT(2) 
PARAMETRIC_REPRESENTATION_CONTEXT() REPRESENTATION_CONTEXT('2D SPACE',''
  ) );
#195 = PCURVE('',#196,#201);
#196 = CONICAL_SURFACE('',#197,221.6,0.165148677415);
#197 = AXIS2_PLACEMENT_3D('',#198,#199,#200);
#198 = CARTESIAN_POINT('',(0.,-84.,0.));
#199 = DIRECTION('',(0.,1.,0.));
#200 = DIRECTION('',(1.,-0.,0.));
#201 = DEFINITIONAL_REPRESENTATION('',(#202),#206);
#202 = LINE('',#203,#204);
#203 = CARTESIAN_POINT('',(0.,-6.));
#204 = VECTOR('',#205,1.);
#205 = DIRECTION('',(1.,-0.));
#206 = ( GEOMETRIC_REPRESENTATION_CONTEXT(2) 
PARAMETRIC_REPRESENTATION_CONTEXT() REPRESENTATION_CONTEXT('2D SPACE',''
  ) );
#207 = ORIENTED_EDGE('',*,*,#208,.T.);
#208 = EDGE_CURVE('',#180,#110,#209,.T.);
#209 = SEAM_CURVE('',#210,(#214,#221),.PCURVE_S1.);
#210 = LINE('',#211,#212);
#211 = CARTESIAN_POINT('',(220.6,-90.,0.));
#212 = VECTOR('',#213,1.);
#213 = DIRECTION('',(0.,-1.,0.));
#214 = PCURVE('',#126,#215);
#215 = DEFINITIONAL_REPRESENTATION('',(#216),#220);
#216 = LINE('',#217,#218);
#217 = CARTESIAN_POINT('',(-0.,0.));
#218 = VECTOR('',#219,1.);
#219 = DIRECTION('',(-0.,1.));
#220 = ( GEOMETRIC_REPRESENTATION_CONTEXT(2) 
PARAMETRIC_REPRESENTATION_CONTEXT() REPRESENTATION_CONTEXT('2D SPACE',''
  ) );
#221 = PCURVE('',#126,#222);
#222 = DEFINITIONAL_REPRESENTATION('',(#223),#227);
#223 = LINE('',#224,#225);
#224 = CARTESIAN_POINT('',(-6.28318530718,0.));
#225 = VECTOR('',#226,1.);
#226 = DIRECTION('',(-0.,1.));
#227 = ( GEOMETRIC_REPRESENTATION_CONTEXT(2) 
PARAMETRIC_REPRESENTATION_CONTEXT() REPRESENTATION_CONTEXT('2D SPACE',''
  ) );
#228 = ORIENTED_EDGE('',*,*,#109,.F.);
#229 = ORIENTED_EDGE('',*,*,#208,.F.);
#230 = ADVANCED_FACE('',(#231),#164,.T.);
#231 = FACE_BOUND('',#232,.T.);
#232 = EDGE_LOOP('',(#233,#234,#257,#284));
#233 = ORIENTED_EDGE('',*,*,#147,.T.);
#234 = ORIENTED_EDGE('',*,*,#235,.T.);
#235 = EDGE_CURVE('',#148,#236,#238,.T.);
#236 = VERTEX_POINT('',#237);
#237 = CARTESIAN_POINT('',(228.6,-90.,0.));
#238 = SEAM_CURVE('',#239,(#243,#250),.PCURVE_S1.);
#239 = LINE('',#240,#241);
#240 = CARTESIAN_POINT('',(228.6,-107.95,0.));
#241 = VECTOR('',#242,1.);
#242 = DIRECTION('',(0.,1.,0.));
#243 = PCURVE('',#164,#244);
#244 = DEFINITIONAL_REPRESENTATION('',(#245),#249);
#245 = LINE('',#246,#247);
#246 = CARTESIAN_POINT('',(0.,0.));
#247 = VECTOR('',#248,1.);
#248 = DIRECTION('',(0.,1.));
#249 = ( GEOMETRIC_REPRESENTATION_CONTEXT(2) 
PARAMETRIC_REPRESENTATION_CONTEXT() REPRESENTATION_CONTEXT('2D SPACE',''
  ) );
#250 = PCURVE('',#164,#251);
#251 = DEFINITIONAL_REPRESENTATION('',(#252),#256);
#252 = LINE('',#253,#254);
#253 = CARTESIAN_POINT('',(6.28318530718,0.));
#254 = VECTOR('',#255,1.);
#255 = DIRECTION('',(0.,1.));
#256 = ( GEOMETRIC_REPRESENTATION_CONTEXT(2) 
PARAMETRIC_REPRESENTATION_CONTEXT() REPRESENTATION_CONTEXT('2D SPACE',''
  ) );
#257 = ORIENTED_EDGE('',*,*,#258,.F.);
#258 = EDGE_CURVE('',#236,#236,#259,.T.);
#259 = SURFACE_CURVE('',#260,(#265,#272),.PCURVE_S1.);
#260 = CIRCLE('',#261,228.6);
#261 = AXIS2_PLACEMENT_3D('',#262,#263,#264);
#262 = CARTESIAN_POINT('',(0.,-90.,0.));
#263 = DIRECTION('',(-0.,1.,0.));
#264 = DIRECTION('',(1.,0.,0.));
#265 = PCURVE('',#164,#266);
#266 = DEFINITIONAL_REPRESENTATION('',(#267),#271);
#267 = LINE('',#268,#269);
#268 = CARTESIAN_POINT('',(0.,17.95));
#269 = VECTOR('',#270,1.);
#270 = DIRECTION('',(1.,0.));
#271 = ( GEOMETRIC_REPRESENTATION_CONTEXT(2) 
PARAMETRIC_REPRESENTATION_CONTEXT() REPRESENTATION_CONTEXT('2D SPACE',''
  ) );
#272 = PCURVE('',#273,#278);
#273 = CONICAL_SURFACE('',#274,228.6,0.244978663127);
#274 = AXIS2_PLACEMENT_3D('',#275,#276,#277);
#275 = CARTESIAN_POINT('',(0.,-90.,0.));
#276 = DIRECTION('',(0.,1.,0.));
#277 = DIRECTION('',(1.,0.,0.));
#278 = DEFINITIONAL_REPRESENTATION('',(#279),#283);
#279 = LINE('',#280,#281);
#280 = CARTESIAN_POINT('',(0.,0.));
#281 = VECTOR('',#282,1.);
#282 = DIRECTION('',(1.,0.));
#283 = ( GEOMETRIC_REPRESENTATION_CONTEXT(2) 
PARAMETRIC_REPRESENTATION_CONTEXT() REPRESENTATION_CONTEXT('2D SPACE',''
  ) );
#284 = ORIENTED_EDGE('',*,*,#235,.F.);
#285 = ADVANCED_FACE('',(#286),#196,.F.);
#286 = FACE_BOUND('',#287,.T.);
#287 = EDGE_LOOP('',(#288,#317,#338,#339));
#288 = ORIENTED_EDGE('',*,*,#289,.T.);
#289 = EDGE_CURVE('',#290,#290,#292,.T.);
#290 = VERTEX_POINT('',#291);
#291 = CARTESIAN_POINT('',(221.6,-84.,0.));
#292 = SURFACE_CURVE('',#293,(#298,#305),.PCURVE_S1.);
#293 = CIRCLE('',#294,221.6);
#294 = AXIS2_PLACEMENT_3D('',#295,#296,#297);
#295 = CARTESIAN_POINT('',(0.,-84.,0.));
#296 = DIRECTION('',(-0.,1.,0.));
#297 = DIRECTION('',(1.,0.,0.));
#298 = PCURVE('',#196,#299);
#299 = DEFINITIONAL_REPRESENTATION('',(#300),#304);
#300 = LINE('',#301,#302);
#301 = CARTESIAN_POINT('',(0.,-0.));
#302 = VECTOR('',#303,1.);
#303 = DIRECTION('',(1.,-0.));
#304 = ( GEOMETRIC_REPRESENTATION_CONTEXT(2) 
PARAMETRIC_REPRESENTATION_CONTEXT() REPRESENTATION_CONTEXT('2D SPACE',''
  ) );
#305 = PCURVE('',#306,#311);
#306 = CONICAL_SURFACE('',#307,215.6,0.540419500271);
#307 = AXIS2_PLACEMENT_3D('',#308,#309,#310);
#308 = CARTESIAN_POINT('',(0.,-74.,0.));
#309 = DIRECTION('',(-0.,-1.,-0.));
#310 = DIRECTION('',(1.,-0.,0.));
#311 = DEFINITIONAL_REPRESENTATION('',(#312),#316);
#312 = LINE('',#313,#314);
#313 = CARTESIAN_POINT('',(-0.,10.));
#314 = VECTOR('',#315,1.);
#315 = DIRECTION('',(-1.,0.));
#316 = ( GEOMETRIC_REPRESENTATION_CONTEXT(2) 
PARAMETRIC_REPRESENTATION_CONTEXT() REPRESENTATION_CONTEXT('2D SPACE',''
  ) );
#317 = ORIENTED_EDGE('',*,*,#318,.T.);
#318 = EDGE_CURVE('',#290,#180,#319,.T.);
#319 = SEAM_CURVE('',#320,(#324,#331),.PCURVE_S1.);
#320 = LINE('',#321,#322);
#321 = CARTESIAN_POINT('',(221.6,-84.,0.));
#322 = VECTOR('',#323,1.);
#323 = DIRECTION('',(-0.164398987305,-0.986393923832,0.));
#324 = PCURVE('',#196,#325);
#325 = DEFINITIONAL_REPRESENTATION('',(#326),#330);
#326 = LINE('',#327,#328);
#327 = CARTESIAN_POINT('',(0.,-0.));
#328 = VECTOR('',#329,1.);
#329 = DIRECTION('',(0.,-1.));
#330 = ( GEOMETRIC_REPRESENTATION_CONTEXT(2) 
PARAMETRIC_REPRESENTATION_CONTEXT() REPRESENTATION_CONTEXT('2D SPACE',''
  ) );
#331 = PCURVE('',#196,#332);
#332 = DEFINITIONAL_REPRESENTATION('',(#333),#337);
#333 = LINE('',#334,#335);
#334 = CARTESIAN_POINT('',(6.28318530718,-0.));
#335 = VECTOR('',#336,1.);
#336 = DIRECTION('',(0.,-1.));
#337 = ( GEOMETRIC_REPRESENTATION_CONTEXT(2) 
PARAMETRIC_REPRESENTATION_CONTEXT() REPRESENTATION_CONTEXT('2D SPACE',''
  ) );
#338 = ORIENTED_EDGE('',*,*,#179,.F.);
#339 = ORIENTED_EDGE('',*,*,#318,.F.);
#340 = ADVANCED_FACE('',(#341),#273,.T.);
#341 = FACE_BOUND('',#342,.T.);
#342 = EDGE_LOOP('',(#343,#344,#367,#394));
#343 = ORIENTED_EDGE('',*,*,#258,.T.);
#344 = ORIENTED_EDGE('',*,*,#345,.T.);
#345 = EDGE_CURVE('',#236,#346,#348,.T.);
#346 = VERTEX_POINT('',#347);
#347 = CARTESIAN_POINT('',(230.1,-84.,0.));
#348 = SEAM_CURVE('',#349,(#353,#360),.PCURVE_S1.);
#349 = LINE('',#350,#351);
#350 = CARTESIAN_POINT('',(228.6,-90.,0.));
#351 = VECTOR('',#352,1.);
#352 = DIRECTION('',(0.242535625036,0.970142500145,0.));
#353 = PCURVE('',#273,#354);
#354 = DEFINITIONAL_REPRESENTATION('',(#355),#359);
#355 = LINE('',#356,#357);
#356 = CARTESIAN_POINT('',(0.,0.));
#357 = VECTOR('',#358,1.);
#358 = DIRECTION('',(0.,1.));
#359 = ( GEOMETRIC_REPRESENTATION_CONTEXT(2) 
PARAMETRIC_REPRESENTATION_CONTEXT() REPRESENTATION_CONTEXT('2D SPACE',''
  ) );
#360 = PCURVE('',#273,#361);
#361 = DEFINITIONAL_REPRESENTATION('',(#362),#366);
#362 = LINE('',#363,#364);
#363 = CARTESIAN_POINT('',(6.28318530718,0.));
#364 = VECTOR('',#365,1.);
#365 = DIRECTION('',(0.,1.));
#366 = ( GEOMETRIC_REPRESENTATION_CONTEXT(2) 
PARAMETRIC_REPRESENTATION_CONTEXT() REPRESENTATION_CONTEXT('2D SPACE',''
  ) );
#367 = ORIENTED_EDGE('',*,*,#368,.F.);
#368 = EDGE_CURVE('',#346,#346,#369,.T.);
#369 = SURFACE_CURVE('',#370,(#375,#382),.PCURVE_S1.);
#370 = CIRCLE('',#371,230.1);
#371 = AXIS2_PLACEMENT_3D('',#372,#373,#374);
#372 = CARTESIAN_POINT('',(0.,-84.,0.));
#373 = DIRECTION('',(-0.,1.,0.));
#374 = DIRECTION('',(1.,0.,0.));
#375 = PCURVE('',#273,#376);
#376 = DEFINITIONAL_REPRESENTATION('',(#377),#381);
#377 = LINE('',#378,#379);
#378 = CARTESIAN_POINT('',(0.,6.));
#379 = VECTOR('',#380,1.);
#380 = DIRECTION('',(1.,0.));
#381 = ( GEOMETRIC_REPRESENTATION_CONTEXT(2) 
PARAMETRIC_REPRESENTATION_CONTEXT() REPRESENTATION_CONTEXT('2D SPACE',''
  ) );
#382 = PCURVE('',#383,#388);
#383 = CONICAL_SURFACE('',#384,230.1,0.576375220591);
#384 = AXIS2_PLACEMENT_3D('',#385,#386,#387);
#385 = CARTESIAN_POINT('',(0.,-84.,0.));
#386 = DIRECTION('',(-0.,-1.,-0.));
#387 = DIRECTION('',(1.,0.,0.));
#388 = DEFINITIONAL_REPRESENTATION('',(#389),#393);
#389 = LINE('',#390,#391);
#390 = CARTESIAN_POINT('',(-0.,-0.));
#391 = VECTOR('',#392,1.);
#392 = DIRECTION('',(-1.,-0.));
#393 = ( GEOMETRIC_REPRESENTATION_CONTEXT(2) 
PARAMETRIC_REPRESENTATION_CONTEXT() REPRESENTATION_CONTEXT('2D SPACE',''
  ) );
#394 = ORIENTED_EDGE('',*,*,#345,.F.);
#395 = ADVANCED_FACE('',(#396),#306,.F.);
#396 = FACE_BOUND('',#397,.T.);
#397 = EDGE_LOOP('',(#398,#427,#448,#449));
#398 = ORIENTED_EDGE('',*,*,#399,.T.);
#399 = EDGE_CURVE('',#400,#400,#402,.T.);
#400 = VERTEX_POINT('',#401);
#401 = CARTESIAN_POINT('',(215.6,-74.,0.));
#402 = SURFACE_CURVE('',#403,(#408,#415),.PCURVE_S1.);
#403 = CIRCLE('',#404,215.6);
#404 = AXIS2_PLACEMENT_3D('',#405,#406,#407);
#405 = CARTESIAN_POINT('',(0.,-74.,0.));
#406 = DIRECTION('',(-0.,1.,0.));
#407 = DIRECTION('',(1.,0.,0.));
#408 = PCURVE('',#306,#409);
#409 = DEFINITIONAL_REPRESENTATION('',(#410),#414);
#410 = LINE('',#411,#412);
#411 = CARTESIAN_POINT('',(-0.,0.));
#412 = VECTOR('',#413,1.);
#413 = DIRECTION('',(-1.,0.));
#414 = ( GEOMETRIC_REPRESENTATION_CONTEXT(2) 
PARAMETRIC_REPRESENTATION_CONTEXT() REPRESENTATION_CONTEXT('2D SPACE',''
  ) );
#415 = PCURVE('',#416,#421);
#416 = CONICAL_SURFACE('',#417,197.6,0.486899231811);
#417 = AXIS2_PLACEMENT_3D('',#418,#419,#420);
#418 = CARTESIAN_POINT('',(0.,-40.,0.));
#419 = DIRECTION('',(-0.,-1.,-0.));
#420 = DIRECTION('',(1.,-0.,0.));
#421 = DEFINITIONAL_REPRESENTATION('',(#422),#426);
#422 = LINE('',#423,#424);
#423 = CARTESIAN_POINT('',(-0.,34.));
#424 = VECTOR('',#425,1.);
#425 = DIRECTION('',(-1.,0.));
#426 = ( GEOMETRIC_REPRESENTATION_CONTEXT(2) 
PARAMETRIC_REPRESENTATION_CONTEXT() REPRESENTATION_CONTEXT('2D SPACE',''
  ) );
#427 = ORIENTED_EDGE('',*,*,#428,.T.);
#428 = EDGE_CURVE('',#400,#290,#429,.T.);
#429 = SEAM_CURVE('',#430,(#434,#441),.PCURVE_S1.);
#430 = LINE('',#431,#432);
#431 = CARTESIAN_POINT('',(215.6,-74.,0.));
#432 = VECTOR('',#433,1.);
#433 = DIRECTION('',(0.514495755428,-0.857492925713,0.));
#434 = PCURVE('',#306,#435);
#435 = DEFINITIONAL_REPRESENTATION('',(#436),#440);
#436 = LINE('',#437,#438);
#437 = CARTESIAN_POINT('',(-0.,0.));
#438 = VECTOR('',#439,1.);
#439 = DIRECTION('',(-0.,1.));
#440 = ( GEOMETRIC_REPRESENTATION_CONTEXT(2) 
PARAMETRIC_REPRESENTATION_CONTEXT() REPRESENTATION_CONTEXT('2D SPACE',''
  ) );
#441 = PCURVE('',#306,#442);
#442 = DEFINITIONAL_REPRESENTATION('',(#443),#447);
#443 = LINE('',#444,#445);
#444 = CARTESIAN_POINT('',(-6.28318530718,0.));
#445 = VECTOR('',#446,1.);
#446 = DIRECTION('',(-0.,1.));
#447 = ( GEOMETRIC_REPRESENTATION_CONTEXT(2) 
PARAMETRIC_REPRESENTATION_CONTEXT() REPRESENTATION_CONTEXT('2D SPACE',''
  ) );
#448 = ORIENTED_EDGE('',*,*,#289,.F.);
#449 = ORIENTED_EDGE('',*,*,#428,.F.);
#450 = ADVANCED_FACE('',(#451),#383,.T.);
#451 = FACE_BOUND('',#452,.T.);
#452 = EDGE_LOOP('',(#453,#454,#477,#504));
#453 = ORIENTED_EDGE('',*,*,#368,.T.);
#454 = ORIENTED_EDGE('',*,*,#455,.T.);
#455 = EDGE_CURVE('',#346,#456,#458,.T.);
#456 = VERTEX_POINT('',#457);
#457 = CARTESIAN_POINT('',(223.6,-74.,0.));
#458 = SEAM_CURVE('',#459,(#463,#470),.PCURVE_S1.);
#459 = LINE('',#460,#461);
#460 = CARTESIAN_POINT('',(230.1,-84.,0.));
#461 = VECTOR('',#462,1.);
#462 = DIRECTION('',(-0.544988350595,0.838443616301,0.));
#463 = PCURVE('',#383,#464);
#464 = DEFINITIONAL_REPRESENTATION('',(#465),#469);
#465 = LINE('',#466,#467);
#466 = CARTESIAN_POINT('',(-0.,-0.));
#467 = VECTOR('',#468,1.);
#468 = DIRECTION('',(-0.,-1.));
#469 = ( GEOMETRIC_REPRESENTATION_CONTEXT(2) 
PARAMETRIC_REPRESENTATION_CONTEXT() REPRESENTATION_CONTEXT('2D SPACE',''
  ) );
#470 = PCURVE('',#383,#471);
#471 = DEFINITIONAL_REPRESENTATION('',(#472),#476);
#472 = LINE('',#473,#474);
#473 = CARTESIAN_POINT('',(-6.28318530718,-0.));
#474 = VECTOR('',#475,1.);
#475 = DIRECTION('',(-0.,-1.));
#476 = ( GEOMETRIC_REPRESENTATION_CONTEXT(2) 
PARAMETRIC_REPRESENTATION_CONTEXT() REPRESENTATION_CONTEXT('2D SPACE',''
  ) );
#477 = ORIENTED_EDGE('',*,*,#478,.F.);
#478 = EDGE_CURVE('',#456,#456,#479,.T.);
#479 = SURFACE_CURVE('',#480,(#485,#492),.PCURVE_S1.);
#480 = CIRCLE('',#481,223.6);
#481 = AXIS2_PLACEMENT_3D('',#482,#483,#484);
#482 = CARTESIAN_POINT('',(0.,-74.,0.));
#483 = DIRECTION('',(-0.,1.,0.));
#484 = DIRECTION('',(1.,0.,0.));
#485 = PCURVE('',#383,#486);
#486 = DEFINITIONAL_REPRESENTATION('',(#487),#491);
#487 = LINE('',#488,#489);
#488 = CARTESIAN_POINT('',(-0.,-10.));
#489 = VECTOR('',#490,1.);
#490 = DIRECTION('',(-1.,-0.));
#491 = ( GEOMETRIC_REPRESENTATION_CONTEXT(2) 
PARAMETRIC_REPRESENTATION_CONTEXT() REPRESENTATION_CONTEXT('2D SPACE',''
  ) );
#492 = PCURVE('',#493,#498);
#493 = CONICAL_SURFACE('',#494,223.6,0.486899231811);
#494 = AXIS2_PLACEMENT_3D('',#495,#496,#497);
#495 = CARTESIAN_POINT('',(0.,-74.,0.));
#496 = DIRECTION('',(-0.,-1.,-0.));
#497 = DIRECTION('',(1.,0.,0.));
#498 = DEFINITIONAL_REPRESENTATION('',(#499),#503);
#499 = LINE('',#500,#501);
#500 = CARTESIAN_POINT('',(-0.,-0.));
#501 = VECTOR('',#502,1.);
#502 = DIRECTION('',(-1.,-0.));
#503 = ( GEOMETRIC_REPRESENTATION_CONTEXT(2) 
PARAMETRIC_REPRESENTATION_CONTEXT() REPRESENTATION_CONTEXT('2D SPACE',''
  ) );
#504 = ORIENTED_EDGE('',*,*,#455,.F.);
#505 = ADVANCED_FACE('',(#506),#416,.F.);
#506 = FACE_BOUND('',#507,.T.);
#507 = EDGE_LOOP('',(#508,#537,#558,#559));
#508 = ORIENTED_EDGE('',*,*,#509,.T.);
#509 = EDGE_CURVE('',#510,#510,#512,.T.);
#510 = VERTEX_POINT('',#511);
#511 = CARTESIAN_POINT('',(197.6,-40.,0.));
#512 = SURFACE_CURVE('',#513,(#518,#525),.PCURVE_S1.);
#513 = CIRCLE('',#514,197.6);
#514 = AXIS2_PLACEMENT_3D('',#515,#516,#517);
#515 = CARTESIAN_POINT('',(0.,-40.,0.));
#516 = DIRECTION('',(-0.,1.,0.));
#517 = DIRECTION('',(1.,0.,0.));
#518 = PCURVE('',#416,#519);
#519 = DEFINITIONAL_REPRESENTATION('',(#520),#524);
#520 = LINE('',#521,#522);
#521 = CARTESIAN_POINT('',(-0.,0.));
#522 = VECTOR('',#523,1.);
#523 = DIRECTION('',(-1.,0.));
#524 = ( GEOMETRIC_REPRESENTATION_CONTEXT(2) 
PARAMETRIC_REPRESENTATION_CONTEXT() REPRESENTATION_CONTEXT('2D SPACE',''
  ) );
#525 = PCURVE('',#526,#531);
#526 = CYLINDRICAL_SURFACE('',#527,197.6);
#527 = AXIS2_PLACEMENT_3D('',#528,#529,#530);
#528 = CARTESIAN_POINT('',(0.,40.,0.));
#529 = DIRECTION('',(-0.,-1.,-0.));
#530 = DIRECTION('',(1.,-0.,0.));
#531 = DEFINITIONAL_REPRESENTATION('',(#532),#536);
#532 = LINE('',#533,#534);
#533 = CARTESIAN_POINT('',(-0.,80.));
#534 = VECTOR('',#535,1.);
#535 = DIRECTION('',(-1.,0.));
#536 = ( GEOMETRIC_REPRESENTATION_CONTEXT(2) 
PARAMETRIC_REPRESENTATION_CONTEXT() REPRESENTATION_CONTEXT('2D SPACE',''
  ) );
#537 = ORIENTED_EDGE('',*,*,#538,.T.);
#538 = EDGE_CURVE('',#510,#400,#539,.T.);
#539 = SEAM_CURVE('',#540,(#544,#551),.PCURVE_S1.);
#540 = LINE('',#541,#542);
#541 = CARTESIAN_POINT('',(197.6,-40.,0.));
#542 = VECTOR('',#543,1.);
#543 = DIRECTION('',(0.467887720419,-0.883787916347,0.));
#544 = PCURVE('',#416,#545);
#545 = DEFINITIONAL_REPRESENTATION('',(#546),#550);
#546 = LINE('',#547,#548);
#547 = CARTESIAN_POINT('',(-0.,0.));
#548 = VECTOR('',#549,1.);
#549 = DIRECTION('',(-0.,1.));
#550 = ( GEOMETRIC_REPRESENTATION_CONTEXT(2) 
PARAMETRIC_REPRESENTATION_CONTEXT() REPRESENTATION_CONTEXT('2D SPACE',''
  ) );
#551 = PCURVE('',#416,#552);
#552 = DEFINITIONAL_REPRESENTATION('',(#553),#557);
#553 = LINE('',#554,#555);
#554 = CARTESIAN_POINT('',(-6.28318530718,0.));
#555 = VECTOR('',#556,1.);
#556 = DIRECTION('',(-0.,1.));
#557 = ( GEOMETRIC_REPRESENTATION_CONTEXT(2) 
PARAMETRIC_REPRESENTATION_CONTEXT() REPRESENTATION_CONTEXT('2D SPACE',''
  ) );
#558 = ORIENTED_EDGE('',*,*,#399,.F.);
#559 = ORIENTED_EDGE('',*,*,#538,.F.);
#560 = ADVANCED_FACE('',(#561),#493,.T.);
#561 = FACE_BOUND('',#562,.T.);
#562 = EDGE_LOOP('',(#563,#564,#587,#614));
#563 = ORIENTED_EDGE('',*,*,#478,.T.);
#564 = ORIENTED_EDGE('',*,*,#565,.T.);
#565 = EDGE_CURVE('',#456,#566,#568,.T.);
#566 = VERTEX_POINT('',#567);
#567 = CARTESIAN_POINT('',(205.6,-40.,0.));
#568 = SEAM_CURVE('',#569,(#573,#580),.PCURVE_S1.);
#569 = LINE('',#570,#571);
#570 = CARTESIAN_POINT('',(223.6,-74.,0.));
#571 = VECTOR('',#572,1.);
#572 = DIRECTION('',(-0.467887720419,0.883787916347,0.));
#573 = PCURVE('',#493,#574);
#574 = DEFINITIONAL_REPRESENTATION('',(#575),#579);
#575 = LINE('',#576,#577);
#576 = CARTESIAN_POINT('',(-0.,-0.));
#577 = VECTOR('',#578,1.);
#578 = DIRECTION('',(-0.,-1.));
#579 = ( GEOMETRIC_REPRESENTATION_CONTEXT(2) 
PARAMETRIC_REPRESENTATION_CONTEXT() REPRESENTATION_CONTEXT('2D SPACE',''
  ) );
#580 = PCURVE('',#493,#581);
#581 = DEFINITIONAL_REPRESENTATION('',(#582),#586);
#582 = LINE('',#583,#584);
#583 = CARTESIAN_POINT('',(-6.28318530718,-0.));
#584 = VECTOR('',#585,1.);
#585 = DIRECTION('',(-0.,-1.));
#586 = ( GEOMETRIC_REPRESENTATION_CONTEXT(2) 
PARAMETRIC_REPRESENTATION_CONTEXT() REPRESENTATION_CONTEXT('2D SPACE',''
  ) );
#587 = ORIENTED_EDGE('',*,*,#588,.F.);
#588 = EDGE_CURVE('',#566,#566,#589,.T.);
#589 = SURFACE_CURVE('',#590,(#595,#602),.PCURVE_S1.);
#590 = CIRCLE('',#591,205.6);
#591 = AXIS2_PLACEMENT_3D('',#592,#593,#594);
#592 = CARTESIAN_POINT('',(0.,-40.,0.));
#593 = DIRECTION('',(-0.,1.,0.));
#594 = DIRECTION('',(1.,0.,0.));
#595 = PCURVE('',#493,#596);
#596 = DEFINITIONAL_REPRESENTATION('',(#597),#601);
#597 = LINE('',#598,#599);
#598 = CARTESIAN_POINT('',(-0.,-34.));
#599 = VECTOR('',#600,1.);
#600 = DIRECTION('',(-1.,-0.));
#601 = ( GEOMETRIC_REPRESENTATION_CONTEXT(2) 
PARAMETRIC_REPRESENTATION_CONTEXT() REPRESENTATION_CONTEXT('2D SPACE',''
  ) );
#602 = PCURVE('',#603,#608);
#603 = CYLINDRICAL_SURFACE('',#604,205.6);
#604 = AXIS2_PLACEMENT_3D('',#605,#606,#607);
#605 = CARTESIAN_POINT('',(0.,-40.,0.));
#606 = DIRECTION('',(0.,1.,0.));
#607 = DIRECTION('',(1.,0.,0.));
#608 = DEFINITIONAL_REPRESENTATION('',(#609),#613);
#609 = LINE('',#610,#611);
#610 = CARTESIAN_POINT('',(0.,0.));
#611 = VECTOR('',#612,1.);
#612 = DIRECTION('',(1.,0.));
#613 = ( GEOMETRIC_REPRESENTATION_CONTEXT(2) 
PARAMETRIC_REPRESENTATION_CONTEXT() REPRESENTATION_CONTEXT('2D SPACE',''
  ) );
#614 = ORIENTED_EDGE('',*,*,#565,.F.);
#615 = ADVANCED_FACE('',(#616),#526,.F.);
#616 = FACE_BOUND('',#617,.T.);
#617 = EDGE_LOOP('',(#618,#647,#668,#669));
#618 = ORIENTED_EDGE('',*,*,#619,.T.);
#619 = EDGE_CURVE('',#620,#620,#622,.T.);
#620 = VERTEX_POINT('',#621);
#621 = CARTESIAN_POINT('',(197.6,40.,0.));
#622 = SURFACE_CURVE('',#623,(#628,#635),.PCURVE_S1.);
#623 = CIRCLE('',#624,197.6);
#624 = AXIS2_PLACEMENT_3D('',#625,#626,#627);
#625 = CARTESIAN_POINT('',(0.,40.,0.));
#626 = DIRECTION('',(-0.,1.,0.));
#627 = DIRECTION('',(1.,0.,0.));
#628 = PCURVE('',#526,#629);
#629 = DEFINITIONAL_REPRESENTATION('',(#630),#634);
#630 = LINE('',#631,#632);
#631 = CARTESIAN_POINT('',(-0.,0.));
#632 = VECTOR('',#633,1.);
#633 = DIRECTION('',(-1.,0.));
#634 = ( GEOMETRIC_REPRESENTATION_CONTEXT(2) 
PARAMETRIC_REPRESENTATION_CONTEXT() REPRESENTATION_CONTEXT('2D SPACE',''
  ) );
#635 = PCURVE('',#636,#641);
#636 = CONICAL_SURFACE('',#637,215.6,0.486899231811);
#637 = AXIS2_PLACEMENT_3D('',#638,#639,#640);
#638 = CARTESIAN_POINT('',(0.,74.,0.));
#639 = DIRECTION('',(0.,1.,0.));
#640 = DIRECTION('',(1.,-0.,0.));
#641 = DEFINITIONAL_REPRESENTATION('',(#642),#646);
#642 = LINE('',#643,#644);
#643 = CARTESIAN_POINT('',(0.,-34.));
#644 = VECTOR('',#645,1.);
#645 = DIRECTION('',(1.,-0.));
#646 = ( GEOMETRIC_REPRESENTATION_CONTEXT(2) 
PARAMETRIC_REPRESENTATION_CONTEXT() REPRESENTATION_CONTEXT('2D SPACE',''
  ) );
#647 = ORIENTED_EDGE('',*,*,#648,.T.);
#648 = EDGE_CURVE('',#620,#510,#649,.T.);
#649 = SEAM_CURVE('',#650,(#654,#661),.PCURVE_S1.);
#650 = LINE('',#651,#652);
#651 = CARTESIAN_POINT('',(197.6,40.,0.));
#652 = VECTOR('',#653,1.);
#653 = DIRECTION('',(0.,-1.,0.));
#654 = PCURVE('',#526,#655);
#655 = DEFINITIONAL_REPRESENTATION('',(#656),#660);
#656 = LINE('',#657,#658);
#657 = CARTESIAN_POINT('',(-0.,0.));
#658 = VECTOR('',#659,1.);
#659 = DIRECTION('',(-0.,1.));
#660 = ( GEOMETRIC_REPRESENTATION_CONTEXT(2) 
PARAMETRIC_REPRESENTATION_CONTEXT() REPRESENTATION_CONTEXT('2D SPACE',''
  ) );
#661 = PCURVE('',#526,#662);
#662 = DEFINITIONAL_REPRESENTATION('',(#663),#667);
#663 = LINE('',#664,#665);
#664 = CARTESIAN_POINT('',(-6.28318530718,0.));
#665 = VECTOR('',#666,1.);
#666 = DIRECTION('',(-0.,1.));
#667 = ( GEOMETRIC_REPRESENTATION_CONTEXT(2) 
PARAMETRIC_REPRESENTATION_CONTEXT() REPRESENTATION_CONTEXT('2D SPACE',''
  ) );
#668 = ORIENTED_EDGE('',*,*,#509,.F.);
#669 = ORIENTED_EDGE('',*,*,#648,.F.);
#670 = ADVANCED_FACE('',(#671),#603,.T.);
#671 = FACE_BOUND('',#672,.T.);
#672 = EDGE_LOOP('',(#673,#674,#697,#724));
#673 = ORIENTED_EDGE('',*,*,#588,.T.);
#674 = ORIENTED_EDGE('',*,*,#675,.T.);
#675 = EDGE_CURVE('',#566,#676,#678,.T.);
#676 = VERTEX_POINT('',#677);
#677 = CARTESIAN_POINT('',(205.6,40.,0.));
#678 = SEAM_CURVE('',#679,(#683,#690),.PCURVE_S1.);
#679 = LINE('',#680,#681);
#680 = CARTESIAN_POINT('',(205.6,-40.,0.));
#681 = VECTOR('',#682,1.);
#682 = DIRECTION('',(0.,1.,0.));
#683 = PCURVE('',#603,#684);
#684 = DEFINITIONAL_REPRESENTATION('',(#685),#689);
#685 = LINE('',#686,#687);
#686 = CARTESIAN_POINT('',(0.,0.));
#687 = VECTOR('',#688,1.);
#688 = DIRECTION('',(0.,1.));
#689 = ( GEOMETRIC_REPRESENTATION_CONTEXT(2) 
PARAMETRIC_REPRESENTATION_CONTEXT() REPRESENTATION_CONTEXT('2D SPACE',''
  ) );
#690 = PCURVE('',#603,#691);
#691 = DEFINITIONAL_REPRESENTATION('',(#692),#696);
#692 = LINE('',#693,#694);
#693 = CARTESIAN_POINT('',(6.28318530718,0.));
#694 = VECTOR('',#695,1.);
#695 = DIRECTION('',(0.,1.));
#696 = ( GEOMETRIC_REPRESENTATION_CONTEXT(2) 
PARAMETRIC_REPRESENTATION_CONTEXT() REPRESENTATION_CONTEXT('2D SPACE',''
  ) );
#697 = ORIENTED_EDGE('',*,*,#698,.F.);
#698 = EDGE_CURVE('',#676,#676,#699,.T.);
#699 = SURFACE_CURVE('',#700,(#705,#712),.PCURVE_S1.);
#700 = CIRCLE('',#701,205.6);
#701 = AXIS2_PLACEMENT_3D('',#702,#703,#704);
#702 = CARTESIAN_POINT('',(0.,40.,0.));
#703 = DIRECTION('',(-0.,1.,0.));
#704 = DIRECTION('',(1.,0.,0.));
#705 = PCURVE('',#603,#706);
#706 = DEFINITIONAL_REPRESENTATION('',(#707),#711);
#707 = LINE('',#708,#709);
#708 = CARTESIAN_POINT('',(0.,80.));
#709 = VECTOR('',#710,1.);
#710 = DIRECTION('',(1.,0.));
#711 = ( GEOMETRIC_REPRESENTATION_CONTEXT(2) 
PARAMETRIC_REPRESENTATION_CONTEXT() REPRESENTATION_CONTEXT('2D SPACE',''
  ) );
#712 = PCURVE('',#713,#718);
#713 = CONICAL_SURFACE('',#714,205.6,0.486899231811);
#714 = AXIS2_PLACEMENT_3D('',#715,#716,#717);
#715 = CARTESIAN_POINT('',(0.,40.,0.));
#716 = DIRECTION('',(0.,1.,0.));
#717 = DIRECTION('',(1.,0.,0.));
#718 = DEFINITIONAL_REPRESENTATION('',(#719),#723);
#719 = LINE('',#720,#721);
#720 = CARTESIAN_POINT('',(0.,0.));
#721 = VECTOR('',#722,1.);
#722 = DIRECTION('',(1.,0.));
#723 = ( GEOMETRIC_REPRESENTATION_CONTEXT(2) 
PARAMETRIC_REPRESENTATION_CONTEXT() REPRESENTATION_CONTEXT('2D SPACE',''
  ) );
#724 = ORIENTED_EDGE('',*,*,#675,.F.);
#725 = ADVANCED_FACE('',(#726),#636,.F.);
#726 = FACE_BOUND('',#727,.T.);
#727 = EDGE_LOOP('',(#728,#757,#778,#779));
#728 = ORIENTED_EDGE('',*,*,#729,.F.);
#729 = EDGE_CURVE('',#730,#730,#732,.T.);
#730 = VERTEX_POINT('',#731);
#731 = CARTESIAN_POINT('',(213.54653323802,70.121229449607,0.));
#732 = SURFACE_CURVE('',#733,(#738,#745),.PCURVE_S1.);
#733 = CIRCLE('',#734,213.54653323802);
#734 = AXIS2_PLACEMENT_3D('',#735,#736,#737);
#735 = CARTESIAN_POINT('',(0.,70.121229449607,0.));
#736 = DIRECTION('',(0.,-1.,-0.));
#737 = DIRECTION('',(0.,0.,-1.));
#738 = PCURVE('',#636,#739);
#739 = DEFINITIONAL_REPRESENTATION('',(#740),#744);
#740 = LINE('',#741,#742);
#741 = CARTESIAN_POINT('',(7.853981633974,-3.878770550393));
#742 = VECTOR('',#743,1.);
#743 = DIRECTION('',(-1.,-0.));
#744 = ( GEOMETRIC_REPRESENTATION_CONTEXT(2) 
PARAMETRIC_REPRESENTATION_CONTEXT() REPRESENTATION_CONTEXT('2D SPACE',''
  ) );
#745 = PCURVE('',#746,#751);
#746 = CONICAL_SURFACE('',#747,112.,1.096585730391);
#747 = AXIS2_PLACEMENT_3D('',#748,#749,#750);
#748 = CARTESIAN_POINT('',(0.,18.,0.));
#749 = DIRECTION('',(0.,1.,0.));
#750 = DIRECTION('',(1.,0.,0.));
#751 = DEFINITIONAL_REPRESENTATION('',(#752),#756);
#752 = LINE('',#753,#754);
#753 = CARTESIAN_POINT('',(7.853981633974,52.121229449607));
#754 = VECTOR('',#755,1.);
#755 = DIRECTION('',(-1.,0.));
#756 = ( GEOMETRIC_REPRESENTATION_CONTEXT(2) 
PARAMETRIC_REPRESENTATION_CONTEXT() REPRESENTATION_CONTEXT('2D SPACE',''
  ) );
#757 = ORIENTED_EDGE('',*,*,#758,.T.);
#758 = EDGE_CURVE('',#730,#620,#759,.T.);
#759 = SEAM_CURVE('',#760,(#764,#771),.PCURVE_S1.);
#760 = LINE('',#761,#762);
#761 = CARTESIAN_POINT('',(215.6,74.,0.));
#762 = VECTOR('',#763,1.);
#763 = DIRECTION('',(-0.467887720419,-0.883787916347,0.));
#764 = PCURVE('',#636,#765);
#765 = DEFINITIONAL_REPRESENTATION('',(#766),#770);
#766 = LINE('',#767,#768);
#767 = CARTESIAN_POINT('',(0.,-0.));
#768 = VECTOR('',#769,1.);
#769 = DIRECTION('',(0.,-1.));
#770 = ( GEOMETRIC_REPRESENTATION_CONTEXT(2) 
PARAMETRIC_REPRESENTATION_CONTEXT() REPRESENTATION_CONTEXT('2D SPACE',''
  ) );
#771 = PCURVE('',#636,#772);
#772 = DEFINITIONAL_REPRESENTATION('',(#773),#777);
#773 = LINE('',#774,#775);
#774 = CARTESIAN_POINT('',(6.28318530718,-0.));
#775 = VECTOR('',#776,1.);
#776 = DIRECTION('',(0.,-1.));
#777 = ( GEOMETRIC_REPRESENTATION_CONTEXT(2) 
PARAMETRIC_REPRESENTATION_CONTEXT() REPRESENTATION_CONTEXT('2D SPACE',''
  ) );
#778 = ORIENTED_EDGE('',*,*,#619,.F.);
#779 = ORIENTED_EDGE('',*,*,#758,.F.);
#780 = ADVANCED_FACE('',(#781),#713,.T.);
#781 = FACE_BOUND('',#782,.T.);
#782 = EDGE_LOOP('',(#783,#784,#807,#834));
#783 = ORIENTED_EDGE('',*,*,#698,.T.);
#784 = ORIENTED_EDGE('',*,*,#785,.T.);
#785 = EDGE_CURVE('',#676,#786,#788,.T.);
#786 = VERTEX_POINT('',#787);
#787 = CARTESIAN_POINT('',(223.6,74.,0.));
#788 = SEAM_CURVE('',#789,(#793,#800),.PCURVE_S1.);
#789 = LINE('',#790,#791);
#790 = CARTESIAN_POINT('',(205.6,40.,0.));
#791 = VECTOR('',#792,1.);
#792 = DIRECTION('',(0.467887720419,0.883787916347,0.));
#793 = PCURVE('',#713,#794);
#794 = DEFINITIONAL_REPRESENTATION('',(#795),#799);
#795 = LINE('',#796,#797);
#796 = CARTESIAN_POINT('',(0.,0.));
#797 = VECTOR('',#798,1.);
#798 = DIRECTION('',(0.,1.));
#799 = ( GEOMETRIC_REPRESENTATION_CONTEXT(2) 
PARAMETRIC_REPRESENTATION_CONTEXT() REPRESENTATION_CONTEXT('2D SPACE',''
  ) );
#800 = PCURVE('',#713,#801);
#801 = DEFINITIONAL_REPRESENTATION('',(#802),#806);
#802 = LINE('',#803,#804);
#803 = CARTESIAN_POINT('',(6.28318530718,0.));
#804 = VECTOR('',#805,1.);
#805 = DIRECTION('',(0.,1.));
#806 = ( GEOMETRIC_REPRESENTATION_CONTEXT(2) 
PARAMETRIC_REPRESENTATION_CONTEXT() REPRESENTATION_CONTEXT('2D SPACE',''
  ) );
#807 = ORIENTED_EDGE('',*,*,#808,.F.);
#808 = EDGE_CURVE('',#786,#786,#809,.T.);
#809 = SURFACE_CURVE('',#810,(#815,#822),.PCURVE_S1.);
#810 = CIRCLE('',#811,223.6);
#811 = AXIS2_PLACEMENT_3D('',#812,#813,#814);
#812 = CARTESIAN_POINT('',(0.,74.,0.));
#813 = DIRECTION('',(-0.,1.,0.));
#814 = DIRECTION('',(1.,0.,0.));
#815 = PCURVE('',#713,#816);
#816 = DEFINITIONAL_REPRESENTATION('',(#817),#821);
#817 = LINE('',#818,#819);
#818 = CARTESIAN_POINT('',(0.,34.));
#819 = VECTOR('',#820,1.);
#820 = DIRECTION('',(1.,0.));
#821 = ( GEOMETRIC_REPRESENTATION_CONTEXT(2) 
PARAMETRIC_REPRESENTATION_CONTEXT() REPRESENTATION_CONTEXT('2D SPACE',''
  ) );
#822 = PCURVE('',#823,#828);
#823 = CONICAL_SURFACE('',#824,223.6,0.576375220591);
#824 = AXIS2_PLACEMENT_3D('',#825,#826,#827);
#825 = CARTESIAN_POINT('',(0.,74.,0.));
#826 = DIRECTION('',(0.,1.,0.));
#827 = DIRECTION('',(1.,0.,0.));
#828 = DEFINITIONAL_REPRESENTATION('',(#829),#833);
#829 = LINE('',#830,#831);
#830 = CARTESIAN_POINT('',(0.,0.));
#831 = VECTOR('',#832,1.);
#832 = DIRECTION('',(1.,0.));
#833 = ( GEOMETRIC_REPRESENTATION_CONTEXT(2) 
PARAMETRIC_REPRESENTATION_CONTEXT() REPRESENTATION_CONTEXT('2D SPACE',''
  ) );
#834 = ORIENTED_EDGE('',*,*,#785,.F.);
#835 = ADVANCED_FACE('',(#836,#1439,#1970,#2480,#3011),#746,.T.);
#836 = FACE_BOUND('',#837,.T.);
#837 = EDGE_LOOP('',(#838,#867,#890,#1035,#1145,#1166,#1167,#1168,#1438)
  );
#838 = ORIENTED_EDGE('',*,*,#839,.T.);
#839 = EDGE_CURVE('',#840,#840,#842,.T.);
#840 = VERTEX_POINT('',#841);
#841 = CARTESIAN_POINT('',(112.,18.,0.));
#842 = SURFACE_CURVE('',#843,(#848,#855),.PCURVE_S1.);
#843 = CIRCLE('',#844,112.);
#844 = AXIS2_PLACEMENT_3D('',#845,#846,#847);
#845 = CARTESIAN_POINT('',(0.,18.,0.));
#846 = DIRECTION('',(-0.,1.,0.));
#847 = DIRECTION('',(1.,0.,0.));
#848 = PCURVE('',#746,#849);
#849 = DEFINITIONAL_REPRESENTATION('',(#850),#854);
#850 = LINE('',#851,#852);
#851 = CARTESIAN_POINT('',(0.,0.));
#852 = VECTOR('',#853,1.);
#853 = DIRECTION('',(1.,0.));
#854 = ( GEOMETRIC_REPRESENTATION_CONTEXT(2) 
PARAMETRIC_REPRESENTATION_CONTEXT() REPRESENTATION_CONTEXT('2D SPACE',''
  ) );
#855 = PCURVE('',#856,#861);
#856 = PLANE('',#857);
#857 = AXIS2_PLACEMENT_3D('',#858,#859,#860);
#858 = CARTESIAN_POINT('',(0.,18.,0.));
#859 = DIRECTION('',(0.,1.,0.));
#860 = DIRECTION('',(1.,0.,0.));
#861 = DEFINITIONAL_REPRESENTATION('',(#862),#866);
#862 = CIRCLE('',#863,112.);
#863 = AXIS2_PLACEMENT_2D('',#864,#865);
#864 = CARTESIAN_POINT('',(0.,0.));
#865 = DIRECTION('',(1.,-0.));
#866 = ( GEOMETRIC_REPRESENTATION_CONTEXT(2) 
PARAMETRIC_REPRESENTATION_CONTEXT() REPRESENTATION_CONTEXT('2D SPACE',''
  ) );
#867 = ORIENTED_EDGE('',*,*,#868,.T.);
#868 = EDGE_CURVE('',#840,#869,#871,.T.);
#869 = VERTEX_POINT('',#870);
#870 = CARTESIAN_POINT('',(118.,21.079646017699,0.));
#871 = SEAM_CURVE('',#872,(#876,#883),.PCURVE_S1.);
#872 = LINE('',#873,#874);
#873 = CARTESIAN_POINT('',(112.,18.,0.));
#874 = VECTOR('',#875,1.);
#875 = DIRECTION('',(0.889653469116,0.456636293882,0.));
#876 = PCURVE('',#746,#877);
#877 = DEFINITIONAL_REPRESENTATION('',(#878),#882);
#878 = LINE('',#879,#880);
#879 = CARTESIAN_POINT('',(0.,0.));
#880 = VECTOR('',#881,1.);
#881 = DIRECTION('',(0.,1.));
#882 = ( GEOMETRIC_REPRESENTATION_CONTEXT(2) 
PARAMETRIC_REPRESENTATION_CONTEXT() REPRESENTATION_CONTEXT('2D SPACE',''
  ) );
#883 = PCURVE('',#746,#884);
#884 = DEFINITIONAL_REPRESENTATION('',(#885),#889);
#885 = LINE('',#886,#887);
#886 = CARTESIAN_POINT('',(6.28318530718,0.));
#887 = VECTOR('',#888,1.);
#888 = DIRECTION('',(0.,1.));
#889 = ( GEOMETRIC_REPRESENTATION_CONTEXT(2) 
PARAMETRIC_REPRESENTATION_CONTEXT() REPRESENTATION_CONTEXT('2D SPACE',''
  ) );
#890 = ORIENTED_EDGE('',*,*,#891,.T.);
#891 = EDGE_CURVE('',#869,#892,#894,.T.);
#892 = VERTEX_POINT('',#893);
#893 = CARTESIAN_POINT('',(154.,41.688547749466,36.));
#894 = SURFACE_CURVE('',#895,(#938,#984),.PCURVE_S1.);
#895 = B_SPLINE_CURVE_WITH_KNOTS('',6,(#896,#897,#898,#899,#900,#901,
    #902,#903,#904,#905,#906,#907,#908,#909,#910,#911,#912,#913,#914,
    #915,#916,#917,#918,#919,#920,#921,#922,#923,#924,#925,#926,#927,
    #928,#929,#930,#931,#932,#933,#934,#935,#936,#937),.UNSPECIFIED.,.F.
  ,.F.,(7,5,5,5,5,5,5,5,7),(0.,0.103451748791,0.174860005396,
    0.28293695988,0.405335973109,0.538404215985,0.679653336915,
    0.824050364652,1.),.UNSPECIFIED.);
#896 = CARTESIAN_POINT('',(118.,21.079646017699,0.));
#897 = CARTESIAN_POINT('',(118.,21.079646017699,1.382923006641));
#898 = CARTESIAN_POINT('',(118.06375018676,21.122349490031,
    2.766468589828));
#899 = CARTESIAN_POINT('',(118.19135158933,21.207828614793,
    4.133639617071));
#900 = CARTESIAN_POINT('',(118.37855642629,21.332995976148,
    5.472106102151));
#901 = CARTESIAN_POINT('',(118.61935567308,21.493418960258,
    6.773043202548));
#902 = CARTESIAN_POINT('',(119.10574675014,21.816015593946,
    8.898537017666));
#903 = CARTESIAN_POINT('',(119.32685779599,21.962326011601,
    9.746297209391));
#904 = CARTESIAN_POINT('',(119.5684706186,22.121752455099,
    10.572515102387));
#905 = CARTESIAN_POINT('',(119.82863139,22.292856908458,11.37664116631)
  );
#906 = CARTESIAN_POINT('',(120.10559363576,22.474354719538,
    12.158646737885));
#907 = CARTESIAN_POINT('',(120.84030374682,22.95395728195,
    14.069625672391));
#908 = CARTESIAN_POINT('',(121.31772707505,23.263998488912,
    15.170231133611));
#909 = CARTESIAN_POINT('',(121.82519926084,23.591600030946,
    16.222500231657));
#910 = CARTESIAN_POINT('',(122.35866935119,23.933757227089,
    17.228530265698));
#911 = CARTESIAN_POINT('',(122.91499317431,24.288149941941,
    18.190761678563));
#912 = CARTESIAN_POINT('',(124.14555421254,25.06653558074,
    20.155083762758));
#913 = CARTESIAN_POINT('',(124.82543165156,25.493391846621,
    21.145216132922));
#914 = CARTESIAN_POINT('',(125.52838206975,25.931254869591,
    22.086002036896));
#915 = CARTESIAN_POINT('',(126.25186868611,26.378235377319,
    22.980307731096));
#916 = CARTESIAN_POINT('',(126.99393358832,26.832885616247,
    23.83071830533));
#917 = CARTESIAN_POINT('',(128.57873180359,27.795697514957,
    25.518890988243));
#918 = CARTESIAN_POINT('',(129.42446662187,28.304986984005,
    26.34894696672));
#919 = CARTESIAN_POINT('',(130.28859177235,28.820666814954,
    27.132605604583));
#920 = CARTESIAN_POINT('',(131.16962207024,29.341648258254,
    27.871974400078));
#921 = CARTESIAN_POINT('',(132.06635861568,29.867068094137,
    28.568798309026));
#922 = CARTESIAN_POINT('',(133.94548990546,30.958019466208,
    29.920516108196));
#923 = CARTESIAN_POINT('',(134.92969419026,31.523992047134,
    30.570150926558));
#924 = CARTESIAN_POINT('',(135.92938499072,32.09338396377,
    31.175084490485));
#925 = CARTESIAN_POINT('',(136.94357935505,32.665521634039,
    31.736468237839));
#926 = CARTESIAN_POINT('',(137.97141716434,33.239839328122,
    32.255151616447));
#927 = CARTESIAN_POINT('',(140.07611527894,34.404743669025,
    33.218891622414));
#928 = CARTESIAN_POINT('',(141.15352309088,34.995388528888,
    33.662034270911));
#929 = CARTESIAN_POINT('',(142.24359046407,35.587299279391,
    34.061751916189));
#930 = CARTESIAN_POINT('',(143.34554532905,36.180016760281,
    34.418323347842));
#931 = CARTESIAN_POINT('',(144.45863927067,36.773122091754,
    34.731797022972));
#932 = CARTESIAN_POINT('',(146.95116653686,38.088950133581,
    35.331240406636));
#933 = CARTESIAN_POINT('',(148.33560626056,38.81165299295,
    35.596221919837));
#934 = CARTESIAN_POINT('',(149.73417401013,39.533659119392,
    35.796635070883));
#935 = CARTESIAN_POINT('',(151.14546353564,40.254278104794,
    35.931641243094));
#936 = CARTESIAN_POINT('',(152.56795160575,40.9728102766,36.));
#937 = CARTESIAN_POINT('',(154.,41.688547749466,36.));
#938 = PCURVE('',#746,#939);
#939 = DEFINITIONAL_REPRESENTATION('',(#940),#983);
#940 = B_SPLINE_CURVE_WITH_KNOTS('',6,(#941,#942,#943,#944,#945,#946,
    #947,#948,#949,#950,#951,#952,#953,#954,#955,#956,#957,#958,#959,
    #960,#961,#962,#963,#964,#965,#966,#967,#968,#969,#970,#971,#972,
    #973,#974,#975,#976,#977,#978,#979,#980,#981,#982),.UNSPECIFIED.,.F.
  ,.F.,(7,5,5,5,5,5,5,5,7),(0.,0.103451748791,0.174860005396,
    0.28293695988,0.405335973109,0.538404215985,0.679653336915,
    0.824050364652,1.),.UNSPECIFIED.);
#941 = CARTESIAN_POINT('',(6.28318530718,3.079646017699));
#942 = CARTESIAN_POINT('',(6.271465620683,3.079646017699));
#943 = CARTESIAN_POINT('',(6.259740650683,3.122349490031));
#944 = CARTESIAN_POINT('',(6.248188775206,3.207828614794));
#945 = CARTESIAN_POINT('',(6.23694878695,3.332995976148));
#946 = CARTESIAN_POINT('',(6.226116202631,3.493418960258));
#947 = CARTESIAN_POINT('',(6.208597122924,3.816015593946));
#948 = CARTESIAN_POINT('',(6.201661887553,3.962326011601));
#949 = CARTESIAN_POINT('',(6.194960460348,4.121752455099));
#950 = CARTESIAN_POINT('',(6.188498994431,4.292856908458));
#951 = CARTESIAN_POINT('',(6.182277675701,4.474354719538));
#952 = CARTESIAN_POINT('',(6.167233489096,4.95395728195));
#953 = CARTESIAN_POINT('',(6.158717813281,5.263998488912));
#954 = CARTESIAN_POINT('',(6.150727778342,5.591600030946));
#955 = CARTESIAN_POINT('',(6.143238151222,5.933757227089));
#956 = CARTESIAN_POINT('',(6.136219600892,6.288149941941));
#957 = CARTESIAN_POINT('',(6.122191288146,7.06653558074));
#958 = CARTESIAN_POINT('',(6.115308389032,7.493391846621));
#959 = CARTESIAN_POINT('',(6.108949059802,7.931254869591));
#960 = CARTESIAN_POINT('',(6.103076085666,8.378235377319));
#961 = CARTESIAN_POINT('',(6.097655393983,8.832885616247));
#962 = CARTESIAN_POINT('',(6.087221743593,9.795697514957));
#963 = CARTESIAN_POINT('',(6.082286388582,10.304986984006));
#964 = CARTESIAN_POINT('',(6.077811594108,10.820666814954));
#965 = CARTESIAN_POINT('',(6.07376577615,11.341648258254));
#966 = CARTESIAN_POINT('',(6.070121423773,11.867068094137));
#967 = CARTESIAN_POINT('',(6.06338729119,12.958019466208));
#968 = CARTESIAN_POINT('',(6.060345613942,13.523992047134));
#969 = CARTESIAN_POINT('',(6.057701382642,14.093383963769));
#970 = CARTESIAN_POINT('',(6.05543145071,14.665521634039));
#971 = CARTESIAN_POINT('',(6.053515984459,15.239839328122));
#972 = CARTESIAN_POINT('',(6.050325063615,16.404743669025));
#973 = CARTESIAN_POINT('',(6.049064873554,16.995388528888));
#974 = CARTESIAN_POINT('',(6.048139486842,17.587299279391));
#975 = CARTESIAN_POINT('',(6.047534130615,18.180016760281));
#976 = CARTESIAN_POINT('',(6.047236357203,18.773122091754));
#977 = CARTESIAN_POINT('',(6.047235249923,20.088950133581));
#978 = CARTESIAN_POINT('',(6.047676025186,20.811652992949));
#979 = CARTESIAN_POINT('',(6.048539477648,21.533659119392));
#980 = CARTESIAN_POINT('',(6.049811576139,22.254278104793));
#981 = CARTESIAN_POINT('',(6.051481704564,22.9728102766));
#982 = CARTESIAN_POINT('',(6.053542864894,23.688547749466));
#983 = ( GEOMETRIC_REPRESENTATION_CONTEXT(2) 
PARAMETRIC_REPRESENTATION_CONTEXT() REPRESENTATION_CONTEXT('2D SPACE',''
  ) );
#984 = PCURVE('',#985,#990);
#985 = CYLINDRICAL_SURFACE('',#986,36.);
#986 = AXIS2_PLACEMENT_3D('',#987,#988,#989);
#987 = CARTESIAN_POINT('',(154.,-120.,-3.771912141374E-14));
#988 = DIRECTION('',(0.,1.,0.));
#989 = DIRECTION('',(0.,-0.,1.));
#990 = DEFINITIONAL_REPRESENTATION('',(#991),#1034);
#991 = B_SPLINE_CURVE_WITH_KNOTS('',6,(#992,#993,#994,#995,#996,#997,
    #998,#999,#1000,#1001,#1002,#1003,#1004,#1005,#1006,#1007,#1008,
    #1009,#1010,#1011,#1012,#1013,#1014,#1015,#1016,#1017,#1018,#1019,
    #1020,#1021,#1022,#1023,#1024,#1025,#1026,#1027,#1028,#1029,#1030,
    #1031,#1032,#1033),.UNSPECIFIED.,.F.,.F.,(7,5,5,5,5,5,5,5,7),(0.,
    0.103451748791,0.174860005396,0.28293695988,0.405335973109,
    0.538404215985,0.679653336915,0.824050364652,1.),.UNSPECIFIED.);
#992 = CARTESIAN_POINT('',(4.712388980385,141.07964601769));
#993 = CARTESIAN_POINT('',(4.750803508347,141.07964601769));
#994 = CARTESIAN_POINT('',(4.789235299128,141.12234949003));
#995 = CARTESIAN_POINT('',(4.827314462325,141.20782861479));
#996 = CARTESIAN_POINT('',(4.864800240972,141.33299597614));
#997 = CARTESIAN_POINT('',(4.901518862447,141.49341896025));
#998 = CARTESIAN_POINT('',(4.962086523303,141.81601559394));
#999 = CARTESIAN_POINT('',(4.986412130973,141.9623260116));
#1000 = CARTESIAN_POINT('',(5.010308707252,142.12175245509));
#1001 = CARTESIAN_POINT('',(5.033771948547,142.29285690845));
#1002 = CARTESIAN_POINT('',(5.056808278455,142.47435471953));
#1003 = CARTESIAN_POINT('',(5.113679094239,142.95395728195));
#1004 = CARTESIAN_POINT('',(5.14697420258,143.26399848891));
#1005 = CARTESIAN_POINT('',(5.17938786622,143.59160003094));
#1006 = CARTESIAN_POINT('',(5.210986423455,143.93375722708));
#1007 = CARTESIAN_POINT('',(5.241841456739,144.28814994194));
#1008 = CARTESIAN_POINT('',(5.306228654249,145.06653558074));
#1009 = CARTESIAN_POINT('',(5.339562509644,145.49339184662));
#1010 = CARTESIAN_POINT('',(5.372146895189,145.93125486959));
#1011 = CARTESIAN_POINT('',(5.404066034508,146.37823537731));
#1012 = CARTESIAN_POINT('',(5.435396811552,146.83288561624));
#1013 = CARTESIAN_POINT('',(5.499716088889,147.79569751495));
#1014 = CARTESIAN_POINT('',(5.532605608748,148.304986984));
#1015 = CARTESIAN_POINT('',(5.564972763573,148.82066681495));
#1016 = CARTESIAN_POINT('',(5.596887494002,149.34164825825));
#1017 = CARTESIAN_POINT('',(5.628411713613,149.86706809413));
#1018 = CARTESIAN_POINT('',(5.692711571848,150.9580194662));
#1019 = CARTESIAN_POINT('',(5.725442721675,151.52399204713));
#1020 = CARTESIAN_POINT('',(5.757863304453,152.09338396377));
#1021 = CARTESIAN_POINT('',(5.790027814938,152.66552163403));
#1022 = CARTESIAN_POINT('',(5.821985249432,153.23983932812));
#1023 = CARTESIAN_POINT('',(5.886286748901,154.40474366902));
#1024 = CARTESIAN_POINT('',(5.918622513749,154.99538852888));
#1025 = CARTESIAN_POINT('',(5.950837618296,155.58729927939));
#1026 = CARTESIAN_POINT('',(5.982974440053,156.18001676028));
#1027 = CARTESIAN_POINT('',(6.015072656221,156.77312209175));
#1028 = CARTESIAN_POINT('',(6.086283656717,158.08895013358));
#1029 = CARTESIAN_POINT('',(6.125395336818,158.81165299295));
#1030 = CARTESIAN_POINT('',(6.164576861457,159.53365911939));
#1031 = CARTESIAN_POINT('',(6.203892621777,160.25427810479));
#1032 = CARTESIAN_POINT('',(6.243406185117,160.9728102766));
#1033 = CARTESIAN_POINT('',(6.28318530718,161.68854774946));
#1034 = ( GEOMETRIC_REPRESENTATION_CONTEXT(2) 
PARAMETRIC_REPRESENTATION_CONTEXT() REPRESENTATION_CONTEXT('2D SPACE',''
  ) );
#1035 = ORIENTED_EDGE('',*,*,#1036,.T.);
#1036 = EDGE_CURVE('',#892,#1037,#1039,.T.);
#1037 = VERTEX_POINT('',#1038);
#1038 = CARTESIAN_POINT('',(190.,58.035398230088,0.));
#1039 = SURFACE_CURVE('',#1040,(#1073,#1109),.PCURVE_S1.);
#1040 = B_SPLINE_CURVE_WITH_KNOTS('',7,(#1041,#1042,#1043,#1044,#1045,
    #1046,#1047,#1048,#1049,#1050,#1051,#1052,#1053,#1054,#1055,#1056,
    #1057,#1058,#1059,#1060,#1061,#1062,#1063,#1064,#1065,#1066,#1067,
    #1068,#1069,#1070,#1071,#1072),.UNSPECIFIED.,.F.,.F.,(8,6,6,6,6,8),(
    0.,0.275812985601,0.50482747709,0.685121959994,0.812851640614,1.),
  .UNSPECIFIED.);
#1041 = CARTESIAN_POINT('',(154.,41.688547749466,36.));
#1042 = CARTESIAN_POINT('',(155.75606734048,42.566229820486,36.));
#1043 = CARTESIAN_POINT('',(157.52584016068,43.439690613339,
    35.900063275156));
#1044 = CARTESIAN_POINT('',(159.30681108033,44.30786865417,
    35.697379447493));
#1045 = CARTESIAN_POINT('',(161.09576363571,45.169426926328,
    35.388224703844));
#1046 = CARTESIAN_POINT('',(162.88873251598,46.02276620213,
    34.968085597821));
#1047 = CARTESIAN_POINT('',(164.68097344381,46.866036030447,
    34.431684280349));
#1048 = CARTESIAN_POINT('',(167.94976118379,48.387180787132,
    33.225031920593));
#1049 = CARTESIAN_POINT('',(169.42790927117,49.068671263771,
    32.593069822333));
#1050 = CARTESIAN_POINT('',(170.8982859242,49.740458128662,
    31.872777132403));
#1051 = CARTESIAN_POINT('',(172.35680707046,50.400983014797,
    31.059954761855));
#1052 = CARTESIAN_POINT('',(173.7983078198,51.04827798532,
    30.150049692963));
#1053 = CARTESIAN_POINT('',(175.21652832139,51.679984268889,
    29.138235134523));
#1054 = CARTESIAN_POINT('',(177.69624528325,52.776143763492,
    27.137750745536));
#1055 = CARTESIAN_POINT('',(178.76912977305,53.247449076098,
    26.190203191805));
#1056 = CARTESIAN_POINT('',(179.8190401547,53.705890134652,
    25.173591559777));
#1057 = CARTESIAN_POINT('',(180.84135079405,54.149716644089,
    24.085360179855));
#1058 = CARTESIAN_POINT('',(181.83045030479,54.576802812343,
    22.923282958281));
#1059 = CARTESIAN_POINT('',(182.77979397125,54.984677612906,
    21.685599847361));
#1060 = CARTESIAN_POINT('',(184.32108111564,55.643901269137,
    19.439849919572));
#1061 = CARTESIAN_POINT('',(184.93642326406,55.906170065262,
    18.470197714987));
#1062 = CARTESIAN_POINT('',(185.52527592473,56.156324253057,
    17.461840257169));
#1063 = CARTESIAN_POINT('',(186.08457610722,56.393200415839,
    16.414874585014));
#1064 = CARTESIAN_POINT('',(186.61096787832,56.615523003258,
    15.329888762531));
#1065 = CARTESIAN_POINT('',(187.10091455774,56.821947975177,
    14.208086159051));
#1066 = CARTESIAN_POINT('',(188.21009782481,57.288291033309,
    11.356751558266));
#1067 = CARTESIAN_POINT('',(188.78408806406,57.528689623196,
    9.585639046512));
#1068 = CARTESIAN_POINT('',(189.26028361217,57.727486664367,
    7.746769806696));
#1069 = CARTESIAN_POINT('',(189.6272788825,57.880338154959,
    5.851810802759));
#1070 = CARTESIAN_POINT('',(189.87583923041,57.983744521517,
    3.915769572502));
#1071 = CARTESIAN_POINT('',(190.,58.035398230088,1.957352448006));
#1072 = CARTESIAN_POINT('',(190.,58.035398230088,4.547893948267E-14));
#1073 = PCURVE('',#746,#1074);
#1074 = DEFINITIONAL_REPRESENTATION('',(#1075),#1108);
#1075 = B_SPLINE_CURVE_WITH_KNOTS('',7,(#1076,#1077,#1078,#1079,#1080,
    #1081,#1082,#1083,#1084,#1085,#1086,#1087,#1088,#1089,#1090,#1091,
    #1092,#1093,#1094,#1095,#1096,#1097,#1098,#1099,#1100,#1101,#1102,
    #1103,#1104,#1105,#1106,#1107),.UNSPECIFIED.,.F.,.F.,(8,6,6,6,6,8),(
    0.,0.275812985601,0.50482747709,0.685121959994,0.812851640614,1.),
  .UNSPECIFIED.);
#1076 = CARTESIAN_POINT('',(6.053542864894,23.688547749466));
#1077 = CARTESIAN_POINT('',(6.056070388653,24.566229820486));
#1078 = CARTESIAN_POINT('',(6.059169188333,25.439690613339));
#1079 = CARTESIAN_POINT('',(6.062827594126,26.307868654171));
#1080 = CARTESIAN_POINT('',(6.067040087278,27.169426926327));
#1081 = CARTESIAN_POINT('',(6.071806096711,28.02276620213));
#1082 = CARTESIAN_POINT('',(6.077129990263,28.866036030447));
#1083 = CARTESIAN_POINT('',(6.087918314282,30.387180787132));
#1084 = CARTESIAN_POINT('',(6.093204417505,31.068671263772));
#1085 = CARTESIAN_POINT('',(6.098889862122,31.74045812866));
#1086 = CARTESIAN_POINT('',(6.104983948742,32.4009830148));
#1087 = CARTESIAN_POINT('',(6.111497799696,33.048277985319));
#1088 = CARTESIAN_POINT('',(6.118444559379,33.679984268889));
#1089 = CARTESIAN_POINT('',(6.131666934328,34.776143763492));
#1090 = CARTESIAN_POINT('',(6.137769255487,35.247449076098));
#1091 = CARTESIAN_POINT('',(6.144158670501,35.705890134652));
#1092 = CARTESIAN_POINT('',(6.150843338381,36.149716644089));
#1093 = CARTESIAN_POINT('',(6.157830193763,36.576802812343));
#1094 = CARTESIAN_POINT('',(6.165124949209,36.984677612906));
#1095 = CARTESIAN_POINT('',(6.178121989715,37.643901269137));
#1096 = CARTESIAN_POINT('',(6.183667600605,37.906170065261));
#1097 = CARTESIAN_POINT('',(6.189370346246,38.156324253057));
#1098 = CARTESIAN_POINT('',(6.195229571292,38.393200415839));
#1099 = CARTESIAN_POINT('',(6.201242733503,38.615523003258));
#1100 = CARTESIAN_POINT('',(6.207404979305,38.821947975177));
#1101 = CARTESIAN_POINT('',(6.222944274434,39.288291033309));
#1102 = CARTESIAN_POINT('',(6.232492185611,39.528689623197));
#1103 = CARTESIAN_POINT('',(6.24231391352,39.727486664366));
#1104 = CARTESIAN_POINT('',(6.252361595472,39.88033815496));
#1105 = CARTESIAN_POINT('',(6.262575994663,39.983744521517));
#1106 = CARTESIAN_POINT('',(6.27288345219,40.035398230088));
#1107 = CARTESIAN_POINT('',(6.28318530718,40.035398230088));
#1108 = ( GEOMETRIC_REPRESENTATION_CONTEXT(2) 
PARAMETRIC_REPRESENTATION_CONTEXT() REPRESENTATION_CONTEXT('2D SPACE',''
  ) );
#1109 = PCURVE('',#985,#1110);
#1110 = DEFINITIONAL_REPRESENTATION('',(#1111),#1144);
#1111 = B_SPLINE_CURVE_WITH_KNOTS('',7,(#1112,#1113,#1114,#1115,#1116,
    #1117,#1118,#1119,#1120,#1121,#1122,#1123,#1124,#1125,#1126,#1127,
    #1128,#1129,#1130,#1131,#1132,#1133,#1134,#1135,#1136,#1137,#1138,
    #1139,#1140,#1141,#1142,#1143),.UNSPECIFIED.,.F.,.F.,(8,6,6,6,6,8),(
    0.,0.275812985601,0.50482747709,0.685121959994,0.812851640614,1.),
  .UNSPECIFIED.);
#1112 = CARTESIAN_POINT('',(0.,161.68854774946));
#1113 = CARTESIAN_POINT('',(4.877964834675E-02,162.56622982048));
#1114 = CARTESIAN_POINT('',(9.793999654119E-02,163.43969061333));
#1115 = CARTESIAN_POINT('',(0.147601030132,164.30786865417));
#1116 = CARTESIAN_POINT('',(0.197876109813,165.16942692632));
#1117 = CARTESIAN_POINT('',(0.248882058128,166.02276620213));
#1118 = CARTESIAN_POINT('',(0.300745936691,166.86603603044));
#1119 = CARTESIAN_POINT('',(0.397534585806,168.38718078713));
#1120 = CARTESIAN_POINT('',(0.442132761402,169.06867126377));
#1121 = CARTESIAN_POINT('',(0.48751642939,169.74045812866));
#1122 = CARTESIAN_POINT('',(0.533777185958,170.40098301479));
#1123 = CARTESIAN_POINT('',(0.58101001914,171.04827798532));
#1124 = CARTESIAN_POINT('',(0.629318705797,171.67998426888));
#1125 = CARTESIAN_POINT('',(0.717820179251,172.77614376349));
#1126 = CARTESIAN_POINT('',(0.757541959603,173.24744907609));
#1127 = CARTESIAN_POINT('',(0.798068339031,173.70589013465));
#1128 = CARTESIAN_POINT('',(0.839457269818,174.14971664408));
#1129 = CARTESIAN_POINT('',(0.881760956554,174.57680281234));
#1130 = CARTESIAN_POINT('',(0.925029504561,174.9846776129));
#1131 = CARTESIAN_POINT('',(1.00068996482,175.64390126913));
#1132 = CARTESIAN_POINT('',(1.032569869495,175.90617006526));
#1133 = CARTESIAN_POINT('',(1.064970334017,176.15632425305));
#1134 = CARTESIAN_POINT('',(1.097898655689,176.39320041583));
#1135 = CARTESIAN_POINT('',(1.131354777666,176.61552300325));
#1136 = CARTESIAN_POINT('',(1.16533003915,176.82194797517));
#1137 = CARTESIAN_POINT('',(1.250315497808,177.2882910333));
#1138 = CARTESIAN_POINT('',(1.301946490283,177.52868962319));
#1139 = CARTESIAN_POINT('',(1.354557080549,177.72748666436));
#1140 = CARTESIAN_POINT('',(1.407983423204,177.88033815495));
#1141 = CARTESIAN_POINT('',(1.462024966573,177.98374452151));
#1142 = CARTESIAN_POINT('',(1.516425425461,178.03539823008));
#1143 = CARTESIAN_POINT('',(1.570796326795,178.03539823008));
#1144 = ( GEOMETRIC_REPRESENTATION_CONTEXT(2) 
PARAMETRIC_REPRESENTATION_CONTEXT() REPRESENTATION_CONTEXT('2D SPACE',''
  ) );
#1145 = ORIENTED_EDGE('',*,*,#1146,.T.);
#1146 = EDGE_CURVE('',#1037,#730,#1147,.T.);
#1147 = SEAM_CURVE('',#1148,(#1152,#1159),.PCURVE_S1.);
#1148 = LINE('',#1149,#1150);
#1149 = CARTESIAN_POINT('',(112.,18.,0.));
#1150 = VECTOR('',#1151,1.);
#1151 = DIRECTION('',(0.889653469116,0.456636293882,0.));
#1152 = PCURVE('',#746,#1153);
#1153 = DEFINITIONAL_REPRESENTATION('',(#1154),#1158);
#1154 = LINE('',#1155,#1156);
#1155 = CARTESIAN_POINT('',(0.,0.));
#1156 = VECTOR('',#1157,1.);
#1157 = DIRECTION('',(0.,1.));
#1158 = ( GEOMETRIC_REPRESENTATION_CONTEXT(2) 
PARAMETRIC_REPRESENTATION_CONTEXT() REPRESENTATION_CONTEXT('2D SPACE',''
  ) );
#1159 = PCURVE('',#746,#1160);
#1160 = DEFINITIONAL_REPRESENTATION('',(#1161),#1165);
#1161 = LINE('',#1162,#1163);
#1162 = CARTESIAN_POINT('',(6.28318530718,0.));
#1163 = VECTOR('',#1164,1.);
#1164 = DIRECTION('',(0.,1.));
#1165 = ( GEOMETRIC_REPRESENTATION_CONTEXT(2) 
PARAMETRIC_REPRESENTATION_CONTEXT() REPRESENTATION_CONTEXT('2D SPACE',''
  ) );
#1166 = ORIENTED_EDGE('',*,*,#729,.T.);
#1167 = ORIENTED_EDGE('',*,*,#1146,.F.);
#1168 = ORIENTED_EDGE('',*,*,#1169,.T.);
#1169 = EDGE_CURVE('',#1037,#869,#1170,.T.);
#1170 = SURFACE_CURVE('',#1171,(#1258,#1348),.PCURVE_S1.);
#1171 = B_SPLINE_CURVE_WITH_KNOTS('',8,(#1172,#1173,#1174,#1175,#1176,
    #1177,#1178,#1179,#1180,#1181,#1182,#1183,#1184,#1185,#1186,#1187,
    #1188,#1189,#1190,#1191,#1192,#1193,#1194,#1195,#1196,#1197,#1198,
    #1199,#1200,#1201,#1202,#1203,#1204,#1205,#1206,#1207,#1208,#1209,
    #1210,#1211,#1212,#1213,#1214,#1215,#1216,#1217,#1218,#1219,#1220,
    #1221,#1222,#1223,#1224,#1225,#1226,#1227,#1228,#1229,#1230,#1231,
    #1232,#1233,#1234,#1235,#1236,#1237,#1238,#1239,#1240,#1241,#1242,
    #1243,#1244,#1245,#1246,#1247,#1248,#1249,#1250,#1251,#1252,#1253,
    #1254,#1255,#1256,#1257),.UNSPECIFIED.,.F.,.F.,(9,7,7,7,7,7,7,7,7,7,
    7,7,9),(0.,9.068953423371E-02,0.152871664669,0.243264147579,
    0.323030862047,0.389236053281,0.569135518513,0.738007161068,
    0.786983014552,0.840621728743,0.896911949197,0.941326815897,1.),
  .UNSPECIFIED.);
#1172 = CARTESIAN_POINT('',(190.,58.035398230088,4.263256414561E-14));
#1173 = CARTESIAN_POINT('',(190.,58.035398230088,-1.739467611511));
#1174 = CARTESIAN_POINT('',(189.90394401907,57.995436749776,
    -3.479770164564));
#1175 = CARTESIAN_POINT('',(189.7116737862,57.915448228923,
    -5.205529653435));
#1176 = CARTESIAN_POINT('',(189.42633965437,57.79665076988,
    -6.903912764364));
#1177 = CARTESIAN_POINT('',(189.05320119419,57.641049724753,
    -8.564202159013));
#1178 = CARTESIAN_POINT('',(188.59893495303,57.451180504823,
    -10.17755684402));
#1179 = CARTESIAN_POINT('',(188.07120179116,57.229967923878,
    -11.73686965232));
#1180 = CARTESIAN_POINT('',(187.07164692995,56.80958379578,
    -14.2649545273));
#1181 = CARTESIAN_POINT('',(186.63415407689,56.625240436597,
    -15.26589169055));
#1182 = CARTESIAN_POINT('',(186.16810933099,56.428447929853,
    -16.23818487731));
#1183 = CARTESIAN_POINT('',(185.67585291655,56.220095706727,
    -17.1809875446));
#1184 = CARTESIAN_POINT('',(185.15964266719,56.001041755982,
    -18.09379778583));
#1185 = CARTESIAN_POINT('',(184.62160418941,55.772093693188,
    -18.97640320603));
#1186 = CARTESIAN_POINT('',(184.06369212076,55.533993152387,
    -19.82883596712));
#1187 = CARTESIAN_POINT('',(182.65030376106,54.928942785432,
    -21.84698698964));
#1188 = CARTESIAN_POINT('',(181.77485645234,54.552627458048,
    -22.97910608598));
#1189 = CARTESIAN_POINT('',(180.86659196526,54.160443919934,
    -24.04869936959));
#1190 = CARTESIAN_POINT('',(179.93024728083,53.754179282576,
    -25.05705390154));
#1191 = CARTESIAN_POINT('',(178.97001141481,53.335417995506,
    -26.00571179343));
#1192 = CARTESIAN_POINT('',(177.98950791105,52.905532505796,
    -26.89642333283));
#1193 = CARTESIAN_POINT('',(176.99177336561,52.465667948588,
    -27.7310811671));
#1194 = CARTESIAN_POINT('',(175.08571631684,51.620548173985,
    -29.20043461678));
#1195 = CARTESIAN_POINT('',(174.1808297696,51.217373479583,
    -29.84698030261));
#1196 = CARTESIAN_POINT('',(173.26633474927,50.807856952183,
    -30.45257027208));
#1197 = CARTESIAN_POINT('',(172.34381432352,50.392594530184,
    -31.01842128437));
#1198 = CARTESIAN_POINT('',(171.41468017336,49.972120085022,
    -31.54569139917));
#1199 = CARTESIAN_POINT('',(170.48017811615,49.546906059848,
    -32.03549106048));
#1200 = CARTESIAN_POINT('',(169.54139119659,49.11736258554,
    -32.48888305415));
#1201 = CARTESIAN_POINT('',(167.817269098,48.32401366239,-33.25379542286
    ));
#1202 = CARTESIAN_POINT('',(167.03301592006,47.961464033501,
    -33.57631524972));
#1203 = CARTESIAN_POINT('',(166.2470272291,47.596393084803,
    -33.87500048066));
#1204 = CARTESIAN_POINT('',(165.45980727647,47.228993240954,
    -34.15038233857));
#1205 = CARTESIAN_POINT('',(164.6718194753,46.859442655802,
    -34.40295905061));
#1206 = CARTESIAN_POINT('',(163.88348748847,46.487905255922,
    -34.63319919989));
#1207 = CARTESIAN_POINT('',(163.09519607738,46.114530625724,
    -34.84154298634));
#1208 = CARTESIAN_POINT('',(160.16631799807,44.72025673526,
    -35.53615203561));
#1209 = CARTESIAN_POINT('',(158.02876874337,43.688760438485,
    -35.88512649078));
#1210 = CARTESIAN_POINT('',(155.9010130102,42.647408462002,
    -36.0838562848));
#1211 = CARTESIAN_POINT('',(153.78867997555,41.598469280783,
    -36.13872329153));
#1212 = CARTESIAN_POINT('',(151.69669383493,40.544041810082,
    -36.0548446675));
#1213 = CARTESIAN_POINT('',(149.62930301321,39.486053523592,
    -35.8360605265));
#1214 = CARTESIAN_POINT('',(147.5901176968,38.426258320745,
    -35.48490574482));
#1215 = CARTESIAN_POINT('',(143.6972742869,36.371190522422,
    -34.54869162297));
#1216 = CARTESIAN_POINT('',(141.84092178174,35.376481328794,
    -33.97953383507));
#1217 = CARTESIAN_POINT('',(140.01526956394,34.383272649298,
    -33.29519529936));
#1218 = CARTESIAN_POINT('',(138.22308779535,33.393141378233,
    -32.494993865));
#1219 = CARTESIAN_POINT('',(136.46764640688,32.408075770139,
    -31.57711783288));
#1220 = CARTESIAN_POINT('',(134.75273366073,31.430544723808,
    -30.53820249978));
#1221 = CARTESIAN_POINT('',(133.08262780422,30.463536325112,
    -29.37312478322));
#1222 = CARTESIAN_POINT('',(130.99256385993,29.234554218226,
    -27.69514363175));
#1223 = CARTESIAN_POINT('',(130.52692332841,28.959487657392,
    -27.30652791058));
#1224 = CARTESIAN_POINT('',(130.06566281193,28.685751823131,
    -26.90631906878));
#1225 = CARTESIAN_POINT('',(129.608938518,28.413460734724,
    -26.49428155503));
#1226 = CARTESIAN_POINT('',(129.15692452042,28.142741846804,
    -26.07015866636));
#1227 = CARTESIAN_POINT('',(128.70981323166,27.873736808548,
    -25.63366874671));
#1228 = CARTESIAN_POINT('',(128.26781636445,27.606602534885,
    -25.18449952645));
#1229 = CARTESIAN_POINT('',(127.3529441174,27.051184136141,
    -24.2160969494));
#1230 = CARTESIAN_POINT('',(126.88115639075,26.763320599749,
    -23.69428653201));
#1231 = CARTESIAN_POINT('',(126.416094099,26.47814141278,-23.15639760991
    ));
#1232 = CARTESIAN_POINT('',(125.95810642227,26.195906998512,
    -22.6019279487));
#1233 = CARTESIAN_POINT('',(125.50760000917,25.916919796694,
    -22.03034196273));
#1234 = CARTESIAN_POINT('',(125.06504052108,25.641526709776,
    -21.44106140784));
#1235 = CARTESIAN_POINT('',(124.63095653605,25.370122969954,
    -20.83344962439));
#1236 = CARTESIAN_POINT('',(123.7599256622,24.822995057486,
    -19.54915152883));
#1237 = CARTESIAN_POINT('',(123.32396497853,24.547762586486,
    -18.87063371443));
#1238 = CARTESIAN_POINT('',(122.89870645949,24.277949318152,
    -18.17035476466));
#1239 = CARTESIAN_POINT('',(122.48497064676,24.014167573439,
    -17.44745087576));
#1240 = CARTESIAN_POINT('',(122.08374810411,23.757152376041,
    -16.70108052727));
#1241 = CARTESIAN_POINT('',(121.69619719161,23.507763378727,
    -15.93042144701));
#1242 = CARTESIAN_POINT('',(121.32364743532,23.266989030079,
    -15.13465957652));
#1243 = CARTESIAN_POINT('',(120.6866818577,22.853657811873,
    -13.66462950712));
#1244 = CARTESIAN_POINT('',(120.41608049699,22.677455327299,
    -13.00025369128));
#1245 = CARTESIAN_POINT('',(120.15654582207,22.507897749552,
    -12.31945642295));
#1246 = CARTESIAN_POINT('',(119.90894490603,22.345625660199,
    -11.6219868689));
#1247 = CARTESIAN_POINT('',(119.67425714921,22.191360760274,
    -10.90774535082));
#1248 = CARTESIAN_POINT('',(119.45355432752,22.045892545644,
    -10.17680986669));
#1249 = CARTESIAN_POINT('',(119.24797402339,21.910058898213,
    -9.429473311954));
#1250 = CARTESIAN_POINT('',(118.80863265975,21.61914546004,
    -7.658108418085));
#1251 = CARTESIAN_POINT('',(118.58684396593,21.471774887518,
    -6.621599898139));
#1252 = CARTESIAN_POINT('',(118.3963413658,21.344806274342,
    -5.559027287657));
#1253 = CARTESIAN_POINT('',(118.24005618164,21.24038445691,
    -4.473497587024));
#1254 = CARTESIAN_POINT('',(118.12063416144,21.160454906597,
    -3.369063207667));
#1255 = CARTESIAN_POINT('',(118.04019430725,21.106570803916,
    -2.250849346947));
#1256 = CARTESIAN_POINT('',(118.,21.079646017699,-1.12522078399));
#1257 = CARTESIAN_POINT('',(118.,21.079646017699,0.));
#1258 = PCURVE('',#746,#1259);
#1259 = DEFINITIONAL_REPRESENTATION('',(#1260),#1347);
#1260 = B_SPLINE_CURVE_WITH_KNOTS('',8,(#1261,#1262,#1263,#1264,#1265,
    #1266,#1267,#1268,#1269,#1270,#1271,#1272,#1273,#1274,#1275,#1276,
    #1277,#1278,#1279,#1280,#1281,#1282,#1283,#1284,#1285,#1286,#1287,
    #1288,#1289,#1290,#1291,#1292,#1293,#1294,#1295,#1296,#1297,#1298,
    #1299,#1300,#1301,#1302,#1303,#1304,#1305,#1306,#1307,#1308,#1309,
    #1310,#1311,#1312,#1313,#1314,#1315,#1316,#1317,#1318,#1319,#1320,
    #1321,#1322,#1323,#1324,#1325,#1326,#1327,#1328,#1329,#1330,#1331,
    #1332,#1333,#1334,#1335,#1336,#1337,#1338,#1339,#1340,#1341,#1342,
    #1343,#1344,#1345,#1346),.UNSPECIFIED.,.F.,.F.,(9,7,7,7,7,7,7,7,7,7,
    7,7,9),(0.,9.068953423371E-02,0.152871664669,0.243264147579,
    0.323030862047,0.389236053281,0.569135518513,0.738007161068,
    0.786983014552,0.840621728743,0.896911949197,0.941326815897,1.),
  .UNSPECIFIED.);
#1261 = CARTESIAN_POINT('',(0.,40.035398230088));
#1262 = CARTESIAN_POINT('',(9.155092692161E-03,40.035398230088));
#1263 = CARTESIAN_POINT('',(1.831457893479E-02,39.995436749773));
#1264 = CARTESIAN_POINT('',(2.741370239075E-02,39.915448228929));
#1265 = CARTESIAN_POINT('',(3.640114439902E-02,39.796650769881));
#1266 = CARTESIAN_POINT('',(4.523468635318E-02,39.641049724747));
#1267 = CARTESIAN_POINT('',(5.387896182713E-02,39.451180504827));
#1268 = CARTESIAN_POINT('',(6.230441619999E-02,39.229967923878));
#1269 = CARTESIAN_POINT('',(7.60967768534E-02,38.80958379578));
#1270 = CARTESIAN_POINT('',(8.159591707119E-02,38.625240436598));
#1271 = CARTESIAN_POINT('',(8.697904745201E-02,38.428447929853));
#1272 = CARTESIAN_POINT('',(9.224277014162E-02,38.220095706726));
#1273 = CARTESIAN_POINT('',(9.738498469424E-02,38.001041755982));
#1274 = CARTESIAN_POINT('',(0.102404686178,37.772093693189));
#1275 = CARTESIAN_POINT('',(0.107301830858,37.533993152387));
#1276 = CARTESIAN_POINT('',(0.119019195509,36.928942785432));
#1277 = CARTESIAN_POINT('',(0.12570230202,36.552627458048));
#1278 = CARTESIAN_POINT('',(0.132130626204,36.160443919934));
#1279 = CARTESIAN_POINT('',(0.13830849739,35.754179282576));
#1280 = CARTESIAN_POINT('',(0.144240765736,35.335417995506));
#1281 = CARTESIAN_POINT('',(0.149932897726,34.905532505796));
#1282 = CARTESIAN_POINT('',(0.15539093846,34.465667948588));
#1283 = CARTESIAN_POINT('',(0.16523690158,33.620548173985));
#1284 = CARTESIAN_POINT('',(0.16967437691,33.217373479583));
#1285 = CARTESIAN_POINT('',(0.173937849759,32.807856952183));
#1286 = CARTESIAN_POINT('',(0.17803081002,32.392594530185));
#1287 = CARTESIAN_POINT('',(0.181956335536,31.972120085023));
#1288 = CARTESIAN_POINT('',(0.185717205248,31.546906059847));
#1289 = CARTESIAN_POINT('',(0.189315944356,31.11736258554));
#1290 = CARTESIAN_POINT('',(0.195609002046,30.32401366239));
#1291 = CARTESIAN_POINT('',(0.198352935629,29.961464033501));
#1292 = CARTESIAN_POINT('',(0.200987836555,29.596393084803));
#1293 = CARTESIAN_POINT('',(0.203514704953,29.228993240954));
#1294 = CARTESIAN_POINT('',(0.205934343098,28.859442655802));
#1295 = CARTESIAN_POINT('',(0.208247378876,28.487905255922));
#1296 = CARTESIAN_POINT('',(0.210454276425,28.114530625724));
#1297 = CARTESIAN_POINT('',(0.218264540711,26.72025673526));
#1298 = CARTESIAN_POINT('',(0.223190744115,25.688760438487));
#1299 = CARTESIAN_POINT('',(0.227342204426,24.647408461999));
#1300 = CARTESIAN_POINT('',(0.230713422545,23.598469280786));
#1301 = CARTESIAN_POINT('',(0.233289740422,22.544041810081));
#1302 = CARTESIAN_POINT('',(0.235046909317,21.486053523592));
#1303 = CARTESIAN_POINT('',(0.235950341104,20.426258320745));
#1304 = CARTESIAN_POINT('',(0.235948611748,18.371190522422));
#1305 = CARTESIAN_POINT('',(0.235150917197,17.376481328791));
#1306 = CARTESIAN_POINT('',(0.233516069274,16.383272649306));
#1307 = CARTESIAN_POINT('',(0.230990702003,15.393141378222));
#1308 = CARTESIAN_POINT('',(0.227508844504,14.408075770147));
#1309 = CARTESIAN_POINT('',(0.222987638913,13.430544723806));
#1310 = CARTESIAN_POINT('',(0.217325415481,12.463536325112));
#1311 = CARTESIAN_POINT('',(0.208365008805,11.234554218226));
#1312 = CARTESIAN_POINT('',(0.206242761864,10.959487657392));
#1313 = CARTESIAN_POINT('',(0.204009336912,10.685751823131));
#1314 = CARTESIAN_POINT('',(0.201661130454,10.413460734724));
#1315 = CARTESIAN_POINT('',(0.199194305525,10.142741846804));
#1316 = CARTESIAN_POINT('',(0.196604763724,9.873736808548));
#1317 = CARTESIAN_POINT('',(0.193888103426,9.606602534885));
#1318 = CARTESIAN_POINT('',(0.187919823061,9.051184136141));
#1319 = CARTESIAN_POINT('',(0.184642031795,8.763320599749));
#1320 = CARTESIAN_POINT('',(0.181199876207,8.47814141278));
#1321 = CARTESIAN_POINT('',(0.177586664347,8.195906998512));
#1322 = CARTESIAN_POINT('',(0.173795323994,7.916919796694));
#1323 = CARTESIAN_POINT('',(0.169818357051,7.641526709776));
#1324 = CARTESIAN_POINT('',(0.16564775081,7.370122969954));
#1325 = CARTESIAN_POINT('',(0.156685776897,6.822995057486));
#1326 = CARTESIAN_POINT('',(0.151874600265,6.547762586486));
#1327 = CARTESIAN_POINT('',(0.146830984027,6.277949318152));
#1328 = CARTESIAN_POINT('',(0.141544577646,6.014167573439));
#1329 = CARTESIAN_POINT('',(0.136005193779,5.757152376041));
#1330 = CARTESIAN_POINT('',(0.130202973971,5.507763378727));
#1331 = CARTESIAN_POINT('',(0.124128538491,5.266989030079));
#1332 = CARTESIAN_POINT('',(0.112758482793,4.853657811873));
#1333 = CARTESIAN_POINT('',(0.107569736662,4.677455327299));
#1334 = CARTESIAN_POINT('',(0.10220275462,4.507897749552));
#1335 = CARTESIAN_POINT('',(9.66547246014E-02,4.345625660199));
#1336 = CARTESIAN_POINT('',(9.0924464621E-02,4.191360760274));
#1337 = CARTESIAN_POINT('',(8.501282272397E-02,4.045892545644));
#1338 = CARTESIAN_POINT('',(7.892316205207E-02,3.910058898213));
#1339 = CARTESIAN_POINT('',(6.43906833784E-02,3.61914546004));
#1340 = CARTESIAN_POINT('',(5.581449743084E-02,3.471774887518));
#1341 = CARTESIAN_POINT('',(4.695610707437E-02,3.344806274342));
#1342 = CARTESIAN_POINT('',(3.784840085735E-02,3.24038445691));
#1343 = CARTESIAN_POINT('',(2.853575201128E-02,3.160454906597));
#1344 = CARTESIAN_POINT('',(1.907499327057E-02,3.106570803916));
#1345 = CARTESIAN_POINT('',(9.535769355846E-03,3.079646017699));
#1346 = CARTESIAN_POINT('',(0.,3.079646017699));
#1347 = ( GEOMETRIC_REPRESENTATION_CONTEXT(2) 
PARAMETRIC_REPRESENTATION_CONTEXT() REPRESENTATION_CONTEXT('2D SPACE',''
  ) );
#1348 = PCURVE('',#985,#1349);
#1349 = DEFINITIONAL_REPRESENTATION('',(#1350),#1437);
#1350 = B_SPLINE_CURVE_WITH_KNOTS('',8,(#1351,#1352,#1353,#1354,#1355,
    #1356,#1357,#1358,#1359,#1360,#1361,#1362,#1363,#1364,#1365,#1366,
    #1367,#1368,#1369,#1370,#1371,#1372,#1373,#1374,#1375,#1376,#1377,
    #1378,#1379,#1380,#1381,#1382,#1383,#1384,#1385,#1386,#1387,#1388,
    #1389,#1390,#1391,#1392,#1393,#1394,#1395,#1396,#1397,#1398,#1399,
    #1400,#1401,#1402,#1403,#1404,#1405,#1406,#1407,#1408,#1409,#1410,
    #1411,#1412,#1413,#1414,#1415,#1416,#1417,#1418,#1419,#1420,#1421,
    #1422,#1423,#1424,#1425,#1426,#1427,#1428,#1429,#1430,#1431,#1432,
    #1433,#1434,#1435,#1436),.UNSPECIFIED.,.F.,.F.,(9,7,7,7,7,7,7,7,7,7,
    7,7,9),(0.,9.068953423371E-02,0.152871664669,0.243264147579,
    0.323030862047,0.389236053281,0.569135518513,0.738007161068,
    0.786983014552,0.840621728743,0.896911949197,0.941326815897,1.),
  .UNSPECIFIED.);
#1351 = CARTESIAN_POINT('',(1.570796326795,178.03539823008));
#1352 = CARTESIAN_POINT('',(1.619114871559,178.03539823008));
#1353 = CARTESIAN_POINT('',(1.667456594822,177.99543674977));
#1354 = CARTESIAN_POINT('',(1.715566318364,177.91544822892));
#1355 = CARTESIAN_POINT('',(1.763259899031,177.79665076988));
#1356 = CARTESIAN_POINT('',(1.810392984596,177.64104972475));
#1357 = CARTESIAN_POINT('',(1.856845652263,177.45118050482));
#1358 = CARTESIAN_POINT('',(1.90251575968,177.22996792387));
#1359 = CARTESIAN_POINT('',(1.978030061406,176.80958379578));
#1360 = CARTESIAN_POINT('',(2.008354540497,176.62524043659));
#1361 = CARTESIAN_POINT('',(2.038274883146,176.42844792985));
#1362 = CARTESIAN_POINT('',(2.067784702665,176.22009570672));
#1363 = CARTESIAN_POINT('',(2.096882464471,176.00104175598));
#1364 = CARTESIAN_POINT('',(2.125570784481,175.77209369318));
#1365 = CARTESIAN_POINT('',(2.153856179557,175.53399315238));
#1366 = CARTESIAN_POINT('',(2.222296701884,174.92894278543));
#1367 = CARTESIAN_POINT('',(2.262005589703,174.55262745804));
#1368 = CARTESIAN_POINT('',(2.300916309961,174.16044391993));
#1369 = CARTESIAN_POINT('',(2.339066701458,173.75417928257));
#1370 = CARTESIAN_POINT('',(2.376494496625,173.3354179955));
#1371 = CARTESIAN_POINT('',(2.413239346293,172.90553250579));
#1372 = CARTESIAN_POINT('',(2.449344437868,172.46566794858));
#1373 = CARTESIAN_POINT('',(2.516196339286,171.62054817398));
#1374 = CARTESIAN_POINT('',(2.547068545697,171.21737347958));
#1375 = CARTESIAN_POINT('',(2.577504437241,170.80785695218));
#1376 = CARTESIAN_POINT('',(2.607530902132,170.39259453018));
#1377 = CARTESIAN_POINT('',(2.637172844347,169.97212008502));
#1378 = CARTESIAN_POINT('',(2.666454150314,169.54690605984));
#1379 = CARTESIAN_POINT('',(2.695398383649,169.11736258554));
#1380 = CARTESIAN_POINT('',(2.747792367897,168.32401366239));
#1381 = CARTESIAN_POINT('',(2.771338559136,167.9614640335));
#1382 = CARTESIAN_POINT('',(2.794680768831,167.5963930848));
#1383 = CARTESIAN_POINT('',(2.817831063215,167.22899324095));
#1384 = CARTESIAN_POINT('',(2.84080085546,166.8594426558));
#1385 = CARTESIAN_POINT('',(2.86360112824,166.48790525592));
#1386 = CARTESIAN_POINT('',(2.886242610966,166.11453062572));
#1387 = CARTESIAN_POINT('',(2.969856991369,164.72025673526));
#1388 = CARTESIAN_POINT('',(3.029867774622,163.68876043848));
#1389 = CARTESIAN_POINT('',(3.088998686017,162.64740846201));
#1390 = CARTESIAN_POINT('',(3.147433571278,161.59846928075));
#1391 = CARTESIAN_POINT('',(3.205340816493,160.5440418101));
#1392 = CARTESIAN_POINT('',(3.262885017373,159.48605352358));
#1393 = CARTESIAN_POINT('',(3.320239598482,158.42625832074));
#1394 = CARTESIAN_POINT('',(3.431457348337,156.37119052242));
#1395 = CARTESIAN_POINT('',(3.48529002773,155.37648132879));
#1396 = CARTESIAN_POINT('',(3.539279530885,154.3832726493));
#1397 = CARTESIAN_POINT('',(3.593593275097,153.39314137822));
#1398 = CARTESIAN_POINT('',(3.648404107806,152.40807577014));
#1399 = CARTESIAN_POINT('',(3.703910158886,151.4305447238));
#1400 = CARTESIAN_POINT('',(3.760346786652,150.46353632511));
#1401 = CARTESIAN_POINT('',(3.834799460512,149.23455421822));
#1402 = CARTESIAN_POINT('',(3.85164366382,148.95948765739));
#1403 = CARTESIAN_POINT('',(3.86860174233,148.68575182313));
#1404 = CARTESIAN_POINT('',(3.885681937888,148.41346073472));
#1405 = CARTESIAN_POINT('',(3.902892923731,148.1427418468));
#1406 = CARTESIAN_POINT('',(3.920243951031,147.87373680854));
#1407 = CARTESIAN_POINT('',(3.937745042484,147.60660253488));
#1408 = CARTESIAN_POINT('',(3.974750993578,147.05118413614));
#1409 = CARTESIAN_POINT('',(3.994287143578,146.76332059974));
#1410 = CARTESIAN_POINT('',(4.014030680374,146.47814141278));
#1411 = CARTESIAN_POINT('',(4.033997048231,146.19590699851));
#1412 = CARTESIAN_POINT('',(4.054202378589,145.91691979669));
#1413 = CARTESIAN_POINT('',(4.074663900987,145.64152670977));
#1414 = CARTESIAN_POINT('',(4.095400524549,145.37012296995));
#1415 = CARTESIAN_POINT('',(4.138506376725,144.82299505748));
#1416 = CARTESIAN_POINT('',(4.160902338655,144.54776258648));
#1417 = CARTESIAN_POINT('',(4.183648083279,144.27794931815));
#1418 = CARTESIAN_POINT('',(4.206769101867,144.01416757343));
#1419 = CARTESIAN_POINT('',(4.230290223408,143.75715237604));
#1420 = CARTESIAN_POINT('',(4.254236291184,143.50776337872));
#1421 = CARTESIAN_POINT('',(4.27863306206,143.26698903007));
#1422 = CARTESIAN_POINT('',(4.323135745708,142.85365781187));
#1423 = CARTESIAN_POINT('',(4.343057834702,142.67745532729));
#1424 = CARTESIAN_POINT('',(4.363287785078,142.50789774955));
#1425 = CARTESIAN_POINT('',(4.383835368113,142.34562566019));
#1426 = CARTESIAN_POINT('',(4.404706986335,142.19136076027));
#1427 = CARTESIAN_POINT('',(4.425905371942,142.04589254564));
#1428 = CARTESIAN_POINT('',(4.447428934076,141.91005889821));
#1429 = CARTESIAN_POINT('',(4.49812436345,141.61914546004));
#1430 = CARTESIAN_POINT('',(4.527552647492,141.47177488751));
#1431 = CARTESIAN_POINT('',(4.557511032064,141.34480627434));
#1432 = CARTESIAN_POINT('',(4.587938897365,141.24038445691));
#1433 = CARTESIAN_POINT('',(4.618757358398,141.16045490659));
#1434 = CARTESIAN_POINT('',(4.649865388316,141.10657080391));
#1435 = CARTESIAN_POINT('',(4.681132847496,141.07964601769));
#1436 = CARTESIAN_POINT('',(4.712388980385,141.07964601769));
#1437 = ( GEOMETRIC_REPRESENTATION_CONTEXT(2) 
PARAMETRIC_REPRESENTATION_CONTEXT() REPRESENTATION_CONTEXT('2D SPACE',''
  ) );
#1438 = ORIENTED_EDGE('',*,*,#868,.F.);
#1439 = FACE_BOUND('',#1440,.T.);
#1440 = EDGE_LOOP('',(#1441));
#1441 = ORIENTED_EDGE('',*,*,#1442,.T.);
#1442 = EDGE_CURVE('',#1443,#1443,#1445,.T.);
#1443 = VERTEX_POINT('',#1444);
#1444 = CARTESIAN_POINT('',(47.588617133742,22.248646115995,
    -110.4627035094));
#1445 = SURFACE_CURVE('',#1446,(#1617,#1791),.PCURVE_S1.);
#1446 = B_SPLINE_CURVE_WITH_KNOTS('',8,(#1447,#1448,#1449,#1450,#1451,
    #1452,#1453,#1454,#1455,#1456,#1457,#1458,#1459,#1460,#1461,#1462,
    #1463,#1464,#1465,#1466,#1467,#1468,#1469,#1470,#1471,#1472,#1473,
    #1474,#1475,#1476,#1477,#1478,#1479,#1480,#1481,#1482,#1483,#1484,
    #1485,#1486,#1487,#1488,#1489,#1490,#1491,#1492,#1493,#1494,#1495,
    #1496,#1497,#1498,#1499,#1500,#1501,#1502,#1503,#1504,#1505,#1506,
    #1507,#1508,#1509,#1510,#1511,#1512,#1513,#1514,#1515,#1516,#1517,
    #1518,#1519,#1520,#1521,#1522,#1523,#1524,#1525,#1526,#1527,#1528,
    #1529,#1530,#1531,#1532,#1533,#1534,#1535,#1536,#1537,#1538,#1539,
    #1540,#1541,#1542,#1543,#1544,#1545,#1546,#1547,#1548,#1549,#1550,
    #1551,#1552,#1553,#1554,#1555,#1556,#1557,#1558,#1559,#1560,#1561,
    #1562,#1563,#1564,#1565,#1566,#1567,#1568,#1569,#1570,#1571,#1572,
    #1573,#1574,#1575,#1576,#1577,#1578,#1579,#1580,#1581,#1582,#1583,
    #1584,#1585,#1586,#1587,#1588,#1589,#1590,#1591,#1592,#1593,#1594,
    #1595,#1596,#1597,#1598,#1599,#1600,#1601,#1602,#1603,#1604,#1605,
    #1606,#1607,#1608,#1609,#1610,#1611,#1612,#1613,#1614,#1615,#1616),
  .UNSPECIFIED.,.T.,.F.,(9,7,7,7,7,7,7,7,7,7,7,7,7,7,7,7,7,7,7,7,7,7,7,7
    ,9),(0.,3.161108459514E-02,5.915577699069E-02,8.454830506957E-02,
    0.129363654029,0.176697952875,0.266366685778,0.299767639569,
    0.339788551776,0.384984880147,0.415976115141,0.461235885948,
    0.506865807832,0.537857476036,0.583054436181,0.623075907819,
    0.656477328504,0.746147314839,0.830285184433,0.855054627961,
    0.881863390604,0.909883103296,0.93189010698,0.961242684486,1.),
  .UNSPECIFIED.);
#1447 = CARTESIAN_POINT('',(47.588617133742,22.248646115995,
    -110.4627035094));
#1448 = CARTESIAN_POINT('',(48.660093106438,22.466241938761,
    -110.4627035094));
#1449 = CARTESIAN_POINT('',(49.707494380978,22.700851973964,
    -110.4991500734));
#1450 = CARTESIAN_POINT('',(50.730304028245,22.95033900399,
    -110.5691761708));
#1451 = CARTESIAN_POINT('',(51.728362732193,23.212786919657,
    -110.6701154212));
#1452 = CARTESIAN_POINT('',(52.701832547384,23.486518785351,
    -110.7995323844));
#1453 = CARTESIAN_POINT('',(53.651167986053,23.770110357442,
    -110.9552530139));
#1454 = CARTESIAN_POINT('',(54.577094434707,24.062399056006,
    -111.1353952736));
#1455 = CARTESIAN_POINT('',(56.267868844377,24.623974779726,
    -111.5152904173));
#1456 = CARTESIAN_POINT('',(57.037945115867,24.891327381939,
    -111.7095013308));
#1457 = CARTESIAN_POINT('',(57.791380684757,25.1639149296,
    -111.9199658097));
#1458 = CARTESIAN_POINT('',(58.528678957797,25.441185176501,
    -112.1457430702));
#1459 = CARTESIAN_POINT('',(59.250313421155,25.722657233699,
    -112.3860004681));
#1460 = CARTESIAN_POINT('',(59.956744909223,26.007916097872,
    -112.6400019736));
#1461 = CARTESIAN_POINT('',(60.648431499529,26.296609371412,
    -112.9071030476));
#1462 = CARTESIAN_POINT('',(61.950302944585,26.857480734716,
    -113.4445508337));
#1463 = CARTESIAN_POINT('',(62.562593654037,27.129169643232,
    -113.7129968287));
#1464 = CARTESIAN_POINT('',(63.163040961197,27.40327403612,
    -113.9916451334));
#1465 = CARTESIAN_POINT('',(63.751943610977,27.679580018666,
    -114.2800968003));
#1466 = CARTESIAN_POINT('',(64.329571270233,27.95789641609,
    -114.577992871));
#1467 = CARTESIAN_POINT('',(64.896171968014,28.238053063452,
    -114.8850102666));
#1468 = CARTESIAN_POINT('',(65.451976999965,28.519899634516,
    -115.2008594017));
#1469 = CARTESIAN_POINT('',(66.959474823421,29.303488005939,
    -116.097860625));
#1470 = CARTESIAN_POINT('',(67.888728261853,29.808491749107,
    -116.6971079451));
#1471 = CARTESIAN_POINT('',(68.786178009646,30.31760106952,
    -117.3216151211));
#1472 = CARTESIAN_POINT('',(69.652738006633,30.830201372914,
    -117.9701915174));
#1473 = CARTESIAN_POINT('',(70.489127363251,31.345762009567,
    -118.6418128364));
#1474 = CARTESIAN_POINT('',(71.295923486235,31.863827409653,
    -119.3355971009));
#1475 = CARTESIAN_POINT('',(72.073586232935,32.38401240726,
    -120.0507967861));
#1476 = CARTESIAN_POINT('',(73.613460127003,33.457323356096,
    -121.5641593911));
#1477 = CARTESIAN_POINT('',(74.372290294109,34.010618527644,
    -122.3646710489));
#1478 = CARTESIAN_POINT('',(75.099369674994,34.565487334999,
    -123.1875669874));
#1479 = CARTESIAN_POINT('',(75.794913863487,35.121565846105,
    -124.0321713407));
#1480 = CARTESIAN_POINT('',(76.458991552289,35.678518708162,
    -124.8978778766));
#1481 = CARTESIAN_POINT('',(77.091551017874,36.23603642827,
    -125.7841399092));
#1482 = CARTESIAN_POINT('',(77.692433037058,36.793833778675,
    -126.6904664944));
#1483 = CARTESIAN_POINT('',(79.339148482797,38.408359040203,
    -129.3705338626));
#1484 = CARTESIAN_POINT('',(80.30201348953,39.464864100414,
    -131.1946461276));
#1485 = CARTESIAN_POINT('',(81.148470437303,40.519596974747,
    -133.0861034456));
#1486 = CARTESIAN_POINT('',(81.875043427982,41.570819345307,
    -135.0422763966));
#1487 = CARTESIAN_POINT('',(82.476835703859,42.616623595968,
    -137.0603388831));
#1488 = CARTESIAN_POINT('',(82.947546434854,43.654934860191,
    -139.1372242575));
#1489 = CARTESIAN_POINT('',(83.279472366828,44.683512800399,
    -141.2695948189));
#1490 = CARTESIAN_POINT('',(83.530919277681,46.078560600712,
    -144.2677804307));
#1491 = CARTESIAN_POINT('',(83.578519728529,46.455452847974,
    -145.0886353589));
#1492 = CARTESIAN_POINT('',(83.604969300569,46.83048527022,
    -145.9164348542));
#1493 = CARTESIAN_POINT('',(83.609718041573,47.203504894712,
    -146.7509440679));
#1494 = CARTESIAN_POINT('',(83.592175662479,47.574343965704,
    -147.5918990896));
#1495 = CARTESIAN_POINT('',(83.551710023608,47.942820064842,
    -148.4390065117));
#1496 = CARTESIAN_POINT('',(83.487643454942,48.308736065853,
    -149.2919434345));
#1497 = CARTESIAN_POINT('',(83.29333046369,49.106997691056,
    -151.1789072958));
#1498 = CARTESIAN_POINT('',(83.152489664084,49.538111467466,
    -152.215263802));
#1499 = CARTESIAN_POINT('',(82.975474022278,49.964873126011,
    -153.2588577629));
#1500 = CARTESIAN_POINT('',(82.760925509223,50.386868994909,
    -154.3089818637));
#1501 = CARTESIAN_POINT('',(82.507389189539,50.803622308471,
    -155.3647869913));
#1502 = CARTESIAN_POINT('',(82.213312296751,51.214594106205,
    -156.4252792302));
#1503 = CARTESIAN_POINT('',(81.877031750465,51.619182579897,
    -157.4893180078));
#1504 = CARTESIAN_POINT('',(81.067291297512,52.465667932809,
    -159.7598039946));
#1505 = CARTESIAN_POINT('',(80.581801471531,52.905532478287,
    -160.9666293575));
#1506 = CARTESIAN_POINT('',(80.037676718255,53.33541796074,
    -162.1743885841));
#1507 = CARTESIAN_POINT('',(79.432178660985,53.754179245305,
    -163.3807785619));
#1508 = CARTESIAN_POINT('',(78.762522937884,54.160443885045,
    -164.5828939658));
#1509 = CARTESIAN_POINT('',(78.025948433094,54.552627430387,
    -165.7772273452));
#1510 = CARTESIAN_POINT('',(77.219767266668,54.928942769585,
    -166.959671288));
#1511 = CARTESIAN_POINT('',(75.73909386369,55.53320091647,
    -168.9249498581));
#1512 = CARTESIAN_POINT('',(75.10294623713,55.770563689321,
    -169.716446557));
#1513 = CARTESIAN_POINT('',(74.432187475772,55.998834785992,
    -170.4984326383));
#1514 = CARTESIAN_POINT('',(73.726188657421,56.217279942143,
    -171.2690776206));
#1515 = CARTESIAN_POINT('',(72.984498107013,56.425099750868,
    -172.0263159562));
#1516 = CARTESIAN_POINT('',(72.206895202369,56.621444998323,
    -172.7678695659));
#1517 = CARTESIAN_POINT('',(71.393457004243,56.805435245989,
    -173.4912776169));
#1518 = CARTESIAN_POINT('',(69.305017324717,57.22553820484,
    -175.2200961438));
#1519 = CARTESIAN_POINT('',(67.988877613114,57.446860474157,
    -176.2028758836));
#1520 = CARTESIAN_POINT('',(66.598869373942,57.637001628545,
    -177.1328217286));
#1521 = CARTESIAN_POINT('',(65.139322653812,57.79305148605,-178.00051204
    ));
#1522 = CARTESIAN_POINT('',(63.616507486246,57.912481978283,
    -178.7969101264));
#1523 = CARTESIAN_POINT('',(62.038902979719,57.993287299174,
    -179.5137293574));
#1524 = CARTESIAN_POINT('',(60.417637948722,58.03423928529,
    -180.1440128989));
#1525 = CARTESIAN_POINT('',(57.103397266269,58.036529174423,
    -181.2266624797));
#1526 = CARTESIAN_POINT('',(55.408333061641,57.997214329572,
    -181.6780573722));
#1527 = CARTESIAN_POINT('',(53.696934191807,57.917343824553,
    -182.0322532328));
#1528 = CARTESIAN_POINT('',(51.98263670281,57.798148011299,
    -182.2882289914));
#1529 = CARTESIAN_POINT('',(50.277488805543,57.641665774798,
    -182.4476928238));
#1530 = CARTESIAN_POINT('',(48.59216429557,57.450480033655,
    -182.5143290601));
#1531 = CARTESIAN_POINT('',(46.935963738072,57.227574028608,
    -182.4933317314));
#1532 = CARTESIAN_POINT('',(44.217094381028,56.805435245989,
    -182.3214131052));
#1533 = CARTESIAN_POINT('',(43.133800471077,56.621444998323,
    -182.2142906745));
#1534 = CARTESIAN_POINT('',(42.068832230813,56.425099750868,
    -182.0714247216));
#1535 = CARTESIAN_POINT('',(41.023698444811,56.217279942143,
    -181.8947608066));
#1536 = CARTESIAN_POINT('',(39.999559647385,55.998834785992,
    -181.6862716128));
#1537 = CARTESIAN_POINT('',(38.997264524262,55.770563689321,
    -181.4478936914));
#1538 = CARTESIAN_POINT('',(38.017380196566,55.53320091647,
    -181.1814776042));
#1539 = CARTESIAN_POINT('',(35.664328490285,54.928942769585,
    -180.461851832));
#1540 = CARTESIAN_POINT('',(34.317091114854,54.552627430386,
    -179.9790959877));
#1541 = CARTESIAN_POINT('',(33.019178276158,54.160443885045,
    -179.445807618));
#1542 = CARTESIAN_POINT('',(31.770829709803,53.754179245305,
    -178.8668895852));
#1543 = CARTESIAN_POINT('',(30.571873253976,53.33541796074,
    -178.2468024197));
#1544 = CARTESIAN_POINT('',(29.421764019777,52.905532478286,
    -177.5895331856));
#1545 = CARTESIAN_POINT('',(28.319640349563,52.465667932808,
    -176.8985547176));
#1546 = CARTESIAN_POINT('',(26.329988383502,51.619182579898,
    -175.5376464652));
#1547 = CARTESIAN_POINT('',(25.432505405353,51.214594106203,
    -174.8744817572));
#1548 = CARTESIAN_POINT('',(24.571250503246,50.803622308471,
    -174.1893795742));
#1549 = CARTESIAN_POINT('',(23.745548628634,50.38686899491,
    -173.4842401928));
#1550 = CARTESIAN_POINT('',(22.954727775885,49.96487312601,
    -172.7607804009));
#1551 = CARTESIAN_POINT('',(22.198109973827,49.538111467464,
    -172.020542335));
#1552 = CARTESIAN_POINT('',(21.475012302982,49.106997691056,
    -171.2648964542));
#1553 = CARTESIAN_POINT('',(20.208680261565,48.308736065852,
    -169.8525249333));
#1554 = CARTESIAN_POINT('',(19.655505574389,47.942820064843,
    -169.2001418518));
#1555 = CARTESIAN_POINT('',(19.124850935032,47.574343965703,
    -168.538602657));
#1556 = CARTESIAN_POINT('',(18.616357892625,47.203504894709,
    -167.8685669047));
#1557 = CARTESIAN_POINT('',(18.129687496077,46.830485270219,
    -167.1906435289));
#1558 = CARTESIAN_POINT('',(17.664517314135,46.455452847975,
    -166.5053930009));
#1559 = CARTESIAN_POINT('',(17.220540466781,46.078560600711,
    -165.8133285711));
#1560 = CARTESIAN_POINT('',(15.661676004564,44.683512800393,
    -163.2399486729));
#1561 = CARTESIAN_POINT('',(14.676833756001,43.654934860208,
    -161.3197234828));
#1562 = CARTESIAN_POINT('',(13.836884143012,42.616623595934,
    -159.3628110936));
#1563 = CARTESIAN_POINT('',(13.137556953518,41.570819345341,
    -157.3764396218));
#1564 = CARTESIAN_POINT('',(12.575557239137,40.51959697472,
    -155.3667935717));
#1565 = CARTESIAN_POINT('',(12.148584578022,39.464864100426,
    -153.3390375468));
#1566 = CARTESIAN_POINT('',(11.855372443877,38.408359040198,
    -151.2973418739));
#1567 = CARTESIAN_POINT('',(11.546990979849,36.360132457742,
    -147.3187635063));
#1568 = CARTESIAN_POINT('',(11.515863839372,35.368961759745,
    -145.3842077035));
#1569 = CARTESIAN_POINT('',(11.602939030953,34.379294203762,
    -143.4433219147));
#1570 = CARTESIAN_POINT('',(11.809711574255,33.39269220578,-141.49850477
    ));
#1571 = CARTESIAN_POINT('',(12.138890423109,32.411123897809,
    -139.5522784192));
#1572 = CARTESIAN_POINT('',(12.594798121075,31.437030894561,
    -137.6071773942));
#1573 = CARTESIAN_POINT('',(13.183559841727,30.47336675108,
    -135.6656589013));
#1574 = CARTESIAN_POINT('',(14.131166087382,29.244363394363,
    -133.1596865833));
#1575 = CARTESIAN_POINT('',(14.359087756018,28.966098197621,
    -132.5902663037));
#1576 = CARTESIAN_POINT('',(14.599667754823,28.689191572946,
    -132.0214406927));
#1577 = CARTESIAN_POINT('',(14.853187373293,28.413761269144,
    -131.4532879909));
#1578 = CARTESIAN_POINT('',(15.119954670898,28.139939088636,
    -130.8858973981));
#1579 = CARTESIAN_POINT('',(15.400308447082,27.867871689454,
    -130.3193683059));
#1580 = CARTESIAN_POINT('',(15.694624266359,27.597721721501,
    -129.7538094143));
#1581 = CARTESIAN_POINT('',(16.337436572894,27.039547566475,
    -128.5783919345));
#1582 = CARTESIAN_POINT('',(16.688384153405,26.751895898333,
    -127.9687468612));
#1583 = CARTESIAN_POINT('',(17.056704613769,26.466934154159,
    -127.3605337108));
#1584 = CARTESIAN_POINT('',(17.442984279697,26.184923293617,
    -126.7539298622));
#1585 = CARTESIAN_POINT('',(17.847858925756,25.906166399887,
    -126.1491572113));
#1586 = CARTESIAN_POINT('',(18.27202310045,25.631011128575,
    -125.546480767));
#1587 = CARTESIAN_POINT('',(18.71624631955,25.359853580163,
    -124.9462075003));
#1588 = CARTESIAN_POINT('',(19.667556722012,24.814386339395,
    -123.724173369));
#1589 = CARTESIAN_POINT('',(20.176505422306,24.540528875031,
    -123.1027592027));
#1590 = CARTESIAN_POINT('',(20.709266519674,24.272056107925,
    -122.4847800135));
#1591 = CARTESIAN_POINT('',(21.266901895744,24.009574010001,
    -121.8707446171));
#1592 = CARTESIAN_POINT('',(21.850504061175,23.753809318077,
    -121.2613278126));
#1593 = CARTESIAN_POINT('',(22.461198255867,23.50561140342,
    -120.6573673906));
#1594 = CARTESIAN_POINT('',(23.100153610828,23.265956312888,
    -120.0598639175));
#1595 = CARTESIAN_POINT('',(24.293611479798,22.855305727559,
    -119.0066842957));
#1596 = CARTESIAN_POINT('',(24.836729494387,22.680641285114,
    -118.5481619122));
#1597 = CARTESIAN_POINT('',(25.398536985046,22.512497320881,
    -118.0949869207));
#1598 = CARTESIAN_POINT('',(25.979527260597,22.3514965394,
    -117.6478852452));
#1599 = CARTESIAN_POINT('',(26.580089024519,22.198339755763,
    -117.2077305299));
#1600 = CARTESIAN_POINT('',(27.200476544354,22.053793263245,
    -116.7755339294));
#1601 = CARTESIAN_POINT('',(27.84076833511,21.918670496,-116.3524311232)
  );
#1602 = CARTESIAN_POINT('',(29.381172822692,21.62726843734,
    -115.3891279927));
#1603 = CARTESIAN_POINT('',(30.297257554158,21.478870874947,
    -114.8566153351));
#1604 = CARTESIAN_POINT('',(31.247896284212,21.350810926545,
    -114.345682902));
#1605 = CARTESIAN_POINT('',(32.231084430921,21.245239261505,
    -113.8600726147));
#1606 = CARTESIAN_POINT('',(33.243827989216,21.164114629894,
    -113.4035582632));
#1607 = CARTESIAN_POINT('',(34.281945768985,21.109010529668,
    -112.9797554551));
#1608 = CARTESIAN_POINT('',(35.339805457742,21.080866628809,
    -112.5918595504));
#1609 = CARTESIAN_POINT('',(37.823016866223,21.078104045382,
    -111.7806789368));
#1610 = CARTESIAN_POINT('',(39.258545612718,21.123523193168,
    -111.3855406686));
#1611 = CARTESIAN_POINT('',(40.699130320582,21.216040112678,
    -111.0626764193));
#1612 = CARTESIAN_POINT('',(42.130861506623,21.352807208736,
    -110.812458833));
#1613 = CARTESIAN_POINT('',(43.542812039141,21.529432398008,
    -110.6321668079));
#1614 = CARTESIAN_POINT('',(44.926672183849,21.740902842681,
    -110.5173587808));
#1615 = CARTESIAN_POINT('',(46.276510226654,21.982182854775,
    -110.4627035094));
#1616 = CARTESIAN_POINT('',(47.588617133742,22.248646115995,
    -110.4627035094));
#1617 = PCURVE('',#746,#1618);
#1618 = DEFINITIONAL_REPRESENTATION('',(#1619),#1790);
#1619 = B_SPLINE_CURVE_WITH_KNOTS('',8,(#1620,#1621,#1622,#1623,#1624,
    #1625,#1626,#1627,#1628,#1629,#1630,#1631,#1632,#1633,#1634,#1635,
    #1636,#1637,#1638,#1639,#1640,#1641,#1642,#1643,#1644,#1645,#1646,
    #1647,#1648,#1649,#1650,#1651,#1652,#1653,#1654,#1655,#1656,#1657,
    #1658,#1659,#1660,#1661,#1662,#1663,#1664,#1665,#1666,#1667,#1668,
    #1669,#1670,#1671,#1672,#1673,#1674,#1675,#1676,#1677,#1678,#1679,
    #1680,#1681,#1682,#1683,#1684,#1685,#1686,#1687,#1688,#1689,#1690,
    #1691,#1692,#1693,#1694,#1695,#1696,#1697,#1698,#1699,#1700,#1701,
    #1702,#1703,#1704,#1705,#1706,#1707,#1708,#1709,#1710,#1711,#1712,
    #1713,#1714,#1715,#1716,#1717,#1718,#1719,#1720,#1721,#1722,#1723,
    #1724,#1725,#1726,#1727,#1728,#1729,#1730,#1731,#1732,#1733,#1734,
    #1735,#1736,#1737,#1738,#1739,#1740,#1741,#1742,#1743,#1744,#1745,
    #1746,#1747,#1748,#1749,#1750,#1751,#1752,#1753,#1754,#1755,#1756,
    #1757,#1758,#1759,#1760,#1761,#1762,#1763,#1764,#1765,#1766,#1767,
    #1768,#1769,#1770,#1771,#1772,#1773,#1774,#1775,#1776,#1777,#1778,
    #1779,#1780,#1781,#1782,#1783,#1784,#1785,#1786,#1787,#1788,#1789),
  .UNSPECIFIED.,.F.,.F.,(9,7,7,7,7,7,7,7,7,7,7,7,7,7,7,7,7,7,7,7,7,7,7,7
    ,9),(0.,3.161108459514E-02,5.915577699069E-02,8.454830506957E-02,
    0.129363654029,0.176697952875,0.266366685778,0.299767639569,
    0.339788551776,0.384984880147,0.415976115141,0.461235885948,
    0.506865807832,0.537857476036,0.583054436181,0.623075907819,
    0.656477328504,0.746147314839,0.830285184433,0.855054627961,
    0.881863390604,0.909883103296,0.93189010698,0.961242684486,1.),
  .UNSPECIFIED.);
#1620 = CARTESIAN_POINT('',(1.164013494318,4.248646115995));
#1621 = CARTESIAN_POINT('',(1.155832067139,4.466241938761));
#1622 = CARTESIAN_POINT('',(1.148020269471,4.700851973964));
#1623 = CARTESIAN_POINT('',(1.140575596875,4.95033900399));
#1624 = CARTESIAN_POINT('',(1.133490856994,5.212786919657));
#1625 = CARTESIAN_POINT('',(1.126755359091,5.486518785351));
#1626 = CARTESIAN_POINT('',(1.120355921904,5.770110357442));
#1627 = CARTESIAN_POINT('',(1.114277699813,6.062399056006));
#1628 = CARTESIAN_POINT('',(1.103474566575,6.623974779726));
#1629 = CARTESIAN_POINT('',(1.098677237995,6.891327381939));
#1630 = CARTESIAN_POINT('',(1.094102840144,7.1639149296));
#1631 = CARTESIAN_POINT('',(1.0897419927,7.441185176501));
#1632 = CARTESIAN_POINT('',(1.085585796814,7.722657233699));
#1633 = CARTESIAN_POINT('',(1.081625750564,8.007916097872));
#1634 = CARTESIAN_POINT('',(1.077853719504,8.296609371412));
#1635 = CARTESIAN_POINT('',(1.070950841808,8.857480734716));
#1636 = CARTESIAN_POINT('',(1.067793133756,9.129169643232));
#1637 = CARTESIAN_POINT('',(1.06478286329,9.40327403612));
#1638 = CARTESIAN_POINT('',(1.061914521983,9.679580018666));
#1639 = CARTESIAN_POINT('',(1.059182988241,9.95789641609));
#1640 = CARTESIAN_POINT('',(1.056583469091,10.238053063452));
#1641 = CARTESIAN_POINT('',(1.054111463355,10.519899634516));
#1642 = CARTESIAN_POINT('',(1.047617488276,11.303488005939));
#1643 = CARTESIAN_POINT('',(1.043856545571,11.808491749106));
#1644 = CARTESIAN_POINT('',(1.040456537343,12.317601069522));
#1645 = CARTESIAN_POINT('',(1.037397454949,12.830201372914));
#1646 = CARTESIAN_POINT('',(1.034661710029,13.345762009565));
#1647 = CARTESIAN_POINT('',(1.032233659413,13.863827409654));
#1648 = CARTESIAN_POINT('',(1.030099381818,14.38401240726));
#1649 = CARTESIAN_POINT('',(1.026289434405,15.457323356096));
#1650 = CARTESIAN_POINT('',(1.024646420929,16.010618527644));
#1651 = CARTESIAN_POINT('',(1.023302845267,16.565487334999));
#1652 = CARTESIAN_POINT('',(1.022246117224,17.121565846105));
#1653 = CARTESIAN_POINT('',(1.021465265422,17.678518708162));
#1654 = CARTESIAN_POINT('',(1.020950667898,18.23603642827));
#1655 = CARTESIAN_POINT('',(1.020693899997,18.793833778675));
#1656 = CARTESIAN_POINT('',(1.02067595358,20.408359040203));
#1657 = CARTESIAN_POINT('',(1.021563400939,21.464864100418));
#1658 = CARTESIAN_POINT('',(1.023299810112,22.519596974735));
#1659 = CARTESIAN_POINT('',(1.025850759796,23.570819345323));
#1660 = CARTESIAN_POINT('',(1.029192068005,24.616623595956));
#1661 = CARTESIAN_POINT('',(1.03330903943,25.654934860195));
#1662 = CARTESIAN_POINT('',(1.038196040789,26.683512800399));
#1663 = CARTESIAN_POINT('',(1.045971129132,28.078560600712));
#1664 = CARTESIAN_POINT('',(1.048189012242,28.455452847974));
#1665 = CARTESIAN_POINT('',(1.050514923766,28.83048527022));
#1666 = CARTESIAN_POINT('',(1.05294933006,29.203504894712));
#1667 = CARTESIAN_POINT('',(1.055492867115,29.574343965704));
#1668 = CARTESIAN_POINT('',(1.058146351531,29.942820064842));
#1669 = CARTESIAN_POINT('',(1.060910804976,30.308736065853));
#1670 = CARTESIAN_POINT('',(1.06723432909,31.106997691056));
#1671 = CARTESIAN_POINT('',(1.070842107836,31.538111467466));
#1672 = CARTESIAN_POINT('',(1.074613094219,31.964873126011));
#1673 = CARTESIAN_POINT('',(1.07854983483,32.386868994909));
#1674 = CARTESIAN_POINT('',(1.082655133464,32.803622308471));
#1675 = CARTESIAN_POINT('',(1.086932096929,33.214594106205));
#1676 = CARTESIAN_POINT('',(1.091384250171,33.619182579897));
#1677 = CARTESIAN_POINT('',(1.101246122792,34.465667932809));
#1678 = CARTESIAN_POINT('',(1.106704163366,34.905532478287));
#1679 = CARTESIAN_POINT('',(1.112396295231,35.33541796074));
#1680 = CARTESIAN_POINT('',(1.118328563502,35.754179245306));
#1681 = CARTESIAN_POINT('',(1.124506434678,36.160443885045));
#1682 = CARTESIAN_POINT('',(1.130934758933,36.552627430387));
#1683 = CARTESIAN_POINT('',(1.13761786562,36.928942769585));
#1684 = CARTESIAN_POINT('',(1.149319888191,37.53320091647));
#1685 = CARTESIAN_POINT('',(1.154200909935,37.77056368932));
#1686 = CARTESIAN_POINT('',(1.159203698824,37.998834785992));
#1687 = CARTESIAN_POINT('',(1.164328214279,38.217279942144));
#1688 = CARTESIAN_POINT('',(1.169573467621,38.425099750868));
#1689 = CARTESIAN_POINT('',(1.174937390029,38.621444998323));
#1690 = CARTESIAN_POINT('',(1.180416634369,38.805435245989));
#1691 = CARTESIAN_POINT('',(1.19416950537,39.22553820484));
#1692 = CARTESIAN_POINT('',(1.202575202647,39.446860474158));
#1693 = CARTESIAN_POINT('',(1.211199258082,39.637001628542));
#1694 = CARTESIAN_POINT('',(1.220012439966,39.79305148605));
#1695 = CARTESIAN_POINT('',(1.228979718799,39.912481978285));
#1696 = CARTESIAN_POINT('',(1.238059235814,39.993287299173));
#1697 = CARTESIAN_POINT('',(1.2472000723,40.03423928529));
#1698 = CARTESIAN_POINT('',(1.26555054322,40.036529174423));
#1699 = CARTESIAN_POINT('',(1.274769044283,39.997214329572));
#1700 = CARTESIAN_POINT('',(1.283927308846,39.917343824553));
#1701 = CARTESIAN_POINT('',(1.292972986748,39.798148011299));
#1702 = CARTESIAN_POINT('',(1.30186303492,39.641665774798));
#1703 = CARTESIAN_POINT('',(1.310561403516,39.450480033655));
#1704 = CARTESIAN_POINT('',(1.319037970931,39.227574028608));
#1705 = CARTESIAN_POINT('',(1.332857488503,38.805435245989));
#1706 = CARTESIAN_POINT('',(1.338336732843,38.621444998323));
#1707 = CARTESIAN_POINT('',(1.343700655251,38.425099750868));
#1708 = CARTESIAN_POINT('',(1.348945908593,38.217279942143));
#1709 = CARTESIAN_POINT('',(1.354070424047,37.998834785992));
#1710 = CARTESIAN_POINT('',(1.359073212937,37.770563689321));
#1711 = CARTESIAN_POINT('',(1.363954234681,37.53320091647));
#1712 = CARTESIAN_POINT('',(1.375656257252,36.928942769585));
#1713 = CARTESIAN_POINT('',(1.382339363938,36.552627430387));
#1714 = CARTESIAN_POINT('',(1.388767688194,36.160443885045));
#1715 = CARTESIAN_POINT('',(1.394945559369,35.754179245305));
#1716 = CARTESIAN_POINT('',(1.40087782764,35.33541796074));
#1717 = CARTESIAN_POINT('',(1.406569959506,34.905532478287));
#1718 = CARTESIAN_POINT('',(1.412028000079,34.465667932808));
#1719 = CARTESIAN_POINT('',(1.421889872701,33.619182579898));
#1720 = CARTESIAN_POINT('',(1.426342025943,33.214594106203));
#1721 = CARTESIAN_POINT('',(1.430618989408,32.803622308471));
#1722 = CARTESIAN_POINT('',(1.434724288042,32.38686899491));
#1723 = CARTESIAN_POINT('',(1.438661028652,31.96487312601));
#1724 = CARTESIAN_POINT('',(1.442432015036,31.538111467464));
#1725 = CARTESIAN_POINT('',(1.446039793781,31.106997691056));
#1726 = CARTESIAN_POINT('',(1.452363317896,30.308736065852));
#1727 = CARTESIAN_POINT('',(1.45512777134,29.942820064843));
#1728 = CARTESIAN_POINT('',(1.457781255757,29.574343965703));
#1729 = CARTESIAN_POINT('',(1.460324792812,29.203504894709));
#1730 = CARTESIAN_POINT('',(1.462759199106,28.830485270219));
#1731 = CARTESIAN_POINT('',(1.46508511063,28.455452847975));
#1732 = CARTESIAN_POINT('',(1.46730299374,28.078560600711));
#1733 = CARTESIAN_POINT('',(1.475078082083,26.683512800393));
#1734 = CARTESIAN_POINT('',(1.479965083442,25.654934860215));
#1735 = CARTESIAN_POINT('',(1.484082054867,24.616623595912));
#1736 = CARTESIAN_POINT('',(1.487423363076,23.570819345371));
#1737 = CARTESIAN_POINT('',(1.48997431276,22.519596974699));
#1738 = CARTESIAN_POINT('',(1.491710721932,21.464864100432));
#1739 = CARTESIAN_POINT('',(1.492598169292,20.408359040198));
#1740 = CARTESIAN_POINT('',(1.492575402024,18.360132457742));
#1741 = CARTESIAN_POINT('',(1.491772715273,17.368961759748));
#1742 = CARTESIAN_POINT('',(1.490138378056,16.379294203754));
#1743 = CARTESIAN_POINT('',(1.487619521589,15.392692205791));
#1744 = CARTESIAN_POINT('',(1.484150826862,14.4111238978));
#1745 = CARTESIAN_POINT('',(1.479650331982,13.437030894564));
#1746 = CARTESIAN_POINT('',(1.474017490849,12.473366751081));
#1747 = CARTESIAN_POINT('',(1.465078345339,11.244363394363));
#1748 = CARTESIAN_POINT('',(1.462935100824,10.966098197621));
#1749 = CARTESIAN_POINT('',(1.460678199863,10.689191572946));
#1750 = CARTESIAN_POINT('',(1.458303917871,10.413761269144));
#1751 = CARTESIAN_POINT('',(1.455808286375,10.139939088636));
#1752 = CARTESIAN_POINT('',(1.453187063501,9.867871689454));
#1753 = CARTESIAN_POINT('',(1.450435689646,9.597721721501));
#1754 = CARTESIAN_POINT('',(1.444425118809,9.039547566475));
#1755 = CARTESIAN_POINT('',(1.441142899566,8.751895898333));
#1756 = CARTESIAN_POINT('',(1.43769625217,8.466934154159));
#1757 = CARTESIAN_POINT('',(1.434078480997,8.184923293617));
#1758 = CARTESIAN_POINT('',(1.430282510994,7.906166399887));
#1759 = CARTESIAN_POINT('',(1.426300842293,7.631011128575));
#1760 = CARTESIAN_POINT('',(1.422125461716,7.359853580163));
#1761 = CARTESIAN_POINT('',(1.413172217916,6.814386339395));
#1762 = CARTESIAN_POINT('',(1.408376335229,6.540528875031));
#1763 = CARTESIAN_POINT('',(1.403349862062,6.272056107925));
#1764 = CARTESIAN_POINT('',(1.398082583404,6.009574010001));
#1765 = CARTESIAN_POINT('',(1.392564448487,5.753809318077));
#1766 = CARTESIAN_POINT('',(1.386785733902,5.50561140342));
#1767 = CARTESIAN_POINT('',(1.380737191591,5.265956312888));
#1768 = CARTESIAN_POINT('',(1.369440875654,4.855305727559));
#1769 = CARTESIAN_POINT('',(1.364300588362,4.680641285114));
#1770 = CARTESIAN_POINT('',(1.358985310587,4.512497320881));
#1771 = CARTESIAN_POINT('',(1.353492298038,4.3514965394));
#1772 = CARTESIAN_POINT('',(1.34782037176,4.198339755763));
#1773 = CARTESIAN_POINT('',(1.341970298887,4.053793263245));
#1774 = CARTESIAN_POINT('',(1.335945253791,3.918670496));
#1775 = CARTESIAN_POINT('',(1.321490046076,3.62726843734));
#1776 = CARTESIAN_POINT('',(1.312922870714,3.478870874947));
#1777 = CARTESIAN_POINT('',(1.304072079096,3.350810926545));
#1778 = CARTESIAN_POINT('',(1.294970086896,3.245239261505));
#1779 = CARTESIAN_POINT('',(1.28566083708,3.164114629894));
#1780 = CARTESIAN_POINT('',(1.276200818421,3.109010529668));
#1781 = CARTESIAN_POINT('',(1.266659469851,3.080866628809));
#1782 = CARTESIAN_POINT('',(1.244521000351,3.078104045382));
#1783 = CARTESIAN_POINT('',(1.231915128503,3.123523193168));
#1784 = CARTESIAN_POINT('',(1.219492767736,3.216040112678));
#1785 = CARTESIAN_POINT('',(1.207403388708,3.352807208736));
#1786 = CARTESIAN_POINT('',(1.195754839838,3.529432398007));
#1787 = CARTESIAN_POINT('',(1.184617836125,3.740902842681));
#1788 = CARTESIAN_POINT('',(1.174032297712,3.982182854775));
#1789 = CARTESIAN_POINT('',(1.164013494318,4.248646115995));
#1790 = ( GEOMETRIC_REPRESENTATION_CONTEXT(2) 
PARAMETRIC_REPRESENTATION_CONTEXT() REPRESENTATION_CONTEXT('2D SPACE',''
  ) );
#1791 = PCURVE('',#1792,#1797);
#1792 = CYLINDRICAL_SURFACE('',#1793,36.);
#1793 = AXIS2_PLACEMENT_3D('',#1794,#1795,#1796);
#1794 = CARTESIAN_POINT('',(47.588617133742,-120.,-146.4627035094));
#1795 = DIRECTION('',(0.,1.,0.));
#1796 = DIRECTION('',(0.,-0.,1.));
#1797 = DEFINITIONAL_REPRESENTATION('',(#1798),#1969);
#1798 = B_SPLINE_CURVE_WITH_KNOTS('',8,(#1799,#1800,#1801,#1802,#1803,
    #1804,#1805,#1806,#1807,#1808,#1809,#1810,#1811,#1812,#1813,#1814,
    #1815,#1816,#1817,#1818,#1819,#1820,#1821,#1822,#1823,#1824,#1825,
    #1826,#1827,#1828,#1829,#1830,#1831,#1832,#1833,#1834,#1835,#1836,
    #1837,#1838,#1839,#1840,#1841,#1842,#1843,#1844,#1845,#1846,#1847,
    #1848,#1849,#1850,#1851,#1852,#1853,#1854,#1855,#1856,#1857,#1858,
    #1859,#1860,#1861,#1862,#1863,#1864,#1865,#1866,#1867,#1868,#1869,
    #1870,#1871,#1872,#1873,#1874,#1875,#1876,#1877,#1878,#1879,#1880,
    #1881,#1882,#1883,#1884,#1885,#1886,#1887,#1888,#1889,#1890,#1891,
    #1892,#1893,#1894,#1895,#1896,#1897,#1898,#1899,#1900,#1901,#1902,
    #1903,#1904,#1905,#1906,#1907,#1908,#1909,#1910,#1911,#1912,#1913,
    #1914,#1915,#1916,#1917,#1918,#1919,#1920,#1921,#1922,#1923,#1924,
    #1925,#1926,#1927,#1928,#1929,#1930,#1931,#1932,#1933,#1934,#1935,
    #1936,#1937,#1938,#1939,#1940,#1941,#1942,#1943,#1944,#1945,#1946,
    #1947,#1948,#1949,#1950,#1951,#1952,#1953,#1954,#1955,#1956,#1957,
    #1958,#1959,#1960,#1961,#1962,#1963,#1964,#1965,#1966,#1967,#1968),
  .UNSPECIFIED.,.F.,.F.,(9,7,7,7,7,7,7,7,7,7,7,7,7,7,7,7,7,7,7,7,7,7,7,7
    ,9),(0.,3.161108459514E-02,5.915577699069E-02,8.454830506957E-02,
    0.129363654029,0.176697952875,0.266366685778,0.299767639569,
    0.339788551776,0.384984880147,0.415976115141,0.461235885948,
    0.506865807832,0.537857476036,0.583054436181,0.623075907819,
    0.656477328504,0.746147314839,0.830285184433,0.855054627961,
    0.881863390604,0.909883103296,0.93189010698,0.961242684486,1.),
  .UNSPECIFIED.);
#1799 = CARTESIAN_POINT('',(0.,142.24864611599));
#1800 = CARTESIAN_POINT('',(2.976322146379E-02,142.46624193876));
#1801 = CARTESIAN_POINT('',(5.885770254672E-02,142.70085197396));
#1802 = CARTESIAN_POINT('',(8.730925520178E-02,142.95033900399));
#1803 = CARTESIAN_POINT('',(0.115146054924,143.21278691965));
#1804 = CARTESIAN_POINT('',(0.142398977428,143.48651878535));
#1805 = CARTESIAN_POINT('',(0.16910214091,143.77011035744));
#1806 = CARTESIAN_POINT('',(0.195293653883,144.062399056));
#1807 = CARTESIAN_POINT('',(0.243430534528,144.62397477972));
#1808 = CARTESIAN_POINT('',(0.265483855462,144.89132738193));
#1809 = CARTESIAN_POINT('',(0.28720230413,145.1639149296));
#1810 = CARTESIAN_POINT('',(0.308608656089,145.4411851765));
#1811 = CARTESIAN_POINT('',(0.32972372767,145.72265723369));
#1812 = CARTESIAN_POINT('',(0.350567172228,146.00791609787));
#1813 = CARTESIAN_POINT('',(0.371158034685,146.29660937141));
#1814 = CARTESIAN_POINT('',(0.410281527262,146.85748073471));
#1815 = CARTESIAN_POINT('',(0.428848083528,147.12916964323));
#1816 = CARTESIAN_POINT('',(0.447228760012,147.40327403612));
#1817 = CARTESIAN_POINT('',(0.465436174161,147.67958001866));
#1818 = CARTESIAN_POINT('',(0.483481898553,147.95789641609));
#1819 = CARTESIAN_POINT('',(0.501376749811,148.23805306345));
#1820 = CARTESIAN_POINT('',(0.519131001886,148.51989963451));
#1821 = CARTESIAN_POINT('',(0.567858330283,149.30348800593));
#1822 = CARTESIAN_POINT('',(0.598552775727,149.8084917491));
#1823 = CARTESIAN_POINT('',(0.628892662586,150.31760106952));
#1824 = CARTESIAN_POINT('',(0.65892370169,150.83020137291));
#1825 = CARTESIAN_POINT('',(0.688686031343,151.34576200956));
#1826 = CARTESIAN_POINT('',(0.718216191899,151.86382740965));
#1827 = CARTESIAN_POINT('',(0.74754832537,152.38401240726));
#1828 = CARTESIAN_POINT('',(0.807521814779,153.45732335609));
#1829 = CARTESIAN_POINT('',(0.838141923688,154.01061852764));
#1830 = CARTESIAN_POINT('',(0.868613360435,154.56548733499));
#1831 = CARTESIAN_POINT('',(0.898969574015,155.1215658461));
#1832 = CARTESIAN_POINT('',(0.929241178979,155.67851870816));
#1833 = CARTESIAN_POINT('',(0.959457072879,156.23603642827));
#1834 = CARTESIAN_POINT('',(0.989645290532,156.79383377867));
#1835 = CARTESIAN_POINT('',(1.077021450061,158.4083590402));
#1836 = CARTESIAN_POINT('',(1.134195043438,159.46486410041));
#1837 = CARTESIAN_POINT('',(1.191554663315,160.51959697474));
#1838 = CARTESIAN_POINT('',(1.249272161397,161.5708193453));
#1839 = CARTESIAN_POINT('',(1.30751063125,162.61662359596));
#1840 = CARTESIAN_POINT('',(1.366436827296,163.65493486019));
#1841 = CARTESIAN_POINT('',(1.42623269084,164.68351280039));
#1842 = CARTESIAN_POINT('',(1.509807999306,166.07856060071));
#1843 = CARTESIAN_POINT('',(1.532640261536,166.45545284797));
#1844 = CARTESIAN_POINT('',(1.555633431737,166.83048527022));
#1845 = CARTESIAN_POINT('',(1.57879850894,167.20350489471));
#1846 = CARTESIAN_POINT('',(1.602146751796,167.5743439657));
#1847 = CARTESIAN_POINT('',(1.625689863067,167.94282006484));
#1848 = CARTESIAN_POINT('',(1.649440221663,168.30873606585));
#1849 = CARTESIAN_POINT('',(1.702133063789,169.10699769105));
#1850 = CARTESIAN_POINT('',(1.731170069087,169.53811146746));
#1851 = CARTESIAN_POINT('',(1.760546074781,169.96487312601));
#1852 = CARTESIAN_POINT('',(1.790284874101,170.3868689949));
#1853 = CARTESIAN_POINT('',(1.820410585254,170.80362230847));
#1854 = CARTESIAN_POINT('',(1.850948357165,171.2145941062));
#1855 = CARTESIAN_POINT('',(1.881925352518,171.61918257989));
#1856 = CARTESIAN_POINT('',(1.94888527591,172.4656679328));
#1857 = CARTESIAN_POINT('',(1.984990366464,172.90553247828));
#1858 = CARTESIAN_POINT('',(2.021735215396,173.33541796074));
#1859 = CARTESIAN_POINT('',(2.05916301017,173.7541792453));
#1860 = CARTESIAN_POINT('',(2.097313401685,174.16044388504));
#1861 = CARTESIAN_POINT('',(2.136224122446,174.55262743038));
#1862 = CARTESIAN_POINT('',(2.175933011349,174.92894276958));
#1863 = CARTESIAN_POINT('',(2.244283921376,175.53320091647));
#1864 = CARTESIAN_POINT('',(2.272477186929,175.77056368932));
#1865 = CARTESIAN_POINT('',(2.301070754477,175.99883478599));
#1866 = CARTESIAN_POINT('',(2.330071090912,176.21727994214));
#1867 = CARTESIAN_POINT('',(2.35948081478,176.42509975086));
#1868 = CARTESIAN_POINT('',(2.389298451397,176.62144499832));
#1869 = CARTESIAN_POINT('',(2.41951774556,176.80543524598));
#1870 = CARTESIAN_POINT('',(2.494827772445,177.22553820484));
#1871 = CARTESIAN_POINT('',(2.540397917955,177.44686047415));
#1872 = CARTESIAN_POINT('',(2.586748841008,177.63700162854));
#1873 = CARTESIAN_POINT('',(2.633779631563,177.79305148605));
#1874 = CARTESIAN_POINT('',(2.681371574263,177.91248197828));
#1875 = CARTESIAN_POINT('',(2.729381589323,177.99328729917));
#1876 = CARTESIAN_POINT('',(2.777627026099,178.03423928529));
#1877 = CARTESIAN_POINT('',(2.874476794481,178.03652917442));
#1878 = CARTESIAN_POINT('',(2.923127867804,177.99721432957));
#1879 = CARTESIAN_POINT('',(2.971547099866,177.91734382455));
#1880 = CARTESIAN_POINT('',(3.019546679806,177.79814801129));
#1881 = CARTESIAN_POINT('',(3.066979504601,177.64166577479));
#1882 = CARTESIAN_POINT('',(3.113723349433,177.45048003365));
#1883 = CARTESIAN_POINT('',(3.159674050761,177.2275740286));
#1884 = CARTESIAN_POINT('',(3.235349030902,176.80543524598));
#1885 = CARTESIAN_POINT('',(3.265568325065,176.62144499832));
#1886 = CARTESIAN_POINT('',(3.295385961682,176.42509975086));
#1887 = CARTESIAN_POINT('',(3.32479568555,176.21727994214));
#1888 = CARTESIAN_POINT('',(3.353796021985,175.99883478599));
#1889 = CARTESIAN_POINT('',(3.382389589532,175.77056368932));
#1890 = CARTESIAN_POINT('',(3.410582855086,175.53320091647));
#1891 = CARTESIAN_POINT('',(3.478933765113,174.92894276958));
#1892 = CARTESIAN_POINT('',(3.518642654015,174.55262743038));
#1893 = CARTESIAN_POINT('',(3.557553374777,174.16044388504));
#1894 = CARTESIAN_POINT('',(3.595703766291,173.7541792453));
#1895 = CARTESIAN_POINT('',(3.633131561066,173.33541796074));
#1896 = CARTESIAN_POINT('',(3.669876409997,172.90553247828));
#1897 = CARTESIAN_POINT('',(3.705981500552,172.4656679328));
#1898 = CARTESIAN_POINT('',(3.772941423944,171.61918257989));
#1899 = CARTESIAN_POINT('',(3.803918419297,171.2145941062));
#1900 = CARTESIAN_POINT('',(3.834456191207,170.80362230847));
#1901 = CARTESIAN_POINT('',(3.864581902361,170.38686899491));
#1902 = CARTESIAN_POINT('',(3.894320701681,169.96487312601));
#1903 = CARTESIAN_POINT('',(3.923696707375,169.53811146746));
#1904 = CARTESIAN_POINT('',(3.952733712672,169.10699769105));
#1905 = CARTESIAN_POINT('',(4.005426554799,168.30873606585));
#1906 = CARTESIAN_POINT('',(4.029176913394,167.94282006484));
#1907 = CARTESIAN_POINT('',(4.052720024666,167.5743439657));
#1908 = CARTESIAN_POINT('',(4.076068267522,167.2035048947));
#1909 = CARTESIAN_POINT('',(4.099233344725,166.83048527021));
#1910 = CARTESIAN_POINT('',(4.122226514926,166.45545284797));
#1911 = CARTESIAN_POINT('',(4.145058777156,166.07856060071));
#1912 = CARTESIAN_POINT('',(4.228634085622,164.68351280039));
#1913 = CARTESIAN_POINT('',(4.288429949165,163.6549348602));
#1914 = CARTESIAN_POINT('',(4.347356145215,162.61662359593));
#1915 = CARTESIAN_POINT('',(4.40559461506,161.57081934534));
#1916 = CARTESIAN_POINT('',(4.46331211315,160.51959697472));
#1917 = CARTESIAN_POINT('',(4.520671733022,159.46486410042));
#1918 = CARTESIAN_POINT('',(4.577845326401,158.40835904019));
#1919 = CARTESIAN_POINT('',(4.688692878239,156.36013245774));
#1920 = CARTESIAN_POINT('',(4.742336674165,155.36896175974));
#1921 = CARTESIAN_POINT('',(4.796137363159,154.37929420376));
#1922 = CARTESIAN_POINT('',(4.85026064951,153.39269220578));
#1923 = CARTESIAN_POINT('',(4.904877681901,152.4111238978));
#1924 = CARTESIAN_POINT('',(4.96018452345,151.43703089456));
#1925 = CARTESIAN_POINT('',(5.016414041653,150.47336675108));
#1926 = CARTESIAN_POINT('',(5.090834927516,149.24436339436));
#1927 = CARTESIAN_POINT('',(5.107869044279,148.96609819762));
#1928 = CARTESIAN_POINT('',(5.125019464477,148.68919157294));
#1929 = CARTESIAN_POINT('',(5.142294707994,148.41376126914));
#1930 = CARTESIAN_POINT('',(5.159703743901,148.13993908863));
#1931 = CARTESIAN_POINT('',(5.177256145325,147.86787168945));
#1932 = CARTESIAN_POINT('',(5.194962294678,147.5977217215));
#1933 = CARTESIAN_POINT('',(5.232176368343,147.03954756647));
#1934 = CARTESIAN_POINT('',(5.251711759993,146.75189589833));
#1935 = CARTESIAN_POINT('',(5.271454824405,146.46693415415));
#1936 = CARTESIAN_POINT('',(5.291421016806,146.18492329361));
#1937 = CARTESIAN_POINT('',(5.311626477984,145.90616639988));
#1938 = CARTESIAN_POINT('',(5.332088445528,145.63101112857));
#1939 = CARTESIAN_POINT('',(5.352825835759,145.35985358016));
#1940 = CARTESIAN_POINT('',(5.395844268679,144.81438633939));
#1941 = CARTESIAN_POINT('',(5.418149480563,144.54052887503));
#1942 = CARTESIAN_POINT('',(5.440801897666,144.27205610792));
#1943 = CARTESIAN_POINT('',(5.46382668596,144.00957401));
#1944 = CARTESIAN_POINT('',(5.487248357434,143.75380931807));
#1945 = CARTESIAN_POINT('',(5.511091431832,143.50561140342));
#1946 = CARTESIAN_POINT('',(5.535381314436,143.26595631288));
#1947 = CARTESIAN_POINT('',(5.579595378808,142.85530572755));
#1948 = CARTESIAN_POINT('',(5.599334760356,142.68064128511));
#1949 = CARTESIAN_POINT('',(5.61937633961,142.51249732088));
#1950 = CARTESIAN_POINT('',(5.639729642936,142.3514965394));
#1951 = CARTESIAN_POINT('',(5.660400962564,142.19833975576));
#1952 = CARTESIAN_POINT('',(5.681393071192,142.05379326324));
#1953 = CARTESIAN_POINT('',(5.702704606644,141.918670496));
#1954 = CARTESIAN_POINT('',(5.753171553616,141.62726843734));
#1955 = CARTESIAN_POINT('',(5.782589907214,141.47887087494));
#1956 = CARTESIAN_POINT('',(5.812540783504,141.35081092654));
#1957 = CARTESIAN_POINT('',(5.842964575767,141.2452392615));
#1958 = CARTESIAN_POINT('',(5.873783259564,141.16411462989));
#1959 = CARTESIAN_POINT('',(5.904896518006,141.10901052966));
#1960 = CARTESIAN_POINT('',(5.936174730968,141.0808666288));
#1961 = CARTESIAN_POINT('',(6.008739904351,141.07810404538));
#1962 = CARTESIAN_POINT('',(6.050052790491,141.12352319316));
#1963 = CARTESIAN_POINT('',(6.090983152012,141.21604011267));
#1964 = CARTESIAN_POINT('',(6.131267952594,141.35280720873));
#1965 = CARTESIAN_POINT('',(6.170728123839,141.529432398));
#1966 = CARTESIAN_POINT('',(6.209242369738,141.74090284268));
#1967 = CARTESIAN_POINT('',(6.246737893094,141.98218285477));
#1968 = CARTESIAN_POINT('',(6.28318530718,142.24864611599));
#1969 = ( GEOMETRIC_REPRESENTATION_CONTEXT(2) 
PARAMETRIC_REPRESENTATION_CONTEXT() REPRESENTATION_CONTEXT('2D SPACE',''
  ) );
#1970 = FACE_BOUND('',#1971,.T.);
#1971 = EDGE_LOOP('',(#1972));
#1972 = ORIENTED_EDGE('',*,*,#1973,.T.);
#1973 = EDGE_CURVE('',#1974,#1974,#1976,.T.);
#1974 = VERTEX_POINT('',#1975);
#1975 = CARTESIAN_POINT('',(-124.5886171337,30.316012221939,
    -54.51892885304));
#1976 = SURFACE_CURVE('',#1977,(#2141,#2308),.PCURVE_S1.);
#1977 = B_SPLINE_CURVE_WITH_KNOTS('',8,(#1978,#1979,#1980,#1981,#1982,
    #1983,#1984,#1985,#1986,#1987,#1988,#1989,#1990,#1991,#1992,#1993,
    #1994,#1995,#1996,#1997,#1998,#1999,#2000,#2001,#2002,#2003,#2004,
    #2005,#2006,#2007,#2008,#2009,#2010,#2011,#2012,#2013,#2014,#2015,
    #2016,#2017,#2018,#2019,#2020,#2021,#2022,#2023,#2024,#2025,#2026,
    #2027,#2028,#2029,#2030,#2031,#2032,#2033,#2034,#2035,#2036,#2037,
    #2038,#2039,#2040,#2041,#2042,#2043,#2044,#2045,#2046,#2047,#2048,
    #2049,#2050,#2051,#2052,#2053,#2054,#2055,#2056,#2057,#2058,#2059,
    #2060,#2061,#2062,#2063,#2064,#2065,#2066,#2067,#2068,#2069,#2070,
    #2071,#2072,#2073,#2074,#2075,#2076,#2077,#2078,#2079,#2080,#2081,
    #2082,#2083,#2084,#2085,#2086,#2087,#2088,#2089,#2090,#2091,#2092,
    #2093,#2094,#2095,#2096,#2097,#2098,#2099,#2100,#2101,#2102,#2103,
    #2104,#2105,#2106,#2107,#2108,#2109,#2110,#2111,#2112,#2113,#2114,
    #2115,#2116,#2117,#2118,#2119,#2120,#2121,#2122,#2123,#2124,#2125,
    #2126,#2127,#2128,#2129,#2130,#2131,#2132,#2133,#2134,#2135,#2136,
    #2137,#2138,#2139,#2140),.UNSPECIFIED.,.T.,.F.,(9,7,7,7,7,7,7,7,7,7,
    7,7,7,7,7,7,7,7,7,7,7,7,7,9),(0.,5.42047889763E-02,
    9.621990702553E-02,0.113529007772,0.139694889046,0.167024256535,
    0.18570169075,0.213970691338,0.241364811867,0.266424177816,
    0.355164052875,0.444830443773,0.478230525184,0.518250392108,
    0.563445540023,0.594435965574,0.639694554268,0.685323284371,
    0.716314143122,0.761509922794,0.801530349135,0.834930897428,
    0.924598541725,1.),.UNSPECIFIED.);
#1978 = CARTESIAN_POINT('',(-124.5886171337,30.316012221939,
    -54.51892885304));
#1979 = CARTESIAN_POINT('',(-123.274434493,29.698051695597,
    -54.51892885304));
#1980 = CARTESIAN_POINT('',(-121.944759641,29.085285371209,
    -54.57375685949));
#1981 = CARTESIAN_POINT('',(-120.5990816528,28.478429233456,
    -54.68567359226));
#1982 = CARTESIAN_POINT('',(-119.2371293834,27.878566252336,
    -54.8575708254));
#1983 = CARTESIAN_POINT('',(-117.8588366925,27.287156732573,
    -55.09296158292));
#1984 = CARTESIAN_POINT('',(-116.4642580315,26.706085868777,
    -55.39614009668));
#1985 = CARTESIAN_POINT('',(-115.0534810438,26.137702600781,
    -55.77232830637));
#1986 = CARTESIAN_POINT('',(-112.5200361866,25.156620756663,
    -56.58224942948));
#1987 = CARTESIAN_POINT('',(-111.4047627172,24.737980664226,
    -56.98374848346));
#1988 = CARTESIAN_POINT('',(-110.2798513353,24.330267971314,
    -57.43642479861));
#1989 = CARTESIAN_POINT('',(-109.1455287051,23.93528570849,
    -57.94407227827));
#1990 = CARTESIAN_POINT('',(-108.0028364094,23.555471206355,
    -58.51088326954));
#1991 = CARTESIAN_POINT('',(-106.8536097149,23.193894194157,
    -59.14138978891));
#1992 = CARTESIAN_POINT('',(-105.7004596719,22.854273496124,
    -59.84049431616));
#1993 = CARTESIAN_POINT('',(-104.0714665845,22.411989297842,
    -60.93221056016));
#1994 = CARTESIAN_POINT('',(-103.5962245662,22.287460405053,
    -61.26321810238));
#1995 = CARTESIAN_POINT('',(-103.12134139,22.167772745916,
    -61.60702428646));
#1996 = CARTESIAN_POINT('',(-102.6472043528,22.053282068099,
    -61.96391718163));
#1997 = CARTESIAN_POINT('',(-102.1742796143,21.944371119057,
    -62.33414004993));
#1998 = CARTESIAN_POINT('',(-101.7031112442,21.841443017637,
    -62.71787659604));
#1999 = CARTESIAN_POINT('',(-101.2343202194,21.744912426677,
    -63.11523184425));
#2000 = CARTESIAN_POINT('',(-100.0645869167,21.519569461224,
    -64.14747546955));
#2001 = CARTESIAN_POINT('',(-99.36724414569,21.39944491911,
    -64.80017938216));
#2002 = CARTESIAN_POINT('',(-98.679476931,21.296374718631,
    -65.48396040062));
#2003 = CARTESIAN_POINT('',(-98.00440627777,21.211828877249,
    -66.19793439779));
#2004 = CARTESIAN_POINT('',(-97.34531794493,21.147104565125,
    -66.94058666824));
#2005 = CARTESIAN_POINT('',(-96.70558354166,21.1032122818,
    -67.70962746492));
#2006 = CARTESIAN_POINT('',(-96.08855709889,21.080737255971,
    -68.50180950304));
#2007 = CARTESIAN_POINT('',(-94.88005296878,21.078567694238,
    -70.15966256498));
#2008 = CARTESIAN_POINT('',(-94.2905326529,21.100819114967,
    -71.02758111512));
#2009 = CARTESIAN_POINT('',(-93.73263748607,21.146479560366,
    -71.91142027172));
#2010 = CARTESIAN_POINT('',(-93.20870998983,21.214888070766,
    -72.80640158759));
#2011 = CARTESIAN_POINT('',(-92.72001071627,21.304878893919,
    -73.70808204968));
#2012 = CARTESIAN_POINT('',(-92.26696697456,21.414952681458,
    -74.6124019505));
#2013 = CARTESIAN_POINT('',(-91.84936434514,21.543415402071,
    -75.51571853481));
#2014 = CARTESIAN_POINT('',(-91.20484602611,21.787631632624,
    -77.02930808989));
#2015 = CARTESIAN_POINT('',(-90.95931283618,21.894572915817,
    -77.6420623359));
#2016 = CARTESIAN_POINT('',(-90.72960110847,22.008790710218,
    -78.25230733536));
#2017 = CARTESIAN_POINT('',(-90.51531961985,22.129768857362,
    -78.85938754408));
#2018 = CARTESIAN_POINT('',(-90.31601754219,22.257009659146,
    -79.46277263661));
#2019 = CARTESIAN_POINT('',(-90.13120898534,22.390045383785,
    -80.06205045963));
#2020 = CARTESIAN_POINT('',(-89.96039165611,22.528446686781,
    -80.65692197551));
#2021 = CARTESIAN_POINT('',(-89.56493168711,22.888840887828,
    -82.14060350161));
#2022 = CARTESIAN_POINT('',(-89.35774492135,23.117217384528,
    -83.02329824144));
#2023 = CARTESIAN_POINT('',(-89.17969342586,23.355641615819,
    -83.89475230417));
#2024 = CARTESIAN_POINT('',(-89.02908849544,23.602944475941,
    -84.75460939265));
#2025 = CARTESIAN_POINT('',(-88.90435720331,23.858103478483,
    -85.60268652207));
#2026 = CARTESIAN_POINT('',(-88.80404633609,24.120243227888,
    -86.43897337942));
#2027 = CARTESIAN_POINT('',(-88.72683169019,24.388636458583,
    -87.26363154466));
#2028 = CARTESIAN_POINT('',(-88.61794518294,24.928292824831,
    -88.86518335646));
#2029 = CARTESIAN_POINT('',(-88.58494722218,25.199162262457,
    -89.64262373238));
#2030 = CARTESIAN_POINT('',(-88.5714578538,25.474756831635,
    -90.40953921313));
#2031 = CARTESIAN_POINT('',(-88.57652143662,25.754588319248,
    -91.16613396605));
#2032 = CARTESIAN_POINT('',(-88.59928508768,26.038230586355,
    -91.91260881398));
#2033 = CARTESIAN_POINT('',(-88.63898351785,26.325314642418,
    -92.64917353257));
#2034 = CARTESIAN_POINT('',(-88.69493129725,26.615525629411,
    -93.37605444474));
#2035 = CARTESIAN_POINT('',(-88.83201220225,27.176699422827,
    -94.74979373688));
#2036 = CARTESIAN_POINT('',(-88.91058879614,27.447180364423,
    -95.39815751927));
#2037 = CARTESIAN_POINT('',(-89.00178372512,27.719835073635,
    -96.03875761083));
#2038 = CARTESIAN_POINT('',(-89.10517672797,27.994475248126,
    -96.67174162716));
#2039 = CARTESIAN_POINT('',(-89.22038863163,28.270931901468,
    -97.2972424514));
#2040 = CARTESIAN_POINT('',(-89.34707608662,28.549053946712,
    -97.91538325534));
#2041 = CARTESIAN_POINT('',(-89.48492829546,28.828707212236,
    -98.52628093819));
#2042 = CARTESIAN_POINT('',(-90.16037266591,30.105083264649,
    -101.2680993692));
#2043 = CARTESIAN_POINT('',(-90.82336657806,31.117715405047,
    -103.3158722421));
#2044 = CARTESIAN_POINT('',(-91.61030328239,32.142900124287,
    -105.2795268131));
#2045 = CARTESIAN_POINT('',(-92.5132713012,33.176982174415,
    -107.1611289453));
#2046 = CARTESIAN_POINT('',(-93.52610599698,34.216978750597,
    -108.9614293284));
#2047 = CARTESIAN_POINT('',(-94.64436481826,35.260542723858,
    -110.6800063292));
#2048 = CARTESIAN_POINT('',(-95.86493069858,36.305858512238,
    -112.3157451808));
#2049 = CARTESIAN_POINT('',(-98.52154404628,38.408359040204,
    -115.4337076968));
#2050 = CARTESIAN_POINT('',(-99.95883625195,39.464864100414,
    -116.9131284252));
#2051 = CARTESIAN_POINT('',(-101.4961494777,40.519596974736,
    -118.3026492766));
#2052 = CARTESIAN_POINT('',(-103.1320571078,41.570819345323,
    -119.5981519397));
#2053 = CARTESIAN_POINT('',(-104.8653845457,42.616623595959,
    -120.7941060092));
#2054 = CARTESIAN_POINT('',(-106.6951622992,43.65493486019,
    -121.8835713932));
#2055 = CARTESIAN_POINT('',(-108.620596463,44.683512800402,
    -122.8581904556));
#2056 = CARTESIAN_POINT('',(-111.3943390575,46.078560600712,
    -124.023820985));
#2057 = CARTESIAN_POINT('',(-112.1603091376,46.455452847975,
    -124.3227498266));
#2058 = CARTESIAN_POINT('',(-112.9394198746,46.83048527022,
    -124.6037089765));
#2059 = CARTESIAN_POINT('',(-113.7316178585,47.203504894711,
    -124.8661028266));
#2060 = CARTESIAN_POINT('',(-114.5368345051,47.574343965704,
    -125.1092884258));
#2061 = CARTESIAN_POINT('',(-115.354986109,47.942820064843,
    -125.3325739058));
#2062 = CARTESIAN_POINT('',(-116.1859749859,48.308736065853,
    -125.5352149825));
#2063 = CARTESIAN_POINT('',(-118.0406302787,49.106997691057,
    -125.9335162468));
#2064 = CARTESIAN_POINT('',(-119.0697860877,49.538111467465,
    -126.1198204592));
#2065 = CARTESIAN_POINT('',(-120.1170037661,49.964873126011,
    -126.2739568487));
#2066 = CARTESIAN_POINT('',(-121.1820302718,50.38686899491,
    -126.3944152807));
#2067 = CARTESIAN_POINT('',(-122.2645076498,50.803622308472,
    -126.4795496389));
#2068 = CARTESIAN_POINT('',(-123.3639704616,51.214594106205,
    -126.527576018));
#2069 = CARTESIAN_POINT('',(-124.4798478783,51.619182579898,
    -126.5365602781));
#2070 = CARTESIAN_POINT('',(-126.8894319322,52.465667932809,
    -126.4680700992));
#2071 = CARTESIAN_POINT('',(-128.1872156645,52.905532478288,
    -126.379271383));
#2072 = CARTESIAN_POINT('',(-129.5040067429,53.335417960741,
    -126.2349961169));
#2073 = CARTESIAN_POINT('',(-130.8384609822,53.754179245306,
    -126.0319282489));
#2074 = CARTESIAN_POINT('',(-132.1886756693,54.160443885045,
    -125.7665218987));
#2075 = CARTESIAN_POINT('',(-133.5521682519,54.552627430388,
    -125.4350672274));
#2076 = CARTESIAN_POINT('',(-134.9258629498,54.928942769585,
    -125.033738649));
#2077 = CARTESIAN_POINT('',(-137.2525071849,55.53320091647,
    -124.2328390374));
#2078 = CARTESIAN_POINT('',(-138.2018457056,55.770563689321,
    -123.8724126228));
#2079 = CARTESIAN_POINT('',(-139.1528345202,55.998834785992,
    -123.4761301204));
#2080 = CARTESIAN_POINT('',(-140.1039270853,56.217279942143,
    -123.0428277399));
#2081 = CARTESIAN_POINT('',(-141.0532985234,56.425099750868,
    -122.5714376234));
#2082 = CARTESIAN_POINT('',(-141.9988504285,56.621444998324,
    -122.0610459814));
#2083 = CARTESIAN_POINT('',(-142.9382185965,56.805435245989,
    -121.5109656641));
#2084 = CARTESIAN_POINT('',(-145.2277860746,57.225538204841,
    -120.058975803));
#2085 = CARTESIAN_POINT('',(-146.5691746881,57.446860474158,
    -119.1109481953));
#2086 = CARTESIAN_POINT('',(-147.883141912,57.637001628541,
    -118.0763408717));
#2087 = CARTESIAN_POINT('',(-149.1593891774,57.793051486051,
    -116.9563605047));
#2088 = CARTESIAN_POINT('',(-150.3873845331,57.912481978287,
    -115.7541777595));
#2089 = CARTESIAN_POINT('',(-151.5566267367,57.993287299172,
    -114.4752960377));
#2090 = CARTESIAN_POINT('',(-152.6570604529,58.03423928529,
    -113.1281496909));
#2091 = CARTESIAN_POINT('',(-154.7108780859,58.036529174423,
    -110.3106766127));
#2092 = CARTESIAN_POINT('',(-155.6639837856,57.99721432957,
    -108.8380634483));
#2093 = CARTESIAN_POINT('',(-156.5296954018,57.917343824556,
    -107.3198789414));
#2094 = CARTESIAN_POINT('',(-157.3028898726,57.798148011299,
    -105.7685860032));
#2095 = CARTESIAN_POINT('',(-157.9814686677,57.641665774794,
    -104.1961710185));
#2096 = CARTESIAN_POINT('',(-158.5656374091,57.450480033658,
    -102.6139238907));
#2097 = CARTESIAN_POINT('',(-159.0574618812,57.227574028607,
    -101.0322950268));
#2098 = CARTESIAN_POINT('',(-159.7341343882,56.805435245988,
    -98.39337083068));
#2099 = CARTESIAN_POINT('',(-159.9670111306,56.621444998322,
    -97.329994447));
#2100 = CARTESIAN_POINT('',(-160.1602308198,56.425099750868,
    -96.27300145508));
#2101 = CARTESIAN_POINT('',(-160.3151775535,56.217279942143,
    -95.22442800547));
#2102 = CARTESIAN_POINT('',(-160.4333688401,55.998834785991,
    -94.18598742456));
#2103 = CARTESIAN_POINT('',(-160.5163841911,55.77056368932,
    -93.15908528769));
#2104 = CARTESIAN_POINT('',(-160.5658083451,55.53320091647,
    -92.14483281408));
#2105 = CARTESIAN_POINT('',(-160.6085365311,54.928942769584,
    -89.68457106245));
#2106 = CARTESIAN_POINT('',(-160.565727684,54.552627430387,
    -88.25409241752));
#2107 = CARTESIAN_POINT('',(-160.4596174293,54.160443885044,
    -86.85490878556));
#2108 = CARTESIAN_POINT('',(-160.2947945837,53.754179245304,
    -85.48876323642));
#2109 = CARTESIAN_POINT('',(-160.0755545646,53.335417960739,
    -84.15687041422));
#2110 = CARTESIAN_POINT('',(-159.8058576754,52.905532478287,
    -82.85994416938));
#2111 = CARTESIAN_POINT('',(-159.4892730448,52.465667932807,
    -81.5982381817));
#2112 = CARTESIAN_POINT('',(-158.8098086537,51.619182579896,
    -79.28542293645));
#2113 = CARTESIAN_POINT('',(-158.4564390292,51.214594106203,
    -78.22693673698));
#2114 = CARTESIAN_POINT('',(-158.0710105349,50.80362230847,
    -77.19612643269));
#2115 = CARTESIAN_POINT('',(-157.6555390429,50.386868994909,
    -76.19293723209));
#2116 = CARTESIAN_POINT('',(-157.2118649765,49.964873126009,
    -75.2172605364));
#2117 = CARTESIAN_POINT('',(-156.7416644994,49.538111467463,
    -74.26892810317));
#2118 = CARTESIAN_POINT('',(-156.2464520294,49.106997691056,
    -73.3477139325));
#2119 = CARTESIAN_POINT('',(-155.2945250122,48.308736065851,
    -71.70691379037));
#2120 = CARTESIAN_POINT('',(-154.8450122107,47.942820064841,
    -70.97921594047));
#2121 = CARTESIAN_POINT('',(-154.3798323504,47.574343965702,
    -70.27010653417));
#2122 = CARTESIAN_POINT('',(-153.8997234736,47.203504894709,
    -69.57944847839));
#2123 = CARTESIAN_POINT('',(-153.4053694527,46.830485270218,
    -68.90710758246));
#2124 = CARTESIAN_POINT('',(-152.8974029642,46.455452847973,
    -68.25295039117));
#2125 = CARTESIAN_POINT('',(-152.3764069695,46.07856060071,
    -67.6168436474));
#2126 = CARTESIAN_POINT('',(-150.4106928592,44.683512800393,
    -65.33905732106));
#2127 = CARTESIAN_POINT('',(-148.888783171,43.654934860213,
    -63.80903446628));
#2128 = CARTESIAN_POINT('',(-147.2872075963,42.616623595914,
    -62.40547572871));
#2129 = CARTESIAN_POINT('',(-145.6141600504,41.570819345367,
    -61.12655350622));
#2130 = CARTESIAN_POINT('',(-143.8765405416,40.519596974702,
    -59.97104523352));
#2131 = CARTESIAN_POINT('',(-142.0799717691,39.464864100428,
    -58.93835902977));
#2132 = CARTESIAN_POINT('',(-140.2288113275,38.408359040198,
    -58.02857905864));
#2133 = CARTESIAN_POINT('',(-136.725616259,36.463062880471,
    -56.58236527095));
#2134 = CARTESIAN_POINT('',(-135.0893522083,35.574661143495,
    -56.00980613295));
#2135 = CARTESIAN_POINT('',(-133.4186958372,34.68735421347,
    -55.5259242803));
#2136 = CARTESIAN_POINT('',(-131.7150690675,33.802281584394,
    -55.13218908621));
#2137 = CARTESIAN_POINT('',(-129.9796693504,32.920816469413,
    -54.83083161937));
#2138 = CARTESIAN_POINT('',(-128.2133579413,32.044595693504,
    -54.62500212207));
#2139 = CARTESIAN_POINT('',(-126.4165436618,31.175547574552,
    -54.51892885304));
#2140 = CARTESIAN_POINT('',(-124.5886171337,30.316012221939,
    -54.51892885304));
#2141 = PCURVE('',#746,#2142);
#2142 = DEFINITIONAL_REPRESENTATION('',(#2143),#2307);
#2143 = B_SPLINE_CURVE_WITH_KNOTS('',8,(#2144,#2145,#2146,#2147,#2148,
    #2149,#2150,#2151,#2152,#2153,#2154,#2155,#2156,#2157,#2158,#2159,
    #2160,#2161,#2162,#2163,#2164,#2165,#2166,#2167,#2168,#2169,#2170,
    #2171,#2172,#2173,#2174,#2175,#2176,#2177,#2178,#2179,#2180,#2181,
    #2182,#2183,#2184,#2185,#2186,#2187,#2188,#2189,#2190,#2191,#2192,
    #2193,#2194,#2195,#2196,#2197,#2198,#2199,#2200,#2201,#2202,#2203,
    #2204,#2205,#2206,#2207,#2208,#2209,#2210,#2211,#2212,#2213,#2214,
    #2215,#2216,#2217,#2218,#2219,#2220,#2221,#2222,#2223,#2224,#2225,
    #2226,#2227,#2228,#2229,#2230,#2231,#2232,#2233,#2234,#2235,#2236,
    #2237,#2238,#2239,#2240,#2241,#2242,#2243,#2244,#2245,#2246,#2247,
    #2248,#2249,#2250,#2251,#2252,#2253,#2254,#2255,#2256,#2257,#2258,
    #2259,#2260,#2261,#2262,#2263,#2264,#2265,#2266,#2267,#2268,#2269,
    #2270,#2271,#2272,#2273,#2274,#2275,#2276,#2277,#2278,#2279,#2280,
    #2281,#2282,#2283,#2284,#2285,#2286,#2287,#2288,#2289,#2290,#2291,
    #2292,#2293,#2294,#2295,#2296,#2297,#2298,#2299,#2300,#2301,#2302,
    #2303,#2304,#2305,#2306),.UNSPECIFIED.,.F.,.F.,(9,7,7,7,7,7,7,7,7,7,
    7,7,7,7,7,7,7,7,7,7,7,7,7,9),(0.,5.42047889763E-02,
    9.621990702553E-02,0.113529007772,0.139694889046,0.167024256535,
    0.18570169075,0.213970691338,0.241364811867,0.266424177816,
    0.355164052875,0.444830443773,0.478230525184,0.518250392108,
    0.563445540023,0.594435965574,0.639694554268,0.685323284371,
    0.716314143122,0.761509922794,0.801530349135,0.834930897428,
    0.924598541725,1.),.UNSPECIFIED.);
#2144 = CARTESIAN_POINT('',(2.729105353954,12.316012221939));
#2145 = CARTESIAN_POINT('',(2.725231375276,11.698051695597));
#2146 = CARTESIAN_POINT('',(2.720863989578,11.085285371207));
#2147 = CARTESIAN_POINT('',(2.715970054472,10.478429233463));
#2148 = CARTESIAN_POINT('',(2.710511576548,9.878566252326));
#2149 = CARTESIAN_POINT('',(2.704445618801,9.28715673258));
#2150 = CARTESIAN_POINT('',(2.697723043847,8.706085868775));
#2151 = CARTESIAN_POINT('',(2.690287621793,8.137702600781));
#2152 = CARTESIAN_POINT('',(2.675698783871,7.156620756663));
#2153 = CARTESIAN_POINT('',(2.668862808097,6.737980664226));
#2154 = CARTESIAN_POINT('',(2.661526616695,6.330267971314));
#2155 = CARTESIAN_POINT('',(2.653655183611,5.93528570849));
#2156 = CARTESIAN_POINT('',(2.645214200509,5.555471206355));
#2157 = CARTESIAN_POINT('',(2.636171770019,5.193894194157));
#2158 = CARTESIAN_POINT('',(2.626500095918,4.854273496124));
#2159 = CARTESIAN_POINT('',(2.611923676305,4.411989297842));
#2160 = CARTESIAN_POINT('',(2.607561371067,4.287460405053));
#2161 = CARTESIAN_POINT('',(2.603088921414,4.167772745916));
#2162 = CARTESIAN_POINT('',(2.598506279093,4.053282068099));
#2163 = CARTESIAN_POINT('',(2.593814296094,3.944371119057));
#2164 = CARTESIAN_POINT('',(2.589014876566,3.841443017637));
#2165 = CARTESIAN_POINT('',(2.58411115131,3.744912426677));
#2166 = CARTESIAN_POINT('',(2.57154400226,3.519569461224));
#2167 = CARTESIAN_POINT('',(2.563748604912,3.39944491911));
#2168 = CARTESIAN_POINT('',(2.555742005751,3.296374718631));
#2169 = CARTESIAN_POINT('',(2.547551391902,3.211828877249));
#2170 = CARTESIAN_POINT('',(2.539211327181,3.147104565125));
#2171 = CARTESIAN_POINT('',(2.530764110232,3.1032122818));
#2172 = CARTESIAN_POINT('',(2.522259778297,3.080737255971));
#2173 = CARTESIAN_POINT('',(2.504873597021,3.078567694238));
#2174 = CARTESIAN_POINT('',(2.495986043558,3.100819114967));
#2175 = CARTESIAN_POINT('',(2.487158985751,3.146479560366));
#2176 = CARTESIAN_POINT('',(2.478449578719,3.214888070766));
#2177 = CARTESIAN_POINT('',(2.469905722701,3.304878893919));
#2178 = CARTESIAN_POINT('',(2.461566128397,3.414952681458));
#2179 = CARTESIAN_POINT('',(2.453460828943,3.543415402071));
#2180 = CARTESIAN_POINT('',(2.440247952773,3.787631632624));
#2181 = CARTESIAN_POINT('',(2.435001576169,3.894572915817));
#2182 = CARTESIAN_POINT('',(2.429878073417,4.008790710218));
#2183 = CARTESIAN_POINT('',(2.424880820776,4.129768857362));
#2184 = CARTESIAN_POINT('',(2.420011643947,4.257009659146));
#2185 = CARTESIAN_POINT('',(2.415271060434,4.390045383785));
#2186 = CARTESIAN_POINT('',(2.41065848718,4.528446686781));
#2187 = CARTESIAN_POINT('',(2.399382571821,4.888840887828));
#2188 = CARTESIAN_POINT('',(2.392883910574,5.117217384528));
#2189 = CARTESIAN_POINT('',(2.38667009294,5.355641615819));
#2190 = CARTESIAN_POINT('',(2.380733153508,5.602944475941));
#2191 = CARTESIAN_POINT('',(2.375063878966,5.858103478483));
#2192 = CARTESIAN_POINT('',(2.369652154771,6.120243227888));
#2193 = CARTESIAN_POINT('',(2.364487277785,6.388636458583));
#2194 = CARTESIAN_POINT('',(2.354781737892,6.928292824831));
#2195 = CARTESIAN_POINT('',(2.350227560882,7.199162262457));
#2196 = CARTESIAN_POINT('',(2.345886058921,7.474756831635));
#2197 = CARTESIAN_POINT('',(2.341748256442,7.754588319248));
#2198 = CARTESIAN_POINT('',(2.337805702067,8.038230586355));
#2199 = CARTESIAN_POINT('',(2.334050375717,8.325314642418));
#2200 = CARTESIAN_POINT('',(2.33047464799,8.615525629411));
#2201 = CARTESIAN_POINT('',(2.323957997941,9.176699422827));
#2202 = CARTESIAN_POINT('',(2.32098911017,9.447180364423));
#2203 = CARTESIAN_POINT('',(2.318159165833,9.719835073635));
#2204 = CARTESIAN_POINT('',(2.315463124207,9.994475248125));
#2205 = CARTESIAN_POINT('',(2.312896297262,10.270931901468));
#2206 = CARTESIAN_POINT('',(2.310454298404,10.549053946713));
#2207 = CARTESIAN_POINT('',(2.308133009234,10.828707212236));
#2208 = CARTESIAN_POINT('',(2.298122214773,12.105083264649));
#2209 = CARTESIAN_POINT('',(2.291784220517,13.117715405042));
#2210 = CARTESIAN_POINT('',(2.286737109735,14.142900124302));
#2211 = CARTESIAN_POINT('',(2.282858418447,15.176982174394));
#2212 = CARTESIAN_POINT('',(2.280048389801,16.216978750612));
#2213 = CARTESIAN_POINT('',(2.278228719094,17.260542723853));
#2214 = CARTESIAN_POINT('',(2.277336385571,18.305858512238));
#2215 = CARTESIAN_POINT('',(2.277313015016,20.408359040204));
#2216 = CARTESIAN_POINT('',(2.278200462375,21.464864100401));
#2217 = CARTESIAN_POINT('',(2.279936871548,22.519596974777));
#2218 = CARTESIAN_POINT('',(2.282487821232,23.570819345267));
#2219 = CARTESIAN_POINT('',(2.285829129441,24.616623595998));
#2220 = CARTESIAN_POINT('',(2.289946100865,25.654934860178));
#2221 = CARTESIAN_POINT('',(2.294833102225,26.683512800402));
#2222 = CARTESIAN_POINT('',(2.302608190568,28.078560600712));
#2223 = CARTESIAN_POINT('',(2.304826073678,28.455452847975));
#2224 = CARTESIAN_POINT('',(2.307151985202,28.83048527022));
#2225 = CARTESIAN_POINT('',(2.309586391496,29.203504894711));
#2226 = CARTESIAN_POINT('',(2.312129928551,29.574343965704));
#2227 = CARTESIAN_POINT('',(2.314783412967,29.942820064843));
#2228 = CARTESIAN_POINT('',(2.317547866412,30.308736065853));
#2229 = CARTESIAN_POINT('',(2.323871390526,31.106997691057));
#2230 = CARTESIAN_POINT('',(2.327479169272,31.538111467465));
#2231 = CARTESIAN_POINT('',(2.331250155655,31.964873126011));
#2232 = CARTESIAN_POINT('',(2.335186896266,32.386868994911));
#2233 = CARTESIAN_POINT('',(2.3392921949,32.803622308472));
#2234 = CARTESIAN_POINT('',(2.343569158365,33.214594106204));
#2235 = CARTESIAN_POINT('',(2.348021311607,33.619182579898));
#2236 = CARTESIAN_POINT('',(2.357883184228,34.465667932809));
#2237 = CARTESIAN_POINT('',(2.363341224802,34.905532478288));
#2238 = CARTESIAN_POINT('',(2.369033356667,35.335417960741));
#2239 = CARTESIAN_POINT('',(2.374965624938,35.754179245305));
#2240 = CARTESIAN_POINT('',(2.381143496114,36.160443885045));
#2241 = CARTESIAN_POINT('',(2.387571820369,36.552627430388));
#2242 = CARTESIAN_POINT('',(2.394254927056,36.928942769585));
#2243 = CARTESIAN_POINT('',(2.405956949627,37.53320091647));
#2244 = CARTESIAN_POINT('',(2.410837971371,37.770563689321));
#2245 = CARTESIAN_POINT('',(2.41584076026,37.998834785992));
#2246 = CARTESIAN_POINT('',(2.420965275715,38.217279942144));
#2247 = CARTESIAN_POINT('',(2.426210529057,38.425099750868));
#2248 = CARTESIAN_POINT('',(2.431574451465,38.621444998324));
#2249 = CARTESIAN_POINT('',(2.437053695805,38.805435245989));
#2250 = CARTESIAN_POINT('',(2.450806566806,39.225538204841));
#2251 = CARTESIAN_POINT('',(2.459212264083,39.446860474155));
#2252 = CARTESIAN_POINT('',(2.467836319518,39.637001628545));
#2253 = CARTESIAN_POINT('',(2.476649501402,39.793051486051));
#2254 = CARTESIAN_POINT('',(2.485616780235,39.912481978283));
#2255 = CARTESIAN_POINT('',(2.49469629725,39.993287299175));
#2256 = CARTESIAN_POINT('',(2.503837133736,40.03423928529));
#2257 = CARTESIAN_POINT('',(2.522187604656,40.036529174423));
#2258 = CARTESIAN_POINT('',(2.531406105719,39.997214329568));
#2259 = CARTESIAN_POINT('',(2.540564370281,39.917343824558));
#2260 = CARTESIAN_POINT('',(2.549610048184,39.798148011299));
#2261 = CARTESIAN_POINT('',(2.558500096356,39.641665774792));
#2262 = CARTESIAN_POINT('',(2.567198464952,39.450480033659));
#2263 = CARTESIAN_POINT('',(2.575675032367,39.227574028607));
#2264 = CARTESIAN_POINT('',(2.589494549939,38.805435245989));
#2265 = CARTESIAN_POINT('',(2.594973794279,38.621444998323));
#2266 = CARTESIAN_POINT('',(2.600337716687,38.425099750867));
#2267 = CARTESIAN_POINT('',(2.605582970028,38.217279942143));
#2268 = CARTESIAN_POINT('',(2.610707485483,37.998834785991));
#2269 = CARTESIAN_POINT('',(2.615710274373,37.77056368932));
#2270 = CARTESIAN_POINT('',(2.620591296117,37.53320091647));
#2271 = CARTESIAN_POINT('',(2.632293318688,36.928942769584));
#2272 = CARTESIAN_POINT('',(2.638976425374,36.552627430386));
#2273 = CARTESIAN_POINT('',(2.64540474963,36.160443885044));
#2274 = CARTESIAN_POINT('',(2.651582620805,35.754179245305));
#2275 = CARTESIAN_POINT('',(2.657514889076,35.33541796074));
#2276 = CARTESIAN_POINT('',(2.663207020941,34.905532478286));
#2277 = CARTESIAN_POINT('',(2.668665061515,34.465667932807));
#2278 = CARTESIAN_POINT('',(2.678526934137,33.619182579896));
#2279 = CARTESIAN_POINT('',(2.682979087379,33.214594106203));
#2280 = CARTESIAN_POINT('',(2.687256050844,32.80362230847));
#2281 = CARTESIAN_POINT('',(2.691361349478,32.386868994909));
#2282 = CARTESIAN_POINT('',(2.695298090088,31.964873126009));
#2283 = CARTESIAN_POINT('',(2.699069076472,31.538111467464));
#2284 = CARTESIAN_POINT('',(2.702676855217,31.106997691056));
#2285 = CARTESIAN_POINT('',(2.709000379332,30.308736065851));
#2286 = CARTESIAN_POINT('',(2.711764832776,29.942820064842));
#2287 = CARTESIAN_POINT('',(2.714418317193,29.574343965702));
#2288 = CARTESIAN_POINT('',(2.716961854248,29.203504894709));
#2289 = CARTESIAN_POINT('',(2.719396260542,28.830485270218));
#2290 = CARTESIAN_POINT('',(2.721722172066,28.455452847974));
#2291 = CARTESIAN_POINT('',(2.723940055175,28.07856060071));
#2292 = CARTESIAN_POINT('',(2.731715143519,26.683512800393));
#2293 = CARTESIAN_POINT('',(2.736602144878,25.654934860215));
#2294 = CARTESIAN_POINT('',(2.740719116302,24.616623595908));
#2295 = CARTESIAN_POINT('',(2.744060424512,23.570819345374));
#2296 = CARTESIAN_POINT('',(2.746611374196,22.519596974697));
#2297 = CARTESIAN_POINT('',(2.748347783368,21.464864100429));
#2298 = CARTESIAN_POINT('',(2.749235230728,20.408359040198));
#2299 = CARTESIAN_POINT('',(2.749213607593,18.463062880471));
#2300 = CARTESIAN_POINT('',(2.74856790232,17.574661143498));
#2301 = CARTESIAN_POINT('',(2.747257338772,16.687354213461));
#2302 = CARTESIAN_POINT('',(2.745244923782,15.802281584405));
#2303 = CARTESIAN_POINT('',(2.742485600555,14.920816469406));
#2304 = CARTESIAN_POINT('',(2.738924230512,14.044595693506));
#2305 = CARTESIAN_POINT('',(2.734493759019,13.175547574552));
#2306 = CARTESIAN_POINT('',(2.729105353954,12.316012221939));
#2307 = ( GEOMETRIC_REPRESENTATION_CONTEXT(2) 
PARAMETRIC_REPRESENTATION_CONTEXT() REPRESENTATION_CONTEXT('2D SPACE',''
  ) );
#2308 = PCURVE('',#2309,#2314);
#2309 = CYLINDRICAL_SURFACE('',#2310,36.);
#2310 = AXIS2_PLACEMENT_3D('',#2311,#2312,#2313);
#2311 = CARTESIAN_POINT('',(-124.5886171337,-120.,-90.51892885304));
#2312 = DIRECTION('',(0.,1.,0.));
#2313 = DIRECTION('',(0.,-0.,1.));
#2314 = DEFINITIONAL_REPRESENTATION('',(#2315),#2479);
#2315 = B_SPLINE_CURVE_WITH_KNOTS('',8,(#2316,#2317,#2318,#2319,#2320,
    #2321,#2322,#2323,#2324,#2325,#2326,#2327,#2328,#2329,#2330,#2331,
    #2332,#2333,#2334,#2335,#2336,#2337,#2338,#2339,#2340,#2341,#2342,
    #2343,#2344,#2345,#2346,#2347,#2348,#2349,#2350,#2351,#2352,#2353,
    #2354,#2355,#2356,#2357,#2358,#2359,#2360,#2361,#2362,#2363,#2364,
    #2365,#2366,#2367,#2368,#2369,#2370,#2371,#2372,#2373,#2374,#2375,
    #2376,#2377,#2378,#2379,#2380,#2381,#2382,#2383,#2384,#2385,#2386,
    #2387,#2388,#2389,#2390,#2391,#2392,#2393,#2394,#2395,#2396,#2397,
    #2398,#2399,#2400,#2401,#2402,#2403,#2404,#2405,#2406,#2407,#2408,
    #2409,#2410,#2411,#2412,#2413,#2414,#2415,#2416,#2417,#2418,#2419,
    #2420,#2421,#2422,#2423,#2424,#2425,#2426,#2427,#2428,#2429,#2430,
    #2431,#2432,#2433,#2434,#2435,#2436,#2437,#2438,#2439,#2440,#2441,
    #2442,#2443,#2444,#2445,#2446,#2447,#2448,#2449,#2450,#2451,#2452,
    #2453,#2454,#2455,#2456,#2457,#2458,#2459,#2460,#2461,#2462,#2463,
    #2464,#2465,#2466,#2467,#2468,#2469,#2470,#2471,#2472,#2473,#2474,
    #2475,#2476,#2477,#2478),.UNSPECIFIED.,.F.,.F.,(9,7,7,7,7,7,7,7,7,7,
    7,7,7,7,7,7,7,7,7,7,7,7,7,9),(0.,5.42047889763E-02,
    9.621990702553E-02,0.113529007772,0.139694889046,0.167024256535,
    0.18570169075,0.213970691338,0.241364811867,0.266424177816,
    0.355164052875,0.444830443773,0.478230525184,0.518250392108,
    0.563445540023,0.594435965574,0.639694554268,0.685323284371,
    0.716314143122,0.761509922794,0.801530349135,0.834930897428,
    0.924598541725,1.),.UNSPECIFIED.);
#2316 = CARTESIAN_POINT('',(0.,150.31601222193));
#2317 = CARTESIAN_POINT('',(3.650507335177E-02,149.69805169559));
#2318 = CARTESIAN_POINT('',(7.34404898352E-02,149.0852853712));
#2319 = CARTESIAN_POINT('',(0.11089454219,148.47842923345));
#2320 = CARTESIAN_POINT('',(0.148956336127,147.87856625233));
#2321 = CARTESIAN_POINT('',(0.187720100055,147.28715673257));
#2322 = CARTESIAN_POINT('',(0.227293004753,146.70608586877));
#2323 = CARTESIAN_POINT('',(0.267802204379,146.13770260078));
#2324 = CARTESIAN_POINT('',(0.341684383847,145.15662075666));
#2325 = CARTESIAN_POINT('',(0.374589061534,144.73798066422));
#2326 = CARTESIAN_POINT('',(0.40823282729,144.33026797131));
#2327 = CARTESIAN_POINT('',(0.442701420742,143.93528570849));
#2328 = CARTESIAN_POINT('',(0.478074935375,143.55547120635));
#2329 = CARTESIAN_POINT('',(0.514431257844,143.19389419415));
#2330 = CARTESIAN_POINT('',(0.551851473335,142.85427349612));
#2331 = CARTESIAN_POINT('',(0.606323283608,142.41198929784));
#2332 = CARTESIAN_POINT('',(0.62240834226,142.28746040505));
#2333 = CARTESIAN_POINT('',(0.638689164356,142.16777274591));
#2334 = CARTESIAN_POINT('',(0.655167999167,142.05328206809));
#2335 = CARTESIAN_POINT('',(0.671845271933,141.94437111905));
#2336 = CARTESIAN_POINT('',(0.688719401017,141.84144301763));
#2337 = CARTESIAN_POINT('',(0.70578649322,141.74491242667));
#2338 = CARTESIAN_POINT('',(0.749121632973,141.51956946122));
#2339 = CARTESIAN_POINT('',(0.775642137965,141.39944491911));
#2340 = CARTESIAN_POINT('',(0.802561482737,141.29637471863));
#2341 = CARTESIAN_POINT('',(0.829829153895,141.21182887724));
#2342 = CARTESIAN_POINT('',(0.857382960532,141.14710456512));
#2343 = CARTESIAN_POINT('',(0.885146433856,141.1032122818));
#2344 = CARTESIAN_POINT('',(0.913024740036,141.08073725597));
#2345 = CARTESIAN_POINT('',(0.970012927893,141.07856769423));
#2346 = CARTESIAN_POINT('',(0.999141218042,141.10081911496));
#2347 = CARTESIAN_POINT('',(1.028147004488,141.14647956036));
#2348 = CARTESIAN_POINT('',(1.056922452548,141.21488807076));
#2349 = CARTESIAN_POINT('',(1.085381304872,141.30487889391));
#2350 = CARTESIAN_POINT('',(1.113454036446,141.41495268145));
#2351 = CARTESIAN_POINT('',(1.141084949631,141.54341540207));
#2352 = CARTESIAN_POINT('',(1.186782198825,141.78763163262));
#2353 = CARTESIAN_POINT('',(1.205114558886,141.89457291581));
#2354 = CARTESIAN_POINT('',(1.223220341562,142.00879071021));
#2355 = CARTESIAN_POINT('',(1.241095803941,142.12976885736));
#2356 = CARTESIAN_POINT('',(1.25874006208,142.25700965914));
#2357 = CARTESIAN_POINT('',(1.276154693236,142.39004538378));
#2358 = CARTESIAN_POINT('',(1.29334351107,142.52844668678));
#2359 = CARTESIAN_POINT('',(1.335995738969,142.88884088782));
#2360 = CARTESIAN_POINT('',(1.361170130379,143.11721738452));
#2361 = CARTESIAN_POINT('',(1.38586018456,143.35564161581));
#2362 = CARTESIAN_POINT('',(1.410089956723,143.60294447594));
#2363 = CARTESIAN_POINT('',(1.433883833626,143.85810347848));
#2364 = CARTESIAN_POINT('',(1.457267217249,144.12024322788));
#2365 = CARTESIAN_POINT('',(1.480267119285,144.38863645858));
#2366 = CARTESIAN_POINT('',(1.524857370369,144.92829282483));
#2367 = CARTESIAN_POINT('',(1.54646537444,145.19916226245));
#2368 = CARTESIAN_POINT('',(1.567761030786,145.47475683163));
#2369 = CARTESIAN_POINT('',(1.58876584515,145.75458831924));
#2370 = CARTESIAN_POINT('',(1.609499418255,146.03823058635));
#2371 = CARTESIAN_POINT('',(1.629980169032,146.32531464241));
#2372 = CARTESIAN_POINT('',(1.650225839692,146.61552562941));
#2373 = CARTESIAN_POINT('',(1.688574777913,147.17669942282));
#2374 = CARTESIAN_POINT('',(1.706712607274,147.44718036442));
#2375 = CARTESIAN_POINT('',(1.724680016432,147.71983507363));
#2376 = CARTESIAN_POINT('',(1.742488514883,147.99447524812));
#2377 = CARTESIAN_POINT('',(1.760148684678,148.27093190146));
#2378 = CARTESIAN_POINT('',(1.777670426592,148.54905394671));
#2379 = CARTESIAN_POINT('',(1.795063143716,148.82870721223));
#2380 = CARTESIAN_POINT('',(1.873501771757,150.10508326464));
#2381 = CARTESIAN_POINT('',(1.933138307083,151.11771540504));
#2382 = CARTESIAN_POINT('',(1.991678115978,152.14290012428));
#2383 = CARTESIAN_POINT('',(2.049400626556,153.17698217441));
#2384 = CARTESIAN_POINT('',(2.106540449646,154.21697875059));
#2385 = CARTESIAN_POINT('',(2.163299322821,155.26054272385));
#2386 = CARTESIAN_POINT('',(2.219873719199,156.30585851223));
#2387 = CARTESIAN_POINT('',(2.333658511497,158.4083590402));
#2388 = CARTESIAN_POINT('',(2.390832104874,159.46486410041));
#2389 = CARTESIAN_POINT('',(2.44819172475,160.51959697473));
#2390 = CARTESIAN_POINT('',(2.505909222834,161.57081934532));
#2391 = CARTESIAN_POINT('',(2.564147692685,162.61662359595));
#2392 = CARTESIAN_POINT('',(2.623073888732,163.65493486019));
#2393 = CARTESIAN_POINT('',(2.682869752276,164.6835128004));
#2394 = CARTESIAN_POINT('',(2.766445060742,166.07856060071));
#2395 = CARTESIAN_POINT('',(2.789277322972,166.45545284797));
#2396 = CARTESIAN_POINT('',(2.812270493173,166.83048527022));
#2397 = CARTESIAN_POINT('',(2.835435570376,167.20350489471));
#2398 = CARTESIAN_POINT('',(2.858783813232,167.5743439657));
#2399 = CARTESIAN_POINT('',(2.882326924503,167.94282006484));
#2400 = CARTESIAN_POINT('',(2.906077283099,168.30873606585));
#2401 = CARTESIAN_POINT('',(2.958770125225,169.10699769105));
#2402 = CARTESIAN_POINT('',(2.987807130522,169.53811146746));
#2403 = CARTESIAN_POINT('',(3.017183136217,169.96487312601));
#2404 = CARTESIAN_POINT('',(3.046921935537,170.38686899491));
#2405 = CARTESIAN_POINT('',(3.07704764669,170.80362230847));
#2406 = CARTESIAN_POINT('',(3.107585418601,171.2145941062));
#2407 = CARTESIAN_POINT('',(3.138562413954,171.61918257989));
#2408 = CARTESIAN_POINT('',(3.205522337346,172.4656679328));
#2409 = CARTESIAN_POINT('',(3.2416274279,172.90553247828));
#2410 = CARTESIAN_POINT('',(3.278372276832,173.33541796074));
#2411 = CARTESIAN_POINT('',(3.315800071606,173.7541792453));
#2412 = CARTESIAN_POINT('',(3.353950463121,174.16044388504));
#2413 = CARTESIAN_POINT('',(3.392861183882,174.55262743038));
#2414 = CARTESIAN_POINT('',(3.432570072785,174.92894276958));
#2415 = CARTESIAN_POINT('',(3.500920982812,175.53320091647));
#2416 = CARTESIAN_POINT('',(3.529114248365,175.77056368932));
#2417 = CARTESIAN_POINT('',(3.557707815913,175.99883478599));
#2418 = CARTESIAN_POINT('',(3.586708152348,176.21727994214));
#2419 = CARTESIAN_POINT('',(3.616117876216,176.42509975086));
#2420 = CARTESIAN_POINT('',(3.645935512833,176.62144499832));
#2421 = CARTESIAN_POINT('',(3.676154806996,176.80543524598));
#2422 = CARTESIAN_POINT('',(3.751464833881,177.22553820484));
#2423 = CARTESIAN_POINT('',(3.797034979391,177.44686047415));
#2424 = CARTESIAN_POINT('',(3.843385902444,177.63700162854));
#2425 = CARTESIAN_POINT('',(3.890416692999,177.79305148605));
#2426 = CARTESIAN_POINT('',(3.938008635698,177.91248197828));
#2427 = CARTESIAN_POINT('',(3.98601865076,177.99328729917));
#2428 = CARTESIAN_POINT('',(4.034264087535,178.03423928529));
#2429 = CARTESIAN_POINT('',(4.131113855917,178.03652917442));
#2430 = CARTESIAN_POINT('',(4.179764929239,177.99721432957));
#2431 = CARTESIAN_POINT('',(4.228184161303,177.91734382455));
#2432 = CARTESIAN_POINT('',(4.276183741242,177.79814801129));
#2433 = CARTESIAN_POINT('',(4.323616566036,177.64166577479));
#2434 = CARTESIAN_POINT('',(4.37036041087,177.45048003365));
#2435 = CARTESIAN_POINT('',(4.416311112197,177.2275740286));
#2436 = CARTESIAN_POINT('',(4.491986092338,176.80543524598));
#2437 = CARTESIAN_POINT('',(4.522205386501,176.62144499832));
#2438 = CARTESIAN_POINT('',(4.552023023118,176.42509975086));
#2439 = CARTESIAN_POINT('',(4.581432746986,176.21727994214));
#2440 = CARTESIAN_POINT('',(4.610433083421,175.99883478599));
#2441 = CARTESIAN_POINT('',(4.639026650968,175.77056368932));
#2442 = CARTESIAN_POINT('',(4.667219916522,175.53320091647));
#2443 = CARTESIAN_POINT('',(4.735570826549,174.92894276958));
#2444 = CARTESIAN_POINT('',(4.775279715451,174.55262743038));
#2445 = CARTESIAN_POINT('',(4.814190436213,174.16044388504));
#2446 = CARTESIAN_POINT('',(4.852340827727,173.7541792453));
#2447 = CARTESIAN_POINT('',(4.889768622502,173.33541796073));
#2448 = CARTESIAN_POINT('',(4.926513471433,172.90553247828));
#2449 = CARTESIAN_POINT('',(4.962618561988,172.4656679328));
#2450 = CARTESIAN_POINT('',(5.02957848538,171.61918257989));
#2451 = CARTESIAN_POINT('',(5.060555480733,171.2145941062));
#2452 = CARTESIAN_POINT('',(5.091093252643,170.80362230847));
#2453 = CARTESIAN_POINT('',(5.121218963797,170.3868689949));
#2454 = CARTESIAN_POINT('',(5.150957763117,169.964873126));
#2455 = CARTESIAN_POINT('',(5.180333768811,169.53811146746));
#2456 = CARTESIAN_POINT('',(5.209370774108,169.10699769105));
#2457 = CARTESIAN_POINT('',(5.262063616235,168.30873606585));
#2458 = CARTESIAN_POINT('',(5.28581397483,167.94282006484));
#2459 = CARTESIAN_POINT('',(5.309357086102,167.5743439657));
#2460 = CARTESIAN_POINT('',(5.332705328958,167.2035048947));
#2461 = CARTESIAN_POINT('',(5.355870406161,166.83048527021));
#2462 = CARTESIAN_POINT('',(5.378863576362,166.45545284797));
#2463 = CARTESIAN_POINT('',(5.401695838592,166.07856060071));
#2464 = CARTESIAN_POINT('',(5.485271147058,164.68351280039));
#2465 = CARTESIAN_POINT('',(5.545067010601,163.65493486021));
#2466 = CARTESIAN_POINT('',(5.603993206649,162.61662359591));
#2467 = CARTESIAN_POINT('',(5.662231676498,161.57081934536));
#2468 = CARTESIAN_POINT('',(5.719949174584,160.5195969747));
#2469 = CARTESIAN_POINT('',(5.777308794459,159.46486410042));
#2470 = CARTESIAN_POINT('',(5.834482387837,158.40835904019));
#2471 = CARTESIAN_POINT('',(5.939759469363,156.46306288047));
#2472 = CARTESIAN_POINT('',(5.98784096443,155.57466114349));
#2473 = CARTESIAN_POINT('',(6.036034986655,154.68735421347));
#2474 = CARTESIAN_POINT('',(6.084458841516,153.80228158439));
#2475 = CARTESIAN_POINT('',(6.133234398943,152.92081646941));
#2476 = CARTESIAN_POINT('',(6.182498058345,152.0445956935));
#2477 = CARTESIAN_POINT('',(6.232409570287,151.17554757455));
#2478 = CARTESIAN_POINT('',(6.28318530718,150.31601222193));
#2479 = ( GEOMETRIC_REPRESENTATION_CONTEXT(2) 
PARAMETRIC_REPRESENTATION_CONTEXT() REPRESENTATION_CONTEXT('2D SPACE',''
  ) );
#2480 = FACE_BOUND('',#2481,.T.);
#2481 = EDGE_LOOP('',(#2482));
#2482 = ORIENTED_EDGE('',*,*,#2483,.T.);
#2483 = EDGE_CURVE('',#2484,#2484,#2486,.T.);
#2484 = VERTEX_POINT('',#2485);
#2485 = CARTESIAN_POINT('',(-124.5886171337,51.652880496704,
    126.51892885304));
#2486 = SURFACE_CURVE('',#2487,(#2658,#2832),.PCURVE_S1.);
#2487 = B_SPLINE_CURVE_WITH_KNOTS('',8,(#2488,#2489,#2490,#2491,#2492,
    #2493,#2494,#2495,#2496,#2497,#2498,#2499,#2500,#2501,#2502,#2503,
    #2504,#2505,#2506,#2507,#2508,#2509,#2510,#2511,#2512,#2513,#2514,
    #2515,#2516,#2517,#2518,#2519,#2520,#2521,#2522,#2523,#2524,#2525,
    #2526,#2527,#2528,#2529,#2530,#2531,#2532,#2533,#2534,#2535,#2536,
    #2537,#2538,#2539,#2540,#2541,#2542,#2543,#2544,#2545,#2546,#2547,
    #2548,#2549,#2550,#2551,#2552,#2553,#2554,#2555,#2556,#2557,#2558,
    #2559,#2560,#2561,#2562,#2563,#2564,#2565,#2566,#2567,#2568,#2569,
    #2570,#2571,#2572,#2573,#2574,#2575,#2576,#2577,#2578,#2579,#2580,
    #2581,#2582,#2583,#2584,#2585,#2586,#2587,#2588,#2589,#2590,#2591,
    #2592,#2593,#2594,#2595,#2596,#2597,#2598,#2599,#2600,#2601,#2602,
    #2603,#2604,#2605,#2606,#2607,#2608,#2609,#2610,#2611,#2612,#2613,
    #2614,#2615,#2616,#2617,#2618,#2619,#2620,#2621,#2622,#2623,#2624,
    #2625,#2626,#2627,#2628,#2629,#2630,#2631,#2632,#2633,#2634,#2635,
    #2636,#2637,#2638,#2639,#2640,#2641,#2642,#2643,#2644,#2645,#2646,
    #2647,#2648,#2649,#2650,#2651,#2652,#2653,#2654,#2655,#2656,#2657),
  .UNSPECIFIED.,.T.,.F.,(9,7,7,7,7,7,7,7,7,7,7,7,7,7,7,7,7,7,7,7,7,7,7,7
    ,9),(0.,4.267473274491E-02,7.412966931247E-02,0.1585536784,
    0.242697096771,0.26746817381,0.294278704454,0.322300265007,
    0.344308720023,0.373663233291,0.400991357151,0.419667941446,
    0.447935655647,0.4753285296,0.500386755217,0.589122592148,
    0.678784902757,0.71218346429,0.752201510102,0.797394601401,
    0.828383616726,0.873640145918,0.912148593721,0.935221993321,1.),
  .UNSPECIFIED.);
#2488 = CARTESIAN_POINT('',(-124.5886171337,51.652880496704,
    126.51892885304));
#2489 = CARTESIAN_POINT('',(-123.3955171607,51.223198503571,
    126.51892885304));
#2490 = CARTESIAN_POINT('',(-122.2209040817,50.786035040319,
    126.47373915672));
#2491 = CARTESIAN_POINT('',(-121.0654433605,50.342129466568,
    126.38580871015));
#2492 = CARTESIAN_POINT('',(-119.9297077031,49.892147813607,
    126.25736180681));
#2493 = CARTESIAN_POINT('',(-118.8141651846,49.436685984197,
    126.09043332612));
#2494 = CARTESIAN_POINT('',(-117.7191742363,48.976271004086,
    125.88688903748));
#2495 = CARTESIAN_POINT('',(-116.6449854911,48.511360325258,
    125.64843096993));
#2496 = CARTESIAN_POINT('',(-114.8154259968,47.696630388004,
    125.17621616076));
#2497 = CARTESIAN_POINT('',(-114.0505118916,47.348700168439,
    124.95771351438));
#2498 = CARTESIAN_POINT('',(-113.2970814823,46.998709412336,
    124.72169835121));
#2499 = CARTESIAN_POINT('',(-112.5552012279,46.646808733506,
    124.46874705935));
#2500 = CARTESIAN_POINT('',(-111.8249292404,46.293138573544,
    124.19939747824));
#2501 = CARTESIAN_POINT('',(-111.1063144943,45.937829213019,
    123.91415120368));
#2502 = CARTESIAN_POINT('',(-110.3993967397,45.581000689755,
    123.61347469154));
#2503 = CARTESIAN_POINT('',(-107.8383411886,44.261263508279,
    122.45053647775));
#2504 = CARTESIAN_POINT('',(-106.0573313224,43.289801399502,
    121.49539405422));
#2505 = CARTESIAN_POINT('',(-104.3613376139,42.310305465463,
    120.44061106667));
#2506 = CARTESIAN_POINT('',(-102.7510128616,41.324587460267,
    119.29285696654));
#2507 = CARTESIAN_POINT('',(-101.2271877885,40.334343161036,
    118.05769462521));
#2508 = CARTESIAN_POINT('',(-99.79088229299,39.341151363448,
    116.7395972743));
#2509 = CARTESIAN_POINT('',(-98.44334744362,38.346472579187,
    115.34193142226));
#2510 = CARTESIAN_POINT('',(-95.93350851159,36.360132457744,
    112.39623226063));
#2511 = CARTESIAN_POINT('',(-94.7712227553,35.368961759743,
    110.8494398137));
#2512 = CARTESIAN_POINT('',(-93.70084402211,34.379294203774,
    109.22804871297));
#2513 = CARTESIAN_POINT('',(-92.72499168747,33.392692205771,
    107.53312074048));
#2514 = CARTESIAN_POINT('',(-91.84733982383,32.411123897814,
    105.765104075));
#2515 = CARTESIAN_POINT('',(-91.0728752026,31.437030894565,
    103.92350846876));
#2516 = CARTESIAN_POINT('',(-90.40799750306,30.473366751081,
    102.00672155657));
#2517 = CARTESIAN_POINT('',(-89.70165348859,29.244363394365,
    99.422358387696));
#2518 = CARTESIAN_POINT('',(-89.55134914923,28.966098197623,
    98.827718709101));
#2519 = CARTESIAN_POINT('',(-89.41163515149,28.689191572948,
    98.226119747666));
#2520 = CARTESIAN_POINT('',(-89.28278505207,28.413761269146,
    97.617459463601));
#2521 = CARTESIAN_POINT('',(-89.16510050662,28.139939088638,
    97.001628948222));
#2522 = CARTESIAN_POINT('',(-89.05891403064,27.867871689456,
    96.378509469813));
#2523 = CARTESIAN_POINT('',(-88.96459335435,27.597721721503,
    95.747968217086));
#2524 = CARTESIAN_POINT('',(-88.79374637462,27.039547566477,
    94.419199906678));
#2525 = CARTESIAN_POINT('',(-88.71932854813,26.751895898335,
    93.719704869632));
#2526 = CARTESIAN_POINT('',(-88.65980733993,26.466934154161,
    93.011156760099));
#2527 = CARTESIAN_POINT('',(-88.61576135801,26.184923293618,
    92.293354446772));
#2528 = CARTESIAN_POINT('',(-88.58783538211,25.906166399889,
    91.566103748533));
#2529 = CARTESIAN_POINT('',(-88.57674708194,25.631011128576,
    90.829210816492));
#2530 = CARTESIAN_POINT('',(-88.58329944197,25.359853580165,
    90.082471685545));
#2531 = CARTESIAN_POINT('',(-88.63463208432,24.814386339397,
    88.534659080699));
#2532 = CARTESIAN_POINT('',(-88.68112214964,24.540528875032,
    87.732771919462));
#2533 = CARTESIAN_POINT('',(-88.74889587773,24.272056107927,
    86.919667137219));
#2534 = CARTESIAN_POINT('',(-88.83911142321,24.009574010003,
    86.095132216121));
#2535 = CARTESIAN_POINT('',(-88.95304928285,23.753809318078,
    85.259070918631));
#2536 = CARTESIAN_POINT('',(-89.09211223569,23.50561140342,
    84.411499631989));
#2537 = CARTESIAN_POINT('',(-89.25783424682,23.265956312889,
    83.552540633537));
#2538 = CARTESIAN_POINT('',(-89.60431849517,22.85530572756,
    81.999003486742));
#2539 = CARTESIAN_POINT('',(-89.77419750404,22.680641285116,
    81.308814326936));
#2540 = CARTESIAN_POINT('',(-89.96233973482,22.512497320882,
    80.611965899729));
#2541 = CARTESIAN_POINT('',(-90.16957097021,22.351496539401,
    79.908755530393));
#2542 = CARTESIAN_POINT('',(-90.39671919298,22.198339755764,
    79.199661537582));
#2543 = CARTESIAN_POINT('',(-90.64458445179,22.053793263246,
    78.485352508051));
#2544 = CARTESIAN_POINT('',(-90.9138978022,21.918670496001,
    77.76670107572));
#2545 = CARTESIAN_POINT('',(-91.59389583723,21.627268437342,
    76.081945432002));
#2546 = CARTESIAN_POINT('',(-92.02202086649,21.478870874946,
    75.112672547273));
#2547 = CARTESIAN_POINT('',(-92.49078520552,21.350810926546,
    74.140548100152));
#2548 = CARTESIAN_POINT('',(-93.00076655963,21.245239261506,
    73.169777632198));
#2549 = CARTESIAN_POINT('',(-93.55176090599,21.164114629893,
    72.205174035766));
#2550 = CARTESIAN_POINT('',(-94.14251079151,21.109010529669,
    71.252120040687));
#2551 = CARTESIAN_POINT('',(-94.77033776514,21.080866628809,
    70.316511337635));
#2552 = CARTESIAN_POINT('',(-96.04535305804,21.078567694238,
    68.555764590198));
#2553 = CARTESIAN_POINT('',(-96.68862085464,21.100819114967,
    67.726895870568));
#2554 = CARTESIAN_POINT('',(-97.35680275623,21.146479560365,
    66.923184717067));
#2555 = CARTESIAN_POINT('',(-98.0460780685,21.214888070766,
    66.148335621447));
#2556 = CARTESIAN_POINT('',(-98.75261076693,21.304878893919,
    65.404920406534));
#2557 = CARTESIAN_POINT('',(-99.47267188602,21.414952681458,
    64.694599986112));
#2558 = CARTESIAN_POINT('',(-100.2027307004,21.543415402072,
    64.018296108325));
#2559 = CARTESIAN_POINT('',(-101.443072796,21.787631632624,
    62.937597866112));
#2560 = CARTESIAN_POINT('',(-101.9499627862,21.894572915817,
    62.514730450468));
#2561 = CARTESIAN_POINT('',(-102.4593554418,22.008790710218,
    62.107685539399));
#2562 = CARTESIAN_POINT('',(-102.9705064086,22.129768857362,
    61.716293631875));
#2563 = CARTESIAN_POINT('',(-103.4827720037,22.257009659146,
    61.340289844462));
#2564 = CARTESIAN_POINT('',(-103.9956100976,22.390045383784,
    60.979339430547));
#2565 = CARTESIAN_POINT('',(-104.5085810714,22.528446686781,
    60.633057088603));
#2566 = CARTESIAN_POINT('',(-105.7974422039,22.888840887828,
    59.798469502344));
#2567 = CARTESIAN_POINT('',(-106.5729105565,23.117217384528,
    59.32865550323));
#2568 = CARTESIAN_POINT('',(-107.3466916835,23.355641615819,
    58.890024353011));
#2569 = CARTESIAN_POINT('',(-108.1179248877,23.602944475942,
    58.481080099471));
#2570 = CARTESIAN_POINT('',(-108.8859500789,23.858103478483,
    58.100383345777));
#2571 = CARTESIAN_POINT('',(-109.6503083814,24.120243227888,
    57.746555190758));
#2572 = CARTESIAN_POINT('',(-110.4107442654,24.388636458584,
    57.418286311011));
#2573 = CARTESIAN_POINT('',(-111.900262771,24.928292824832,
    56.819822361532));
#2574 = CARTESIAN_POINT('',(-112.6294555759,25.199162262457,
    56.54819714765));
#2575 = CARTESIAN_POINT('',(-113.3546670972,25.474756831635,
    56.298378079151));
#2576 = CARTESIAN_POINT('',(-114.0757962003,25.754588319248,
    56.069393196084));
#2577 = CARTESIAN_POINT('',(-114.7927703237,26.038230586355,
    55.860369300878));
#2578 = CARTESIAN_POINT('',(-115.5055524886,26.325314642419,
    55.670513736073));
#2579 = CARTESIAN_POINT('',(-116.2141461313,26.615525629411,
    55.499104681495));
#2580 = CARTESIAN_POINT('',(-117.5630101661,27.176699422828,
    55.204967582349));
#2581 = CARTESIAN_POINT('',(-118.2039222691,27.447180364424,
    55.079342936702));
#2582 = CARTESIAN_POINT('',(-118.8413499434,27.719835073635,
    54.968118153264));
#2583 = CARTESIAN_POINT('',(-119.4753037118,27.994475248126,
    54.87084792415));
#2584 = CARTESIAN_POINT('',(-120.1057927828,28.270931901468,
    54.787130571202));
#2585 = CARTESIAN_POINT('',(-120.732828199,28.549053946713,
    54.71660148746));
#2586 = CARTESIAN_POINT('',(-121.3564250963,28.828707212237,
    54.658928963147));
#2587 = CARTESIAN_POINT('',(-124.1727731708,30.10508326465,
    54.454046242378));
#2588 = CARTESIAN_POINT('',(-126.3251972915,31.117715405043,
    54.451794304435));
#2589 = CARTESIAN_POINT('',(-128.4359205823,32.142900124294,
    54.593412951501));
#2590 = CARTESIAN_POINT('',(-130.5044630142,33.176982174412,
    54.870739534237));
#2591 = CARTESIAN_POINT('',(-132.5296335584,34.216978750597,
    55.27767915831));
#2592 = CARTESIAN_POINT('',(-134.5096583936,35.26054272386,
    55.810136997759));
#2593 = CARTESIAN_POINT('',(-136.4425140872,36.305858512239,
    56.465493028291));
#2594 = CARTESIAN_POINT('',(-140.2288113275,38.408359040209,
    58.028579058657));
#2595 = CARTESIAN_POINT('',(-142.0799717691,39.464864100395,
    58.938359029741));
#2596 = CARTESIAN_POINT('',(-143.8765405418,40.519596974779,
    59.971045233622));
#2597 = CARTESIAN_POINT('',(-145.6141600503,41.570819345276,
    61.126553506101));
#2598 = CARTESIAN_POINT('',(-147.2872075964,42.616623595992,
    62.405475728833));
#2599 = CARTESIAN_POINT('',(-148.8887831709,43.65493486018,
    63.809034466226));
#2600 = CARTESIAN_POINT('',(-150.4106928592,44.683512800404,
    65.339057321083));
#2601 = CARTESIAN_POINT('',(-152.3764069695,46.078560600713,
    67.616843647412));
#2602 = CARTESIAN_POINT('',(-152.8974029642,46.455452847976,
    68.252950391178));
#2603 = CARTESIAN_POINT('',(-153.4053694527,46.830485270221,
    68.90710758247));
#2604 = CARTESIAN_POINT('',(-153.8997234736,47.203504894712,
    69.579448478397));
#2605 = CARTESIAN_POINT('',(-154.3798323504,47.574343965705,
    70.270106534181));
#2606 = CARTESIAN_POINT('',(-154.8450122107,47.942820064844,
    70.979215940478));
#2607 = CARTESIAN_POINT('',(-155.2945250122,48.308736065854,
    71.706913790377));
#2608 = CARTESIAN_POINT('',(-156.2464520294,49.106997691058,
    73.347713932507));
#2609 = CARTESIAN_POINT('',(-156.7416644994,49.538111467465,
    74.268928103184));
#2610 = CARTESIAN_POINT('',(-157.2118649765,49.964873126012,
    75.217260536412));
#2611 = CARTESIAN_POINT('',(-157.6555390429,50.386868994912,
    76.192937232098));
#2612 = CARTESIAN_POINT('',(-158.0710105349,50.803622308473,
    77.196126432704));
#2613 = CARTESIAN_POINT('',(-158.4564390292,51.214594106204,
    78.226936736986));
#2614 = CARTESIAN_POINT('',(-158.8098086537,51.619182579899,
    79.285422936456));
#2615 = CARTESIAN_POINT('',(-159.4892730448,52.465667932809,
    81.598238181714));
#2616 = CARTESIAN_POINT('',(-159.8058576754,52.905532478288,
    82.859944169386));
#2617 = CARTESIAN_POINT('',(-160.0755545646,53.335417960741,
    84.156870414233));
#2618 = CARTESIAN_POINT('',(-160.2947945837,53.754179245306,
    85.488763236431));
#2619 = CARTESIAN_POINT('',(-160.4596174293,54.160443885046,
    86.854908785566));
#2620 = CARTESIAN_POINT('',(-160.565727684,54.552627430388,
    88.254092417531));
#2621 = CARTESIAN_POINT('',(-160.6085365311,54.928942769586,
    89.684571062462));
#2622 = CARTESIAN_POINT('',(-160.5658083451,55.53320091647,
    92.144832814088));
#2623 = CARTESIAN_POINT('',(-160.5163841911,55.770563689322,
    93.159085287702));
#2624 = CARTESIAN_POINT('',(-160.4333688401,55.998834785992,
    94.18598742457));
#2625 = CARTESIAN_POINT('',(-160.3151775535,56.217279942143,
    95.224428005472));
#2626 = CARTESIAN_POINT('',(-160.1602308198,56.425099750868,
    96.273001455088));
#2627 = CARTESIAN_POINT('',(-159.9670111306,56.621444998325,
    97.329994447019));
#2628 = CARTESIAN_POINT('',(-159.7341343882,56.805435245989,
    98.393370830687));
#2629 = CARTESIAN_POINT('',(-159.0607252297,57.225538204843,
    101.01956844302));
#2630 = CARTESIAN_POINT('',(-158.5736092734,57.446860474153,
    102.58826146668));
#2631 = CARTESIAN_POINT('',(-157.9956774387,57.637001628547,
    104.15762980273));
#2632 = CARTESIAN_POINT('',(-157.3248949066,57.793051486052,
    105.71750604758));
#2633 = CARTESIAN_POINT('',(-156.5610226069,57.912481978281,
    107.2568939312));
#2634 = CARTESIAN_POINT('',(-155.7060495233,57.993287299175,
    108.76410553397));
#2635 = CARTESIAN_POINT('',(-154.7648899312,58.03423928529,
    110.22697130553));
#2636 = CARTESIAN_POINT('',(-152.8801411166,58.036349824383,
    112.82973643595));
#2637 = CARTESIAN_POINT('',(-151.9571986694,58.008496521556,
    113.98615322633));
#2638 = CARTESIAN_POINT('',(-150.9831018212,57.951772170111,
    115.09490649628));
#2639 = CARTESIAN_POINT('',(-149.9638498464,57.866778935777,
    116.15039271328));
#2640 = CARTESIAN_POINT('',(-148.9058115238,57.754571004001,
    117.14854295986));
#2641 = CARTESIAN_POINT('',(-147.815532944,57.616540446773,
    118.08657279567));
#2642 = CARTESIAN_POINT('',(-146.6996058656,57.454348921683,
    118.96281643133));
#2643 = CARTESIAN_POINT('',(-144.8844509615,57.159330417887,
    120.26417063007));
#2644 = CARTESIAN_POINT('',(-144.1972674196,57.040755724364,
    120.7294846175));
#2645 = CARTESIAN_POINT('',(-143.5042318738,56.914510686232,
    121.17246651877));
#2646 = CARTESIAN_POINT('',(-142.8064983685,56.780969433592,
    121.59319924333));
#2647 = CARTESIAN_POINT('',(-142.1051369759,56.640505072691,
    121.99187753929));
#2648 = CARTESIAN_POINT('',(-141.4011287203,56.493482888996,
    122.36878447965));
#2649 = CARTESIAN_POINT('',(-140.6953615807,56.340254674687,
    122.72427202614));
#2650 = CARTESIAN_POINT('',(-138.0044890751,55.73448342333,
    123.99777227061));
#2651 = CARTESIAN_POINT('',(-136.0147078754,55.241973205098,
    124.77023308017));
#2652 = CARTESIAN_POINT('',(-134.0341252747,54.710556797408,
    125.38694955576));
#2653 = CARTESIAN_POINT('',(-132.0746849429,54.146358632672,
    125.8591480192));
#2654 = CARTESIAN_POINT('',(-130.1454464935,53.554671220087,
    126.19812950655));
#2655 = CARTESIAN_POINT('',(-128.2526768311,52.939860772511,
    126.41476694165));
#2656 = CARTESIAN_POINT('',(-126.4000038587,52.305231746373,
    126.51892885304));
#2657 = CARTESIAN_POINT('',(-124.5886171337,51.652880496704,
    126.51892885304));
#2658 = PCURVE('',#746,#2659);
#2659 = DEFINITIONAL_REPRESENTATION('',(#2660),#2831);
#2660 = B_SPLINE_CURVE_WITH_KNOTS('',8,(#2661,#2662,#2663,#2664,#2665,
    #2666,#2667,#2668,#2669,#2670,#2671,#2672,#2673,#2674,#2675,#2676,
    #2677,#2678,#2679,#2680,#2681,#2682,#2683,#2684,#2685,#2686,#2687,
    #2688,#2689,#2690,#2691,#2692,#2693,#2694,#2695,#2696,#2697,#2698,
    #2699,#2700,#2701,#2702,#2703,#2704,#2705,#2706,#2707,#2708,#2709,
    #2710,#2711,#2712,#2713,#2714,#2715,#2716,#2717,#2718,#2719,#2720,
    #2721,#2722,#2723,#2724,#2725,#2726,#2727,#2728,#2729,#2730,#2731,
    #2732,#2733,#2734,#2735,#2736,#2737,#2738,#2739,#2740,#2741,#2742,
    #2743,#2744,#2745,#2746,#2747,#2748,#2749,#2750,#2751,#2752,#2753,
    #2754,#2755,#2756,#2757,#2758,#2759,#2760,#2761,#2762,#2763,#2764,
    #2765,#2766,#2767,#2768,#2769,#2770,#2771,#2772,#2773,#2774,#2775,
    #2776,#2777,#2778,#2779,#2780,#2781,#2782,#2783,#2784,#2785,#2786,
    #2787,#2788,#2789,#2790,#2791,#2792,#2793,#2794,#2795,#2796,#2797,
    #2798,#2799,#2800,#2801,#2802,#2803,#2804,#2805,#2806,#2807,#2808,
    #2809,#2810,#2811,#2812,#2813,#2814,#2815,#2816,#2817,#2818,#2819,
    #2820,#2821,#2822,#2823,#2824,#2825,#2826,#2827,#2828,#2829,#2830),
  .UNSPECIFIED.,.F.,.F.,(9,7,7,7,7,7,7,7,7,7,7,7,7,7,7,7,7,7,7,7,7,7,7,7
    ,9),(0.,4.267473274491E-02,7.412966931247E-02,0.1585536784,
    0.242697096771,0.26746817381,0.294278704454,0.322300265007,
    0.344308720023,0.373663233291,0.400991357151,0.419667941446,
    0.447935655647,0.4753285296,0.500386755217,0.589122592148,
    0.678784902757,0.71218346429,0.752201510102,0.797394601401,
    0.828383616726,0.873640145918,0.912148593721,0.935221993321,1.),
  .UNSPECIFIED.);
#2661 = CARTESIAN_POINT('',(3.934677856779,33.652880496704));
#2662 = CARTESIAN_POINT('',(3.939465448941,33.223198503571));
#2663 = CARTESIAN_POINT('',(3.944051882044,32.786035040319));
#2664 = CARTESIAN_POINT('',(3.948442109057,32.342129466568));
#2665 = CARTESIAN_POINT('',(3.952640218058,31.892147813608));
#2666 = CARTESIAN_POINT('',(3.95664969275,31.436685984197));
#2667 = CARTESIAN_POINT('',(3.960473576086,30.976271004086));
#2668 = CARTESIAN_POINT('',(3.964114537029,30.511360325258));
#2669 = CARTESIAN_POINT('',(3.970125380662,29.696630388004));
#2670 = CARTESIAN_POINT('',(3.972577684707,29.348700168439));
#2671 = CARTESIAN_POINT('',(3.974932626999,28.998709412336));
#2672 = CARTESIAN_POINT('',(3.977190899518,28.646808733506));
#2673 = CARTESIAN_POINT('',(3.979353035869,28.293138573544));
#2674 = CARTESIAN_POINT('',(3.981419426816,27.937829213019));
#2675 = CARTESIAN_POINT('',(3.983390327262,27.581000689755));
#2676 = CARTESIAN_POINT('',(3.990299708199,26.261263508279));
#2677 = CARTESIAN_POINT('',(3.994645526402,25.289801399506));
#2678 = CARTESIAN_POINT('',(3.998307095644,24.310305465449));
#2679 = CARTESIAN_POINT('',(4.001278038521,23.324587460286));
#2680 = CARTESIAN_POINT('',(4.003544666873,22.334343161022));
#2681 = CARTESIAN_POINT('',(4.005085708282,21.341151363452));
#2682 = CARTESIAN_POINT('',(4.005871604259,20.346472579187));
#2683 = CARTESIAN_POINT('',(4.005849524896,18.360132457744));
#2684 = CARTESIAN_POINT('',(4.005046838145,17.36896175974));
#2685 = CARTESIAN_POINT('',(4.003412500928,16.379294203783));
#2686 = CARTESIAN_POINT('',(4.000893644461,15.392692205758));
#2687 = CARTESIAN_POINT('',(3.997424949734,14.411123897823));
#2688 = CARTESIAN_POINT('',(3.992924454854,13.437030894562));
#2689 = CARTESIAN_POINT('',(3.987291613721,12.473366751081));
#2690 = CARTESIAN_POINT('',(3.978352468211,11.244363394365));
#2691 = CARTESIAN_POINT('',(3.976209223696,10.966098197623));
#2692 = CARTESIAN_POINT('',(3.973952322735,10.689191572948));
#2693 = CARTESIAN_POINT('',(3.971578040743,10.413761269146));
#2694 = CARTESIAN_POINT('',(3.969082409247,10.139939088638));
#2695 = CARTESIAN_POINT('',(3.966461186373,9.867871689456));
#2696 = CARTESIAN_POINT('',(3.963709812518,9.597721721503));
#2697 = CARTESIAN_POINT('',(3.957699241681,9.039547566477));
#2698 = CARTESIAN_POINT('',(3.954417022438,8.751895898335));
#2699 = CARTESIAN_POINT('',(3.950970375041,8.466934154161));
#2700 = CARTESIAN_POINT('',(3.947352603868,8.184923293618));
#2701 = CARTESIAN_POINT('',(3.943556633866,7.906166399889));
#2702 = CARTESIAN_POINT('',(3.939574965165,7.631011128576));
#2703 = CARTESIAN_POINT('',(3.935399584588,7.359853580165));
#2704 = CARTESIAN_POINT('',(3.926446340788,6.814386339397));
#2705 = CARTESIAN_POINT('',(3.921650458101,6.540528875032));
#2706 = CARTESIAN_POINT('',(3.916623984934,6.272056107927));
#2707 = CARTESIAN_POINT('',(3.911356706276,6.009574010003));
#2708 = CARTESIAN_POINT('',(3.905838571359,5.753809318078));
#2709 = CARTESIAN_POINT('',(3.900059856774,5.50561140342));
#2710 = CARTESIAN_POINT('',(3.894011314463,5.265956312889));
#2711 = CARTESIAN_POINT('',(3.882714998526,4.85530572756));
#2712 = CARTESIAN_POINT('',(3.877574711234,4.680641285116));
#2713 = CARTESIAN_POINT('',(3.872259433459,4.512497320882));
#2714 = CARTESIAN_POINT('',(3.86676642091,4.351496539401));
#2715 = CARTESIAN_POINT('',(3.861094494632,4.198339755764));
#2716 = CARTESIAN_POINT('',(3.855244421759,4.053793263246));
#2717 = CARTESIAN_POINT('',(3.849219376663,3.918670496001));
#2718 = CARTESIAN_POINT('',(3.834764168948,3.627268437342));
#2719 = CARTESIAN_POINT('',(3.826196993585,3.478870874946));
#2720 = CARTESIAN_POINT('',(3.817346201968,3.350810926546));
#2721 = CARTESIAN_POINT('',(3.808244209767,3.245239261506));
#2722 = CARTESIAN_POINT('',(3.798934959951,3.164114629893));
#2723 = CARTESIAN_POINT('',(3.789474941293,3.109010529669));
#2724 = CARTESIAN_POINT('',(3.779933592723,3.080866628809));
#2725 = CARTESIAN_POINT('',(3.761510658457,3.078567694238));
#2726 = CARTESIAN_POINT('',(3.752623104993,3.100819114967));
#2727 = CARTESIAN_POINT('',(3.743796047187,3.146479560365));
#2728 = CARTESIAN_POINT('',(3.735086640155,3.214888070766));
#2729 = CARTESIAN_POINT('',(3.726542784137,3.304878893919));
#2730 = CARTESIAN_POINT('',(3.718203189833,3.414952681458));
#2731 = CARTESIAN_POINT('',(3.710097890379,3.543415402072));
#2732 = CARTESIAN_POINT('',(3.696885014209,3.787631632624));
#2733 = CARTESIAN_POINT('',(3.691638637605,3.894572915817));
#2734 = CARTESIAN_POINT('',(3.686515134852,4.008790710218));
#2735 = CARTESIAN_POINT('',(3.681517882212,4.129768857362));
#2736 = CARTESIAN_POINT('',(3.676648705383,4.257009659146));
#2737 = CARTESIAN_POINT('',(3.67190812187,4.390045383784));
#2738 = CARTESIAN_POINT('',(3.667295548616,4.528446686781));
#2739 = CARTESIAN_POINT('',(3.656019633257,4.888840887828));
#2740 = CARTESIAN_POINT('',(3.64952097201,5.117217384528));
#2741 = CARTESIAN_POINT('',(3.643307154376,5.355641615819));
#2742 = CARTESIAN_POINT('',(3.637370214944,5.602944475942));
#2743 = CARTESIAN_POINT('',(3.631700940402,5.858103478483));
#2744 = CARTESIAN_POINT('',(3.626289216207,6.120243227888));
#2745 = CARTESIAN_POINT('',(3.621124339221,6.388636458584));
#2746 = CARTESIAN_POINT('',(3.611418799328,6.928292824832));
#2747 = CARTESIAN_POINT('',(3.606864622318,7.199162262457));
#2748 = CARTESIAN_POINT('',(3.602523120356,7.474756831635));
#2749 = CARTESIAN_POINT('',(3.598385317878,7.754588319248));
#2750 = CARTESIAN_POINT('',(3.594442763503,8.038230586355));
#2751 = CARTESIAN_POINT('',(3.590687437153,8.325314642419));
#2752 = CARTESIAN_POINT('',(3.587111709426,8.615525629411));
#2753 = CARTESIAN_POINT('',(3.580595059377,9.176699422828));
#2754 = CARTESIAN_POINT('',(3.577626171606,9.447180364423));
#2755 = CARTESIAN_POINT('',(3.574796227269,9.719835073635));
#2756 = CARTESIAN_POINT('',(3.572100185643,9.994475248126));
#2757 = CARTESIAN_POINT('',(3.569533358697,10.270931901468));
#2758 = CARTESIAN_POINT('',(3.56709135984,10.549053946713));
#2759 = CARTESIAN_POINT('',(3.56477007067,10.828707212237));
#2760 = CARTESIAN_POINT('',(3.554759276209,12.10508326465));
#2761 = CARTESIAN_POINT('',(3.548421281953,13.117715405044));
#2762 = CARTESIAN_POINT('',(3.543374171171,14.14290012429));
#2763 = CARTESIAN_POINT('',(3.539495479883,15.176982174417));
#2764 = CARTESIAN_POINT('',(3.536685451237,16.216978750594));
#2765 = CARTESIAN_POINT('',(3.53486578053,17.260542723861));
#2766 = CARTESIAN_POINT('',(3.533973447007,18.305858512239));
#2767 = CARTESIAN_POINT('',(3.533950076452,20.408359040209));
#2768 = CARTESIAN_POINT('',(3.534837523811,21.46486410039));
#2769 = CARTESIAN_POINT('',(3.536573932984,22.519596974795));
#2770 = CARTESIAN_POINT('',(3.539124882667,23.570819345253));
#2771 = CARTESIAN_POINT('',(3.542466190877,24.616623596009));
#2772 = CARTESIAN_POINT('',(3.546583162301,25.654934860174));
#2773 = CARTESIAN_POINT('',(3.551470163661,26.683512800404));
#2774 = CARTESIAN_POINT('',(3.559245252004,28.078560600713));
#2775 = CARTESIAN_POINT('',(3.561463135114,28.455452847976));
#2776 = CARTESIAN_POINT('',(3.563789046638,28.830485270221));
#2777 = CARTESIAN_POINT('',(3.566223452932,29.203504894712));
#2778 = CARTESIAN_POINT('',(3.568766989986,29.574343965705));
#2779 = CARTESIAN_POINT('',(3.571420474403,29.942820064844));
#2780 = CARTESIAN_POINT('',(3.574184927848,30.308736065854));
#2781 = CARTESIAN_POINT('',(3.580508451962,31.106997691058));
#2782 = CARTESIAN_POINT('',(3.584116230708,31.538111467465));
#2783 = CARTESIAN_POINT('',(3.587887217091,31.964873126012));
#2784 = CARTESIAN_POINT('',(3.591823957702,32.386868994912));
#2785 = CARTESIAN_POINT('',(3.595929256335,32.803622308473));
#2786 = CARTESIAN_POINT('',(3.600206219801,33.214594106204));
#2787 = CARTESIAN_POINT('',(3.604658373043,33.619182579899));
#2788 = CARTESIAN_POINT('',(3.614520245664,34.465667932809));
#2789 = CARTESIAN_POINT('',(3.619978286238,34.905532478289));
#2790 = CARTESIAN_POINT('',(3.625670418103,35.335417960741));
#2791 = CARTESIAN_POINT('',(3.631602686374,35.754179245306));
#2792 = CARTESIAN_POINT('',(3.63778055755,36.160443885046));
#2793 = CARTESIAN_POINT('',(3.644208881805,36.552627430388));
#2794 = CARTESIAN_POINT('',(3.650891988492,36.928942769586));
#2795 = CARTESIAN_POINT('',(3.662594011062,37.53320091647));
#2796 = CARTESIAN_POINT('',(3.667475032807,37.770563689322));
#2797 = CARTESIAN_POINT('',(3.672477821696,37.998834785992));
#2798 = CARTESIAN_POINT('',(3.677602337151,38.217279942143));
#2799 = CARTESIAN_POINT('',(3.682847590493,38.425099750868));
#2800 = CARTESIAN_POINT('',(3.688211512901,38.621444998325));
#2801 = CARTESIAN_POINT('',(3.69369075724,38.805435245989));
#2802 = CARTESIAN_POINT('',(3.707443628242,39.225538204843));
#2803 = CARTESIAN_POINT('',(3.715849325518,39.446860474152));
#2804 = CARTESIAN_POINT('',(3.724473380954,39.637001628548));
#2805 = CARTESIAN_POINT('',(3.733286562837,39.793051486052));
#2806 = CARTESIAN_POINT('',(3.742253841671,39.91248197828));
#2807 = CARTESIAN_POINT('',(3.751333358686,39.993287299176));
#2808 = CARTESIAN_POINT('',(3.760474195172,40.03423928529));
#2809 = CARTESIAN_POINT('',(3.777387409746,40.036349824383));
#2810 = CARTESIAN_POINT('',(3.7851663537,40.008496521556));
#2811 = CARTESIAN_POINT('',(3.792910222137,39.951772170112));
#2812 = CARTESIAN_POINT('',(3.800586544966,39.866778935777));
#2813 = CARTESIAN_POINT('',(3.808167375017,39.754571004));
#2814 = CARTESIAN_POINT('',(3.815628290156,39.616540446774));
#2815 = CARTESIAN_POINT('',(3.822947828561,39.454348921683));
#2816 = CARTESIAN_POINT('',(3.834396786832,39.159330417887));
#2817 = CARTESIAN_POINT('',(3.838630296937,39.040755724364));
#2818 = CARTESIAN_POINT('',(3.842804543427,38.914510686232));
#2819 = CARTESIAN_POINT('',(3.846917071035,38.780969433592));
#2820 = CARTESIAN_POINT('',(3.850965975629,38.640505072691));
#2821 = CARTESIAN_POINT('',(3.854949836013,38.493482888996));
#2822 = CARTESIAN_POINT('',(3.858867665301,38.340254674687));
#2823 = CARTESIAN_POINT('',(3.873531078566,37.73448342333));
#2824 = CARTESIAN_POINT('',(3.883807460586,37.241973205099));
#2825 = CARTESIAN_POINT('',(3.893551702787,36.710556797407));
#2826 = CARTESIAN_POINT('',(3.902770741953,36.146358632672));
#2827 = CARTESIAN_POINT('',(3.911475777815,35.554671220088));
#2828 = CARTESIAN_POINT('',(3.919682283141,34.93986077251));
#2829 = CARTESIAN_POINT('',(3.92740924469,34.305231746373));
#2830 = CARTESIAN_POINT('',(3.934677856779,33.652880496704));
#2831 = ( GEOMETRIC_REPRESENTATION_CONTEXT(2) 
PARAMETRIC_REPRESENTATION_CONTEXT() REPRESENTATION_CONTEXT('2D SPACE',''
  ) );
#2832 = PCURVE('',#2833,#2838);
#2833 = CYLINDRICAL_SURFACE('',#2834,36.);
#2834 = AXIS2_PLACEMENT_3D('',#2835,#2836,#2837);
#2835 = CARTESIAN_POINT('',(-124.5886171337,-120.,90.518928853041));
#2836 = DIRECTION('',(0.,1.,0.));
#2837 = DIRECTION('',(0.,-0.,1.));
#2838 = DEFINITIONAL_REPRESENTATION('',(#2839),#3010);
#2839 = B_SPLINE_CURVE_WITH_KNOTS('',8,(#2840,#2841,#2842,#2843,#2844,
    #2845,#2846,#2847,#2848,#2849,#2850,#2851,#2852,#2853,#2854,#2855,
    #2856,#2857,#2858,#2859,#2860,#2861,#2862,#2863,#2864,#2865,#2866,
    #2867,#2868,#2869,#2870,#2871,#2872,#2873,#2874,#2875,#2876,#2877,
    #2878,#2879,#2880,#2881,#2882,#2883,#2884,#2885,#2886,#2887,#2888,
    #2889,#2890,#2891,#2892,#2893,#2894,#2895,#2896,#2897,#2898,#2899,
    #2900,#2901,#2902,#2903,#2904,#2905,#2906,#2907,#2908,#2909,#2910,
    #2911,#2912,#2913,#2914,#2915,#2916,#2917,#2918,#2919,#2920,#2921,
    #2922,#2923,#2924,#2925,#2926,#2927,#2928,#2929,#2930,#2931,#2932,
    #2933,#2934,#2935,#2936,#2937,#2938,#2939,#2940,#2941,#2942,#2943,
    #2944,#2945,#2946,#2947,#2948,#2949,#2950,#2951,#2952,#2953,#2954,
    #2955,#2956,#2957,#2958,#2959,#2960,#2961,#2962,#2963,#2964,#2965,
    #2966,#2967,#2968,#2969,#2970,#2971,#2972,#2973,#2974,#2975,#2976,
    #2977,#2978,#2979,#2980,#2981,#2982,#2983,#2984,#2985,#2986,#2987,
    #2988,#2989,#2990,#2991,#2992,#2993,#2994,#2995,#2996,#2997,#2998,
    #2999,#3000,#3001,#3002,#3003,#3004,#3005,#3006,#3007,#3008,#3009),
  .UNSPECIFIED.,.F.,.F.,(9,7,7,7,7,7,7,7,7,7,7,7,7,7,7,7,7,7,7,7,7,7,7,7
    ,9),(0.,4.267473274491E-02,7.412966931247E-02,0.1585536784,
    0.242697096771,0.26746817381,0.294278704454,0.322300265007,
    0.344308720023,0.373663233291,0.400991357151,0.419667941446,
    0.447935655647,0.4753285296,0.500386755217,0.589122592148,
    0.678784902757,0.71218346429,0.752201510102,0.797394601401,
    0.828383616726,0.873640145918,0.912148593721,0.935221993321,1.),
  .UNSPECIFIED.);
#2840 = CARTESIAN_POINT('',(0.,171.6528804967));
#2841 = CARTESIAN_POINT('',(3.31416659155E-02,171.22319850357));
#2842 = CARTESIAN_POINT('',(6.57698148506E-02,170.78603504031));
#2843 = CARTESIAN_POINT('',(9.792139418738E-02,170.34212946656));
#2844 = CARTESIAN_POINT('',(0.12962881241,169.8921478136));
#2845 = CARTESIAN_POINT('',(0.160921639968,169.43668598419));
#2846 = CARTESIAN_POINT('',(0.191827914904,168.97627100408));
#2847 = CARTESIAN_POINT('',(0.222375053237,168.51136032525));
#2848 = CARTESIAN_POINT('',(0.274861638599,167.696630388));
#2849 = CARTESIAN_POINT('',(0.296951881504,167.34870016843));
#2850 = CARTESIAN_POINT('',(0.318871658827,166.99870941233));
#2851 = CARTESIAN_POINT('',(0.340630869425,166.6468087335));
#2852 = CARTESIAN_POINT('',(0.362238930345,166.29313857354));
#2853 = CARTESIAN_POINT('',(0.3837049332,165.93782921301));
#2854 = CARTESIAN_POINT('',(0.405037771569,165.58100068975));
#2855 = CARTESIAN_POINT('',(0.483169065513,164.26126350827));
#2856 = CARTESIAN_POINT('',(0.539184673493,163.2898013995));
#2857 = CARTESIAN_POINT('',(0.594475410666,162.31030546546));
#2858 = CARTESIAN_POINT('',(0.649191725312,161.32458746026));
#2859 = CARTESIAN_POINT('',(0.703472765318,160.33434316103));
#2860 = CARTESIAN_POINT('',(0.757455372792,159.34115136344));
#2861 = CARTESIAN_POINT('',(0.811283362708,158.34647257918));
#2862 = CARTESIAN_POINT('',(0.918781693931,156.36013245774));
#2863 = CARTESIAN_POINT('',(0.972425489858,155.36896175974));
#2864 = CARTESIAN_POINT('',(1.02622617885,154.37929420377));
#2865 = CARTESIAN_POINT('',(1.080349465203,153.39269220577));
#2866 = CARTESIAN_POINT('',(1.134966497592,152.41112389781));
#2867 = CARTESIAN_POINT('',(1.190273339143,151.43703089456));
#2868 = CARTESIAN_POINT('',(1.246502857345,150.47336675108));
#2869 = CARTESIAN_POINT('',(1.320923743208,149.24436339436));
#2870 = CARTESIAN_POINT('',(1.337957859971,148.96609819762));
#2871 = CARTESIAN_POINT('',(1.35510828017,148.68919157294));
#2872 = CARTESIAN_POINT('',(1.372383523686,148.41376126914));
#2873 = CARTESIAN_POINT('',(1.389792559594,148.13993908863));
#2874 = CARTESIAN_POINT('',(1.407344961017,147.86787168945));
#2875 = CARTESIAN_POINT('',(1.42505111037,147.5977217215));
#2876 = CARTESIAN_POINT('',(1.462265184035,147.03954756647));
#2877 = CARTESIAN_POINT('',(1.481800575685,146.75189589833));
#2878 = CARTESIAN_POINT('',(1.501543640098,146.46693415416));
#2879 = CARTESIAN_POINT('',(1.521509832498,146.18492329361));
#2880 = CARTESIAN_POINT('',(1.541715293677,145.90616639988));
#2881 = CARTESIAN_POINT('',(1.56217726122,145.63101112857));
#2882 = CARTESIAN_POINT('',(1.582914651451,145.35985358016));
#2883 = CARTESIAN_POINT('',(1.625933084371,144.81438633939));
#2884 = CARTESIAN_POINT('',(1.648238296255,144.54052887503));
#2885 = CARTESIAN_POINT('',(1.670890713358,144.27205610792));
#2886 = CARTESIAN_POINT('',(1.693915501652,144.00957401));
#2887 = CARTESIAN_POINT('',(1.717337173126,143.75380931807));
#2888 = CARTESIAN_POINT('',(1.741180247524,143.50561140342));
#2889 = CARTESIAN_POINT('',(1.765470130128,143.26595631288));
#2890 = CARTESIAN_POINT('',(1.8096841945,142.85530572756));
#2891 = CARTESIAN_POINT('',(1.829423576048,142.68064128511));
#2892 = CARTESIAN_POINT('',(1.849465155302,142.51249732088));
#2893 = CARTESIAN_POINT('',(1.869818458628,142.3514965394));
#2894 = CARTESIAN_POINT('',(1.890489778256,142.19833975576));
#2895 = CARTESIAN_POINT('',(1.911481886884,142.05379326324));
#2896 = CARTESIAN_POINT('',(1.932793422336,141.918670496));
#2897 = CARTESIAN_POINT('',(1.983260369308,141.62726843734));
#2898 = CARTESIAN_POINT('',(2.012678722906,141.47887087494));
#2899 = CARTESIAN_POINT('',(2.042629599195,141.35081092654));
#2900 = CARTESIAN_POINT('',(2.073053391459,141.2452392615));
#2901 = CARTESIAN_POINT('',(2.103872075256,141.16411462989));
#2902 = CARTESIAN_POINT('',(2.134985333698,141.10901052966));
#2903 = CARTESIAN_POINT('',(2.16626354666,141.0808666288));
#2904 = CARTESIAN_POINT('',(2.226649989329,141.07856769423));
#2905 = CARTESIAN_POINT('',(2.255778279478,141.10081911496));
#2906 = CARTESIAN_POINT('',(2.284784065923,141.14647956036));
#2907 = CARTESIAN_POINT('',(2.313559513984,141.21488807076));
#2908 = CARTESIAN_POINT('',(2.342018366308,141.30487889391));
#2909 = CARTESIAN_POINT('',(2.370091097881,141.41495268145));
#2910 = CARTESIAN_POINT('',(2.397722011067,141.54341540207));
#2911 = CARTESIAN_POINT('',(2.443419260261,141.78763163262));
#2912 = CARTESIAN_POINT('',(2.461751620322,141.89457291581));
#2913 = CARTESIAN_POINT('',(2.479857402998,142.00879071021));
#2914 = CARTESIAN_POINT('',(2.497732865377,142.12976885736));
#2915 = CARTESIAN_POINT('',(2.515377123516,142.25700965914));
#2916 = CARTESIAN_POINT('',(2.532791754672,142.39004538378));
#2917 = CARTESIAN_POINT('',(2.549980572506,142.52844668678));
#2918 = CARTESIAN_POINT('',(2.592632800405,142.88884088782));
#2919 = CARTESIAN_POINT('',(2.617807191815,143.11721738452));
#2920 = CARTESIAN_POINT('',(2.642497245996,143.35564161581));
#2921 = CARTESIAN_POINT('',(2.666727018159,143.60294447594));
#2922 = CARTESIAN_POINT('',(2.690520895062,143.85810347848));
#2923 = CARTESIAN_POINT('',(2.713904278685,144.12024322788));
#2924 = CARTESIAN_POINT('',(2.73690418072,144.38863645858));
#2925 = CARTESIAN_POINT('',(2.781494431805,144.92829282483));
#2926 = CARTESIAN_POINT('',(2.803102435876,145.19916226245));
#2927 = CARTESIAN_POINT('',(2.824398092222,145.47475683163));
#2928 = CARTESIAN_POINT('',(2.845402906586,145.75458831924));
#2929 = CARTESIAN_POINT('',(2.866136479691,146.03823058635));
#2930 = CARTESIAN_POINT('',(2.886617230468,146.32531464241));
#2931 = CARTESIAN_POINT('',(2.906862901128,146.61552562941));
#2932 = CARTESIAN_POINT('',(2.945211839349,147.17669942282));
#2933 = CARTESIAN_POINT('',(2.96334966871,147.44718036442));
#2934 = CARTESIAN_POINT('',(2.981317077868,147.71983507363));
#2935 = CARTESIAN_POINT('',(2.999125576319,147.99447524812));
#2936 = CARTESIAN_POINT('',(3.016785746114,148.27093190146));
#2937 = CARTESIAN_POINT('',(3.034307488028,148.54905394671));
#2938 = CARTESIAN_POINT('',(3.051700205152,148.82870721223));
#2939 = CARTESIAN_POINT('',(3.130138833193,150.10508326465));
#2940 = CARTESIAN_POINT('',(3.189775368519,151.11771540504));
#2941 = CARTESIAN_POINT('',(3.248315177413,152.14290012429));
#2942 = CARTESIAN_POINT('',(3.306037687993,153.17698217441));
#2943 = CARTESIAN_POINT('',(3.363177511081,154.21697875059));
#2944 = CARTESIAN_POINT('',(3.419936384258,155.26054272386));
#2945 = CARTESIAN_POINT('',(3.476510780635,156.30585851223));
#2946 = CARTESIAN_POINT('',(3.590295572933,158.4083590402));
#2947 = CARTESIAN_POINT('',(3.647469166308,159.46486410039));
#2948 = CARTESIAN_POINT('',(3.704828786193,160.51959697477));
#2949 = CARTESIAN_POINT('',(3.762546284262,161.57081934527));
#2950 = CARTESIAN_POINT('',(3.820784754127,162.61662359599));
#2951 = CARTESIAN_POINT('',(3.879710950166,163.65493486018));
#2952 = CARTESIAN_POINT('',(3.939506813712,164.6835128004));
#2953 = CARTESIAN_POINT('',(4.023082122178,166.07856060071));
#2954 = CARTESIAN_POINT('',(4.045914384408,166.45545284797));
#2955 = CARTESIAN_POINT('',(4.068907554609,166.83048527022));
#2956 = CARTESIAN_POINT('',(4.092072631812,167.20350489471));
#2957 = CARTESIAN_POINT('',(4.115420874668,167.5743439657));
#2958 = CARTESIAN_POINT('',(4.138963985939,167.94282006484));
#2959 = CARTESIAN_POINT('',(4.162714344535,168.30873606585));
#2960 = CARTESIAN_POINT('',(4.215407186661,169.10699769105));
#2961 = CARTESIAN_POINT('',(4.244444191958,169.53811146746));
#2962 = CARTESIAN_POINT('',(4.273820197653,169.96487312601));
#2963 = CARTESIAN_POINT('',(4.303558996973,170.38686899491));
#2964 = CARTESIAN_POINT('',(4.333684708126,170.80362230847));
#2965 = CARTESIAN_POINT('',(4.364222480037,171.2145941062));
#2966 = CARTESIAN_POINT('',(4.39519947539,171.61918257989));
#2967 = CARTESIAN_POINT('',(4.462159398782,172.4656679328));
#2968 = CARTESIAN_POINT('',(4.498264489336,172.90553247828));
#2969 = CARTESIAN_POINT('',(4.535009338268,173.33541796074));
#2970 = CARTESIAN_POINT('',(4.572437133042,173.7541792453));
#2971 = CARTESIAN_POINT('',(4.610587524557,174.16044388504));
#2972 = CARTESIAN_POINT('',(4.649498245318,174.55262743038));
#2973 = CARTESIAN_POINT('',(4.689207134221,174.92894276958));
#2974 = CARTESIAN_POINT('',(4.757558044248,175.53320091647));
#2975 = CARTESIAN_POINT('',(4.785751309801,175.77056368932));
#2976 = CARTESIAN_POINT('',(4.814344877349,175.99883478599));
#2977 = CARTESIAN_POINT('',(4.843345213784,176.21727994214));
#2978 = CARTESIAN_POINT('',(4.872754937652,176.42509975086));
#2979 = CARTESIAN_POINT('',(4.902572574269,176.62144499832));
#2980 = CARTESIAN_POINT('',(4.932791868431,176.80543524598));
#2981 = CARTESIAN_POINT('',(5.008101895317,177.22553820484));
#2982 = CARTESIAN_POINT('',(5.053672040826,177.44686047415));
#2983 = CARTESIAN_POINT('',(5.100022963881,177.63700162854));
#2984 = CARTESIAN_POINT('',(5.147053754435,177.79305148605));
#2985 = CARTESIAN_POINT('',(5.194645697134,177.91248197828));
#2986 = CARTESIAN_POINT('',(5.242655712196,177.99328729917));
#2987 = CARTESIAN_POINT('',(5.290901148971,178.03423928529));
#2988 = CARTESIAN_POINT('',(5.380165392994,178.03634982438));
#2989 = CARTESIAN_POINT('',(5.421219424331,178.00849652155));
#2990 = CARTESIAN_POINT('',(5.46213982426,177.95177217011));
#2991 = CARTESIAN_POINT('',(5.502808400084,177.86677893577));
#2992 = CARTESIAN_POINT('',(5.543127296285,177.754571004));
#2993 = CARTESIAN_POINT('',(5.583011809794,177.61654044677));
#2994 = CARTESIAN_POINT('',(5.622386377981,177.45434892168));
#2995 = CARTESIAN_POINT('',(5.684426725245,177.15933041788));
#2996 = CARTESIAN_POINT('',(5.707471301501,177.04075572436));
#2997 = CARTESIAN_POINT('',(5.73030568481,176.91451068623));
#2998 = CARTESIAN_POINT('',(5.752922906121,176.78096943359));
#2999 = CARTESIAN_POINT('',(5.775318185278,176.64050507269));
#3000 = CARTESIAN_POINT('',(5.797488638785,176.49348288899));
#3001 = CARTESIAN_POINT('',(5.819433116887,176.34025467468));
#3002 = CARTESIAN_POINT('',(5.902127881909,175.73448342333));
#3003 = CARTESIAN_POINT('',(5.961266023857,175.24197320509));
#3004 = CARTESIAN_POINT('',(6.018667952312,174.7105567974));
#3005 = CARTESIAN_POINT('',(6.074425393589,174.14635863267));
#3006 = CARTESIAN_POINT('',(6.128634785604,173.55467122008));
#3007 = CARTESIAN_POINT('',(6.181405884152,172.93986077251));
#3008 = CARTESIAN_POINT('',(6.232869009262,172.30523174637));
#3009 = CARTESIAN_POINT('',(6.28318530718,171.6528804967));
#3010 = ( GEOMETRIC_REPRESENTATION_CONTEXT(2) 
PARAMETRIC_REPRESENTATION_CONTEXT() REPRESENTATION_CONTEXT('2D SPACE',''
  ) );
#3011 = FACE_BOUND('',#3012,.T.);
#3012 = EDGE_LOOP('',(#3013));
#3013 = ORIENTED_EDGE('',*,*,#3014,.T.);
#3014 = EDGE_CURVE('',#3015,#3015,#3017,.T.);
#3015 = VERTEX_POINT('',#3016);
#3016 = CARTESIAN_POINT('',(47.588617133742,57.299605492242,
    182.46270350945));
#3017 = SURFACE_CURVE('',#3018,(#3189,#3363),.PCURVE_S1.);
#3018 = B_SPLINE_CURVE_WITH_KNOTS('',8,(#3019,#3020,#3021,#3022,#3023,
    #3024,#3025,#3026,#3027,#3028,#3029,#3030,#3031,#3032,#3033,#3034,
    #3035,#3036,#3037,#3038,#3039,#3040,#3041,#3042,#3043,#3044,#3045,
    #3046,#3047,#3048,#3049,#3050,#3051,#3052,#3053,#3054,#3055,#3056,
    #3057,#3058,#3059,#3060,#3061,#3062,#3063,#3064,#3065,#3066,#3067,
    #3068,#3069,#3070,#3071,#3072,#3073,#3074,#3075,#3076,#3077,#3078,
    #3079,#3080,#3081,#3082,#3083,#3084,#3085,#3086,#3087,#3088,#3089,
    #3090,#3091,#3092,#3093,#3094,#3095,#3096,#3097,#3098,#3099,#3100,
    #3101,#3102,#3103,#3104,#3105,#3106,#3107,#3108,#3109,#3110,#3111,
    #3112,#3113,#3114,#3115,#3116,#3117,#3118,#3119,#3120,#3121,#3122,
    #3123,#3124,#3125,#3126,#3127,#3128,#3129,#3130,#3131,#3132,#3133,
    #3134,#3135,#3136,#3137,#3138,#3139,#3140,#3141,#3142,#3143,#3144,
    #3145,#3146,#3147,#3148,#3149,#3150,#3151,#3152,#3153,#3154,#3155,
    #3156,#3157,#3158,#3159,#3160,#3161,#3162,#3163,#3164,#3165,#3166,
    #3167,#3168,#3169,#3170,#3171,#3172,#3173,#3174,#3175,#3176,#3177,
    #3178,#3179,#3180,#3181,#3182,#3183,#3184,#3185,#3186,#3187,#3188),
  .UNSPECIFIED.,.T.,.F.,(9,7,7,7,7,7,7,7,7,7,7,7,7,7,7,7,7,7,7,7,7,7,7,7
    ,9),(0.,3.73603074977E-02,8.299231193061E-02,0.113985394593,
    0.159184417527,0.199207715744,0.232610660869,0.322284739739,
    0.406426449383,0.431197023388,0.458007009582,0.486028001092,
    0.508036009175,0.537389926332,0.564717495231,0.583393700254,
    0.611660840413,0.639053158091,0.664110874842,0.752844909786,
    0.83373380316,0.864787885666,0.903156944163,0.946710926304,1.),
  .UNSPECIFIED.);
#3019 = CARTESIAN_POINT('',(47.588617133742,57.299605492242,
    182.46270350945));
#3020 = CARTESIAN_POINT('',(48.946283396742,57.475471207947,
    182.46270350945));
#3021 = CARTESIAN_POINT('',(50.323287051321,57.630148012272,
    182.40418732467));
#3022 = CARTESIAN_POINT('',(51.714394588077,57.761949248721,
    182.28423828312));
#3023 = CARTESIAN_POINT('',(53.113801685833,57.869375241055,
    182.10061058382));
#3024 = CARTESIAN_POINT('',(54.515146725503,57.951167722725,
    181.85189472111));
#3025 = CARTESIAN_POINT('',(55.911524588228,58.006372520585,
    181.53770699242));
#3026 = CARTESIAN_POINT('',(57.295505521354,58.034438348561,
    181.15895833476));
#3027 = CARTESIAN_POINT('',(60.324740702806,58.036529174423,
    180.17998454884));
#3028 = CARTESIAN_POINT('',(61.961399711657,57.997214329571,
    179.54883694688));
#3029 = CARTESIAN_POINT('',(63.554141584829,57.917343824555,
    178.82945240098));
#3030 = CARTESIAN_POINT('',(65.091496162703,57.798148011299,
    178.02890235778));
#3031 = CARTESIAN_POINT('',(66.564720278472,57.641665774796,
    177.15565052121));
#3032 = CARTESIAN_POINT('',(67.967344245052,57.450480033657,
    176.21895147654));
#3033 = CARTESIAN_POINT('',(69.294896722028,57.227574028607,
    175.22847401825));
#3034 = CARTESIAN_POINT('',(71.393457004244,56.805435245988,
    173.49127761697));
#3035 = CARTESIAN_POINT('',(72.206895202367,56.621444998324,
    172.76786956593));
#3036 = CARTESIAN_POINT('',(72.984498107012,56.425099750868,
    172.02631595629));
#3037 = CARTESIAN_POINT('',(73.726188657422,56.217279942143,
    171.26907762065));
#3038 = CARTESIAN_POINT('',(74.432187475772,55.998834785992,
    170.49843263832));
#3039 = CARTESIAN_POINT('',(75.102946237128,55.770563689321,
    169.71644655706));
#3040 = CARTESIAN_POINT('',(75.73909386369,55.53320091647,
    168.92494985812));
#3041 = CARTESIAN_POINT('',(77.219767266667,54.928942769586,
    166.95967128802));
#3042 = CARTESIAN_POINT('',(78.025948433093,54.552627430386,
    165.7772273452));
#3043 = CARTESIAN_POINT('',(78.762522937884,54.160443885045,
    164.58289396587));
#3044 = CARTESIAN_POINT('',(79.432178660986,53.754179245306,
    163.38077856193));
#3045 = CARTESIAN_POINT('',(80.037676718255,53.335417960741,
    162.17438858418));
#3046 = CARTESIAN_POINT('',(80.581801471529,52.905532478286,
    160.96662935754));
#3047 = CARTESIAN_POINT('',(81.067291297512,52.465667932809,
    159.75980399465));
#3048 = CARTESIAN_POINT('',(81.877031750465,51.619182579898,
    157.48931800783));
#3049 = CARTESIAN_POINT('',(82.21331229675,51.214594106205,
    156.42527923026));
#3050 = CARTESIAN_POINT('',(82.507389189539,50.803622308472,
    155.36478699137));
#3051 = CARTESIAN_POINT('',(82.760925509225,50.38686899491,
    154.30898186377));
#3052 = CARTESIAN_POINT('',(82.975474022278,49.964873126011,
    153.2588577629));
#3053 = CARTESIAN_POINT('',(83.152489664083,49.538111467465,
    152.21526380206));
#3054 = CARTESIAN_POINT('',(83.293330463689,49.106997691057,
    151.17890729585));
#3055 = CARTESIAN_POINT('',(83.487643454942,48.308736065854,
    149.29194343458));
#3056 = CARTESIAN_POINT('',(83.551710023607,47.942820064843,
    148.43900651178));
#3057 = CARTESIAN_POINT('',(83.592175662479,47.574343965704,
    147.59189908968));
#3058 = CARTESIAN_POINT('',(83.609718041573,47.203504894712,
    146.75094406798));
#3059 = CARTESIAN_POINT('',(83.60496930057,46.83048527022,
    145.91643485427));
#3060 = CARTESIAN_POINT('',(83.578519728528,46.455452847975,
    145.08863535892));
#3061 = CARTESIAN_POINT('',(83.530919277681,46.078560600713,
    144.26778043079));
#3062 = CARTESIAN_POINT('',(83.279472366827,44.683512800396,
    141.26959481894));
#3063 = CARTESIAN_POINT('',(82.947546434882,43.654934860208,
    139.13722425757));
#3064 = CARTESIAN_POINT('',(82.476835703769,42.616623595928,
    137.06033888306));
#3065 = CARTESIAN_POINT('',(81.875043428116,41.570819345362,
    135.04227639673));
#3066 = CARTESIAN_POINT('',(81.148470437197,40.519596974702,
    133.0861034456));
#3067 = CARTESIAN_POINT('',(80.302013489573,39.464864100437,
    131.19464612772));
#3068 = CARTESIAN_POINT('',(79.339148482792,38.408359040198,
    129.37053386269));
#3069 = CARTESIAN_POINT('',(77.250084638416,36.360132457751,
    125.97053427327));
#3070 = CARTESIAN_POINT('',(76.138163653364,35.368961759719,
    124.38714967802));
#3071 = CARTESIAN_POINT('',(74.92689430067,34.379294203818,
    122.86812160438));
#3072 = CARTESIAN_POINT('',(73.616476962963,33.392692205722,
    121.41626933469));
#3073 = CARTESIAN_POINT('',(72.206202533565,32.411123897851,
    120.03522561489));
#3074 = CARTESIAN_POINT('',(70.694063761241,31.437030894547,
    118.72958165106));
#3075 = CARTESIAN_POINT('',(69.076549586442,30.473366751085,
    117.50492565194));
#3076 = CARTESIAN_POINT('',(66.836946458542,29.244363394365,
    116.03454043541));
#3077 = CARTESIAN_POINT('',(66.317857112557,28.966098197623,
    115.70783874782));
#3078 = CARTESIAN_POINT('',(65.788876499741,28.689191572948,
    115.38905853697));
#3079 = CARTESIAN_POINT('',(65.249823040819,28.413761269146,
    115.07842843871));
#3080 = CARTESIAN_POINT('',(64.700499940754,28.139939088638,
    114.77620168998));
#3081 = CARTESIAN_POINT('',(64.140691526034,27.867871689455,
    114.48265784171));
#3082 = CARTESIAN_POINT('',(63.570157850729,27.597721721503,
    114.19810558515));
#3083 = CARTESIAN_POINT('',(62.359218710642,27.039547566477,
    113.62500846229));
#3084 = CARTESIAN_POINT('',(61.716955770614,26.751895898335,
    113.33807704955));
#3085 = CARTESIAN_POINT('',(61.061479538793,26.46693415416,
    113.06251560946));
#3086 = CARTESIAN_POINT('',(60.392419928238,26.184923293618,
    112.79881227792));
#3087 = CARTESIAN_POINT('',(59.709393013836,25.906166399889,
    112.54752027164));
#3088 = CARTESIAN_POINT('',(59.011992662198,25.631011128576,
    112.30926223247));
#3089 = CARTESIAN_POINT('',(58.299776755135,25.359853580165,
    112.08473881535));
#3090 = CARTESIAN_POINT('',(56.811856832441,24.814386339397,
    111.65525866034));
#3091 = CARTESIAN_POINT('',(56.03485060216,24.540528875032,
    111.45167657952));
#3092 = CARTESIAN_POINT('',(55.240598766825,24.272056107927,
    111.26487002933));
#3093 = CARTESIAN_POINT('',(54.428541320492,24.009574010003,
    111.09587480865));
#3094 = CARTESIAN_POINT('',(53.598191040559,23.753809318078,
    110.94587900325));
#3095 = CARTESIAN_POINT('',(52.749130029659,23.50561140342,
    110.81622179921));
#3096 = CARTESIAN_POINT('',(51.881000559168,23.265956312889,
    110.7083998698));
#3097 = CARTESIAN_POINT('',(50.29642941138,22.85530572756,
    110.55785659223));
#3098 = CARTESIAN_POINT('',(49.587525012742,22.680641285115,
    110.50614095088));
#3099 = CARTESIAN_POINT('',(48.866643628504,22.512497320881,
    110.46973683895));
#3100 = CARTESIAN_POINT('',(48.13381285092,22.351496539401,110.449521501
    ));
#3101 = CARTESIAN_POINT('',(47.389231727316,22.198339755764,
    110.44643020404));
#3102 = CARTESIAN_POINT('',(46.633288892843,22.053793263246,
    110.46143044424));
#3103 = CARTESIAN_POINT('',(45.86658836309,21.918670496001,
    110.49548715545));
#3104 = CARTESIAN_POINT('',(44.0541595808,21.627268437341,
    110.62158559246));
#3105 = CARTESIAN_POINT('',(43.000028377951,21.478870874946,
    110.72923489776));
#3106 = CARTESIAN_POINT('',(41.930626940758,21.350810926546,
    110.87465330218));
#3107 = CARTESIAN_POINT('',(40.849776456142,21.245239261505,
    111.05968981996));
#3108 = CARTESIAN_POINT('',(39.76211730328,21.164114629893,
    111.28563767938));
#3109 = CARTESIAN_POINT('',(38.673157336838,21.109010529669,
    111.55296432647));
#3110 = CARTESIAN_POINT('',(37.589331378712,21.080866628809,
    111.86094427152));
#3111 = CARTESIAN_POINT('',(35.520760317427,21.078567694238,
    112.52945520646));
#3112 = CARTESIAN_POINT('',(34.533678639379,21.100819114967,
    112.88510471566));
#3113 = CARTESIAN_POINT('',(33.562824346708,21.146479560365,
    113.27222306224));
#3114 = CARTESIAN_POINT('',(32.612901279873,21.214888070766,
    113.68832130088));
#3115 = CARTESIAN_POINT('',(31.687540784516,21.30487889392,
    114.13054589241));
#3116 = CARTESIAN_POINT('',(30.789474797241,21.414952681457,
    114.59586363048));
#3117 = CARTESIAN_POINT('',(29.920671006721,21.543415402072,
    115.08120143161));
#3118 = CARTESIAN_POINT('',(28.509579114942,21.787631632625,
    115.92688274142));
#3119 = CARTESIAN_POINT('',(27.950770682519,21.894572915817,
    116.27829055183));
#3120 = CARTESIAN_POINT('',(27.406236980031,22.008790710219,
    116.6369679613));
#3121 = CARTESIAN_POINT('',(26.876046820507,22.129768857362,
    117.00215466825));
#3122 = CARTESIAN_POINT('',(26.360147193826,22.257009659147,
    117.37315664026));
#3123 = CARTESIAN_POINT('',(25.858387264241,22.390045383785,
    117.74935483922));
#3124 = CARTESIAN_POINT('',(25.37053643791,22.528446686781,
    118.13021209808));
#3125 = CARTESIAN_POINT('',(24.17851648225,22.888840887828,
    119.09809012929));
#3126 = CARTESIAN_POINT('',(23.492063917395,23.117217384529,
    119.69042384927));
#3127 = CARTESIAN_POINT('',(22.835789385552,23.35564161582,
    120.29078895264));
#3128 = CARTESIAN_POINT('',(22.208536121713,23.602944475942,
    120.89790459293));
#3129 = CARTESIAN_POINT('',(21.609139157176,23.858103478483,
    121.51069818916));
#3130 = CARTESIAN_POINT('',(21.036428879436,24.120243227889,
    122.12830722053));
#3131 = CARTESIAN_POINT('',(20.489239010975,24.388636458584,
    122.75008406064));
#3132 = CARTESIAN_POINT('',(19.459779440392,24.928292824832,
    123.98176481062));
#3133 = CARTESIAN_POINT('',(18.976115541849,25.199162262458,
    124.59133157216));
#3134 = CARTESIAN_POINT('',(18.514420804247,25.474756831636,
    125.20385037754));
#3135 = CARTESIAN_POINT('',(18.073802091076,25.754588319248,
    125.81892468982));
#3136 = CARTESIAN_POINT('',(17.653451364822,26.038230586356,
    126.43621566604));
#3137 = CARTESIAN_POINT('',(17.252626190528,26.32531464242,
    127.05544319263));
#3138 = CARTESIAN_POINT('',(16.870639014514,26.615525629412,
    127.67638748309));
#3139 = CARTESIAN_POINT('',(16.174076099853,27.176699422828,
    128.86834005061));
#3140 = CARTESIAN_POINT('',(15.856547230263,27.447180364424,
    129.43906353216));
#3141 = CARTESIAN_POINT('',(15.553790191165,27.719835073636,
    130.01092292717));
#3142 = CARTESIAN_POINT('',(15.265378217834,27.994475248127,
    130.58379063581));
#3143 = CARTESIAN_POINT('',(14.990926446072,28.270931901469,
    131.15755129048));
#3144 = CARTESIAN_POINT('',(14.730084701727,28.549053946714,
    131.73210272348));
#3145 = CARTESIAN_POINT('',(14.48253283276,28.828707212237,
    132.30735682608));
#3146 = CARTESIAN_POINT('',(13.417378368996,30.105083264646,
    134.92255077194));
#3147 = CARTESIAN_POINT('',(12.750101016332,31.11771540507,
    136.9689318707));
#3148 = CARTESIAN_POINT('',(12.232538986222,32.142900124233,
    139.02011157897));
#3149 = CARTESIAN_POINT('',(11.85707747477,33.176982174493,
    141.07311096545));
#3150 = CARTESIAN_POINT('',(11.618287941359,34.216978750535,
    143.12491386733));
#3151 = CARTESIAN_POINT('',(11.51282411583,35.26054272389,
    145.17256791069));
#3152 = CARTESIAN_POINT('',(11.538819482165,36.305858512234,
    147.21333906388));
#3153 = CARTESIAN_POINT('',(11.83980764539,38.304979824088,
    151.09653288314));
#3154 = CARTESIAN_POINT('',(12.092504864338,39.258197580394,
    152.93955473127));
#3155 = CARTESIAN_POINT('',(12.454125427529,40.210102082268,
    154.77147751039));
#3156 = CARTESIAN_POINT('',(12.925455156237,41.159402767435,
    156.58927503391));
#3157 = CARTESIAN_POINT('',(13.508034024075,42.104717045206,
    158.38928057714));
#3158 = CARTESIAN_POINT('',(14.2040368275,43.04457150853,160.16720781705
    ));
#3159 = CARTESIAN_POINT('',(15.01635666711,43.977403331727,
    161.91811001386));
#3160 = CARTESIAN_POINT('',(16.306970452383,45.256351706102,
    164.29587082703));
#3161 = CARTESIAN_POINT('',(16.682702093735,45.609843303988,
    164.95061553754));
#3162 = CARTESIAN_POINT('',(17.076348046666,45.961931515586,
    165.60015078391));
#3163 = CARTESIAN_POINT('',(17.488131937365,46.312505159481,
    166.24410709654));
#3164 = CARTESIAN_POINT('',(17.918290585648,46.661444025097,
    166.88208447835));
#3165 = CARTESIAN_POINT('',(18.367075200278,47.008618898702,
    167.51365140803));
#3166 = CARTESIAN_POINT('',(18.834752574283,47.353891589424,
    168.13834384323));
#3167 = CARTESIAN_POINT('',(19.923141306179,48.121186650137,
    169.51839813443));
#3168 = CARTESIAN_POINT('',(20.55392955836,48.542114402379,
    170.26984992623));
#3169 = CARTESIAN_POINT('',(21.214517924396,48.959631300756,
    171.00910061822));
#3170 = CARTESIAN_POINT('',(21.905470235285,49.373426978748,
    171.73511017331));
#3171 = CARTESIAN_POINT('',(22.627361449219,49.783148910949,
    172.44671820327));
#3172 = CARTESIAN_POINT('',(23.380778522323,50.188402858212,
    173.1426410637));
#3173 = CARTESIAN_POINT('',(24.166327966372,50.5887524615,
    173.82146533872));
#3174 = CARTESIAN_POINT('',(25.913554494721,51.432056359412,
    175.23102112583));
#3175 = CARTESIAN_POINT('',(26.884558055618,51.87339440732,
    175.95626585591));
#3176 = CARTESIAN_POINT('',(27.898658693037,52.307074089733,
    176.65517940031));
#3177 = CARTESIAN_POINT('',(28.956752328266,52.732271892253,
    177.32517264691));
#3178 = CARTESIAN_POINT('',(30.059590396657,53.14800979023,
    177.96328344532));
#3179 = CARTESIAN_POINT('',(31.207756033607,53.553161407242,
    178.56618753288));
#3180 = CARTESIAN_POINT('',(32.401658936831,53.946453366366,
    179.1301968184));
#3181 = CARTESIAN_POINT('',(35.158576387596,54.791408970064,
    180.2887567922));
#3182 = CARTESIAN_POINT('',(36.744011229659,55.236337132031,
    180.8617724634));
#3183 = CARTESIAN_POINT('',(38.398436616598,55.658715060243,
    181.36298343292));
#3184 = CARTESIAN_POINT('',(40.120757902978,56.05524315366,181.783621081
    ));
#3185 = CARTESIAN_POINT('',(41.907869605791,56.42201424511,
    182.11390019132));
#3186 = CARTESIAN_POINT('',(43.754280648947,56.75470260921,
    182.34361297434));
#3187 = CARTESIAN_POINT('',(45.651778335635,57.048716484599,
    182.46270350945));
#3188 = CARTESIAN_POINT('',(47.588617133742,57.299605492242,
    182.46270350945));
#3189 = PCURVE('',#746,#3190);
#3190 = DEFINITIONAL_REPRESENTATION('',(#3191),#3362);
#3191 = B_SPLINE_CURVE_WITH_KNOTS('',8,(#3192,#3193,#3194,#3195,#3196,
    #3197,#3198,#3199,#3200,#3201,#3202,#3203,#3204,#3205,#3206,#3207,
    #3208,#3209,#3210,#3211,#3212,#3213,#3214,#3215,#3216,#3217,#3218,
    #3219,#3220,#3221,#3222,#3223,#3224,#3225,#3226,#3227,#3228,#3229,
    #3230,#3231,#3232,#3233,#3234,#3235,#3236,#3237,#3238,#3239,#3240,
    #3241,#3242,#3243,#3244,#3245,#3246,#3247,#3248,#3249,#3250,#3251,
    #3252,#3253,#3254,#3255,#3256,#3257,#3258,#3259,#3260,#3261,#3262,
    #3263,#3264,#3265,#3266,#3267,#3268,#3269,#3270,#3271,#3272,#3273,
    #3274,#3275,#3276,#3277,#3278,#3279,#3280,#3281,#3282,#3283,#3284,
    #3285,#3286,#3287,#3288,#3289,#3290,#3291,#3292,#3293,#3294,#3295,
    #3296,#3297,#3298,#3299,#3300,#3301,#3302,#3303,#3304,#3305,#3306,
    #3307,#3308,#3309,#3310,#3311,#3312,#3313,#3314,#3315,#3316,#3317,
    #3318,#3319,#3320,#3321,#3322,#3323,#3324,#3325,#3326,#3327,#3328,
    #3329,#3330,#3331,#3332,#3333,#3334,#3335,#3336,#3337,#3338,#3339,
    #3340,#3341,#3342,#3343,#3344,#3345,#3346,#3347,#3348,#3349,#3350,
    #3351,#3352,#3353,#3354,#3355,#3356,#3357,#3358,#3359,#3360,#3361),
  .UNSPECIFIED.,.F.,.F.,(9,7,7,7,7,7,7,7,7,7,7,7,7,7,7,7,7,7,7,7,7,7,7,7
    ,9),(0.,3.73603074977E-02,8.299231193061E-02,0.113985394593,
    0.159184417527,0.199207715744,0.232610660869,0.322284739739,
    0.406426449383,0.431197023388,0.458007009582,0.486028001092,
    0.508036009175,0.537389926332,0.564717495231,0.583393700254,
    0.611660840413,0.639053158091,0.664110874842,0.752844909786,
    0.83373380316,0.864787885666,0.903156944163,0.946710926304,1.),
  .UNSPECIFIED.);
#3192 = CARTESIAN_POINT('',(4.967518265752,39.299605492242));
#3193 = CARTESIAN_POINT('',(4.974485143291,39.475471207947));
#3194 = CARTESIAN_POINT('',(4.981600631687,39.630148012269));
#3195 = CARTESIAN_POINT('',(4.988847313739,39.761949248725));
#3196 = CARTESIAN_POINT('',(4.996205391248,39.869375241055));
#3197 = CARTESIAN_POINT('',(5.00365237654,39.951167722722));
#3198 = CARTESIAN_POINT('',(5.011162615932,40.006372520587));
#3199 = CARTESIAN_POINT('',(5.018706488761,40.034438348561));
#3200 = CARTESIAN_POINT('',(5.035461727527,40.036529174423));
#3201 = CARTESIAN_POINT('',(5.044680228591,39.997214329568));
#3202 = CARTESIAN_POINT('',(5.053838493153,39.917343824559));
#3203 = CARTESIAN_POINT('',(5.062884171056,39.798148011299));
#3204 = CARTESIAN_POINT('',(5.071774219228,39.641665774791));
#3205 = CARTESIAN_POINT('',(5.080472587824,39.45048003366));
#3206 = CARTESIAN_POINT('',(5.088949155239,39.227574028607));
#3207 = CARTESIAN_POINT('',(5.102768672811,38.805435245988));
#3208 = CARTESIAN_POINT('',(5.108247917151,38.621444998324));
#3209 = CARTESIAN_POINT('',(5.113611839558,38.425099750868));
#3210 = CARTESIAN_POINT('',(5.1188570929,38.217279942142));
#3211 = CARTESIAN_POINT('',(5.123981608355,37.998834785992));
#3212 = CARTESIAN_POINT('',(5.128984397244,37.770563689322));
#3213 = CARTESIAN_POINT('',(5.133865418989,37.53320091647));
#3214 = CARTESIAN_POINT('',(5.145567441559,36.928942769586));
#3215 = CARTESIAN_POINT('',(5.152250548246,36.552627430386));
#3216 = CARTESIAN_POINT('',(5.158678872501,36.160443885045));
#3217 = CARTESIAN_POINT('',(5.164856743677,35.754179245307));
#3218 = CARTESIAN_POINT('',(5.170789011948,35.335417960741));
#3219 = CARTESIAN_POINT('',(5.176481143813,34.905532478286));
#3220 = CARTESIAN_POINT('',(5.181939184387,34.465667932809));
#3221 = CARTESIAN_POINT('',(5.191801057008,33.619182579898));
#3222 = CARTESIAN_POINT('',(5.19625321025,33.214594106205));
#3223 = CARTESIAN_POINT('',(5.200530173716,32.803622308472));
#3224 = CARTESIAN_POINT('',(5.20463547235,32.38686899491));
#3225 = CARTESIAN_POINT('',(5.20857221296,31.964873126011));
#3226 = CARTESIAN_POINT('',(5.212343199343,31.538111467465));
#3227 = CARTESIAN_POINT('',(5.215950978089,31.106997691057));
#3228 = CARTESIAN_POINT('',(5.222274502204,30.308736065854));
#3229 = CARTESIAN_POINT('',(5.225038955648,29.942820064842));
#3230 = CARTESIAN_POINT('',(5.227692440065,29.574343965704));
#3231 = CARTESIAN_POINT('',(5.230235977119,29.203504894712));
#3232 = CARTESIAN_POINT('',(5.232670383414,28.83048527022));
#3233 = CARTESIAN_POINT('',(5.234996294938,28.455452847975));
#3234 = CARTESIAN_POINT('',(5.237214178047,28.078560600713));
#3235 = CARTESIAN_POINT('',(5.244989266391,26.683512800396));
#3236 = CARTESIAN_POINT('',(5.24987626775,25.654934860212));
#3237 = CARTESIAN_POINT('',(5.253993239174,24.616623595917));
#3238 = CARTESIAN_POINT('',(5.257334547384,23.570819345377));
#3239 = CARTESIAN_POINT('',(5.259885497068,22.519596974691));
#3240 = CARTESIAN_POINT('',(5.26162190624,21.46486410044));
#3241 = CARTESIAN_POINT('',(5.2625093536,20.408359040198));
#3242 = CARTESIAN_POINT('',(5.262486586332,18.360132457751));
#3243 = CARTESIAN_POINT('',(5.261683899581,17.368961759713));
#3244 = CARTESIAN_POINT('',(5.260049562363,16.379294203836));
#3245 = CARTESIAN_POINT('',(5.257530705897,15.392692205697));
#3246 = CARTESIAN_POINT('',(5.25406201117,14.411123897867));
#3247 = CARTESIAN_POINT('',(5.24956151629,13.437030894542));
#3248 = CARTESIAN_POINT('',(5.243928675157,12.473366751085));
#3249 = CARTESIAN_POINT('',(5.234989529646,11.244363394365));
#3250 = CARTESIAN_POINT('',(5.232846285132,10.966098197623));
#3251 = CARTESIAN_POINT('',(5.230589384171,10.689191572948));
#3252 = CARTESIAN_POINT('',(5.228215102179,10.413761269146));
#3253 = CARTESIAN_POINT('',(5.225719470683,10.139939088638));
#3254 = CARTESIAN_POINT('',(5.223098247808,9.867871689455));
#3255 = CARTESIAN_POINT('',(5.220346873954,9.597721721503));
#3256 = CARTESIAN_POINT('',(5.214336303117,9.039547566477));
#3257 = CARTESIAN_POINT('',(5.211054083874,8.751895898335));
#3258 = CARTESIAN_POINT('',(5.207607436477,8.46693415416));
#3259 = CARTESIAN_POINT('',(5.203989665304,8.184923293618));
#3260 = CARTESIAN_POINT('',(5.200193695302,7.906166399889));
#3261 = CARTESIAN_POINT('',(5.196212026601,7.631011128576));
#3262 = CARTESIAN_POINT('',(5.192036646024,7.359853580165));
#3263 = CARTESIAN_POINT('',(5.183083402224,6.814386339397));
#3264 = CARTESIAN_POINT('',(5.178287519537,6.540528875032));
#3265 = CARTESIAN_POINT('',(5.17326104637,6.272056107927));
#3266 = CARTESIAN_POINT('',(5.167993767711,6.009574010003));
#3267 = CARTESIAN_POINT('',(5.162475632795,5.753809318078));
#3268 = CARTESIAN_POINT('',(5.15669691821,5.50561140342));
#3269 = CARTESIAN_POINT('',(5.150648375899,5.265956312889));
#3270 = CARTESIAN_POINT('',(5.139352059962,4.85530572756));
#3271 = CARTESIAN_POINT('',(5.13421177267,4.680641285115));
#3272 = CARTESIAN_POINT('',(5.128896494895,4.512497320881));
#3273 = CARTESIAN_POINT('',(5.123403482345,4.351496539401));
#3274 = CARTESIAN_POINT('',(5.117731556068,4.198339755764));
#3275 = CARTESIAN_POINT('',(5.111881483194,4.053793263246));
#3276 = CARTESIAN_POINT('',(5.105856438099,3.918670496001));
#3277 = CARTESIAN_POINT('',(5.091401230384,3.627268437341));
#3278 = CARTESIAN_POINT('',(5.082834055021,3.478870874946));
#3279 = CARTESIAN_POINT('',(5.073983263404,3.350810926546));
#3280 = CARTESIAN_POINT('',(5.064881271203,3.245239261505));
#3281 = CARTESIAN_POINT('',(5.055572021387,3.164114629893));
#3282 = CARTESIAN_POINT('',(5.046112002729,3.109010529669));
#3283 = CARTESIAN_POINT('',(5.036570654159,3.080866628809));
#3284 = CARTESIAN_POINT('',(5.018147719893,3.078567694238));
#3285 = CARTESIAN_POINT('',(5.009260166429,3.100819114967));
#3286 = CARTESIAN_POINT('',(5.000433108623,3.146479560365));
#3287 = CARTESIAN_POINT('',(4.991723701591,3.214888070766));
#3288 = CARTESIAN_POINT('',(4.983179845573,3.30487889392));
#3289 = CARTESIAN_POINT('',(4.974840251269,3.414952681457));
#3290 = CARTESIAN_POINT('',(4.966734951815,3.543415402072));
#3291 = CARTESIAN_POINT('',(4.953522075645,3.787631632625));
#3292 = CARTESIAN_POINT('',(4.94827569904,3.894572915817));
#3293 = CARTESIAN_POINT('',(4.943152196288,4.008790710219));
#3294 = CARTESIAN_POINT('',(4.938154943648,4.129768857362));
#3295 = CARTESIAN_POINT('',(4.933285766819,4.257009659147));
#3296 = CARTESIAN_POINT('',(4.928545183306,4.390045383785));
#3297 = CARTESIAN_POINT('',(4.923932610051,4.528446686781));
#3298 = CARTESIAN_POINT('',(4.912656694693,4.888840887828));
#3299 = CARTESIAN_POINT('',(4.906158033446,5.117217384529));
#3300 = CARTESIAN_POINT('',(4.899944215812,5.35564161582));
#3301 = CARTESIAN_POINT('',(4.89400727638,5.602944475942));
#3302 = CARTESIAN_POINT('',(4.888338001838,5.858103478483));
#3303 = CARTESIAN_POINT('',(4.882926277642,6.120243227889));
#3304 = CARTESIAN_POINT('',(4.877761400656,6.388636458584));
#3305 = CARTESIAN_POINT('',(4.868055860764,6.928292824832));
#3306 = CARTESIAN_POINT('',(4.863501683754,7.199162262458));
#3307 = CARTESIAN_POINT('',(4.859160181792,7.474756831636));
#3308 = CARTESIAN_POINT('',(4.855022379314,7.754588319249));
#3309 = CARTESIAN_POINT('',(4.851079824939,8.038230586356));
#3310 = CARTESIAN_POINT('',(4.847324498589,8.32531464242));
#3311 = CARTESIAN_POINT('',(4.843748770862,8.615525629412));
#3312 = CARTESIAN_POINT('',(4.837232120813,9.176699422829));
#3313 = CARTESIAN_POINT('',(4.834263233042,9.447180364424));
#3314 = CARTESIAN_POINT('',(4.831433288705,9.719835073636));
#3315 = CARTESIAN_POINT('',(4.828737247079,9.994475248127));
#3316 = CARTESIAN_POINT('',(4.826170420133,10.270931901469));
#3317 = CARTESIAN_POINT('',(4.823728421276,10.549053946714));
#3318 = CARTESIAN_POINT('',(4.821407132106,10.828707212238));
#3319 = CARTESIAN_POINT('',(4.811396337645,12.105083264646));
#3320 = CARTESIAN_POINT('',(4.805058343389,13.117715405069));
#3321 = CARTESIAN_POINT('',(4.800011232607,14.142900124237));
#3322 = CARTESIAN_POINT('',(4.796132541318,15.176982174489));
#3323 = CARTESIAN_POINT('',(4.793322512673,16.216978750538));
#3324 = CARTESIAN_POINT('',(4.791502841965,17.260542723889));
#3325 = CARTESIAN_POINT('',(4.790610508443,18.305858512234));
#3326 = CARTESIAN_POINT('',(4.79058828701,20.304979824088));
#3327 = CARTESIAN_POINT('',(4.79130954526,21.258197580394));
#3328 = CARTESIAN_POINT('',(4.792725952901,22.210102082268));
#3329 = CARTESIAN_POINT('',(4.794810922958,23.159402767435));
#3330 = CARTESIAN_POINT('',(4.797545225171,24.104717045206));
#3331 = CARTESIAN_POINT('',(4.8009158152,25.04457150853));
#3332 = CARTESIAN_POINT('',(4.804916154044,25.977403331727));
#3333 = CARTESIAN_POINT('',(4.811326098256,27.256351706102));
#3334 = CARTESIAN_POINT('',(4.813197229952,27.609843303988));
#3335 = CARTESIAN_POINT('',(4.815161348931,27.961931515586));
#3336 = CARTESIAN_POINT('',(4.817218614561,28.312505159481));
#3337 = CARTESIAN_POINT('',(4.819369317916,28.661444025097));
#3338 = CARTESIAN_POINT('',(4.82161389128,29.008618898702));
#3339 = CARTESIAN_POINT('',(4.823952917643,29.353891589424));
#3340 = CARTESIAN_POINT('',(4.829394758531,30.121186650137));
#3341 = CARTESIAN_POINT('',(4.832547597287,30.542114402379));
#3342 = CARTESIAN_POINT('',(4.835847120862,30.959631300756));
#3343 = CARTESIAN_POINT('',(4.839295062876,31.373426978748));
#3344 = CARTESIAN_POINT('',(4.842893414446,31.783148910949));
#3345 = CARTESIAN_POINT('',(4.846644457901,32.188402858212));
#3346 = CARTESIAN_POINT('',(4.850550845969,32.5887524615));
#3347 = CARTESIAN_POINT('',(4.859229906101,33.432056359412));
#3348 = CARTESIAN_POINT('',(4.864047665575,33.87339440732));
#3349 = CARTESIAN_POINT('',(4.869073915483,34.307074089733));
#3350 = CARTESIAN_POINT('',(4.874313606229,34.732271892253));
#3351 = CARTESIAN_POINT('',(4.879771626141,35.14800979023));
#3352 = CARTESIAN_POINT('',(4.885452838999,35.553161407241));
#3353 = CARTESIAN_POINT('',(4.891362260905,35.946453366366));
#3354 = CARTESIAN_POINT('',(4.90502158796,36.791408970064));
#3355 = CARTESIAN_POINT('',(4.912885482625,37.236337132026));
#3356 = CARTESIAN_POINT('',(4.921107728475,37.65871506026));
#3357 = CARTESIAN_POINT('',(4.929693495429,38.055243153637));
#3358 = CARTESIAN_POINT('',(4.938641540285,38.422014245126));
#3359 = CARTESIAN_POINT('',(4.947942829538,38.754702609205));
#3360 = CARTESIAN_POINT('',(4.957579358756,39.048716484599));
#3361 = CARTESIAN_POINT('',(4.967518265752,39.299605492242));
#3362 = ( GEOMETRIC_REPRESENTATION_CONTEXT(2) 
PARAMETRIC_REPRESENTATION_CONTEXT() REPRESENTATION_CONTEXT('2D SPACE',''
  ) );
#3363 = PCURVE('',#3364,#3369);
#3364 = CYLINDRICAL_SURFACE('',#3365,36.);
#3365 = AXIS2_PLACEMENT_3D('',#3366,#3367,#3368);
#3366 = CARTESIAN_POINT('',(47.588617133742,-120.,146.46270350945));
#3367 = DIRECTION('',(0.,1.,0.));
#3368 = DIRECTION('',(0.,-0.,1.));
#3369 = DEFINITIONAL_REPRESENTATION('',(#3370),#3541);
#3370 = B_SPLINE_CURVE_WITH_KNOTS('',8,(#3371,#3372,#3373,#3374,#3375,
    #3376,#3377,#3378,#3379,#3380,#3381,#3382,#3383,#3384,#3385,#3386,
    #3387,#3388,#3389,#3390,#3391,#3392,#3393,#3394,#3395,#3396,#3397,
    #3398,#3399,#3400,#3401,#3402,#3403,#3404,#3405,#3406,#3407,#3408,
    #3409,#3410,#3411,#3412,#3413,#3414,#3415,#3416,#3417,#3418,#3419,
    #3420,#3421,#3422,#3423,#3424,#3425,#3426,#3427,#3428,#3429,#3430,
    #3431,#3432,#3433,#3434,#3435,#3436,#3437,#3438,#3439,#3440,#3441,
    #3442,#3443,#3444,#3445,#3446,#3447,#3448,#3449,#3450,#3451,#3452,
    #3453,#3454,#3455,#3456,#3457,#3458,#3459,#3460,#3461,#3462,#3463,
    #3464,#3465,#3466,#3467,#3468,#3469,#3470,#3471,#3472,#3473,#3474,
    #3475,#3476,#3477,#3478,#3479,#3480,#3481,#3482,#3483,#3484,#3485,
    #3486,#3487,#3488,#3489,#3490,#3491,#3492,#3493,#3494,#3495,#3496,
    #3497,#3498,#3499,#3500,#3501,#3502,#3503,#3504,#3505,#3506,#3507,
    #3508,#3509,#3510,#3511,#3512,#3513,#3514,#3515,#3516,#3517,#3518,
    #3519,#3520,#3521,#3522,#3523,#3524,#3525,#3526,#3527,#3528,#3529,
    #3530,#3531,#3532,#3533,#3534,#3535,#3536,#3537,#3538,#3539,#3540),
  .UNSPECIFIED.,.F.,.F.,(9,7,7,7,7,7,7,7,7,7,7,7,7,7,7,7,7,7,7,7,7,7,7,7
    ,9),(0.,3.73603074977E-02,8.299231193061E-02,0.113985394593,
    0.159184417527,0.199207715744,0.232610660869,0.322284739739,
    0.406426449383,0.431197023388,0.458007009582,0.486028001092,
    0.508036009175,0.537389926332,0.564717495231,0.583393700254,
    0.611660840413,0.639053158091,0.664110874842,0.752844909786,
    0.83373380316,0.864787885666,0.903156944163,0.946710926304,1.),
  .UNSPECIFIED.);
#3371 = CARTESIAN_POINT('',(0.,177.29960549224));
#3372 = CARTESIAN_POINT('',(3.771295175001E-02,177.47547120794));
#3373 = CARTESIAN_POINT('',(7.596305647397E-02,177.63014801227));
#3374 = CARTESIAN_POINT('',(0.114686653511,177.76194924872));
#3375 = CARTESIAN_POINT('',(0.15381407577,177.86937524105));
#3376 = CARTESIAN_POINT('',(0.193267166525,177.95116772272));
#3377 = CARTESIAN_POINT('',(0.232955842492,178.00637252058));
#3378 = CARTESIAN_POINT('',(0.272772189314,178.03443834856));
#3379 = CARTESIAN_POINT('',(0.36120267161,178.03652917442));
#3380 = CARTESIAN_POINT('',(0.409853744931,177.99721432957));
#3381 = CARTESIAN_POINT('',(0.458272976995,177.91734382455));
#3382 = CARTESIAN_POINT('',(0.506272556934,177.79814801129));
#3383 = CARTESIAN_POINT('',(0.553705381729,177.64166577479));
#3384 = CARTESIAN_POINT('',(0.600449226562,177.45048003365));
#3385 = CARTESIAN_POINT('',(0.646399927889,177.2275740286));
#3386 = CARTESIAN_POINT('',(0.72207490803,176.80543524598));
#3387 = CARTESIAN_POINT('',(0.752294202193,176.62144499832));
#3388 = CARTESIAN_POINT('',(0.78211183881,176.42509975086));
#3389 = CARTESIAN_POINT('',(0.811521562678,176.21727994214));
#3390 = CARTESIAN_POINT('',(0.840521899113,175.99883478599));
#3391 = CARTESIAN_POINT('',(0.86911546666,175.77056368932));
#3392 = CARTESIAN_POINT('',(0.897308732214,175.53320091647));
#3393 = CARTESIAN_POINT('',(0.965659642241,174.92894276958));
#3394 = CARTESIAN_POINT('',(1.005368531143,174.55262743038));
#3395 = CARTESIAN_POINT('',(1.044279251905,174.16044388504));
#3396 = CARTESIAN_POINT('',(1.082429643419,173.7541792453));
#3397 = CARTESIAN_POINT('',(1.119857438194,173.33541796074));
#3398 = CARTESIAN_POINT('',(1.156602287126,172.90553247828));
#3399 = CARTESIAN_POINT('',(1.19270737768,172.4656679328));
#3400 = CARTESIAN_POINT('',(1.259667301072,171.61918257989));
#3401 = CARTESIAN_POINT('',(1.290644296425,171.2145941062));
#3402 = CARTESIAN_POINT('',(1.321182068335,170.80362230847));
#3403 = CARTESIAN_POINT('',(1.351307779489,170.38686899491));
#3404 = CARTESIAN_POINT('',(1.381046578809,169.96487312601));
#3405 = CARTESIAN_POINT('',(1.410422584503,169.53811146746));
#3406 = CARTESIAN_POINT('',(1.439459589801,169.10699769105));
#3407 = CARTESIAN_POINT('',(1.492152431927,168.30873606585));
#3408 = CARTESIAN_POINT('',(1.515902790522,167.94282006484));
#3409 = CARTESIAN_POINT('',(1.539445901794,167.5743439657));
#3410 = CARTESIAN_POINT('',(1.56279414465,167.20350489471));
#3411 = CARTESIAN_POINT('',(1.585959221853,166.83048527022));
#3412 = CARTESIAN_POINT('',(1.608952392054,166.45545284797));
#3413 = CARTESIAN_POINT('',(1.631784654284,166.07856060071));
#3414 = CARTESIAN_POINT('',(1.71535996275,164.68351280039));
#3415 = CARTESIAN_POINT('',(1.775155826294,163.6549348602));
#3416 = CARTESIAN_POINT('',(1.834082022339,162.61662359592));
#3417 = CARTESIAN_POINT('',(1.892320492193,161.57081934536));
#3418 = CARTESIAN_POINT('',(1.950037990275,160.5195969747));
#3419 = CARTESIAN_POINT('',(2.007397610151,159.46486410043));
#3420 = CARTESIAN_POINT('',(2.064571203529,158.40835904019));
#3421 = CARTESIAN_POINT('',(2.175418755367,156.36013245775));
#3422 = CARTESIAN_POINT('',(2.229062551296,155.36896175971));
#3423 = CARTESIAN_POINT('',(2.282863240281,154.37929420381));
#3424 = CARTESIAN_POINT('',(2.336986526645,153.39269220572));
#3425 = CARTESIAN_POINT('',(2.391603559024,152.41112389785));
#3426 = CARTESIAN_POINT('',(2.44691040058,151.43703089454));
#3427 = CARTESIAN_POINT('',(2.503139918781,150.47336675108));
#3428 = CARTESIAN_POINT('',(2.577560804644,149.24436339436));
#3429 = CARTESIAN_POINT('',(2.594594921407,148.96609819762));
#3430 = CARTESIAN_POINT('',(2.611745341606,148.68919157294));
#3431 = CARTESIAN_POINT('',(2.629020585122,148.41376126914));
#3432 = CARTESIAN_POINT('',(2.646429621029,148.13993908863));
#3433 = CARTESIAN_POINT('',(2.663982022453,147.86787168945));
#3434 = CARTESIAN_POINT('',(2.681688171806,147.5977217215));
#3435 = CARTESIAN_POINT('',(2.718902245471,147.03954756647));
#3436 = CARTESIAN_POINT('',(2.738437637121,146.75189589833));
#3437 = CARTESIAN_POINT('',(2.758180701533,146.46693415416));
#3438 = CARTESIAN_POINT('',(2.778146893934,146.18492329361));
#3439 = CARTESIAN_POINT('',(2.798352355113,145.90616639988));
#3440 = CARTESIAN_POINT('',(2.818814322656,145.63101112857));
#3441 = CARTESIAN_POINT('',(2.839551712887,145.35985358016));
#3442 = CARTESIAN_POINT('',(2.882570145807,144.81438633939));
#3443 = CARTESIAN_POINT('',(2.904875357691,144.54052887503));
#3444 = CARTESIAN_POINT('',(2.927527774794,144.27205610792));
#3445 = CARTESIAN_POINT('',(2.950552563088,144.00957401));
#3446 = CARTESIAN_POINT('',(2.973974234562,143.75380931807));
#3447 = CARTESIAN_POINT('',(2.99781730896,143.50561140342));
#3448 = CARTESIAN_POINT('',(3.022107191564,143.26595631288));
#3449 = CARTESIAN_POINT('',(3.066321255936,142.85530572756));
#3450 = CARTESIAN_POINT('',(3.086060637484,142.68064128511));
#3451 = CARTESIAN_POINT('',(3.106102216738,142.51249732088));
#3452 = CARTESIAN_POINT('',(3.126455520064,142.3514965394));
#3453 = CARTESIAN_POINT('',(3.147126839692,142.19833975576));
#3454 = CARTESIAN_POINT('',(3.16811894832,142.05379326324));
#3455 = CARTESIAN_POINT('',(3.189430483772,141.918670496));
#3456 = CARTESIAN_POINT('',(3.239897430744,141.62726843734));
#3457 = CARTESIAN_POINT('',(3.269315784342,141.47887087494));
#3458 = CARTESIAN_POINT('',(3.299266660631,141.35081092654));
#3459 = CARTESIAN_POINT('',(3.329690452895,141.2452392615));
#3460 = CARTESIAN_POINT('',(3.360509136692,141.16411462989));
#3461 = CARTESIAN_POINT('',(3.391622395134,141.10901052966));
#3462 = CARTESIAN_POINT('',(3.422900608096,141.0808666288));
#3463 = CARTESIAN_POINT('',(3.483287050764,141.07856769423));
#3464 = CARTESIAN_POINT('',(3.512415340914,141.10081911496));
#3465 = CARTESIAN_POINT('',(3.541421127359,141.14647956036));
#3466 = CARTESIAN_POINT('',(3.57019657542,141.21488807076));
#3467 = CARTESIAN_POINT('',(3.598655427744,141.30487889392));
#3468 = CARTESIAN_POINT('',(3.626728159317,141.41495268145));
#3469 = CARTESIAN_POINT('',(3.654359072503,141.54341540207));
#3470 = CARTESIAN_POINT('',(3.700056321697,141.78763163262));
#3471 = CARTESIAN_POINT('',(3.718388681758,141.89457291581));
#3472 = CARTESIAN_POINT('',(3.736494464434,142.00879071021));
#3473 = CARTESIAN_POINT('',(3.754369926813,142.12976885736));
#3474 = CARTESIAN_POINT('',(3.772014184952,142.25700965914));
#3475 = CARTESIAN_POINT('',(3.789428816108,142.39004538378));
#3476 = CARTESIAN_POINT('',(3.806617633942,142.52844668678));
#3477 = CARTESIAN_POINT('',(3.849269861841,142.88884088782));
#3478 = CARTESIAN_POINT('',(3.874444253251,143.11721738452));
#3479 = CARTESIAN_POINT('',(3.899134307432,143.35564161582));
#3480 = CARTESIAN_POINT('',(3.923364079595,143.60294447594));
#3481 = CARTESIAN_POINT('',(3.947157956498,143.85810347848));
#3482 = CARTESIAN_POINT('',(3.970541340121,144.12024322788));
#3483 = CARTESIAN_POINT('',(3.993541242156,144.38863645858));
#3484 = CARTESIAN_POINT('',(4.038131493241,144.92829282483));
#3485 = CARTESIAN_POINT('',(4.059739497312,145.19916226245));
#3486 = CARTESIAN_POINT('',(4.081035153658,145.47475683163));
#3487 = CARTESIAN_POINT('',(4.102039968022,145.75458831924));
#3488 = CARTESIAN_POINT('',(4.122773541127,146.03823058635));
#3489 = CARTESIAN_POINT('',(4.143254291904,146.32531464242));
#3490 = CARTESIAN_POINT('',(4.163499962564,146.61552562941));
#3491 = CARTESIAN_POINT('',(4.201848900785,147.17669942282));
#3492 = CARTESIAN_POINT('',(4.219986730146,147.44718036442));
#3493 = CARTESIAN_POINT('',(4.237954139304,147.71983507363));
#3494 = CARTESIAN_POINT('',(4.255762637755,147.99447524812));
#3495 = CARTESIAN_POINT('',(4.27342280755,148.27093190146));
#3496 = CARTESIAN_POINT('',(4.290944549464,148.54905394671));
#3497 = CARTESIAN_POINT('',(4.308337266588,148.82870721223));
#3498 = CARTESIAN_POINT('',(4.386775894629,150.10508326464));
#3499 = CARTESIAN_POINT('',(4.446412429956,151.11771540507));
#3500 = CARTESIAN_POINT('',(4.504952238845,152.14290012423));
#3501 = CARTESIAN_POINT('',(4.562674749435,153.17698217449));
#3502 = CARTESIAN_POINT('',(4.619814572513,154.21697875053));
#3503 = CARTESIAN_POINT('',(4.676573445696,155.26054272389));
#3504 = CARTESIAN_POINT('',(4.733147842071,156.30585851223));
#3505 = CARTESIAN_POINT('',(4.841337875901,158.30497982408));
#3506 = CARTESIAN_POINT('',(4.892922268986,159.25819758039));
#3507 = CARTESIAN_POINT('',(4.944642403194,160.21010208226));
#3508 = CARTESIAN_POINT('',(4.996625022411,161.15940276743));
#3509 = CARTESIAN_POINT('',(5.048991158952,162.1047170452));
#3510 = CARTESIAN_POINT('',(5.101863144951,163.04457150853));
#3511 = CARTESIAN_POINT('',(5.155372713847,163.97740333172));
#3512 = CARTESIAN_POINT('',(5.230523952447,165.2563517061));
#3513 = CARTESIAN_POINT('',(5.251487341141,165.60984330398));
#3514 = CARTESIAN_POINT('',(5.272574752013,165.96193151558));
#3515 = CARTESIAN_POINT('',(5.293794570228,166.31250515948));
#3516 = CARTESIAN_POINT('',(5.315155366198,166.66144402509));
#3517 = CARTESIAN_POINT('',(5.336666021869,167.0086188987));
#3518 = CARTESIAN_POINT('',(5.358335857009,167.35389158942));
#3519 = CARTESIAN_POINT('',(5.407157937927,168.12118665013));
#3520 = CARTESIAN_POINT('',(5.434398245226,168.54211440237));
#3521 = CARTESIAN_POINT('',(5.461914962058,168.95963130075));
#3522 = CARTESIAN_POINT('',(5.48972746143,169.37342697874));
#3523 = CARTESIAN_POINT('',(5.517855524168,169.78314891094));
#3524 = CARTESIAN_POINT('',(5.546319836133,170.18840285821));
#3525 = CARTESIAN_POINT('',(5.575142663143,170.5887524615));
#3526 = CARTESIAN_POINT('',(5.637501442228,171.43205635941));
#3527 = CARTESIAN_POINT('',(5.671143348304,171.87339440732));
#3528 = CARTESIAN_POINT('',(5.705313221588,172.30707408973));
#3529 = CARTESIAN_POINT('',(5.740047773772,172.73227189225));
#3530 = CARTESIAN_POINT('',(5.775382459433,173.14800979023));
#3531 = CARTESIAN_POINT('',(5.811352843663,173.55316140724));
#3532 = CARTESIAN_POINT('',(5.847996506437,173.94645336636));
#3533 = CARTESIAN_POINT('',(5.931064858495,174.79140897006));
#3534 = CARTESIAN_POINT('',(5.977831951146,175.23633713203));
#3535 = CARTESIAN_POINT('',(6.025738611303,175.65871506024));
#3536 = CARTESIAN_POINT('',(6.074836109709,176.05524315366));
#3537 = CARTESIAN_POINT('',(6.125149441667,176.42201424511));
#3538 = CARTESIAN_POINT('',(6.176675964085,176.75470260921));
#3539 = CARTESIAN_POINT('',(6.229384229454,177.04871648459));
#3540 = CARTESIAN_POINT('',(6.28318530718,177.29960549224));
#3541 = ( GEOMETRIC_REPRESENTATION_CONTEXT(2) 
PARAMETRIC_REPRESENTATION_CONTEXT() REPRESENTATION_CONTEXT('2D SPACE',''
  ) );
#3542 = ADVANCED_FACE('',(#3543),#823,.T.);
#3543 = FACE_BOUND('',#3544,.T.);
#3544 = EDGE_LOOP('',(#3545,#3568,#3569,#3570));
#3545 = ORIENTED_EDGE('',*,*,#3546,.F.);
#3546 = EDGE_CURVE('',#786,#3547,#3549,.T.);
#3547 = VERTEX_POINT('',#3548);
#3548 = CARTESIAN_POINT('',(224.84993359893,75.922974767596,0.));
#3549 = SEAM_CURVE('',#3550,(#3554,#3561),.PCURVE_S1.);
#3550 = LINE('',#3551,#3552);
#3551 = CARTESIAN_POINT('',(223.6,74.,0.));
#3552 = VECTOR('',#3553,1.);
#3553 = DIRECTION('',(0.544988350595,0.838443616301,0.));
#3554 = PCURVE('',#823,#3555);
#3555 = DEFINITIONAL_REPRESENTATION('',(#3556),#3560);
#3556 = LINE('',#3557,#3558);
#3557 = CARTESIAN_POINT('',(0.,0.));
#3558 = VECTOR('',#3559,1.);
#3559 = DIRECTION('',(0.,1.));
#3560 = ( GEOMETRIC_REPRESENTATION_CONTEXT(2) 
PARAMETRIC_REPRESENTATION_CONTEXT() REPRESENTATION_CONTEXT('2D SPACE',''
  ) );
#3561 = PCURVE('',#823,#3562);
#3562 = DEFINITIONAL_REPRESENTATION('',(#3563),#3567);
#3563 = LINE('',#3564,#3565);
#3564 = CARTESIAN_POINT('',(6.28318530718,0.));
#3565 = VECTOR('',#3566,1.);
#3566 = DIRECTION('',(0.,1.));
#3567 = ( GEOMETRIC_REPRESENTATION_CONTEXT(2) 
PARAMETRIC_REPRESENTATION_CONTEXT() REPRESENTATION_CONTEXT('2D SPACE',''
  ) );
#3568 = ORIENTED_EDGE('',*,*,#808,.T.);
#3569 = ORIENTED_EDGE('',*,*,#3546,.T.);
#3570 = ORIENTED_EDGE('',*,*,#3571,.F.);
#3571 = EDGE_CURVE('',#3547,#3547,#3572,.T.);
#3572 = SURFACE_CURVE('',#3573,(#3578,#3585),.PCURVE_S1.);
#3573 = CIRCLE('',#3574,224.84993359893);
#3574 = AXIS2_PLACEMENT_3D('',#3575,#3576,#3577);
#3575 = CARTESIAN_POINT('',(0.,75.922974767596,0.));
#3576 = DIRECTION('',(0.,1.,0.));
#3577 = DIRECTION('',(0.,-0.,1.));
#3578 = PCURVE('',#823,#3579);
#3579 = DEFINITIONAL_REPRESENTATION('',(#3580),#3584);
#3580 = LINE('',#3581,#3582);
#3581 = CARTESIAN_POINT('',(-1.570796326795,1.922974767596));
#3582 = VECTOR('',#3583,1.);
#3583 = DIRECTION('',(1.,0.));
#3584 = ( GEOMETRIC_REPRESENTATION_CONTEXT(2) 
PARAMETRIC_REPRESENTATION_CONTEXT() REPRESENTATION_CONTEXT('2D SPACE',''
  ) );
#3585 = PCURVE('',#3586,#3591);
#3586 = CONICAL_SURFACE('',#3587,112.,1.096585730391);
#3587 = AXIS2_PLACEMENT_3D('',#3588,#3589,#3590);
#3588 = CARTESIAN_POINT('',(0.,18.,0.));
#3589 = DIRECTION('',(0.,1.,0.));
#3590 = DIRECTION('',(1.,0.,0.));
#3591 = DEFINITIONAL_REPRESENTATION('',(#3592),#3596);
#3592 = LINE('',#3593,#3594);
#3593 = CARTESIAN_POINT('',(-1.570796326795,57.922974767596));
#3594 = VECTOR('',#3595,1.);
#3595 = DIRECTION('',(1.,0.));
#3596 = ( GEOMETRIC_REPRESENTATION_CONTEXT(2) 
PARAMETRIC_REPRESENTATION_CONTEXT() REPRESENTATION_CONTEXT('2D SPACE',''
  ) );
#3597 = ADVANCED_FACE('',(#3598,#3601,#3632,#3663,#3694,#3725,#3756),
  #856,.F.);
#3598 = FACE_BOUND('',#3599,.T.);
#3599 = EDGE_LOOP('',(#3600));
#3600 = ORIENTED_EDGE('',*,*,#839,.F.);
#3601 = FACE_BOUND('',#3602,.T.);
#3602 = EDGE_LOOP('',(#3603));
#3603 = ORIENTED_EDGE('',*,*,#3604,.T.);
#3604 = EDGE_CURVE('',#3605,#3605,#3607,.T.);
#3605 = VERTEX_POINT('',#3606);
#3606 = CARTESIAN_POINT('',(66.784352885652,18.,57.521672576744));
#3607 = SURFACE_CURVE('',#3608,(#3613,#3620),.PCURVE_S1.);
#3608 = CIRCLE('',#3609,9.);
#3609 = AXIS2_PLACEMENT_3D('',#3610,#3611,#3612);
#3610 = CARTESIAN_POINT('',(66.784352885652,18.,48.521672576744));
#3611 = DIRECTION('',(0.,1.,0.));
#3612 = DIRECTION('',(0.,-0.,1.));
#3613 = PCURVE('',#856,#3614);
#3614 = DEFINITIONAL_REPRESENTATION('',(#3615),#3619);
#3615 = CIRCLE('',#3616,9.);
#3616 = AXIS2_PLACEMENT_2D('',#3617,#3618);
#3617 = CARTESIAN_POINT('',(66.784352885652,-48.52167257674));
#3618 = DIRECTION('',(-0.,-1.));
#3619 = ( GEOMETRIC_REPRESENTATION_CONTEXT(2) 
PARAMETRIC_REPRESENTATION_CONTEXT() REPRESENTATION_CONTEXT('2D SPACE',''
  ) );
#3620 = PCURVE('',#3621,#3626);
#3621 = CYLINDRICAL_SURFACE('',#3622,9.);
#3622 = AXIS2_PLACEMENT_3D('',#3623,#3624,#3625);
#3623 = CARTESIAN_POINT('',(66.784352885652,-120.,48.521672576744));
#3624 = DIRECTION('',(0.,1.,0.));
#3625 = DIRECTION('',(0.,-0.,1.));
#3626 = DEFINITIONAL_REPRESENTATION('',(#3627),#3631);
#3627 = LINE('',#3628,#3629);
#3628 = CARTESIAN_POINT('',(0.,138.));
#3629 = VECTOR('',#3630,1.);
#3630 = DIRECTION('',(1.,0.));
#3631 = ( GEOMETRIC_REPRESENTATION_CONTEXT(2) 
PARAMETRIC_REPRESENTATION_CONTEXT() REPRESENTATION_CONTEXT('2D SPACE',''
  ) );
#3632 = FACE_BOUND('',#3633,.T.);
#3633 = EDGE_LOOP('',(#3634));
#3634 = ORIENTED_EDGE('',*,*,#3635,.T.);
#3635 = EDGE_CURVE('',#3636,#3636,#3638,.T.);
#3636 = VERTEX_POINT('',#3637);
#3637 = CARTESIAN_POINT('',(-25.50935288565,18.,87.509715420165));
#3638 = SURFACE_CURVE('',#3639,(#3644,#3651),.PCURVE_S1.);
#3639 = CIRCLE('',#3640,9.);
#3640 = AXIS2_PLACEMENT_3D('',#3641,#3642,#3643);
#3641 = CARTESIAN_POINT('',(-25.50935288565,18.,78.509715420165));
#3642 = DIRECTION('',(0.,1.,0.));
#3643 = DIRECTION('',(0.,-0.,1.));
#3644 = PCURVE('',#856,#3645);
#3645 = DEFINITIONAL_REPRESENTATION('',(#3646),#3650);
#3646 = CIRCLE('',#3647,9.);
#3647 = AXIS2_PLACEMENT_2D('',#3648,#3649);
#3648 = CARTESIAN_POINT('',(-25.50935288565,-78.50971542016));
#3649 = DIRECTION('',(-0.,-1.));
#3650 = ( GEOMETRIC_REPRESENTATION_CONTEXT(2) 
PARAMETRIC_REPRESENTATION_CONTEXT() REPRESENTATION_CONTEXT('2D SPACE',''
  ) );
#3651 = PCURVE('',#3652,#3657);
#3652 = CYLINDRICAL_SURFACE('',#3653,9.);
#3653 = AXIS2_PLACEMENT_3D('',#3654,#3655,#3656);
#3654 = CARTESIAN_POINT('',(-25.50935288565,-120.,78.509715420165));
#3655 = DIRECTION('',(0.,1.,0.));
#3656 = DIRECTION('',(0.,-0.,1.));
#3657 = DEFINITIONAL_REPRESENTATION('',(#3658),#3662);
#3658 = LINE('',#3659,#3660);
#3659 = CARTESIAN_POINT('',(0.,138.));
#3660 = VECTOR('',#3661,1.);
#3661 = DIRECTION('',(1.,0.));
#3662 = ( GEOMETRIC_REPRESENTATION_CONTEXT(2) 
PARAMETRIC_REPRESENTATION_CONTEXT() REPRESENTATION_CONTEXT('2D SPACE',''
  ) );
#3663 = FACE_BOUND('',#3664,.T.);
#3664 = EDGE_LOOP('',(#3665));
#3665 = ORIENTED_EDGE('',*,*,#3666,.T.);
#3666 = EDGE_CURVE('',#3667,#3667,#3669,.T.);
#3667 = VERTEX_POINT('',#3668);
#3668 = CARTESIAN_POINT('',(-1.397321997827E-14,18.,57.05));
#3669 = SURFACE_CURVE('',#3670,(#3675,#3682),.PCURVE_S1.);
#3670 = CIRCLE('',#3671,57.05);
#3671 = AXIS2_PLACEMENT_3D('',#3672,#3673,#3674);
#3672 = CARTESIAN_POINT('',(0.,18.,0.));
#3673 = DIRECTION('',(0.,1.,0.));
#3674 = DIRECTION('',(0.,-0.,1.));
#3675 = PCURVE('',#856,#3676);
#3676 = DEFINITIONAL_REPRESENTATION('',(#3677),#3681);
#3677 = CIRCLE('',#3678,57.05);
#3678 = AXIS2_PLACEMENT_2D('',#3679,#3680);
#3679 = CARTESIAN_POINT('',(0.,0.));
#3680 = DIRECTION('',(-0.,-1.));
#3681 = ( GEOMETRIC_REPRESENTATION_CONTEXT(2) 
PARAMETRIC_REPRESENTATION_CONTEXT() REPRESENTATION_CONTEXT('2D SPACE',''
  ) );
#3682 = PCURVE('',#3683,#3688);
#3683 = CYLINDRICAL_SURFACE('',#3684,57.05);
#3684 = AXIS2_PLACEMENT_3D('',#3685,#3686,#3687);
#3685 = CARTESIAN_POINT('',(0.,17.,0.));
#3686 = DIRECTION('',(0.,1.,0.));
#3687 = DIRECTION('',(0.,-0.,1.));
#3688 = DEFINITIONAL_REPRESENTATION('',(#3689),#3693);
#3689 = LINE('',#3690,#3691);
#3690 = CARTESIAN_POINT('',(0.,1.));
#3691 = VECTOR('',#3692,1.);
#3692 = DIRECTION('',(1.,0.));
#3693 = ( GEOMETRIC_REPRESENTATION_CONTEXT(2) 
PARAMETRIC_REPRESENTATION_CONTEXT() REPRESENTATION_CONTEXT('2D SPACE',''
  ) );
#3694 = FACE_BOUND('',#3695,.T.);
#3695 = EDGE_LOOP('',(#3696));
#3696 = ORIENTED_EDGE('',*,*,#3697,.T.);
#3697 = EDGE_CURVE('',#3698,#3698,#3700,.T.);
#3698 = VERTEX_POINT('',#3699);
#3699 = CARTESIAN_POINT('',(66.784352885652,18.,-39.52167257674));
#3700 = SURFACE_CURVE('',#3701,(#3706,#3713),.PCURVE_S1.);
#3701 = CIRCLE('',#3702,9.);
#3702 = AXIS2_PLACEMENT_3D('',#3703,#3704,#3705);
#3703 = CARTESIAN_POINT('',(66.784352885652,18.,-48.52167257674));
#3704 = DIRECTION('',(0.,1.,0.));
#3705 = DIRECTION('',(0.,-0.,1.));
#3706 = PCURVE('',#856,#3707);
#3707 = DEFINITIONAL_REPRESENTATION('',(#3708),#3712);
#3708 = CIRCLE('',#3709,9.);
#3709 = AXIS2_PLACEMENT_2D('',#3710,#3711);
#3710 = CARTESIAN_POINT('',(66.784352885652,48.521672576744));
#3711 = DIRECTION('',(-0.,-1.));
#3712 = ( GEOMETRIC_REPRESENTATION_CONTEXT(2) 
PARAMETRIC_REPRESENTATION_CONTEXT() REPRESENTATION_CONTEXT('2D SPACE',''
  ) );
#3713 = PCURVE('',#3714,#3719);
#3714 = CYLINDRICAL_SURFACE('',#3715,9.);
#3715 = AXIS2_PLACEMENT_3D('',#3716,#3717,#3718);
#3716 = CARTESIAN_POINT('',(66.784352885652,-120.,-48.52167257674));
#3717 = DIRECTION('',(0.,1.,0.));
#3718 = DIRECTION('',(0.,-0.,1.));
#3719 = DEFINITIONAL_REPRESENTATION('',(#3720),#3724);
#3720 = LINE('',#3721,#3722);
#3721 = CARTESIAN_POINT('',(0.,138.));
#3722 = VECTOR('',#3723,1.);
#3723 = DIRECTION('',(1.,0.));
#3724 = ( GEOMETRIC_REPRESENTATION_CONTEXT(2) 
PARAMETRIC_REPRESENTATION_CONTEXT() REPRESENTATION_CONTEXT('2D SPACE',''
  ) );
#3725 = FACE_BOUND('',#3726,.T.);
#3726 = EDGE_LOOP('',(#3727));
#3727 = ORIENTED_EDGE('',*,*,#3728,.T.);
#3728 = EDGE_CURVE('',#3729,#3729,#3731,.T.);
#3729 = VERTEX_POINT('',#3730);
#3730 = CARTESIAN_POINT('',(-82.55,18.,9.));
#3731 = SURFACE_CURVE('',#3732,(#3737,#3744),.PCURVE_S1.);
#3732 = CIRCLE('',#3733,9.);
#3733 = AXIS2_PLACEMENT_3D('',#3734,#3735,#3736);
#3734 = CARTESIAN_POINT('',(-82.55,18.,1.010945932696E-14));
#3735 = DIRECTION('',(0.,1.,0.));
#3736 = DIRECTION('',(0.,-0.,1.));
#3737 = PCURVE('',#856,#3738);
#3738 = DEFINITIONAL_REPRESENTATION('',(#3739),#3743);
#3739 = CIRCLE('',#3740,9.);
#3740 = AXIS2_PLACEMENT_2D('',#3741,#3742);
#3741 = CARTESIAN_POINT('',(-82.55,-1.010945932696E-14));
#3742 = DIRECTION('',(-0.,-1.));
#3743 = ( GEOMETRIC_REPRESENTATION_CONTEXT(2) 
PARAMETRIC_REPRESENTATION_CONTEXT() REPRESENTATION_CONTEXT('2D SPACE',''
  ) );
#3744 = PCURVE('',#3745,#3750);
#3745 = CYLINDRICAL_SURFACE('',#3746,9.);
#3746 = AXIS2_PLACEMENT_3D('',#3747,#3748,#3749);
#3747 = CARTESIAN_POINT('',(-82.55,-120.,1.010945932696E-14));
#3748 = DIRECTION('',(0.,1.,0.));
#3749 = DIRECTION('',(0.,-0.,1.));
#3750 = DEFINITIONAL_REPRESENTATION('',(#3751),#3755);
#3751 = LINE('',#3752,#3753);
#3752 = CARTESIAN_POINT('',(0.,138.));
#3753 = VECTOR('',#3754,1.);
#3754 = DIRECTION('',(1.,0.));
#3755 = ( GEOMETRIC_REPRESENTATION_CONTEXT(2) 
PARAMETRIC_REPRESENTATION_CONTEXT() REPRESENTATION_CONTEXT('2D SPACE',''
  ) );
#3756 = FACE_BOUND('',#3757,.T.);
#3757 = EDGE_LOOP('',(#3758));
#3758 = ORIENTED_EDGE('',*,*,#3759,.T.);
#3759 = EDGE_CURVE('',#3760,#3760,#3762,.T.);
#3760 = VERTEX_POINT('',#3761);
#3761 = CARTESIAN_POINT('',(-25.50935288565,18.,-69.50971542016));
#3762 = SURFACE_CURVE('',#3763,(#3768,#3775),.PCURVE_S1.);
#3763 = CIRCLE('',#3764,9.);
#3764 = AXIS2_PLACEMENT_3D('',#3765,#3766,#3767);
#3765 = CARTESIAN_POINT('',(-25.50935288565,18.,-78.50971542016));
#3766 = DIRECTION('',(0.,1.,0.));
#3767 = DIRECTION('',(0.,-0.,1.));
#3768 = PCURVE('',#856,#3769);
#3769 = DEFINITIONAL_REPRESENTATION('',(#3770),#3774);
#3770 = CIRCLE('',#3771,9.);
#3771 = AXIS2_PLACEMENT_2D('',#3772,#3773);
#3772 = CARTESIAN_POINT('',(-25.50935288565,78.509715420165));
#3773 = DIRECTION('',(-0.,-1.));
#3774 = ( GEOMETRIC_REPRESENTATION_CONTEXT(2) 
PARAMETRIC_REPRESENTATION_CONTEXT() REPRESENTATION_CONTEXT('2D SPACE',''
  ) );
#3775 = PCURVE('',#3776,#3781);
#3776 = CYLINDRICAL_SURFACE('',#3777,9.);
#3777 = AXIS2_PLACEMENT_3D('',#3778,#3779,#3780);
#3778 = CARTESIAN_POINT('',(-25.50935288565,-120.,-78.50971542016));
#3779 = DIRECTION('',(0.,1.,0.));
#3780 = DIRECTION('',(0.,-0.,1.));
#3781 = DEFINITIONAL_REPRESENTATION('',(#3782),#3786);
#3782 = LINE('',#3783,#3784);
#3783 = CARTESIAN_POINT('',(0.,138.));
#3784 = VECTOR('',#3785,1.);
#3785 = DIRECTION('',(1.,0.));
#3786 = ( GEOMETRIC_REPRESENTATION_CONTEXT(2) 
PARAMETRIC_REPRESENTATION_CONTEXT() REPRESENTATION_CONTEXT('2D SPACE',''
  ) );
#3787 = ADVANCED_FACE('',(#3788),#985,.F.);
#3788 = FACE_BOUND('',#3789,.F.);
#3789 = EDGE_LOOP('',(#3790,#3907,#3928,#3929,#3930,#3931,#3932,#4078));
#3790 = ORIENTED_EDGE('',*,*,#3791,.F.);
#3791 = EDGE_CURVE('',#3792,#3794,#3796,.T.);
#3792 = VERTEX_POINT('',#3793);
#3793 = CARTESIAN_POINT('',(154.,61.064666539228,36.));
#3794 = VERTEX_POINT('',#3795);
#3795 = CARTESIAN_POINT('',(190.,74.62962962963,0.));
#3796 = SURFACE_CURVE('',#3797,(#3830,#3866),.PCURVE_S1.);
#3797 = B_SPLINE_CURVE_WITH_KNOTS('',7,(#3798,#3799,#3800,#3801,#3802,
    #3803,#3804,#3805,#3806,#3807,#3808,#3809,#3810,#3811,#3812,#3813,
    #3814,#3815,#3816,#3817,#3818,#3819,#3820,#3821,#3822,#3823,#3824,
    #3825,#3826,#3827,#3828,#3829),.UNSPECIFIED.,.F.,.F.,(8,6,6,6,6,8),(
    0.,0.257521430849,0.475439910025,0.662214337294,0.796362385928,1.),
  .UNSPECIFIED.);
#3798 = CARTESIAN_POINT('',(154.,61.064666539228,36.));
#3799 = CARTESIAN_POINT('',(155.66907771651,61.756907264994,36.));
#3800 = CARTESIAN_POINT('',(157.34986578462,62.445705276413,
    35.90971896787));
#3801 = CARTESIAN_POINT('',(159.03996257786,63.130213114063,
    35.726875273839));
#3802 = CARTESIAN_POINT('',(160.73639475319,63.809406016761,
    35.448522290094));
#3803 = CARTESIAN_POINT('',(162.4355932605,64.482091867823,
    35.071163034728));
#3804 = CARTESIAN_POINT('',(164.13337357675,65.146918283851,
    34.590778972791));
#3805 = CARTESIAN_POINT('',(167.25626871639,66.357012204819,
    33.504745728719));
#3806 = CARTESIAN_POINT('',(168.68290786001,66.904844108586,
    32.929810270111));
#3807 = CARTESIAN_POINT('',(170.10196808636,67.444981492707,
    32.274803819743));
#3808 = CARTESIAN_POINT('',(171.50981440794,67.976279268823,
    31.53651886859));
#3809 = CARTESIAN_POINT('',(172.90199773275,68.497341294591,
    30.711543902055));
#3810 = CARTESIAN_POINT('',(174.27324796169,69.006532113169,
    29.796325602684));
#3811 = CARTESIAN_POINT('',(176.76945197313,69.92657855393,
    27.921814485631));
#3812 = CARTESIAN_POINT('',(177.90132933221,70.34098871151,
    26.987715123999));
#3813 = CARTESIAN_POINT('',(179.00923008755,70.744026735606,
    25.982184921567));
#3814 = CARTESIAN_POINT('',(180.08834659685,71.134197610276,
    24.90293513651));
#3815 = CARTESIAN_POINT('',(181.13292978307,71.509712825003,
    23.748034650704));
#3816 = CARTESIAN_POINT('',(182.13635214441,71.868518511085,
    22.516061988899));
#3817 = CARTESIAN_POINT('',(183.77695423572,72.452362732914,
    20.265447255581));
#3818 = CARTESIAN_POINT('',(184.43756786604,72.686571431346,
    19.284637948029));
#3819 = CARTESIAN_POINT('',(185.07019433063,72.910063656024,
    18.263613289697));
#3820 = CARTESIAN_POINT('',(185.67167355684,73.121854561704,
    17.202592114421));
#3821 = CARTESIAN_POINT('',(186.23857248458,73.32087365891,
    16.102276494353));
#3822 = CARTESIAN_POINT('',(186.76729386265,73.505999489272,
    14.963969877014));
#3823 = CARTESIAN_POINT('',(187.99338545305,73.934322747912,
    12.007224092565));
#3824 = CARTESIAN_POINT('',(188.63698496766,74.158185269156,
    10.140129456591));
#3825 = CARTESIAN_POINT('',(189.1708583973,74.34320952128,8.198205528053
    ));
#3826 = CARTESIAN_POINT('',(189.58223532637,74.485407426284,
    6.194490268201));
#3827 = CARTESIAN_POINT('',(189.86083713683,74.581587189489,
    4.145629890296));
#3828 = CARTESIAN_POINT('',(190.,74.62962962963,2.072231516343));
#3829 = CARTESIAN_POINT('',(190.,74.62962962963,4.547893948267E-14));
#3830 = PCURVE('',#985,#3831);
#3831 = DEFINITIONAL_REPRESENTATION('',(#3832),#3865);
#3832 = B_SPLINE_CURVE_WITH_KNOTS('',7,(#3833,#3834,#3835,#3836,#3837,
    #3838,#3839,#3840,#3841,#3842,#3843,#3844,#3845,#3846,#3847,#3848,
    #3849,#3850,#3851,#3852,#3853,#3854,#3855,#3856,#3857,#3858,#3859,
    #3860,#3861,#3862,#3863,#3864),.UNSPECIFIED.,.F.,.F.,(8,6,6,6,6,8),(
    0.,0.257521430849,0.475439910025,0.662214337294,0.796362385928,1.),
  .UNSPECIFIED.);
#3833 = CARTESIAN_POINT('',(0.,181.06466653922));
#3834 = CARTESIAN_POINT('',(4.636326990309E-02,181.75690726499));
#3835 = CARTESIAN_POINT('',(9.305182346097E-02,182.44570527641));
#3836 = CARTESIAN_POINT('',(0.140161754603,183.13021311406));
#3837 = CARTESIAN_POINT('',(0.187783435439,183.80940601676));
#3838 = CARTESIAN_POINT('',(0.236008632646,184.48209186782));
#3839 = CARTESIAN_POINT('',(0.284935574957,185.14691828385));
#3840 = CARTESIAN_POINT('',(0.376778596647,186.35701220481));
#3841 = CARTESIAN_POINT('',(0.419454431836,186.90484410858));
#3842 = CARTESIAN_POINT('',(0.46278386889,187.4449814927));
#3843 = CARTESIAN_POINT('',(0.506837655712,187.97627926882));
#3844 = CARTESIAN_POINT('',(0.551687955242,188.49734129459));
#3845 = CARTESIAN_POINT('',(0.597412294963,189.00653211316));
#3846 = CARTESIAN_POINT('',(0.684125363002,189.92657855393));
#3847 = CARTESIAN_POINT('',(0.724847660364,190.34098871151));
#3848 = CARTESIAN_POINT('',(0.766333514326,190.7440267356));
#3849 = CARTESIAN_POINT('',(0.808635633974,191.13419761027));
#3850 = CARTESIAN_POINT('',(0.851800953384,191.509712825));
#3851 = CARTESIAN_POINT('',(0.895873740658,191.86851851108));
#3852 = CARTESIAN_POINT('',(0.973237928208,192.45236273291));
#3853 = CARTESIAN_POINT('',(1.006063545302,192.68657143134));
#3854 = CARTESIAN_POINT('',(1.039389193825,192.91006365602));
#3855 = CARTESIAN_POINT('',(1.07322089057,193.1218545617));
#3856 = CARTESIAN_POINT('',(1.107557890808,193.32087365891));
#3857 = CARTESIAN_POINT('',(1.142391547619,193.50599948927));
#3858 = CARTESIAN_POINT('',(1.231304939302,193.93432274791));
#3859 = CARTESIAN_POINT('',(1.286061021279,194.15818526915));
#3860 = CARTESIAN_POINT('',(1.341821017869,194.34320952128));
#3861 = CARTESIAN_POINT('',(1.39841553271,194.48540742628));
#3862 = CARTESIAN_POINT('',(1.45563996344,194.58158718948));
#3863 = CARTESIAN_POINT('',(1.51323434023,194.62962962963));
#3864 = CARTESIAN_POINT('',(1.570796326795,194.62962962963));
#3865 = ( GEOMETRIC_REPRESENTATION_CONTEXT(2) 
PARAMETRIC_REPRESENTATION_CONTEXT() REPRESENTATION_CONTEXT('2D SPACE',''
  ) );
#3866 = PCURVE('',#3867,#3872);
#3867 = CONICAL_SURFACE('',#3868,212.,1.168141673243);
#3868 = AXIS2_PLACEMENT_3D('',#3869,#3870,#3871);
#3869 = CARTESIAN_POINT('',(0.,84.,0.));
#3870 = DIRECTION('',(0.,1.,0.));
#3871 = DIRECTION('',(1.,-0.,0.));
#3872 = DEFINITIONAL_REPRESENTATION('',(#3873),#3906);
#3873 = B_SPLINE_CURVE_WITH_KNOTS('',7,(#3874,#3875,#3876,#3877,#3878,
    #3879,#3880,#3881,#3882,#3883,#3884,#3885,#3886,#3887,#3888,#3889,
    #3890,#3891,#3892,#3893,#3894,#3895,#3896,#3897,#3898,#3899,#3900,
    #3901,#3902,#3903,#3904,#3905),.UNSPECIFIED.,.F.,.F.,(8,6,6,6,6,8),(
    0.,0.257521430849,0.475439910025,0.662214337294,0.796362385928,1.),
  .UNSPECIFIED.);
#3874 = CARTESIAN_POINT('',(6.053542864894,-22.93533346077));
#3875 = CARTESIAN_POINT('',(6.055945183693,-22.243092735));
#3876 = CARTESIAN_POINT('',(6.058862617183,-21.55429472358));
#3877 = CARTESIAN_POINT('',(6.062284061772,-20.86978688593));
#3878 = CARTESIAN_POINT('',(6.066203073365,-20.19059398323));
#3879 = CARTESIAN_POINT('',(6.070616895741,-19.51790813217));
#3880 = CARTESIAN_POINT('',(6.075526414531,-18.85308171614));
#3881 = CARTESIAN_POINT('',(6.085517237034,-17.64298779518));
#3882 = CARTESIAN_POINT('',(6.09045519651,-17.09515589141));
#3883 = CARTESIAN_POINT('',(6.095755731809,-16.55501850729));
#3884 = CARTESIAN_POINT('',(6.10142420439,-16.02372073117));
#3885 = CARTESIAN_POINT('',(6.107467204996,-15.5026587054));
#3886 = CARTESIAN_POINT('',(6.113892683813,-14.99346788683));
#3887 = CARTESIAN_POINT('',(6.126556177036,-14.07342144607));
#3888 = CARTESIAN_POINT('',(6.132688382808,-13.65901128849));
#3889 = CARTESIAN_POINT('',(6.139115363394,-13.25597326439));
#3890 = CARTESIAN_POINT('',(6.145843293082,-12.86580238972));
#3891 = CARTESIAN_POINT('',(6.152877116368,-12.49028717499));
#3892 = CARTESIAN_POINT('',(6.160220459219,-12.13148148891));
#3893 = CARTESIAN_POINT('',(6.173374162236,-11.54763726708));
#3894 = CARTESIAN_POINT('',(6.17903268215,-11.31342856865));
#3895 = CARTESIAN_POINT('',(6.184851664993,-11.08993634397));
#3896 = CARTESIAN_POINT('',(6.190829779951,-10.87814543829));
#3897 = CARTESIAN_POINT('',(6.196963912915,-10.67912634109));
#3898 = CARTESIAN_POINT('',(6.203248769998,-10.49400051072));
#3899 = CARTESIAN_POINT('',(6.219433195548,-10.06567725208));
#3900 = CARTESIAN_POINT('',(6.22952855888,-9.841814730844));
#3901 = CARTESIAN_POINT('',(6.239919474397,-9.656790478721));
#3902 = CARTESIAN_POINT('',(6.25055340763,-9.514592573715));
#3903 = CARTESIAN_POINT('',(6.261366203934,-9.418412810512));
#3904 = CARTESIAN_POINT('',(6.272278825515,-9.37037037037));
#3905 = CARTESIAN_POINT('',(6.28318530718,-9.37037037037));
#3906 = ( GEOMETRIC_REPRESENTATION_CONTEXT(2) 
PARAMETRIC_REPRESENTATION_CONTEXT() REPRESENTATION_CONTEXT('2D SPACE',''
  ) );
#3907 = ORIENTED_EDGE('',*,*,#3908,.F.);
#3908 = EDGE_CURVE('',#892,#3792,#3909,.T.);
#3909 = SEAM_CURVE('',#3910,(#3914,#3921),.PCURVE_S1.);
#3910 = LINE('',#3911,#3912);
#3911 = CARTESIAN_POINT('',(154.,-120.,36.));
#3912 = VECTOR('',#3913,1.);
#3913 = DIRECTION('',(0.,1.,0.));
#3914 = PCURVE('',#985,#3915);
#3915 = DEFINITIONAL_REPRESENTATION('',(#3916),#3920);
#3916 = LINE('',#3917,#3918);
#3917 = CARTESIAN_POINT('',(6.28318530718,-0.));
#3918 = VECTOR('',#3919,1.);
#3919 = DIRECTION('',(0.,1.));
#3920 = ( GEOMETRIC_REPRESENTATION_CONTEXT(2) 
PARAMETRIC_REPRESENTATION_CONTEXT() REPRESENTATION_CONTEXT('2D SPACE',''
  ) );
#3921 = PCURVE('',#985,#3922);
#3922 = DEFINITIONAL_REPRESENTATION('',(#3923),#3927);
#3923 = LINE('',#3924,#3925);
#3924 = CARTESIAN_POINT('',(0.,-0.));
#3925 = VECTOR('',#3926,1.);
#3926 = DIRECTION('',(0.,1.));
#3927 = ( GEOMETRIC_REPRESENTATION_CONTEXT(2) 
PARAMETRIC_REPRESENTATION_CONTEXT() REPRESENTATION_CONTEXT('2D SPACE',''
  ) );
#3928 = ORIENTED_EDGE('',*,*,#1036,.T.);
#3929 = ORIENTED_EDGE('',*,*,#1169,.T.);
#3930 = ORIENTED_EDGE('',*,*,#891,.T.);
#3931 = ORIENTED_EDGE('',*,*,#3908,.T.);
#3932 = ORIENTED_EDGE('',*,*,#3933,.F.);
#3933 = EDGE_CURVE('',#3934,#3792,#3936,.T.);
#3934 = VERTEX_POINT('',#3935);
#3935 = CARTESIAN_POINT('',(118.,43.962962962963,0.));
#3936 = SURFACE_CURVE('',#3937,(#3982,#4030),.PCURVE_S1.);
#3937 = B_SPLINE_CURVE_WITH_KNOTS('',7,(#3938,#3939,#3940,#3941,#3942,
    #3943,#3944,#3945,#3946,#3947,#3948,#3949,#3950,#3951,#3952,#3953,
    #3954,#3955,#3956,#3957,#3958,#3959,#3960,#3961,#3962,#3963,#3964,
    #3965,#3966,#3967,#3968,#3969,#3970,#3971,#3972,#3973,#3974,#3975,
    #3976,#3977,#3978,#3979,#3980,#3981),.UNSPECIFIED.,.F.,.F.,(8,6,6,6,
    6,6,6,8),(0.,0.1126203513,0.188983874653,0.302552138064,
    0.408510677576,0.61147431551,0.82600187805,1.),.UNSPECIFIED.);
#3938 = CARTESIAN_POINT('',(118.,43.962962962963,0.));
#3939 = CARTESIAN_POINT('',(118.,43.962962962963,1.246380453533));
#3940 = CARTESIAN_POINT('',(118.05034372045,43.990947478524,
    2.493222649471));
#3941 = CARTESIAN_POINT('',(118.15109853826,44.046954104131,
    3.73042723716));
#3942 = CARTESIAN_POINT('',(118.30032652114,44.129806941749,
    4.949926156646));
#3943 = CARTESIAN_POINT('',(118.49490982495,44.2375769601,6.145339745134
    ));
#3944 = CARTESIAN_POINT('',(118.73105219861,44.36792615358,
    7.311739541615));
#3945 = CARTESIAN_POINT('',(119.19017942536,44.620351516307,
    9.214215846271));
#3946 = CARTESIAN_POINT('',(119.39300451231,44.731624657768,
    9.968266671062));
#3947 = CARTESIAN_POINT('',(119.61197211063,44.851455799214,
    10.706838114886));
#3948 = CARTESIAN_POINT('',(119.84592858451,44.979131897353,
    11.429459713639));
#3949 = CARTESIAN_POINT('',(120.09377960706,45.113976437799,
    12.135914778001));
#3950 = CARTESIAN_POINT('',(120.3545281116,45.255372256434,
    12.826194933607));
#3951 = CARTESIAN_POINT('',(121.03296371721,45.621991089835,
    14.503264201166));
#3952 = CARTESIAN_POINT('',(121.46513404235,45.854446561222,
    15.470453483287));
#3953 = CARTESIAN_POINT('',(121.92097857607,46.098374930951,
    16.402804833987));
#3954 = CARTESIAN_POINT('',(122.39803215991,46.35223978566,
    17.30126659219));
#3955 = CARTESIAN_POINT('',(122.89420039618,46.614739535348,
    18.166955330753));
#3956 = CARTESIAN_POINT('',(123.40777855885,46.884812470962,
    19.001133284382));
#3957 = CARTESIAN_POINT('',(124.43169656151,47.41992097459,
    20.555350489779));
#3958 = CARTESIAN_POINT('',(124.93986093747,47.684036277971,
    21.279161248464));
#3959 = CARTESIAN_POINT('',(125.4608670237,47.953288505043,
    21.977656490468));
#3960 = CARTESIAN_POINT('',(125.99375775957,48.227078703537,
    22.651752265413));
#3961 = CARTESIAN_POINT('',(126.53771327165,48.50489622834,
    23.302286520099));
#3962 = CARTESIAN_POINT('',(127.09204476966,48.786311989807,
    23.930046353155));
#3963 = CARTESIAN_POINT('',(128.73683500584,49.616251158184,
    25.696040399351));
#3964 = CARTESIAN_POINT('',(129.85325409973,50.173316252861,
    26.775189091175));
#3965 = CARTESIAN_POINT('',(131.00160205235,50.739739545869,
    27.778566476359));
#3966 = CARTESIAN_POINT('',(132.17878954209,51.313626148803,
    28.709772285779));
#3967 = CARTESIAN_POINT('',(133.38226898249,51.893463530784,
    29.571677416964));
#3968 = CARTESIAN_POINT('',(134.61005295055,52.478095606175,
    30.366534079508));
#3969 = CARTESIAN_POINT('',(137.18265990731,53.688823530802,
    31.867212097679));
#3970 = CARTESIAN_POINT('',(138.52986605221,54.315242995401,
    32.56520513178));
#3971 = CARTESIAN_POINT('',(139.90042564667,54.944857719229,
    33.192051310988));
#3972 = CARTESIAN_POINT('',(141.29255738121,55.576718791175,
    33.748834899825));
#3973 = CARTESIAN_POINT('',(142.70458306369,56.209989407466,
    34.236104634777));
#3974 = CARTESIAN_POINT('',(144.13493179157,56.843935507474,
    34.653946598138));
#3975 = CARTESIAN_POINT('',(146.75595719795,57.992128723284,
    35.284293298686));
#3976 = CARTESIAN_POINT('',(147.94078702694,58.506330346292,
    35.520659535727));
#3977 = CARTESIAN_POINT('',(149.13582545709,59.020167255215,
    35.710902878791));
#3978 = CARTESIAN_POINT('',(150.34020768594,59.533281008124,
    35.854619746193));
#3979 = CARTESIAN_POINT('',(151.55301784848,60.045311099325,
    35.951232623157));
#3980 = CARTESIAN_POINT('',(152.77328824373,60.555894641992,36.));
#3981 = CARTESIAN_POINT('',(154.,61.064666539228,36.));
#3982 = PCURVE('',#985,#3983);
#3983 = DEFINITIONAL_REPRESENTATION('',(#3984),#4029);
#3984 = B_SPLINE_CURVE_WITH_KNOTS('',7,(#3985,#3986,#3987,#3988,#3989,
    #3990,#3991,#3992,#3993,#3994,#3995,#3996,#3997,#3998,#3999,#4000,
    #4001,#4002,#4003,#4004,#4005,#4006,#4007,#4008,#4009,#4010,#4011,
    #4012,#4013,#4014,#4015,#4016,#4017,#4018,#4019,#4020,#4021,#4022,
    #4023,#4024,#4025,#4026,#4027,#4028),.UNSPECIFIED.,.F.,.F.,(8,6,6,6,
    6,6,6,8),(0.,0.1126203513,0.188983874653,0.302552138064,
    0.408510677576,0.61147431551,0.82600187805,1.),.UNSPECIFIED.);
#3985 = CARTESIAN_POINT('',(4.712388980385,163.96296296296));
#3986 = CARTESIAN_POINT('',(4.74701065965,163.96296296296));
#3987 = CARTESIAN_POINT('',(4.781645164399,163.99094747852));
#3988 = CARTESIAN_POINT('',(4.816079744716,164.04695410413));
#3989 = CARTESIAN_POINT('',(4.850158280998,164.12980694174));
#3990 = CARTESIAN_POINT('',(4.883761077888,164.2375769601));
#3991 = CARTESIAN_POINT('',(4.916795719298,164.36792615358));
#3992 = CARTESIAN_POINT('',(4.971159420055,164.6203515163));
#3993 = CARTESIAN_POINT('',(4.992842459156,164.73162465776));
#3994 = CARTESIAN_POINT('',(5.01423002926,164.85145579921));
#3995 = CARTESIAN_POINT('',(5.035317187284,164.97913189735));
#3996 = CARTESIAN_POINT('',(5.056104137096,165.11397643779));
#3997 = CARTESIAN_POINT('',(5.076595448617,165.25537225643));
#3998 = CARTESIAN_POINT('',(5.126848175641,165.62199108983));
#3999 = CARTESIAN_POINT('',(5.156255757616,165.85444656122));
#4000 = CARTESIAN_POINT('',(5.1850571618,166.09837493095));
#4001 = CARTESIAN_POINT('',(5.213286969361,166.35223978566));
#4002 = CARTESIAN_POINT('',(5.240981392011,166.61473953534));
#4003 = CARTESIAN_POINT('',(5.268179693427,166.88481247096));
#4004 = CARTESIAN_POINT('',(5.319879199103,167.41992097459));
#4005 = CARTESIAN_POINT('',(5.34443464811,167.68403627797));
#4006 = CARTESIAN_POINT('',(5.368624482058,167.95328850504));
#4007 = CARTESIAN_POINT('',(5.392477088949,168.22707870353));
#4008 = CARTESIAN_POINT('',(5.416018474181,168.50489622834));
#4009 = CARTESIAN_POINT('',(5.439273516609,168.7863119898));
#4010 = CARTESIAN_POINT('',(5.506309932754,169.61625115818));
#4011 = CARTESIAN_POINT('',(5.549381764431,170.17331625286));
#4012 = CARTESIAN_POINT('',(5.591657358156,170.73973954586));
#4013 = CARTESIAN_POINT('',(5.633263489951,171.3136261488));
#4014 = CARTESIAN_POINT('',(5.674309495901,171.89346353078));
#4015 = CARTESIAN_POINT('',(5.714893900903,172.47809560617));
#4016 = CARTESIAN_POINT('',(5.797624783724,173.6888235308));
#4017 = CARTESIAN_POINT('',(5.839718866687,174.3152429954));
#4018 = CARTESIAN_POINT('',(5.88150296309,174.94485771922));
#4019 = CARTESIAN_POINT('',(5.923063971563,175.57671879117));
#4020 = CARTESIAN_POINT('',(5.964479962504,176.20998940746));
#4021 = CARTESIAN_POINT('',(6.005824398933,176.84393550747));
#4022 = CARTESIAN_POINT('',(6.080706565338,177.99212872328));
#4023 = CARTESIAN_POINT('',(6.114241373031,178.50633034629));
#4024 = CARTESIAN_POINT('',(6.147813895243,179.02016725521));
#4025 = CARTESIAN_POINT('',(6.181459795119,179.53328100812));
#4026 = CARTESIAN_POINT('',(6.215213576895,180.04531109932));
#4027 = CARTESIAN_POINT('',(6.249109980617,180.55589464199));
#4028 = CARTESIAN_POINT('',(6.28318530718,181.06466653922));
#4029 = ( GEOMETRIC_REPRESENTATION_CONTEXT(2) 
PARAMETRIC_REPRESENTATION_CONTEXT() REPRESENTATION_CONTEXT('2D SPACE',''
  ) );
#4030 = PCURVE('',#3867,#4031);
#4031 = DEFINITIONAL_REPRESENTATION('',(#4032),#4077);
#4032 = B_SPLINE_CURVE_WITH_KNOTS('',7,(#4033,#4034,#4035,#4036,#4037,
    #4038,#4039,#4040,#4041,#4042,#4043,#4044,#4045,#4046,#4047,#4048,
    #4049,#4050,#4051,#4052,#4053,#4054,#4055,#4056,#4057,#4058,#4059,
    #4060,#4061,#4062,#4063,#4064,#4065,#4066,#4067,#4068,#4069,#4070,
    #4071,#4072,#4073,#4074,#4075,#4076),.UNSPECIFIED.,.F.,.F.,(8,6,6,6,
    6,6,6,8),(0.,0.1126203513,0.188983874653,0.302552138064,
    0.408510677576,0.61147431551,0.82600187805,1.),.UNSPECIFIED.);
#4033 = CARTESIAN_POINT('',(6.28318530718,-40.03703703703));
#4034 = CARTESIAN_POINT('',(6.272622760963,-40.03703703703));
#4035 = CARTESIAN_POINT('',(6.262056302812,-40.00905252147));
#4036 = CARTESIAN_POINT('',(6.251594288258,-39.95304589586));
#4037 = CARTESIAN_POINT('',(6.241327977202,-39.87019305825));
#4038 = CARTESIAN_POINT('',(6.231329637037,-39.7624230399));
#4039 = CARTESIAN_POINT('',(6.221653218737,-39.63207384642));
#4040 = CARTESIAN_POINT('',(6.206019185184,-39.37964848369));
#4041 = CARTESIAN_POINT('',(6.19986455838,-39.26837534223));
#4042 = CARTESIAN_POINT('',(6.193881582091,-39.14854420078));
#4043 = CARTESIAN_POINT('',(6.18807552153,-39.02086810264));
#4044 = CARTESIAN_POINT('',(6.18244866001,-38.8860235622));
#4045 = CARTESIAN_POINT('',(6.177000897474,-38.74462774356));
#4046 = CARTESIAN_POINT('',(6.163891659179,-38.37800891016));
#4047 = CARTESIAN_POINT('',(6.156446416548,-38.14555343877));
#4048 = CARTESIAN_POINT('',(6.149386294765,-37.90162506904));
#4049 = CARTESIAN_POINT('',(6.142699338706,-37.64776021434));
#4050 = CARTESIAN_POINT('',(6.136371033269,-37.38526046465));
#4051 = CARTESIAN_POINT('',(6.130385299421,-37.11518752903));
#4052 = CARTESIAN_POINT('',(6.119444546634,-36.58007902541));
#4053 = CARTESIAN_POINT('',(6.114448261688,-36.31596372202));
#4054 = CARTESIAN_POINT('',(6.109723235932,-36.04671149495));
#4055 = CARTESIAN_POINT('',(6.105257149547,-35.77292129646));
#4056 = CARTESIAN_POINT('',(6.101038350797,-35.49510377166));
#4057 = CARTESIAN_POINT('',(6.097055771745,-35.21368801019));
#4058 = CARTESIAN_POINT('',(6.086102836918,-34.38374884181));
#4059 = CARTESIAN_POINT('',(6.079736829088,-33.82668374714));
#4060 = CARTESIAN_POINT('',(6.074126448645,-33.26026045413));
#4061 = CARTESIAN_POINT('',(6.069212786458,-32.68637385119));
#4062 = CARTESIAN_POINT('',(6.064944930945,-32.10653646921));
#4063 = CARTESIAN_POINT('',(6.061279370533,-31.52190439382));
#4064 = CARTESIAN_POINT('',(6.05490178872,-30.31117646919));
#4065 = CARTESIAN_POINT('',(6.05225674112,-29.6847570046));
#4066 = CARTESIAN_POINT('',(6.050199938815,-29.05514228076));
#4067 = CARTESIAN_POINT('',(6.048696369764,-28.42328120882));
#4068 = CARTESIAN_POINT('',(6.047716694307,-27.79001059253));
#4069 = CARTESIAN_POINT('',(6.047236501007,-27.15606449252));
#4070 = CARTESIAN_POINT('',(6.047235336643,-26.00787127671));
#4071 = CARTESIAN_POINT('',(6.047550284813,-25.4936696537));
#4072 = CARTESIAN_POINT('',(6.048170003071,-24.97983274478));
#4073 = CARTESIAN_POINT('',(6.049085679031,-24.46671899187));
#4074 = CARTESIAN_POINT('',(6.050290048028,-23.95468890067));
#4075 = CARTESIAN_POINT('',(6.051777247462,-23.444105358));
#4076 = CARTESIAN_POINT('',(6.053542864894,-22.93533346077));
#4077 = ( GEOMETRIC_REPRESENTATION_CONTEXT(2) 
PARAMETRIC_REPRESENTATION_CONTEXT() REPRESENTATION_CONTEXT('2D SPACE',''
  ) );
#4078 = ORIENTED_EDGE('',*,*,#4079,.F.);
#4079 = EDGE_CURVE('',#3794,#3934,#4080,.T.);
#4080 = SURFACE_CURVE('',#4081,(#4168,#4258),.PCURVE_S1.);
#4081 = B_SPLINE_CURVE_WITH_KNOTS('',8,(#4082,#4083,#4084,#4085,#4086,
    #4087,#4088,#4089,#4090,#4091,#4092,#4093,#4094,#4095,#4096,#4097,
    #4098,#4099,#4100,#4101,#4102,#4103,#4104,#4105,#4106,#4107,#4108,
    #4109,#4110,#4111,#4112,#4113,#4114,#4115,#4116,#4117,#4118,#4119,
    #4120,#4121,#4122,#4123,#4124,#4125,#4126,#4127,#4128,#4129,#4130,
    #4131,#4132,#4133,#4134,#4135,#4136,#4137,#4138,#4139,#4140,#4141,
    #4142,#4143,#4144,#4145,#4146,#4147,#4148,#4149,#4150,#4151,#4152,
    #4153,#4154,#4155,#4156,#4157,#4158,#4159,#4160,#4161,#4162,#4163,
    #4164,#4165,#4166,#4167),.UNSPECIFIED.,.F.,.F.,(9,7,7,7,7,7,7,7,7,7,
    7,7,9),(0.,9.87629169593E-02,0.165150781834,0.258581630121,
    0.338123140198,0.402548733889,0.56961599365,0.737047532351,
    0.787152819523,0.842610027664,0.901311045971,0.941525196223,1.),
  .UNSPECIFIED.);
#4082 = CARTESIAN_POINT('',(190.,74.62962962963,4.263256414561E-14));
#4083 = CARTESIAN_POINT('',(190.,74.62962962963,-1.836100428404));
#4084 = CARTESIAN_POINT('',(189.89297504677,74.592681982402,
    -3.673109133098));
#4085 = CARTESIAN_POINT('',(189.67874403432,74.518724461584,
    -5.494317814479));
#4086 = CARTESIAN_POINT('',(189.36078215532,74.408861466887,
    -7.285721079874));
#4087 = CARTESIAN_POINT('',(188.9448836268,74.264905072329,
    -9.035554588897));
#4088 = CARTESIAN_POINT('',(188.43842119063,74.089150197247,
    -10.73404740929));
#4089 = CARTESIAN_POINT('',(187.84990475139,73.88426217525,
    -12.37328362383));
#4090 = CARTESIAN_POINT('',(186.74397694866,73.497806079492,
    -15.00495719067));
#4091 = CARTESIAN_POINT('',(186.26623166669,73.330517492201,
    -16.03390323738));
#4092 = CARTESIAN_POINT('',(185.75779429132,73.152066067486,
    -17.03253928139));
#4093 = CARTESIAN_POINT('',(185.22113767428,72.963222779605,
    -17.99991729582));
#4094 = CARTESIAN_POINT('',(184.65865676924,72.764734234237,
    -18.93544299765));
#4095 = CARTESIAN_POINT('',(184.07261745869,72.557306764834,
    -19.83882030007));
#4096 = CARTESIAN_POINT('',(183.4651163342,72.341593135094,
    -20.7100055341));
#4097 = CARTESIAN_POINT('',(181.9555527075,71.803764353472,
    -22.73017014349));
#4098 = CARTESIAN_POINT('',(181.03447816422,71.474162222728,
    -23.8475186635));
#4099 = CARTESIAN_POINT('',(180.08000256199,71.130975525957,
    -24.90192373911));
#4100 = CARTESIAN_POINT('',(179.09681966711,70.775657716506,
    -25.89441148658));
#4101 = CARTESIAN_POINT('',(178.08912129271,70.409510626609,
    -26.82628640034));
#4102 = CARTESIAN_POINT('',(177.06057457607,70.033675268932,
    -27.69907630328));
#4103 = CARTESIAN_POINT('',(176.01429749064,69.649118443478,
    -28.51446324578));
#4104 = CARTESIAN_POINT('',(174.04916402507,68.922461010667,
    -29.92099568833));
#4105 = CARTESIAN_POINT('',(173.13461627141,68.582595000585,
    -30.52736536488));
#4106 = CARTESIAN_POINT('',(172.21083264672,68.237523727813,
    -31.09436169232));
#4107 = CARTESIAN_POINT('',(171.27930435038,67.887709472572,
    -31.62298896889));
#4108 = CARTESIAN_POINT('',(170.34137535059,67.533571104458,
    -32.11421612148));
#4109 = CARTESIAN_POINT('',(169.39824567961,67.175484063058,
    -32.56898151363));
#4110 = CARTESIAN_POINT('',(168.45097314008,66.813779401849,
    -32.98818992168));
#4111 = CARTESIAN_POINT('',(166.73060485267,66.153075418208,
    -33.68414155797));
#4112 = CARTESIAN_POINT('',(165.95864650364,65.855232979073,
    -33.97280814547));
#4113 = CARTESIAN_POINT('',(165.18509965626,65.555371718036,
    -34.23915582793));
#4114 = CARTESIAN_POINT('',(164.41043080248,65.253639136956,
    -34.48361242797));
#4115 = CARTESIAN_POINT('',(163.63507248034,64.950173161246,
    -34.7065823582));
#4116 = CARTESIAN_POINT('',(162.8594239632,64.645102109102,
    -34.90844835034));
#4117 = CARTESIAN_POINT('',(162.08385180319,64.338544568222,
    -35.08957176011));
#4118 = CARTESIAN_POINT('',(159.29855554987,63.232076818155,
    -35.66706677292));
#4119 = CARTESIAN_POINT('',(157.29159620769,62.424443581622,
    -35.94655072702));
#4120 = CARTESIAN_POINT('',(155.29321889821,61.609443972699,
    -36.09483261029));
#4121 = CARTESIAN_POINT('',(153.30828468016,60.788715106786,
    -36.11665789963));
#4122 = CARTESIAN_POINT('',(151.34112806567,59.963799754412,
    -36.01584262788));
#4123 = CARTESIAN_POINT('',(149.395573342,59.136145001599,
    -35.79536650916));
#4124 = CARTESIAN_POINT('',(147.47495534716,58.307100411496,
    -35.45720963515));
#4125 = CARTESIAN_POINT('',(143.68522136612,56.646930755697,
    -34.5457929411));
#4126 = CARTESIAN_POINT('',(141.81719566579,55.816229541807,
    -33.97225350322));
#4127 = CARTESIAN_POINT('',(139.98056728702,54.986922675684,
    -33.28213186769));
#4128 = CARTESIAN_POINT('',(138.17845070695,54.16048225898,
    -32.47490044862));
#4129 = CARTESIAN_POINT('',(136.41448060043,53.338746300952,
    -31.54898656706));
#4130 = CARTESIAN_POINT('',(134.6928265148,52.523977533098,
    -30.50140694575));
#4131 = CARTESIAN_POINT('',(133.01816572643,51.718899350112,
    -29.32757197662));
#4132 = CARTESIAN_POINT('',(130.91059617321,50.689939633306,
    -27.62731341697));
#4133 = CARTESIAN_POINT('',(130.42991124332,50.454137349936,
    -27.22365864266));
#4134 = CARTESIAN_POINT('',(129.95414164281,50.219632875528,
    -26.80775841509));
#4135 = CARTESIAN_POINT('',(129.48347147837,49.98653844846,
    -26.3793833007));
#4136 = CARTESIAN_POINT('',(129.01810537421,49.754979282827,
    -25.93828423966));
#4137 = CARTESIAN_POINT('',(128.55826890668,49.525094247595,
    -25.48418905291));
#4138 = CARTESIAN_POINT('',(128.10420958963,49.297036829038,
    -25.01679711717));
#4139 = CARTESIAN_POINT('',(127.16033359098,48.820769616273,
    -24.00336734522));
#4140 = CARTESIAN_POINT('',(126.67190238938,48.573021539165,
    -23.4542876373));
#4141 = CARTESIAN_POINT('',(126.19125537781,48.327953482278,
    -22.88806375341));
#4142 = CARTESIAN_POINT('',(125.71881198208,48.085827317573,
    -22.30420267926));
#4143 = CARTESIAN_POINT('',(125.25505897602,47.846946240019,
    -21.70218615582));
#4144 = CARTESIAN_POINT('',(124.80055154112,47.611656758326,
    -21.08146319106));
#4145 = CARTESIAN_POINT('',(124.35591689172,47.380351888209,
    -20.44143664456));
#4146 = CARTESIAN_POINT('',(123.46241515556,46.913328728037,
    -19.0828467433));
#4147 = CARTESIAN_POINT('',(123.01489417658,46.67818149398,
    -18.36198923349));
#4148 = CARTESIAN_POINT('',(122.58008406126,46.448534906778,
    -17.61803066277));
#4149 = CARTESIAN_POINT('',(122.15897569511,46.225008371166,
    -16.85018717487));
#4150 = CARTESIAN_POINT('',(121.7527526,46.008338007221,-16.05774203555)
  );
#4151 = CARTESIAN_POINT('',(121.36278248866,45.799374894669,
    -15.240054475));
#4152 = CARTESIAN_POINT('',(120.99061209007,45.599083190134,
    -14.3965670871));
#4153 = CARTESIAN_POINT('',(120.39637841198,45.278001911841,
    -12.93097083761));
#4154 = CARTESIAN_POINT('',(120.16398317837,45.152055549154,
    -12.32287329447));
#4155 = CARTESIAN_POINT('',(119.94134309073,45.031049891185,
    -11.70240504827));
#4156 = CARTESIAN_POINT('',(119.72908513576,44.915373432121,
    -11.06954645069));
#4157 = CARTESIAN_POINT('',(119.52789030262,44.805447354674,
    -10.42438278882));
#4158 = CARTESIAN_POINT('',(119.33848043643,44.701717868183,
    -9.767119752681));
#4159 = CARTESIAN_POINT('',(119.16160138407,44.60464582856,
    -9.098103894246));
#4160 = CARTESIAN_POINT('',(118.76011560508,44.383895487236,
    -7.428698111491));
#4161 = CARTESIAN_POINT('',(118.55018155886,44.268081891839,
    -6.415258968058));
#4162 = CARTESIAN_POINT('',(118.3707326804,44.168799641786,
    -5.379803559877));
#4163 = CARTESIAN_POINT('',(118.22415094041,44.087513164677,
    -4.325234839975));
#4164 = CARTESIAN_POINT('',(118.11252805201,44.025513909953,
    -3.25514992037));
#4165 = CARTESIAN_POINT('',(118.03749549809,43.983805549894,
    -2.173919583166));
#4166 = CARTESIAN_POINT('',(118.,43.962962962963,-1.086788315598));
#4167 = CARTESIAN_POINT('',(118.,43.962962962963,0.));
#4168 = PCURVE('',#985,#4169);
#4169 = DEFINITIONAL_REPRESENTATION('',(#4170),#4257);
#4170 = B_SPLINE_CURVE_WITH_KNOTS('',8,(#4171,#4172,#4173,#4174,#4175,
    #4176,#4177,#4178,#4179,#4180,#4181,#4182,#4183,#4184,#4185,#4186,
    #4187,#4188,#4189,#4190,#4191,#4192,#4193,#4194,#4195,#4196,#4197,
    #4198,#4199,#4200,#4201,#4202,#4203,#4204,#4205,#4206,#4207,#4208,
    #4209,#4210,#4211,#4212,#4213,#4214,#4215,#4216,#4217,#4218,#4219,
    #4220,#4221,#4222,#4223,#4224,#4225,#4226,#4227,#4228,#4229,#4230,
    #4231,#4232,#4233,#4234,#4235,#4236,#4237,#4238,#4239,#4240,#4241,
    #4242,#4243,#4244,#4245,#4246,#4247,#4248,#4249,#4250,#4251,#4252,
    #4253,#4254,#4255,#4256),.UNSPECIFIED.,.F.,.F.,(9,7,7,7,7,7,7,7,7,7,
    7,7,9),(0.,9.87629169593E-02,0.165150781834,0.258581630121,
    0.338123140198,0.402548733889,0.56961599365,0.737047532351,
    0.787152819523,0.842610027664,0.901311045971,0.941525196223,1.),
  .UNSPECIFIED.);
#4171 = CARTESIAN_POINT('',(1.570796326795,194.62962962963));
#4172 = CARTESIAN_POINT('',(1.621799116473,194.62962962963));
#4173 = CARTESIAN_POINT('',(1.67282711736,194.5926819824));
#4174 = CARTESIAN_POINT('',(1.723618495947,194.51872446158));
#4175 = CARTESIAN_POINT('',(1.773986886947,194.40886146688));
#4176 = CARTESIAN_POINT('',(1.823786430075,194.26490507232));
#4177 = CARTESIAN_POINT('',(1.872894928807,194.08915019724));
#4178 = CARTESIAN_POINT('',(1.921206633372,193.88426217525));
#4179 = CARTESIAN_POINT('',(2.000501276849,193.49780607949));
#4180 = CARTESIAN_POINT('',(2.031992293593,193.3305174922));
#4181 = CARTESIAN_POINT('',(2.063086785402,193.15206606748));
#4182 = CARTESIAN_POINT('',(2.093778169886,192.9632227796));
#4183 = CARTESIAN_POINT('',(2.124064550078,192.76473423423));
#4184 = CARTESIAN_POINT('',(2.153948025615,192.55730676483));
#4185 = CARTESIAN_POINT('',(2.18343446238,192.34159313509));
#4186 = CARTESIAN_POINT('',(2.253486511989,191.80376435347));
#4187 = CARTESIAN_POINT('',(2.293664412111,191.47416222272));
#4188 = CARTESIAN_POINT('',(2.33310172281,191.13097552595));
#4189 = CARTESIAN_POINT('',(2.37183133253,190.7756577165));
#4190 = CARTESIAN_POINT('',(2.409886558848,190.4095106266));
#4191 = CARTESIAN_POINT('',(2.447302776128,190.03367526893));
#4192 = CARTESIAN_POINT('',(2.484118828316,189.64911844347));
#4193 = CARTESIAN_POINT('',(2.551247338808,188.92246101066));
#4194 = CARTESIAN_POINT('',(2.581708620483,188.58259500058));
#4195 = CARTESIAN_POINT('',(2.611786772047,188.23752372781));
#4196 = CARTESIAN_POINT('',(2.641504226176,187.88770947257));
#4197 = CARTESIAN_POINT('',(2.670882046326,187.53357110445));
#4198 = CARTESIAN_POINT('',(2.699940647505,187.17548406305));
#4199 = CARTESIAN_POINT('',(2.7287003396,186.81377940184));
#4200 = CARTESIAN_POINT('',(2.78025050488,186.1530754182));
#4201 = CARTESIAN_POINT('',(2.80313589988,185.85523297907));
#4202 = CARTESIAN_POINT('',(2.825848408107,185.55537171803));
#4203 = CARTESIAN_POINT('',(2.848397935577,185.25363913695));
#4204 = CARTESIAN_POINT('',(2.870793953494,184.95017316124));
#4205 = CARTESIAN_POINT('',(2.893045659368,184.6451021091));
#4206 = CARTESIAN_POINT('',(2.915162110184,184.33854456822));
#4207 = CARTESIAN_POINT('',(2.994176953436,183.23207681815));
#4208 = CARTESIAN_POINT('',(3.050340973788,182.42444358162));
#4209 = CARTESIAN_POINT('',(3.105814194981,181.60944397269));
#4210 = CARTESIAN_POINT('',(3.160738053028,180.78871510678));
#4211 = CARTESIAN_POINT('',(3.21524381165,179.96379975441));
#4212 = CARTESIAN_POINT('',(3.26946185809,179.13614500159));
#4213 = CARTESIAN_POINT('',(3.323529763549,178.30710041149));
#4214 = CARTESIAN_POINT('',(3.431801697849,176.64693075569));
#4215 = CARTESIAN_POINT('',(3.4859781016,175.8162295418));
#4216 = CARTESIAN_POINT('',(3.540306213314,174.98692267568));
#4217 = CARTESIAN_POINT('',(3.594947656168,174.16048225897));
#4218 = CARTESIAN_POINT('',(3.650068245409,173.33874630095));
#4219 = CARTESIAN_POINT('',(3.70585642598,172.52397753309));
#4220 = CARTESIAN_POINT('',(3.762535093319,171.71889935011));
#4221 = CARTESIAN_POINT('',(3.837754569468,170.6899396333));
#4222 = CARTESIAN_POINT('',(3.855187038016,170.45413734993));
#4223 = CARTESIAN_POINT('',(3.872734739305,170.21963287552));
#4224 = CARTESIAN_POINT('',(3.890406034256,169.98653844846));
#4225 = CARTESIAN_POINT('',(3.908209670641,169.75497928282));
#4226 = CARTESIAN_POINT('',(3.926154931125,169.52509424759));
#4227 = CARTESIAN_POINT('',(3.944251826905,169.29703682903));
#4228 = CARTESIAN_POINT('',(3.982721209105,168.82076961627));
#4229 = CARTESIAN_POINT('',(4.003129300166,168.57302153916));
#4230 = CARTESIAN_POINT('',(4.023751083101,168.32795348227));
#4231 = CARTESIAN_POINT('',(4.044602266781,168.08582731757));
#4232 = CARTESIAN_POINT('',(4.065699046537,167.84694624001));
#4233 = CARTESIAN_POINT('',(4.087058509144,167.61165675832));
#4234 = CARTESIAN_POINT('',(4.108699192221,167.3803518882));
#4235 = CARTESIAN_POINT('',(4.153867873606,166.91332872803));
#4236 = CARTESIAN_POINT('',(4.177428572653,166.67818149398));
#4237 = CARTESIAN_POINT('',(4.201350486221,166.44853490677));
#4238 = CARTESIAN_POINT('',(4.225658096762,166.22500837116));
#4239 = CARTESIAN_POINT('',(4.250374253597,166.00833800722));
#4240 = CARTESIAN_POINT('',(4.275520673107,165.79937489466));
#4241 = CARTESIAN_POINT('',(4.301118463633,165.59908319013));
#4242 = CARTESIAN_POINT('',(4.345048525462,165.27800191184));
#4243 = CARTESIAN_POINT('',(4.363127951503,165.15205554915));
#4244 = CARTESIAN_POINT('',(4.381432695832,165.03104989118));
#4245 = CARTESIAN_POINT('',(4.39996628765,164.91537343212));
#4246 = CARTESIAN_POINT('',(4.418729999202,164.80544735467));
#4247 = CARTESIAN_POINT('',(4.437722625546,164.70171786818));
#4248 = CARTESIAN_POINT('',(4.456940087665,164.60464582856));
#4249 = CARTESIAN_POINT('',(4.504634673653,164.38389548723));
#4250 = CARTESIAN_POINT('',(4.533368923749,164.26808189184));
#4251 = CARTESIAN_POINT('',(4.562534161184,164.16879964178));
#4252 = CARTESIAN_POINT('',(4.59207576398,164.08751316467));
#4253 = CARTESIAN_POINT('',(4.621926224306,164.02551390995));
#4254 = CARTESIAN_POINT('',(4.652002325795,163.98380554989));
#4255 = CARTESIAN_POINT('',(4.682200416063,163.96296296296));
#4256 = CARTESIAN_POINT('',(4.712388980385,163.96296296296));
#4257 = ( GEOMETRIC_REPRESENTATION_CONTEXT(2) 
PARAMETRIC_REPRESENTATION_CONTEXT() REPRESENTATION_CONTEXT('2D SPACE',''
  ) );
#4258 = PCURVE('',#3867,#4259);
#4259 = DEFINITIONAL_REPRESENTATION('',(#4260),#4347);
#4260 = B_SPLINE_CURVE_WITH_KNOTS('',8,(#4261,#4262,#4263,#4264,#4265,
    #4266,#4267,#4268,#4269,#4270,#4271,#4272,#4273,#4274,#4275,#4276,
    #4277,#4278,#4279,#4280,#4281,#4282,#4283,#4284,#4285,#4286,#4287,
    #4288,#4289,#4290,#4291,#4292,#4293,#4294,#4295,#4296,#4297,#4298,
    #4299,#4300,#4301,#4302,#4303,#4304,#4305,#4306,#4307,#4308,#4309,
    #4310,#4311,#4312,#4313,#4314,#4315,#4316,#4317,#4318,#4319,#4320,
    #4321,#4322,#4323,#4324,#4325,#4326,#4327,#4328,#4329,#4330,#4331,
    #4332,#4333,#4334,#4335,#4336,#4337,#4338,#4339,#4340,#4341,#4342,
    #4343,#4344,#4345,#4346),.UNSPECIFIED.,.F.,.F.,(9,7,7,7,7,7,7,7,7,7,
    7,7,9),(0.,9.87629169593E-02,0.165150781834,0.258581630121,
    0.338123140198,0.402548733889,0.56961599365,0.737047532351,
    0.787152819523,0.842610027664,0.901311045971,0.941525196223,1.),
  .UNSPECIFIED.);
#4261 = CARTESIAN_POINT('',(0.,-9.37037037037));
#4262 = CARTESIAN_POINT('',(9.663686465285E-03,-9.37037037037));
#4263 = CARTESIAN_POINT('',(1.933215213063E-02,-9.407318017596));
#4264 = CARTESIAN_POINT('',(2.89364894124E-02,-9.481275538419));
#4265 = CARTESIAN_POINT('',(3.842206701102E-02,-9.591138533113));
#4266 = CARTESIAN_POINT('',(4.774367711063E-02,-9.735094927668));
#4267 = CARTESIAN_POINT('',(5.686306969565E-02,-9.910849802755));
#4268 = CARTESIAN_POINT('',(6.574784952796E-02,-10.11573782475));
#4269 = CARTESIAN_POINT('',(8.016694944748E-02,-10.5021939205));
#4270 = CARTESIAN_POINT('',(8.584829901479E-02,-10.66948250779));
#4271 = CARTESIAN_POINT('',(9.14093805279E-02,-10.84793393251));
#4272 = CARTESIAN_POINT('',(9.684636804904E-02,-11.03677722039));
#4273 = CARTESIAN_POINT('',(0.102156721419,-11.23526576576));
#4274 = CARTESIAN_POINT('',(0.107338985648,-11.44269323516));
#4275 = CARTESIAN_POINT('',(0.112392657484,-11.6584068649));
#4276 = CARTESIAN_POINT('',(0.124249959223,-12.19623564652));
#4277 = CARTESIAN_POINT('',(0.130926501093,-12.52583777727));
#4278 = CARTESIAN_POINT('',(0.137350051073,-12.86902447404));
#4279 = CARTESIAN_POINT('',(0.143523369812,-13.22434228349));
#4280 = CARTESIAN_POINT('',(0.149449811306,-13.59048937339));
#4281 = CARTESIAN_POINT('',(0.155133359338,-13.96632473106));
#4282 = CARTESIAN_POINT('',(0.160578561325,-14.35088155652));
#4283 = CARTESIAN_POINT('',(0.170227377066,-15.07753898933));
#4284 = CARTESIAN_POINT('',(0.174494597957,-15.41740499941));
#4285 = CARTESIAN_POINT('',(0.178594815692,-15.76247627218));
#4286 = CARTESIAN_POINT('',(0.182530395832,-16.11229052742));
#4287 = CARTESIAN_POINT('',(0.186303398522,-16.46642889554));
#4288 = CARTESIAN_POINT('',(0.189915651597,-16.82451593694));
#4289 = CARTESIAN_POINT('',(0.193368774347,-17.18622059815));
#4290 = CARTESIAN_POINT('',(0.199333282282,-17.84692458179));
#4291 = CARTESIAN_POINT('',(0.201898831433,-18.14476702092));
#4292 = CARTESIAN_POINT('',(0.204361499492,-18.44462828196));
#4293 = CARTESIAN_POINT('',(0.206721810013,-18.74636086304));
#4294 = CARTESIAN_POINT('',(0.208980132914,-19.04982683875));
#4295 = CARTESIAN_POINT('',(0.211136698333,-19.35489789089));
#4296 = CARTESIAN_POINT('',(0.213191601445,-19.66145543177));
#4297 = CARTESIAN_POINT('',(0.220209792081,-20.76792318184));
#4298 = CARTESIAN_POINT('',(0.224589816158,-21.57555641837));
#4299 = CARTESIAN_POINT('',(0.228285614872,-22.39055602729));
#4300 = CARTESIAN_POINT('',(0.231288722407,-23.21128489321));
#4301 = CARTESIAN_POINT('',(0.23358350983,-24.03620024559));
#4302 = CARTESIAN_POINT('',(0.235147570403,-24.8638549984));
#4303 = CARTESIAN_POINT('',(0.235950289944,-25.6928995885));
#4304 = CARTESIAN_POINT('',(0.235948606394,-27.3530692443));
#4305 = CARTESIAN_POINT('',(0.235140683722,-28.18377045819));
#4306 = CARTESIAN_POINT('',(0.233484620509,-29.0130773243));
#4307 = CARTESIAN_POINT('',(0.230926643341,-29.83951774103));
#4308 = CARTESIAN_POINT('',(0.227400873564,-30.66125369903));
#4309 = CARTESIAN_POINT('',(0.222825661091,-31.4760224669));
#4310 = CARTESIAN_POINT('',(0.217101920137,-32.28110064988));
#4311 = CARTESIAN_POINT('',(0.207996348058,-33.31006036669));
#4312 = CARTESIAN_POINT('',(0.205784227477,-33.54586265006));
#4313 = CARTESIAN_POINT('',(0.203453740064,-33.78036712447));
#4314 = CARTESIAN_POINT('',(0.201001139517,-34.01346155154));
#4315 = CARTESIAN_POINT('',(0.198422457179,-34.24502071717));
#4316 = CARTESIAN_POINT('',(0.195713479251,-34.4749057524));
#4317 = CARTESIAN_POINT('',(0.192869711211,-34.70296317096));
#4318 = CARTESIAN_POINT('',(0.186584282181,-35.17923038372));
#4319 = CARTESIAN_POINT('',(0.183111364361,-35.42697846083));
#4320 = CARTESIAN_POINT('',(0.179460964095,-35.67204651772));
#4321 = CARTESIAN_POINT('',(0.175626147325,-35.91417268242));
#4322 = CARTESIAN_POINT('',(0.171599677197,-36.15305375998));
#4323 = CARTESIAN_POINT('',(0.167373999116,-36.38834324167));
#4324 = CARTESIAN_POINT('',(0.162941191446,-36.61964811179));
#4325 = CARTESIAN_POINT('',(0.153372682773,-37.08667127196));
#4326 = CARTESIAN_POINT('',(0.148211807952,-37.32181850602));
#4327 = CARTESIAN_POINT('',(0.142799988045,-37.55146509322));
#4328 = CARTESIAN_POINT('',(0.13712732694,-37.77499162883));
#4329 = CARTESIAN_POINT('',(0.131184591474,-37.99166199277));
#4330 = CARTESIAN_POINT('',(0.12496354721,-38.20062510533));
#4331 = CARTESIAN_POINT('',(0.118457340297,-38.40091680986));
#4332 = CARTESIAN_POINT('',(0.107004923572,-38.72199808815));
#4333 = CARTESIAN_POINT('',(0.102213279502,-38.84794445084));
#4334 = CARTESIAN_POINT('',(9.728467368897E-02,-38.96895010881));
#4335 = CARTESIAN_POINT('',(9.221877636949E-02,-39.08462656787));
#4336 = CARTESIAN_POINT('',(8.701643587828E-02,-39.19455264532));
#4337 = CARTESIAN_POINT('',(8.167989911237E-02,-39.29828213181));
#4338 = CARTESIAN_POINT('',(7.621306411438E-02,-39.39535417144));
#4339 = CARTESIAN_POINT('',(6.249153872905E-02,-39.61610451276));
#4340 = CARTESIAN_POINT('',(5.409384261507E-02,-39.73191810816));
#4341 = CARTESIAN_POINT('',(4.545220560422E-02,-39.83120035821));
#4342 = CARTESIAN_POINT('',(3.6598141587E-02,-39.91248683532));
#4343 = CARTESIAN_POINT('',(2.757193184166E-02,-39.97448609004));
#4344 = CARTESIAN_POINT('',(1.842304648159E-02,-40.0161944501));
#4345 = CARTESIAN_POINT('',(9.210070471169E-03,-40.03703703703));
#4346 = CARTESIAN_POINT('',(0.,-40.03703703703));
#4347 = ( GEOMETRIC_REPRESENTATION_CONTEXT(2) 
PARAMETRIC_REPRESENTATION_CONTEXT() REPRESENTATION_CONTEXT('2D SPACE',''
  ) );
#4348 = ADVANCED_FACE('',(#4349),#1792,.F.);
#4349 = FACE_BOUND('',#4350,.F.);
#4350 = EDGE_LOOP('',(#4351,#4854,#4875,#4876));
#4351 = ORIENTED_EDGE('',*,*,#4352,.F.);
#4352 = EDGE_CURVE('',#4353,#4353,#4355,.T.);
#4353 = VERTEX_POINT('',#4354);
#4354 = CARTESIAN_POINT('',(47.588617133742,44.933024027928,
    -110.4627035094));
#4355 = SURFACE_CURVE('',#4356,(#4520,#4687),.PCURVE_S1.);
#4356 = B_SPLINE_CURVE_WITH_KNOTS('',8,(#4357,#4358,#4359,#4360,#4361,
    #4362,#4363,#4364,#4365,#4366,#4367,#4368,#4369,#4370,#4371,#4372,
    #4373,#4374,#4375,#4376,#4377,#4378,#4379,#4380,#4381,#4382,#4383,
    #4384,#4385,#4386,#4387,#4388,#4389,#4390,#4391,#4392,#4393,#4394,
    #4395,#4396,#4397,#4398,#4399,#4400,#4401,#4402,#4403,#4404,#4405,
    #4406,#4407,#4408,#4409,#4410,#4411,#4412,#4413,#4414,#4415,#4416,
    #4417,#4418,#4419,#4420,#4421,#4422,#4423,#4424,#4425,#4426,#4427,
    #4428,#4429,#4430,#4431,#4432,#4433,#4434,#4435,#4436,#4437,#4438,
    #4439,#4440,#4441,#4442,#4443,#4444,#4445,#4446,#4447,#4448,#4449,
    #4450,#4451,#4452,#4453,#4454,#4455,#4456,#4457,#4458,#4459,#4460,
    #4461,#4462,#4463,#4464,#4465,#4466,#4467,#4468,#4469,#4470,#4471,
    #4472,#4473,#4474,#4475,#4476,#4477,#4478,#4479,#4480,#4481,#4482,
    #4483,#4484,#4485,#4486,#4487,#4488,#4489,#4490,#4491,#4492,#4493,
    #4494,#4495,#4496,#4497,#4498,#4499,#4500,#4501,#4502,#4503,#4504,
    #4505,#4506,#4507,#4508,#4509,#4510,#4511,#4512,#4513,#4514,#4515,
    #4516,#4517,#4518,#4519),.UNSPECIFIED.,.T.,.F.,(9,7,7,7,7,7,7,7,7,7,
    7,7,7,7,7,7,7,7,7,7,7,7,7,9),(0.,3.33389559307E-02,
    6.149022803585E-02,8.680814801959E-02,0.175487906758,0.259316729121,
    0.291522052365,0.331281267769,0.37820609897,0.411267214897,
    0.460251933653,0.509618523612,0.542680059542,0.589605486867,
    0.629365207366,0.66157093974,0.745400827049,0.82896330198,
    0.85401569946,0.881619308019,0.911316375641,0.931303232901,
    0.960247565715,1.),.UNSPECIFIED.);
#4357 = CARTESIAN_POINT('',(47.588617133742,44.933024027928,
    -110.4627035094));
#4358 = CARTESIAN_POINT('',(48.700706944814,45.120433917644,
    -110.4627035094));
#4359 = CARTESIAN_POINT('',(49.789724835138,45.323535403526,
    -110.5019652769));
#4360 = CARTESIAN_POINT('',(50.854682219971,45.540453445686,
    -110.5776375451));
#4361 = CARTESIAN_POINT('',(51.895052551167,45.769474553153,
    -110.6869975889));
#4362 = CARTESIAN_POINT('',(52.910697488869,46.009080369835,
    -110.8275204923));
#4363 = CARTESIAN_POINT('',(53.901825333114,46.257965744587,
    -110.9969257894));
#4364 = CARTESIAN_POINT('',(54.868964791852,46.515049292329,
    -111.1932168506));
#4365 = CARTESIAN_POINT('',(56.610023402581,47.002772374414,
    -111.6017717858));
#4366 = CARTESIAN_POINT('',(57.390441101433,47.231259836505,
    -111.8067620495));
#4367 = CARTESIAN_POINT('',(58.154608242607,47.464409424737,
    -112.0286646482));
#4368 = CARTESIAN_POINT('',(58.902911612339,47.701746518058,
    -112.2665573566));
#4369 = CARTESIAN_POINT('',(59.635724775898,47.942854124026,
    -112.5196165646));
#4370 = CARTESIAN_POINT('',(60.353420542152,48.18736918478,
    -112.7871088258));
#4371 = CARTESIAN_POINT('',(61.056377915805,48.434980353997,
    -113.0683876443));
#4372 = CARTESIAN_POINT('',(62.364282798817,48.910667309279,
    -113.6277619084));
#4373 = CARTESIAN_POINT('',(62.971938961332,49.138188245235,
    -113.9033133608));
#4374 = CARTESIAN_POINT('',(63.568215262727,49.367792680194,
    -114.1891332419));
#4375 = CARTESIAN_POINT('',(64.153345981993,49.599302471359,
    -114.4848445332));
#4376 = CARTESIAN_POINT('',(64.72754389601,49.832557154633,
    -114.7901053239));
#4377 = CARTESIAN_POINT('',(65.291005838971,50.067412756757,
    -115.1046056893));
#4378 = CARTESIAN_POINT('',(65.843916364442,50.303740970618,
    -115.4280659361));
#4379 = CARTESIAN_POINT('',(68.286752082016,51.373965092951,
    -116.9237117388));
#4380 = CARTESIAN_POINT('',(70.058909443769,52.222816170645,
    -118.193536614));
#4381 = CARTESIAN_POINT('',(71.7115983567,53.083538406703,
    -119.5594305756));
#4382 = CARTESIAN_POINT('',(73.248581497975,53.952699895587,
    -121.0140411833));
#4383 = CARTESIAN_POINT('',(74.671974142226,54.82748912914,
    -122.5512778966));
#4384 = CARTESIAN_POINT('',(75.982378581967,55.705679116398,
    -124.1663407724));
#4385 = CARTESIAN_POINT('',(77.179410534428,56.585534131022,
    -125.8555105389));
#4386 = CARTESIAN_POINT('',(79.284144866667,58.297945477744,
    -129.2810142088));
#4387 = CARTESIAN_POINT('',(80.203473070031,59.129951874365,
    -131.0087042821));
#4388 = CARTESIAN_POINT('',(81.017874250177,59.960569436678,
    -132.7969226356));
#4389 = CARTESIAN_POINT('',(81.724390293709,60.788434011879,
    -134.6430876439));
#4390 = CARTESIAN_POINT('',(82.318992485189,61.61208320896,
    -136.5444454679));
#4391 = CARTESIAN_POINT('',(82.796629354515,62.42995760443,
    -138.4980302007));
#4392 = CARTESIAN_POINT('',(83.151234202272,63.240401417804,
    -140.5006426129));
#4393 = CARTESIAN_POINT('',(83.461307347557,64.349488350247,
    -143.335921384));
#4394 = CARTESIAN_POINT('',(83.528086651916,64.655935580591,
    -144.1295409348));
#4395 = CARTESIAN_POINT('',(83.575158387277,64.960893799881,
    -144.9296339063));
#4396 = CARTESIAN_POINT('',(83.602065226251,65.264244320434,
    -145.735963071));
#4397 = CARTESIAN_POINT('',(83.608319405754,65.565858705518,
    -146.5482666289));
#4398 = CARTESIAN_POINT('',(83.593402269328,65.865598892801,
    -147.3662577846));
#4399 = CARTESIAN_POINT('',(83.556762408726,66.163317224975,
    -148.1896246246));
#4400 = CARTESIAN_POINT('',(83.425035432762,66.823715486681,
    -150.0407419556));
#4401 = CARTESIAN_POINT('',(83.318258071028,67.18523722347,
    -151.0710885165));
#4402 = CARTESIAN_POINT('',(83.176378612279,67.543136557023,
    -152.1084641354));
#4403 = CARTESIAN_POINT('',(82.998209242644,67.897082104749,
    -153.1521413264));
#4404 = CARTESIAN_POINT('',(82.782486353517,68.246698039767,
    -154.2012674972));
#4405 = CARTESIAN_POINT('',(82.527872915827,68.591565050013,
    -155.2548623917));
#4406 = CARTESIAN_POINT('',(82.232952916669,68.931220359057,
    -156.3118164375));
#4407 = CARTESIAN_POINT('',(81.498794629203,69.659277048893,
    -158.6208353946));
#4408 = CARTESIAN_POINT('',(81.043192872044,70.04536434033,
    -159.8735209462));
#4409 = CARTESIAN_POINT('',(80.526923983026,70.422632398811,
    -161.1270424374));
#4410 = CARTESIAN_POINT('',(79.947387629634,70.79009882511,
    -162.3789135262));
#4411 = CARTESIAN_POINT('',(79.301961522004,71.146603240692,
    -163.6260651264));
#4412 = CARTESIAN_POINT('',(78.588077138532,71.490821132437,
    -164.8648475762));
#4413 = CARTESIAN_POINT('',(77.803281405761,71.821273406282,
    -166.0910355925));
#4414 = CARTESIAN_POINT('',(76.340778360365,72.358307453326,
    -168.1515021741));
#4415 = CARTESIAN_POINT('',(75.700020413526,72.572610580677,
    -168.994417725));
#4416 = CARTESIAN_POINT('',(75.02227474455,72.778656773024,
    -169.8268406381));
#4417 = CARTESIAN_POINT('',(74.306950048601,72.975798692096,
    -170.646776968));
#4418 = CARTESIAN_POINT('',(73.553642208985,73.163336499509,
    -171.4519975031));
#4419 = CARTESIAN_POINT('',(72.76218958162,73.340531030985,
    -172.2400617532));
#4420 = CARTESIAN_POINT('',(71.932740818463,73.506619565415,
    -173.0083492721));
#4421 = CARTESIAN_POINT('',(69.781392002454,73.889324962372,
    -174.8590309875));
#4422 = CARTESIAN_POINT('',(68.413618667162,74.091945557181,
    -175.9154344611));
#4423 = CARTESIAN_POINT('',(66.965522536063,74.265857167077,
    -176.9128983495));
#4424 = CARTESIAN_POINT('',(65.44191006455,74.408462638133,
    -177.8411418796));
#4425 = CARTESIAN_POINT('',(63.849641438884,74.517523951949,
    -178.6903772091));
#4426 = CARTESIAN_POINT('',(62.197890728244,74.591271633563,
    -179.451674652));
#4427 = CARTESIAN_POINT('',(60.498593810534,74.628621497143,
    -180.1175673754));
#4428 = CARTESIAN_POINT('',(57.022441805411,74.630614526507,
    -181.2531078722));
#4429 = CARTESIAN_POINT('',(55.243366193845,74.594689598145,
    -181.7217468806));
#4430 = CARTESIAN_POINT('',(53.445854536562,74.521756952383,
    -182.0836540767));
#4431 = CARTESIAN_POINT('',(51.644301213794,74.412902691305,
    -182.3377448031));
#4432 = CARTESIAN_POINT('',(49.851701877591,74.269923875225,
    -182.4858381448));
#4433 = CARTESIAN_POINT('',(48.079657846878,74.095104406664,
    -182.5318797804));
#4434 = CARTESIAN_POINT('',(46.338369855761,73.89110328741,
    -182.4814820927));
#4435 = CARTESIAN_POINT('',(43.496946451528,73.506619565415,
    -182.2476989399));
#4436 = CARTESIAN_POINT('',(42.37432023306,73.340531030985,
    -182.1136790311));
#4437 = CARTESIAN_POINT('',(41.27080906319,73.163336499509,
    -181.9413258424));
#4438 = CARTESIAN_POINT('',(40.188073463547,72.975798692096,
    -181.7326719838));
#4439 = CARTESIAN_POINT('',(39.127417145503,72.778656773024,
    -181.4897868655));
#4440 = CARTESIAN_POINT('',(38.089823469439,72.572610580676,
    -181.2147114913));
#4441 = CARTESIAN_POINT('',(37.075986071453,72.358307453326,
    -180.9094065573));
#4442 = CARTESIAN_POINT('',(34.681684383882,71.821273406282,
    -180.1020917979));
#4443 = CARTESIAN_POINT('',(33.326036066447,71.490821132437,
    -179.5713762122));
#4444 = CARTESIAN_POINT('',(32.020353413418,71.146603240692,
    -178.9887908705));
#4445 = CARTESIAN_POINT('',(30.765135405733,70.79009882511,
    -178.3591959788));
#4446 = CARTESIAN_POINT('',(29.560449283244,70.422632398811,
    -177.6870539149));
#4447 = CARTESIAN_POINT('',(28.405977532365,70.045364340329,
    -176.9763889649));
#4448 = CARTESIAN_POINT('',(27.301077875185,69.659277048893,
    -176.2307410588));
#4449 = CARTESIAN_POINT('',(25.349924053837,68.931220359057,
    -174.7942328964));
#4450 = CARTESIAN_POINT('',(24.490066762058,68.591565050013,
    -174.1124887372));
#4451 = CARTESIAN_POINT('',(23.664792623097,68.246698039767,
    -173.4097705861));
#4452 = CARTESIAN_POINT('',(22.873608248691,67.897082104749,
    -172.6878084174));
#4453 = CARTESIAN_POINT('',(22.116008139778,67.543136557023,
    -171.9481811612));
#4454 = CARTESIAN_POINT('',(21.391471156609,67.18523722347,
    -171.1923213094));
#4455 = CARTESIAN_POINT('',(20.699463943122,66.823715486681,
    -170.4215155901));
#4456 = CARTESIAN_POINT('',(19.504835113532,66.163317224974,
    -169.0013573845));
#4457 = CARTESIAN_POINT('',(18.991229957851,65.865598892801,
    -168.3567759881));
#4458 = CARTESIAN_POINT('',(18.498358603156,65.565858705517,
    -167.7037753146));
#4459 = CARTESIAN_POINT('',(18.025958288908,65.264244320433,
    -167.0429318172));
#4460 = CARTESIAN_POINT('',(17.573777987419,64.960893799881,
    -166.3747823768));
#4461 = CARTESIAN_POINT('',(17.141576972163,64.655935580591,
    -165.6998254939));
#4462 = CARTESIAN_POINT('',(16.729124696385,64.349488350246,-165.0185219
    ));
#4463 = CARTESIAN_POINT('',(15.313444092607,63.240401417804,
    -162.5424767684));
#4464 = CARTESIAN_POINT('',(14.423219398776,62.429957604431,
    -160.7138977939));
#4465 = CARTESIAN_POINT('',(13.661347448124,61.612083208948,
    -158.8526666374));
#4466 = CARTESIAN_POINT('',(13.024800637729,60.788434011895,
    -156.9649374462));
#4467 = CARTESIAN_POINT('',(12.511235558487,59.960569436663,
    -155.0560788692));
#4468 = CARTESIAN_POINT('',(12.119011577482,59.129951874368,
    -153.1306868285));
#4469 = CARTESIAN_POINT('',(11.847252971745,58.297945477743,
    -151.1925886382));
#4470 = CARTESIAN_POINT('',(11.54577661635,56.636341532075,
    -147.3030964157));
#4471 = CARTESIAN_POINT('',(11.515366848563,55.807168055751,
    -145.3527551574));
#4472 = CARTESIAN_POINT('',(11.605109787176,54.97939820322,
    -143.3962988595));
#4473 = CARTESIAN_POINT('',(11.816470111621,54.154497672892,
    -141.4365099946));
#4474 = CARTESIAN_POINT('',(12.152060729058,53.334296196748,
    -139.476342333));
#4475 = CARTESIAN_POINT('',(12.615991760239,52.521045846015,
    -137.5188227062));
#4476 = CARTESIAN_POINT('',(13.214049173515,51.717456926124,
    -135.5669650639));
#4477 = CARTESIAN_POINT('',(14.178462505627,50.689939636194,
    -133.0406849044));
#4478 = CARTESIAN_POINT('',(14.413821194377,50.454137355033,
    -132.4587901899));
#4479 = CARTESIAN_POINT('',(14.662344922041,50.219632882084,
    -131.8777861765));
#4480 = CARTESIAN_POINT('',(14.924308785206,49.986538455657,
    -131.297777061));
#4481 = CARTESIAN_POINT('',(15.200012886492,49.75497928977,
    -130.7188804885));
#4482 = CARTESIAN_POINT('',(15.489785790787,49.525094253309,
    -130.1412268869));
#4483 = CARTESIAN_POINT('',(15.793989894208,49.297036832462,
    -129.5649587577));
#4484 = CARTESIAN_POINT('',(16.464556837015,48.821895052272,
    -128.3569735801));
#4485 = CARTESIAN_POINT('',(16.834078046557,48.575250193618,
    -127.7256166304));
#4486 = CARTESIAN_POINT('',(17.222139429456,48.331260307335,
    -127.0963452802));
#4487 = CARTESIAN_POINT('',(17.629331117595,48.090183639339,
    -126.469402695));
#4488 = CARTESIAN_POINT('',(18.056287327258,47.852318953597,
    -125.8450871388));
#4489 = CARTESIAN_POINT('',(18.503693660146,47.618007479736,
    -125.2237506987));
#4490 = CARTESIAN_POINT('',(18.972300657834,47.387636029262,
    -124.6057985973));
#4491 = CARTESIAN_POINT('',(19.990796947619,46.918507078415,
    -123.331005497));
#4492 = CARTESIAN_POINT('',(20.54406955576,46.68047823281,
    -122.6748771057));
#4493 = CARTESIAN_POINT('',(21.123841698248,46.448070957161,
    -122.023804434));
#4494 = CARTESIAN_POINT('',(21.7312031697,46.221925709044,
    -121.3785106987));
#4495 = CARTESIAN_POINT('',(22.367238975064,46.00280545069,
    -120.7399333064));
#4496 = CARTESIAN_POINT('',(23.033017491802,45.791593749153,
    -120.1092181912));
#4497 = CARTESIAN_POINT('',(23.729581114381,45.589292715989,
    -119.4877170045));
#4498 = CARTESIAN_POINT('',(24.948142417143,45.267617046667,
    -118.4659509407));
#4499 = CARTESIAN_POINT('',(25.452687327593,45.1427718568,-118.059843855
    ));
#4500 = CARTESIAN_POINT('',(25.971848832,45.022831602528,-117.6591617173
    ));
#4501 = CARTESIAN_POINT('',(26.505832138621,44.908179328056,
    -117.264487897));
#4502 = CARTESIAN_POINT('',(27.054760280863,44.799229850684,
    -116.8764876601));
#4503 = CARTESIAN_POINT('',(27.618655712996,44.696422222256,
    -116.4959005641));
#4504 = CARTESIAN_POINT('',(28.197416165127,44.600209537502,
    -116.1235309051));
#4505 = CARTESIAN_POINT('',(29.650082334505,44.381922411312,
    -115.2341243669));
#4506 = CARTESIAN_POINT('',(30.540450857583,44.267516846484,
    -114.7267779773));
#4507 = CARTESIAN_POINT('',(31.460547514753,44.169327344526,
    -114.2412114314));
#4508 = CARTESIAN_POINT('',(32.408405903473,44.088772633587,
    -113.780490011));
#4509 = CARTESIAN_POINT('',(33.381336001194,44.027105468609,
    -113.3476215201));
#4510 = CARTESIAN_POINT('',(34.37580129317,43.985302968486,
    -112.9454251657));
#4511 = CARTESIAN_POINT('',(35.387261329845,43.963932041643,
    -112.5763573328));
#4512 = CARTESIAN_POINT('',(37.814563470058,43.961691205647,
    -111.7834403735));
#4513 = CARTESIAN_POINT('',(39.241466593301,43.998923550698,
    -111.3902393265));
#4514 = CARTESIAN_POINT('',(40.675374608667,44.074779187301,
    -111.0678109814));
#4515 = CARTESIAN_POINT('',(42.103703151263,44.187238134559,
    -110.8167359619));
#4516 = CARTESIAN_POINT('',(43.516259188078,44.333088768448,
    -110.6348632375));
#4517 = CARTESIAN_POINT('',(44.904997897101,44.508563768708,
    -110.518418266));
#4518 = CARTESIAN_POINT('',(46.263851382688,44.709773890366,
    -110.4627035094));
#4519 = CARTESIAN_POINT('',(47.588617133742,44.933024027928,
    -110.4627035094));
#4520 = PCURVE('',#1792,#4521);
#4521 = DEFINITIONAL_REPRESENTATION('',(#4522),#4686);
#4522 = B_SPLINE_CURVE_WITH_KNOTS('',8,(#4523,#4524,#4525,#4526,#4527,
    #4528,#4529,#4530,#4531,#4532,#4533,#4534,#4535,#4536,#4537,#4538,
    #4539,#4540,#4541,#4542,#4543,#4544,#4545,#4546,#4547,#4548,#4549,
    #4550,#4551,#4552,#4553,#4554,#4555,#4556,#4557,#4558,#4559,#4560,
    #4561,#4562,#4563,#4564,#4565,#4566,#4567,#4568,#4569,#4570,#4571,
    #4572,#4573,#4574,#4575,#4576,#4577,#4578,#4579,#4580,#4581,#4582,
    #4583,#4584,#4585,#4586,#4587,#4588,#4589,#4590,#4591,#4592,#4593,
    #4594,#4595,#4596,#4597,#4598,#4599,#4600,#4601,#4602,#4603,#4604,
    #4605,#4606,#4607,#4608,#4609,#4610,#4611,#4612,#4613,#4614,#4615,
    #4616,#4617,#4618,#4619,#4620,#4621,#4622,#4623,#4624,#4625,#4626,
    #4627,#4628,#4629,#4630,#4631,#4632,#4633,#4634,#4635,#4636,#4637,
    #4638,#4639,#4640,#4641,#4642,#4643,#4644,#4645,#4646,#4647,#4648,
    #4649,#4650,#4651,#4652,#4653,#4654,#4655,#4656,#4657,#4658,#4659,
    #4660,#4661,#4662,#4663,#4664,#4665,#4666,#4667,#4668,#4669,#4670,
    #4671,#4672,#4673,#4674,#4675,#4676,#4677,#4678,#4679,#4680,#4681,
    #4682,#4683,#4684,#4685),.UNSPECIFIED.,.F.,.F.,(9,7,7,7,7,7,7,7,7,7,
    7,7,7,7,7,7,7,7,7,7,7,7,7,9),(0.,3.33389559307E-02,
    6.149022803585E-02,8.680814801959E-02,0.175487906758,0.259316729121,
    0.291522052365,0.331281267769,0.37820609897,0.411267214897,
    0.460251933653,0.509618523612,0.542680059542,0.589605486867,
    0.629365207366,0.66157093974,0.745400827049,0.82896330198,
    0.85401569946,0.881619308019,0.911316375641,0.931303232901,
    0.960247565715,1.),.UNSPECIFIED.);
#4523 = CARTESIAN_POINT('',(0.,164.93302402792));
#4524 = CARTESIAN_POINT('',(3.089138364089E-02,165.12043391764));
#4525 = CARTESIAN_POINT('',(6.11418799013E-02,165.32353540352));
#4526 = CARTESIAN_POINT('',(9.076895269514E-02,165.54045344568));
#4527 = CARTESIAN_POINT('',(0.119795055475,165.76947455315));
#4528 = CARTESIAN_POINT('',(0.148246738039,166.00908036983));
#4529 = CARTESIAN_POINT('',(0.176154800555,166.25796574458));
#4530 = CARTESIAN_POINT('',(0.203554986632,166.51504929232));
#4531 = CARTESIAN_POINT('',(0.25323142599,167.00277237441));
#4532 = CARTESIAN_POINT('',(0.275637265679,167.2312598365));
#4533 = CARTESIAN_POINT('',(0.297728880242,167.46440942473));
#4534 = CARTESIAN_POINT('',(0.319526589375,167.70174651805));
#4535 = CARTESIAN_POINT('',(0.341049210002,167.94285412402));
#4536 = CARTESIAN_POINT('',(0.362314707502,168.18736918478));
#4537 = CARTESIAN_POINT('',(0.383340666691,168.43498035399));
#4538 = CARTESIAN_POINT('',(0.422854638575,168.91066730927));
#4539 = CARTESIAN_POINT('',(0.441384044677,169.13818824523));
#4540 = CARTESIAN_POINT('',(0.459744951368,169.36779268019));
#4541 = CARTESIAN_POINT('',(0.477948399423,169.59930247135));
#4542 = CARTESIAN_POINT('',(0.496004606125,169.83255715463));
#4543 = CARTESIAN_POINT('',(0.513923195514,170.06741275675));
#4544 = CARTESIAN_POINT('',(0.531713372655,170.30374097061));
#4545 = CARTESIAN_POINT('',(0.611278174212,171.37396509295));
#4546 = CARTESIAN_POINT('',(0.67167908989,172.22281617064));
#4547 = CARTESIAN_POINT('',(0.731004359624,173.0835384067));
#4548 = CARTESIAN_POINT('',(0.789525350321,173.95269989558));
#4549 = CARTESIAN_POINT('',(0.847470742322,174.82748912914));
#4550 = CARTESIAN_POINT('',(0.90503874298,175.70567911639));
#4551 = CARTESIAN_POINT('',(0.96242386855,176.58553413102));
#4552 = CARTESIAN_POINT('',(1.074102910158,178.29794547774));
#4553 = CARTESIAN_POINT('',(1.12836134505,179.12995187436));
#4554 = CARTESIAN_POINT('',(1.182770007241,179.96056943667));
#4555 = CARTESIAN_POINT('',(1.237468044451,180.78843401187));
#4556 = CARTESIAN_POINT('',(1.29258699645,181.61208320896));
#4557 = CARTESIAN_POINT('',(1.348259714713,182.42995760443));
#4558 = CARTESIAN_POINT('',(1.404628985615,183.2404014178));
#4559 = CARTESIAN_POINT('',(1.483856306753,184.34948835024));
#4560 = CARTESIAN_POINT('',(1.505972297881,184.65593558059));
#4561 = CARTESIAN_POINT('',(1.528223727351,184.96089379988));
#4562 = CARTESIAN_POINT('',(1.55061965229,185.26424432043));
#4563 = CARTESIAN_POINT('',(1.5731692705,185.56585870551));
#4564 = CARTESIAN_POINT('',(1.595882053691,185.8655988928));
#4565 = CARTESIAN_POINT('',(1.618767908701,186.16331722497));
#4566 = CARTESIAN_POINT('',(1.67031786177,186.82371548668));
#4567 = CARTESIAN_POINT('',(1.699076945115,187.18523722347));
#4568 = CARTESIAN_POINT('',(1.728135187254,187.54313655702));
#4569 = CARTESIAN_POINT('',(1.757512896249,187.89708210474));
#4570 = CARTESIAN_POINT('',(1.787230483568,188.24669803976));
#4571 = CARTESIAN_POINT('',(1.817309007401,188.59156505001));
#4572 = CARTESIAN_POINT('',(1.84777089343,188.93122035905));
#4573 = CARTESIAN_POINT('',(1.915074316237,189.65927704889));
#4574 = CARTESIAN_POINT('',(1.952070024101,190.04536434033));
#4575 = CARTESIAN_POINT('',(1.989672144732,190.42263239881));
#4576 = CARTESIAN_POINT('',(2.027920062617,190.79009882511));
#4577 = CARTESIAN_POINT('',(2.066849586953,191.14660324069));
#4578 = CARTESIAN_POINT('',(2.106494393287,191.49082113243));
#4579 = CARTESIAN_POINT('',(2.146887678494,191.82127340628));
#4580 = CARTESIAN_POINT('',(2.217075025296,192.35830745332));
#4581 = CARTESIAN_POINT('',(2.246470658967,192.57261058067));
#4582 = CARTESIAN_POINT('',(2.27626053446,192.77865677302));
#4583 = CARTESIAN_POINT('',(2.306450298154,192.97579869209));
#4584 = CARTESIAN_POINT('',(2.337041858544,193.1633364995));
#4585 = CARTESIAN_POINT('',(2.368033152622,193.34053103098));
#4586 = CARTESIAN_POINT('',(2.399417458537,193.50661956541));
#4587 = CARTESIAN_POINT('',(2.478246291995,193.88932496237));
#4588 = CARTESIAN_POINT('',(2.52618601886,194.09194555718));
#4589 = CARTESIAN_POINT('',(2.57490823834,194.26585716707));
#4590 = CARTESIAN_POINT('',(2.624309541586,194.40846263813));
#4591 = CARTESIAN_POINT('',(2.674270433896,194.51752395194));
#4592 = CARTESIAN_POINT('',(2.724648323557,194.59127163356));
#4593 = CARTESIAN_POINT('',(2.775261308815,194.62862149714));
#4594 = CARTESIAN_POINT('',(2.876842500049,194.6306145265));
#4595 = CARTESIAN_POINT('',(2.927860600957,194.59468959814));
#4596 = CARTESIAN_POINT('',(2.978646972136,194.52175695238));
#4597 = CARTESIAN_POINT('',(3.029014846231,194.4129026913));
#4598 = CARTESIAN_POINT('',(3.078817848794,194.26992387522));
#4599 = CARTESIAN_POINT('',(3.127933150012,194.09510440666));
#4600 = CARTESIAN_POINT('',(3.176254188906,193.89110328741));
#4601 = CARTESIAN_POINT('',(3.255449317925,193.50661956541));
#4602 = CARTESIAN_POINT('',(3.28683362384,193.34053103098));
#4603 = CARTESIAN_POINT('',(3.317824917918,193.1633364995));
#4604 = CARTESIAN_POINT('',(3.348416478308,192.97579869209));
#4605 = CARTESIAN_POINT('',(3.378606242002,192.77865677302));
#4606 = CARTESIAN_POINT('',(3.408396117494,192.57261058067));
#4607 = CARTESIAN_POINT('',(3.437791751165,192.35830745332));
#4608 = CARTESIAN_POINT('',(3.507979097967,191.82127340628));
#4609 = CARTESIAN_POINT('',(3.548372383175,191.49082113243));
#4610 = CARTESIAN_POINT('',(3.588017189509,191.14660324069));
#4611 = CARTESIAN_POINT('',(3.626946713844,190.79009882511));
#4612 = CARTESIAN_POINT('',(3.66519463173,190.42263239881));
#4613 = CARTESIAN_POINT('',(3.702796752361,190.04536434032));
#4614 = CARTESIAN_POINT('',(3.739792460225,189.65927704889));
#4615 = CARTESIAN_POINT('',(3.807095883032,188.93122035905));
#4616 = CARTESIAN_POINT('',(3.837557769061,188.59156505001));
#4617 = CARTESIAN_POINT('',(3.867636292894,188.24669803976));
#4618 = CARTESIAN_POINT('',(3.897353880212,187.89708210474));
#4619 = CARTESIAN_POINT('',(3.926731589207,187.54313655702));
#4620 = CARTESIAN_POINT('',(3.955789831346,187.18523722347));
#4621 = CARTESIAN_POINT('',(3.984548914692,186.82371548668));
#4622 = CARTESIAN_POINT('',(4.036098867761,186.16331722497));
#4623 = CARTESIAN_POINT('',(4.05898472277,185.8655988928));
#4624 = CARTESIAN_POINT('',(4.081697505961,185.56585870551));
#4625 = CARTESIAN_POINT('',(4.104247124172,185.26424432043));
#4626 = CARTESIAN_POINT('',(4.126643049111,184.96089379988));
#4627 = CARTESIAN_POINT('',(4.148894478581,184.65593558059));
#4628 = CARTESIAN_POINT('',(4.171010469709,184.34948835024));
#4629 = CARTESIAN_POINT('',(4.250237790847,183.2404014178));
#4630 = CARTESIAN_POINT('',(4.30660706175,182.42995760443));
#4631 = CARTESIAN_POINT('',(4.362279780009,181.61208320894));
#4632 = CARTESIAN_POINT('',(4.417398732014,180.78843401189));
#4633 = CARTESIAN_POINT('',(4.472096769218,179.96056943666));
#4634 = CARTESIAN_POINT('',(4.526505431413,179.12995187436));
#4635 = CARTESIAN_POINT('',(4.580763866304,178.29794547774));
#4636 = CARTESIAN_POINT('',(4.689129380547,176.63634153207));
#4637 = CARTESIAN_POINT('',(4.743208808593,175.80716805575));
#4638 = CARTESIAN_POINT('',(4.797440792839,174.97939820322));
#4639 = CARTESIAN_POINT('',(4.851986179176,174.15449767289));
#4640 = CARTESIAN_POINT('',(4.907010025884,173.33429619674));
#4641 = CARTESIAN_POINT('',(4.962699887356,172.52104584601));
#4642 = CARTESIAN_POINT('',(5.019277599483,171.71745692612));
#4643 = CARTESIAN_POINT('',(5.094391630693,170.68993963619));
#4644 = CARTESIAN_POINT('',(5.111824099075,170.45413735503));
#4645 = CARTESIAN_POINT('',(5.129371800248,170.21963288208));
#4646 = CARTESIAN_POINT('',(5.147043095143,169.98653845565));
#4647 = CARTESIAN_POINT('',(5.164846731538,169.75497928977));
#4648 = CARTESIAN_POINT('',(5.182791992109,169.5250942533));
#4649 = CARTESIAN_POINT('',(5.200888888064,169.29703683246));
#4650 = CARTESIAN_POINT('',(5.239267366052,168.82189505227));
#4651 = CARTESIAN_POINT('',(5.25958278536,168.57525019361));
#4652 = CARTESIAN_POINT('',(5.280109911087,168.33126030733));
#4653 = CARTESIAN_POINT('',(5.300864233655,168.09018363933));
#4654 = CARTESIAN_POINT('',(5.321861724857,167.85231895359));
#4655 = CARTESIAN_POINT('',(5.343119233785,167.61800747973));
#4656 = CARTESIAN_POINT('',(5.364655032951,167.38763602926));
#4657 = CARTESIAN_POINT('',(5.409979924431,166.91850707841));
#4658 = CARTESIAN_POINT('',(5.433812217558,166.68047823281));
#4659 = CARTESIAN_POINT('',(5.458014006182,166.44807095716));
#4660 = CARTESIAN_POINT('',(5.482610669836,166.22192570904));
#4661 = CARTESIAN_POINT('',(5.507625859284,166.00280545069));
#4662 = CARTESIAN_POINT('',(5.533082024917,165.79159374915));
#4663 = CARTESIAN_POINT('',(5.559000969653,165.58929271598));
#4664 = CARTESIAN_POINT('',(5.603174602383,165.26761704666));
#4665 = CARTESIAN_POINT('',(5.621162073963,165.1427718568));
#4666 = CARTESIAN_POINT('',(5.639372396155,165.02283160252));
#4667 = CARTESIAN_POINT('',(5.657808944517,164.90817932805));
#4668 = CARTESIAN_POINT('',(5.676472869726,164.79922985068));
#4669 = CARTESIAN_POINT('',(5.695362880002,164.69642222225));
#4670 = CARTESIAN_POINT('',(5.714474851293,164.6002095375));
#4671 = CARTESIAN_POINT('',(5.761789165008,164.38192241131));
#4672 = CARTESIAN_POINT('',(5.790240957894,164.26751684648));
#4673 = CARTESIAN_POINT('',(5.819114513997,164.16932734452));
#4674 = CARTESIAN_POINT('',(5.848356857653,164.08877263358));
#4675 = CARTESIAN_POINT('',(5.877902523704,164.0271054686));
#4676 = CARTESIAN_POINT('',(5.907670855951,163.98530296848));
#4677 = CARTESIAN_POINT('',(5.93756150117,163.96393204164));
#4678 = CARTESIAN_POINT('',(6.008492876589,163.96169120564));
#4679 = CARTESIAN_POINT('',(6.049561301345,163.99892355069));
#4680 = CARTESIAN_POINT('',(6.090309673768,164.0747791873));
#4681 = CARTESIAN_POINT('',(6.130506365487,164.18723813455));
#4682 = CARTESIAN_POINT('',(6.169988368284,164.33308876844));
#4683 = CARTESIAN_POINT('',(6.208640312676,164.5085637687));
#4684 = CARTESIAN_POINT('',(6.246386258539,164.70977389036));
#4685 = CARTESIAN_POINT('',(6.28318530718,164.93302402792));
#4686 = ( GEOMETRIC_REPRESENTATION_CONTEXT(2) 
PARAMETRIC_REPRESENTATION_CONTEXT() REPRESENTATION_CONTEXT('2D SPACE',''
  ) );
#4687 = PCURVE('',#3867,#4688);
#4688 = DEFINITIONAL_REPRESENTATION('',(#4689),#4853);
#4689 = B_SPLINE_CURVE_WITH_KNOTS('',8,(#4690,#4691,#4692,#4693,#4694,
    #4695,#4696,#4697,#4698,#4699,#4700,#4701,#4702,#4703,#4704,#4705,
    #4706,#4707,#4708,#4709,#4710,#4711,#4712,#4713,#4714,#4715,#4716,
    #4717,#4718,#4719,#4720,#4721,#4722,#4723,#4724,#4725,#4726,#4727,
    #4728,#4729,#4730,#4731,#4732,#4733,#4734,#4735,#4736,#4737,#4738,
    #4739,#4740,#4741,#4742,#4743,#4744,#4745,#4746,#4747,#4748,#4749,
    #4750,#4751,#4752,#4753,#4754,#4755,#4756,#4757,#4758,#4759,#4760,
    #4761,#4762,#4763,#4764,#4765,#4766,#4767,#4768,#4769,#4770,#4771,
    #4772,#4773,#4774,#4775,#4776,#4777,#4778,#4779,#4780,#4781,#4782,
    #4783,#4784,#4785,#4786,#4787,#4788,#4789,#4790,#4791,#4792,#4793,
    #4794,#4795,#4796,#4797,#4798,#4799,#4800,#4801,#4802,#4803,#4804,
    #4805,#4806,#4807,#4808,#4809,#4810,#4811,#4812,#4813,#4814,#4815,
    #4816,#4817,#4818,#4819,#4820,#4821,#4822,#4823,#4824,#4825,#4826,
    #4827,#4828,#4829,#4830,#4831,#4832,#4833,#4834,#4835,#4836,#4837,
    #4838,#4839,#4840,#4841,#4842,#4843,#4844,#4845,#4846,#4847,#4848,
    #4849,#4850,#4851,#4852),.UNSPECIFIED.,.F.,.F.,(9,7,7,7,7,7,7,7,7,7,
    7,7,7,7,7,7,7,7,7,7,7,7,7,9),(0.,3.33389559307E-02,
    6.149022803585E-02,8.680814801959E-02,0.175487906758,0.259316729121,
    0.291522052365,0.331281267769,0.37820609897,0.411267214897,
    0.460251933653,0.509618523612,0.542680059542,0.589605486867,
    0.629365207366,0.66157093974,0.745400827049,0.82896330198,
    0.85401569946,0.881619308019,0.911316375641,0.931303232901,
    0.960247565715,1.),.UNSPECIFIED.);
#4690 = CARTESIAN_POINT('',(1.164013494318,-39.06697597207));
#4691 = CARTESIAN_POINT('',(1.155521953642,-38.87956608235));
#4692 = CARTESIAN_POINT('',(1.147406738661,-38.67646459647));
#4693 = CARTESIAN_POINT('',(1.139669985116,-38.45954655431));
#4694 = CARTESIAN_POINT('',(1.13230770964,-38.23052544684));
#4695 = CARTESIAN_POINT('',(1.125311430387,-37.99091963016));
#4696 = CARTESIAN_POINT('',(1.118669423439,-37.74203425541));
#4697 = CARTESIAN_POINT('',(1.112367720228,-37.48495070767));
#4698 = CARTESIAN_POINT('',(1.10134419296,-36.99722762558));
#4699 = CARTESIAN_POINT('',(1.096530065589,-36.76874016349));
#4700 = CARTESIAN_POINT('',(1.091939718105,-36.53559057526));
#4701 = CARTESIAN_POINT('',(1.08756465547,-36.29825348194));
#4702 = CARTESIAN_POINT('',(1.083396671619,-36.05714587597));
#4703 = CARTESIAN_POINT('',(1.079427818612,-35.81263081522));
#4704 = CARTESIAN_POINT('',(1.075650411897,-35.565019646));
#4705 = CARTESIAN_POINT('',(1.068825391826,-35.08933269072));
#4706 = CARTESIAN_POINT('',(1.06574277309,-34.86181175476));
#4707 = CARTESIAN_POINT('',(1.062803923172,-34.6322073198));
#4708 = CARTESIAN_POINT('',(1.060003907363,-34.40069752864));
#4709 = CARTESIAN_POINT('',(1.057338093807,-34.16744284536));
#4710 = CARTESIAN_POINT('',(1.05480211397,-33.93258724324));
#4711 = CARTESIAN_POINT('',(1.052391838342,-33.69625902938));
#4712 = CARTESIAN_POINT('',(1.042087659363,-32.62603490704));
#4713 = CARTESIAN_POINT('',(1.035569808543,-31.77718382935));
#4714 = CARTESIAN_POINT('',(1.030375757325,-30.91646159329));
#4715 = CARTESIAN_POINT('',(1.026382893972,-30.04730010441));
#4716 = CARTESIAN_POINT('',(1.02349022472,-29.17251087086));
#4717 = CARTESIAN_POINT('',(1.021617467626,-28.2943208836));
#4718 = CARTESIAN_POINT('',(1.020699491076,-27.41446586897));
#4719 = CARTESIAN_POINT('',(1.020676553026,-25.70205452225));
#4720 = CARTESIAN_POINT('',(1.021475161938,-24.87004812563));
#4721 = CARTESIAN_POINT('',(1.023040704919,-24.03943056333));
#4722 = CARTESIAN_POINT('',(1.025342324956,-23.2115659881));
#4723 = CARTESIAN_POINT('',(1.028357168534,-22.38791679105));
#4724 = CARTESIAN_POINT('',(1.032069646158,-21.57004239556));
#4725 = CARTESIAN_POINT('',(1.036471106101,-20.75959858219));
#4726 = CARTESIAN_POINT('',(1.043518405477,-19.65051164975));
#4727 = CARTESIAN_POINT('',(1.045576048178,-19.3440644194));
#4728 = CARTESIAN_POINT('',(1.047735312299,-19.03910620011));
#4729 = CARTESIAN_POINT('',(1.049996296279,-18.73575567956));
#4730 = CARTESIAN_POINT('',(1.05235923332,-18.43414129448));
#4731 = CARTESIAN_POINT('',(1.054824496225,-18.13440110719));
#4732 = CARTESIAN_POINT('',(1.057392611288,-17.83668277502));
#4733 = CARTESIAN_POINT('',(1.063362602435,-17.17628451331));
#4734 = CARTESIAN_POINT('',(1.066818610002,-16.81476277653));
#4735 = CARTESIAN_POINT('',(1.070433693987,-16.45686344297));
#4736 = CARTESIAN_POINT('',(1.074209477736,-16.10291789525));
#4737 = CARTESIAN_POINT('',(1.078147792307,-15.75330196023));
#4738 = CARTESIAN_POINT('',(1.082250700223,-15.40843494998));
#4739 = CARTESIAN_POINT('',(1.086520568545,-15.06877964094));
#4740 = CARTESIAN_POINT('',(1.096199946272,-14.3407229511));
#4741 = CARTESIAN_POINT('',(1.101675269898,-13.95463565967));
#4742 = CARTESIAN_POINT('',(1.107391185417,-13.57736760118));
#4743 = CARTESIAN_POINT('',(1.113352306132,-13.20990117489));
#4744 = CARTESIAN_POINT('',(1.119562661684,-12.8533967593));
#4745 = CARTESIAN_POINT('',(1.126025628489,-12.50917886756));
#4746 = CARTESIAN_POINT('',(1.13274396432,-12.17872659371));
#4747 = CARTESIAN_POINT('',(1.144634909268,-11.64169254667));
#4748 = CARTESIAN_POINT('',(1.149677075758,-11.42738941932));
#4749 = CARTESIAN_POINT('',(1.154846789798,-11.22134322697));
#4750 = CARTESIAN_POINT('',(1.160143515022,-11.0242013079));
#4751 = CARTESIAN_POINT('',(1.165565769723,-10.83666350049));
#4752 = CARTESIAN_POINT('',(1.171110994616,-10.65946896901));
#4753 = CARTESIAN_POINT('',(1.176775354033,-10.49338043458));
#4754 = CARTESIAN_POINT('',(1.191114567315,-10.11067503762));
#4755 = CARTESIAN_POINT('',(1.199932740142,-9.908054442821));
#4756 = CARTESIAN_POINT('',(1.20898125781,-9.73414283292));
#4757 = CARTESIAN_POINT('',(1.218228433237,-9.591537361867));
#4758 = CARTESIAN_POINT('',(1.227636881231,-9.482476048054));
#4759 = CARTESIAN_POINT('',(1.237162446917,-9.408728366435));
#4760 = CARTESIAN_POINT('',(1.246751831412,-9.371378502857));
#4761 = CARTESIAN_POINT('',(1.265998781888,-9.369385473493));
#4762 = CARTESIAN_POINT('',(1.275665813062,-9.405310401855));
#4763 = CARTESIAN_POINT('',(1.285270108231,-9.478243047618));
#4764 = CARTESIAN_POINT('',(1.29475695072,-9.587097308695));
#4765 = CARTESIAN_POINT('',(1.304081006152,-9.730076124774));
#4766 = CARTESIAN_POINT('',(1.313203862597,-9.904895593337));
#4767 = CARTESIAN_POINT('',(1.32209292524,-10.10889671259));
#4768 = CARTESIAN_POINT('',(1.336498768839,-10.49338043458));
#4769 = CARTESIAN_POINT('',(1.342163128256,-10.65946896901));
#4770 = CARTESIAN_POINT('',(1.347708353149,-10.83666350049));
#4771 = CARTESIAN_POINT('',(1.35313060785,-11.0242013079));
#4772 = CARTESIAN_POINT('',(1.358427333074,-11.22134322697));
#4773 = CARTESIAN_POINT('',(1.363597047114,-11.42738941932));
#4774 = CARTESIAN_POINT('',(1.368639213604,-11.64169254667));
#4775 = CARTESIAN_POINT('',(1.380530158552,-12.17872659371));
#4776 = CARTESIAN_POINT('',(1.387248494383,-12.50917886756));
#4777 = CARTESIAN_POINT('',(1.393711461187,-12.8533967593));
#4778 = CARTESIAN_POINT('',(1.399921816739,-13.20990117489));
#4779 = CARTESIAN_POINT('',(1.405882937455,-13.57736760118));
#4780 = CARTESIAN_POINT('',(1.411598852973,-13.95463565967));
#4781 = CARTESIAN_POINT('',(1.4170741766,-14.3407229511));
#4782 = CARTESIAN_POINT('',(1.426753554327,-15.06877964094));
#4783 = CARTESIAN_POINT('',(1.431023422649,-15.40843494998));
#4784 = CARTESIAN_POINT('',(1.435126330565,-15.75330196023));
#4785 = CARTESIAN_POINT('',(1.439064645136,-16.10291789525));
#4786 = CARTESIAN_POINT('',(1.442840428885,-16.45686344297));
#4787 = CARTESIAN_POINT('',(1.44645551287,-16.81476277653));
#4788 = CARTESIAN_POINT('',(1.449911520437,-17.17628451331));
#4789 = CARTESIAN_POINT('',(1.455881511584,-17.83668277502));
#4790 = CARTESIAN_POINT('',(1.458449626647,-18.13440110719));
#4791 = CARTESIAN_POINT('',(1.460914889552,-18.43414129448));
#4792 = CARTESIAN_POINT('',(1.463277826593,-18.73575567956));
#4793 = CARTESIAN_POINT('',(1.465538810573,-19.03910620011));
#4794 = CARTESIAN_POINT('',(1.467698074694,-19.3440644194));
#4795 = CARTESIAN_POINT('',(1.469755717395,-19.65051164975));
#4796 = CARTESIAN_POINT('',(1.47680301677,-20.75959858219));
#4797 = CARTESIAN_POINT('',(1.481204476714,-21.57004239557));
#4798 = CARTESIAN_POINT('',(1.484916954337,-22.38791679105));
#4799 = CARTESIAN_POINT('',(1.487931797916,-23.2115659881));
#4800 = CARTESIAN_POINT('',(1.490233417952,-24.03943056333));
#4801 = CARTESIAN_POINT('',(1.491798960934,-24.87004812563));
#4802 = CARTESIAN_POINT('',(1.492597569845,-25.70205452225));
#4803 = CARTESIAN_POINT('',(1.49257531237,-27.36365846792));
#4804 = CARTESIAN_POINT('',(1.491759604659,-28.19283194424));
#4805 = CARTESIAN_POINT('',(1.490098358304,-29.02060179679));
#4806 = CARTESIAN_POINT('',(1.487538003446,-29.84550232708));
#4807 = CARTESIAN_POINT('',(1.484012934344,-30.66570380327));
#4808 = CARTESIAN_POINT('',(1.47944187649,-31.47895415398));
#4809 = CARTESIAN_POINT('',(1.473726217132,-32.28254307387));
#4810 = CARTESIAN_POINT('',(1.464633409519,-33.3100603638));
#4811 = CARTESIAN_POINT('',(1.462421288961,-33.54586264496));
#4812 = CARTESIAN_POINT('',(1.460090801566,-33.78036711791));
#4813 = CARTESIAN_POINT('',(1.45763820103,-34.01346154434));
#4814 = CARTESIAN_POINT('',(1.455059518695,-34.24502071023));
#4815 = CARTESIAN_POINT('',(1.452350540758,-34.47490574669));
#4816 = CARTESIAN_POINT('',(1.449506772692,-34.70296316753));
#4817 = CARTESIAN_POINT('',(1.443236196305,-35.17810494772));
#4818 = CARTESIAN_POINT('',(1.439779662933,-35.42474980638));
#4819 = CARTESIAN_POINT('',(1.436147269083,-35.66873969266));
#4820 = CARTESIAN_POINT('',(1.432332176445,-35.90981636066));
#4821 = CARTESIAN_POINT('',(1.428327248613,-36.1476810464));
#4822 = CARTESIAN_POINT('',(1.424125036211,-36.38199252026));
#4823 = CARTESIAN_POINT('',(1.419717728555,-36.61236397073));
#4824 = CARTESIAN_POINT('',(1.410125984373,-37.08149292158));
#4825 = CARTESIAN_POINT('',(1.4049087687,-37.31952176719));
#4826 = CARTESIAN_POINT('',(1.39943477458,-37.55192904283));
#4827 = CARTESIAN_POINT('',(1.393693739923,-37.77807429095));
#4828 = CARTESIAN_POINT('',(1.387676098299,-37.99719454931));
#4829 = CARTESIAN_POINT('',(1.381373336442,-38.20840625084));
#4830 = CARTESIAN_POINT('',(1.374778401794,-38.41070728401));
#4831 = CARTESIAN_POINT('',(1.363247511847,-38.73238295333));
#4832 = CARTESIAN_POINT('',(1.358474760821,-38.8572281432));
#4833 = CARTESIAN_POINT('',(1.353566656703,-38.97716839747));
#4834 = CARTESIAN_POINT('',(1.34852292665,-39.09182067194));
#4835 = CARTESIAN_POINT('',(1.343344459588,-39.20077014931));
#4836 = CARTESIAN_POINT('',(1.338033521503,-39.30357777774));
#4837 = CARTESIAN_POINT('',(1.332594001764,-39.39979046249));
#4838 = CARTESIAN_POINT('',(1.318976527611,-39.61807758868));
#4839 = CARTESIAN_POINT('',(1.31065976853,-39.73248315351));
#4840 = CARTESIAN_POINT('',(1.302104318369,-39.83067265547));
#4841 = CARTESIAN_POINT('',(1.293340781779,-39.91122736641));
#4842 = CARTESIAN_POINT('',(1.284408210245,-39.97289453139));
#4843 = CARTESIAN_POINT('',(1.275354510801,-40.01469703151));
#4844 = CARTESIAN_POINT('',(1.266236388524,-40.03606795835));
#4845 = CARTESIAN_POINT('',(1.244596364556,-40.03830879435));
#4846 = CARTESIAN_POINT('',(1.232065099408,-40.0010764493));
#4847 = CARTESIAN_POINT('',(1.219697073035,-39.92522081269));
#4848 = CARTESIAN_POINT('',(1.207630985328,-39.81276186544));
#4849 = CARTESIAN_POINT('',(1.195970891296,-39.66691123155));
#4850 = CARTESIAN_POINT('',(1.184788736569,-39.49143623129));
#4851 = CARTESIAN_POINT('',(1.174128956352,-39.29022610963));
#4852 = CARTESIAN_POINT('',(1.164013494318,-39.06697597207));
#4853 = ( GEOMETRIC_REPRESENTATION_CONTEXT(2) 
PARAMETRIC_REPRESENTATION_CONTEXT() REPRESENTATION_CONTEXT('2D SPACE',''
  ) );
#4854 = ORIENTED_EDGE('',*,*,#4855,.F.);
#4855 = EDGE_CURVE('',#1443,#4353,#4856,.T.);
#4856 = SEAM_CURVE('',#4857,(#4861,#4868),.PCURVE_S1.);
#4857 = LINE('',#4858,#4859);
#4858 = CARTESIAN_POINT('',(47.588617133742,-120.,-110.4627035094));
#4859 = VECTOR('',#4860,1.);
#4860 = DIRECTION('',(0.,1.,0.));
#4861 = PCURVE('',#1792,#4862);
#4862 = DEFINITIONAL_REPRESENTATION('',(#4863),#4867);
#4863 = LINE('',#4864,#4865);
#4864 = CARTESIAN_POINT('',(6.28318530718,-0.));
#4865 = VECTOR('',#4866,1.);
#4866 = DIRECTION('',(0.,1.));
#4867 = ( GEOMETRIC_REPRESENTATION_CONTEXT(2) 
PARAMETRIC_REPRESENTATION_CONTEXT() REPRESENTATION_CONTEXT('2D SPACE',''
  ) );
#4868 = PCURVE('',#1792,#4869);
#4869 = DEFINITIONAL_REPRESENTATION('',(#4870),#4874);
#4870 = LINE('',#4871,#4872);
#4871 = CARTESIAN_POINT('',(0.,-0.));
#4872 = VECTOR('',#4873,1.);
#4873 = DIRECTION('',(0.,1.));
#4874 = ( GEOMETRIC_REPRESENTATION_CONTEXT(2) 
PARAMETRIC_REPRESENTATION_CONTEXT() REPRESENTATION_CONTEXT('2D SPACE',''
  ) );
#4875 = ORIENTED_EDGE('',*,*,#1442,.T.);
#4876 = ORIENTED_EDGE('',*,*,#4855,.T.);
#4877 = ADVANCED_FACE('',(#4878),#2309,.F.);
#4878 = FACE_BOUND('',#4879,.F.);
#4879 = EDGE_LOOP('',(#4880,#5383,#5404,#5405));
#4880 = ORIENTED_EDGE('',*,*,#4881,.F.);
#4881 = EDGE_CURVE('',#4882,#4882,#4884,.T.);
#4882 = VERTEX_POINT('',#4883);
#4883 = CARTESIAN_POINT('',(-124.5886171337,51.627495454923,
    -54.51892885304));
#4884 = SURFACE_CURVE('',#4885,(#5049,#5216),.PCURVE_S1.);
#4885 = B_SPLINE_CURVE_WITH_KNOTS('',8,(#4886,#4887,#4888,#4889,#4890,
    #4891,#4892,#4893,#4894,#4895,#4896,#4897,#4898,#4899,#4900,#4901,
    #4902,#4903,#4904,#4905,#4906,#4907,#4908,#4909,#4910,#4911,#4912,
    #4913,#4914,#4915,#4916,#4917,#4918,#4919,#4920,#4921,#4922,#4923,
    #4924,#4925,#4926,#4927,#4928,#4929,#4930,#4931,#4932,#4933,#4934,
    #4935,#4936,#4937,#4938,#4939,#4940,#4941,#4942,#4943,#4944,#4945,
    #4946,#4947,#4948,#4949,#4950,#4951,#4952,#4953,#4954,#4955,#4956,
    #4957,#4958,#4959,#4960,#4961,#4962,#4963,#4964,#4965,#4966,#4967,
    #4968,#4969,#4970,#4971,#4972,#4973,#4974,#4975,#4976,#4977,#4978,
    #4979,#4980,#4981,#4982,#4983,#4984,#4985,#4986,#4987,#4988,#4989,
    #4990,#4991,#4992,#4993,#4994,#4995,#4996,#4997,#4998,#4999,#5000,
    #5001,#5002,#5003,#5004,#5005,#5006,#5007,#5008,#5009,#5010,#5011,
    #5012,#5013,#5014,#5015,#5016,#5017,#5018,#5019,#5020,#5021,#5022,
    #5023,#5024,#5025,#5026,#5027,#5028,#5029,#5030,#5031,#5032,#5033,
    #5034,#5035,#5036,#5037,#5038,#5039,#5040,#5041,#5042,#5043,#5044,
    #5045,#5046,#5047,#5048),.UNSPECIFIED.,.T.,.F.,(9,7,7,7,7,7,7,7,7,7,
    7,7,7,7,7,7,7,7,7,7,7,7,7,9),(0.,5.222431060826E-02,
    9.376839021676E-02,0.112360436842,0.140489655773,0.169815826623,
    0.189802797409,0.219500033711,0.247103799059,0.272156338837,
    0.355719288406,0.439549651871,0.471755567175,0.51151551351,
    0.558441207373,0.591502931093,0.640488550381,0.689856047891,
    0.722918191622,0.769844481621,0.809604933059,0.841811257501,
    0.925642685932,1.),.UNSPECIFIED.);
#4886 = CARTESIAN_POINT('',(-124.5886171337,51.627495454923,
    -54.51892885304));
#4887 = CARTESIAN_POINT('',(-123.3073946218,51.127559818551,
    -54.51892885304));
#4888 = CARTESIAN_POINT('',(-122.0122893916,50.632049283265,
    -54.57104026586));
#4889 = CARTESIAN_POINT('',(-120.7030807558,50.141592022438,
    -54.67724343079));
#4890 = CARTESIAN_POINT('',(-119.379779086,49.657077293346,
    -54.84000710373));
#4891 = CARTESIAN_POINT('',(-118.0425908399,49.179675068629,
    -55.06232745994));
#4892 = CARTESIAN_POINT('',(-116.6918831137,48.710849157028,
    -55.34775090207));
#4893 = CARTESIAN_POINT('',(-115.328098739,48.252398460304,
    -55.70055908875));
#4894 = CARTESIAN_POINT('',(-112.8565561543,47.451900392958,
    -56.46496426599));
#4895 = CARTESIAN_POINT('',(-111.7541031769,47.105424646185,
    -56.84958950887));
#4896 = CARTESIAN_POINT('',(-110.6440361671,46.768127818556,
    -57.28298328231));
#4897 = CARTESIAN_POINT('',(-109.5268759491,46.441436289746,
    -57.76830598144));
#4898 = CARTESIAN_POINT('',(-108.4038253072,46.127204379702,
    -58.30899666041));
#4899 = CARTESIAN_POINT('',(-107.2767544845,45.82771053617,
    -58.90871779881));
#4900 = CARTESIAN_POINT('',(-106.1481951193,45.545658679769,
    -59.57134338177));
#4901 = CARTESIAN_POINT('',(-104.5170560924,45.167174987174,
    -60.62756918372));
#4902 = CARTESIAN_POINT('',(-104.0132300996,45.054311612361,
    -60.96746713988));
#4903 = CARTESIAN_POINT('',(-103.5102217674,44.945892131527,
    -61.3210328794));
#4904 = CARTESIAN_POINT('',(-103.0084633543,44.842236116363,
    -61.68854948082));
#4905 = CARTESIAN_POINT('',(-102.5084672227,44.743685681184,
    -62.0702532013));
#4906 = CARTESIAN_POINT('',(-102.0108244253,44.650599516747,
    -62.46631820805));
#4907 = CARTESIAN_POINT('',(-101.5162031338,44.563345013921,
    -62.87683698953));
#4908 = CARTESIAN_POINT('',(-100.2826959047,44.359652324569,
    -63.94474758812));
#4909 = CARTESIAN_POINT('',(-99.54831275025,44.251145859248,
    -64.62105735654));
#4910 = CARTESIAN_POINT('',(-98.82526680499,44.158139921505,
    -65.33032125119));
#4911 = CARTESIAN_POINT('',(-98.11682352933,44.081922442542,
    -66.07160261583));
#4912 = CARTESIAN_POINT('',(-97.42638950803,44.023622806167,
    -66.84332931561));
#4913 = CARTESIAN_POINT('',(-96.75743161381,43.984115843495,
    -67.64315288961));
#4914 = CARTESIAN_POINT('',(-96.11337031337,43.963905460677,
    -68.46777017907));
#4915 = CARTESIAN_POINT('',(-94.85531521152,43.962031294644,
    -70.19359837504));
#4916 = CARTESIAN_POINT('',(-94.24336647476,43.982043709334,
    -71.09712396133));
#4917 = CARTESIAN_POINT('',(-93.66537035658,44.023066858515,
    -72.01821851306));
#4918 = CARTESIAN_POINT('',(-93.12369364366,44.08453481919,
    -72.9520380708));
#4919 = CARTESIAN_POINT('',(-92.61962200808,44.165444527846,
    -73.89403900668));
#4920 = CARTESIAN_POINT('',(-92.15360234124,44.264498238631,
    -74.84003047698));
#4921 = CARTESIAN_POINT('',(-91.72542858829,44.380219735235,
    -75.78621103037));
#4922 = CARTESIAN_POINT('',(-91.06788778523,44.600209537502,
    -77.37188457449));
#4923 = CARTESIAN_POINT('',(-90.81853413773,44.696422222257,
    -78.01332481516));
#4924 = CARTESIAN_POINT('',(-90.58603663231,44.799229850685,
    -78.65267566248));
#4925 = CARTESIAN_POINT('',(-90.3700052537,44.908179328056,
    -79.28922631456));
#4926 = CARTESIAN_POINT('',(-90.16998713495,45.022831602529,
    -79.922391655));
#4927 = CARTESIAN_POINT('',(-89.98549170649,45.142771856802,
    -80.55170578963));
#4928 = CARTESIAN_POINT('',(-89.81601005531,45.267617046667,
    -81.17681738095));
#4929 = CARTESIAN_POINT('',(-89.43075227631,45.589292715989,
    -82.71969585365));
#4930 = CARTESIAN_POINT('',(-89.23252969982,45.791593749155,
    -83.63193070037));
#4931 = CARTESIAN_POINT('',(-89.06462860839,46.002805450691,
    -84.53352474059));
#4932 = CARTESIAN_POINT('',(-88.92541120644,46.221925709044,
    -85.42399716948));
#4933 = CARTESIAN_POINT('',(-88.8133395953,46.448070957162,
    -86.30304888341));
#4934 = CARTESIAN_POINT('',(-88.72698499376,46.680478232812,
    -87.17055925445));
#4935 = CARTESIAN_POINT('',(-88.66504064328,46.918507078415,
    -88.02658375307));
#4936 = CARTESIAN_POINT('',(-88.59036442021,47.387636029264,
    -89.65657013417));
#4937 = CARTESIAN_POINT('',(-88.57447652721,47.618007479737,
    -90.43194416825));
#4938 = CARTESIAN_POINT('',(-88.57772959677,47.852318953598,
    -91.19759475184));
#4939 = CARTESIAN_POINT('',(-88.59927824398,48.090183639341,
    -91.95363521004));
#4940 = CARTESIAN_POINT('',(-88.63836085392,48.331260307337,
    -92.70018368511));
#4941 = CARTESIAN_POINT('',(-88.69428901964,48.575250193618,
    -93.43737165936));
#4942 = CARTESIAN_POINT('',(-88.7664423853,48.821895052273,
    -94.16534927855));
#4943 = CARTESIAN_POINT('',(-88.93397820511,49.297036832463,
    -95.53677917588));
#4944 = CARTESIAN_POINT('',(-89.02659382337,49.525094253309,
    -96.18179657136));
#4945 = CARTESIAN_POINT('',(-89.13169888727,49.754979289771,
    -96.81945239161));
#4946 = CARTESIAN_POINT('',(-89.24891645178,49.986538455658,
    -97.44984436141));
#4947 = CARTESIAN_POINT('',(-89.37790403888,50.219632882085,
    -98.07306008819));
#4948 = CARTESIAN_POINT('',(-89.51834971031,50.454137355033,
    -98.68918079081));
#4949 = CARTESIAN_POINT('',(-89.6699696629,50.689939636196,
    -99.29828387002));
#4950 = CARTESIAN_POINT('',(-90.37465310852,51.717456926125,
    -101.9089553853));
#4951 = CARTESIAN_POINT('',(-91.03808763427,52.521045846015,
    -103.839570716));
#4952 = CARTESIAN_POINT('',(-91.81336071354,53.334296196751,
    -105.6959291791));
#4953 = CARTESIAN_POINT('',(-92.69401984441,54.154497672892,
    -107.478993345));
#4954 = CARTESIAN_POINT('',(-93.67496074237,54.979398203216,
    -109.1887303236));
#4955 = CARTESIAN_POINT('',(-94.75233333859,55.807168055759,
    -110.8242862933));
#4956 = CARTESIAN_POINT('',(-95.92331718605,56.636341532072,
    -112.384271103));
#4957 = CARTESIAN_POINT('',(-98.45340284826,58.297945477744,
    -115.3537330548));
#4958 = CARTESIAN_POINT('',(-99.81244571244,59.12995187436,
    -116.7619517269));
#4959 = CARTESIAN_POINT('',(-101.261478625,59.960569436696,
    -118.0890831371));
#4960 = CARTESIAN_POINT('',(-102.7989604222,60.78843401185,
    -119.331516186));
#4961 = CARTESIAN_POINT('',(-104.4235169884,61.612083208985,
    -120.484568355));
#4962 = CARTESIAN_POINT('',(-106.1338885689,62.429957604418,
    -121.5425188943));
#4963 = CARTESIAN_POINT('',(-107.9289072289,63.240401417806,
    -122.498609414));
#4964 = CARTESIAN_POINT('',(-110.5295997083,64.349488350246,
    -123.6696558234));
#4965 = CARTESIAN_POINT('',(-111.2637408136,64.655935580591,
    -123.9784086442));
#4966 = CARTESIAN_POINT('',(-112.0101284816,64.960893799882,
    -124.2704188502));
#4967 = CARTESIAN_POINT('',(-112.7686784174,65.264244320434,
    -124.5451781897));
#4968 = CARTESIAN_POINT('',(-113.5392923617,65.565858705518,
    -124.8021418718));
#4969 = CARTESIAN_POINT('',(-114.3218578292,65.865598892801,
    -125.0407280004));
#4970 = CARTESIAN_POINT('',(-115.1162485673,66.163317224975,
    -125.2603157684));
#4971 = CARTESIAN_POINT('',(-116.9174716416,66.823715486682,
    -125.7070626834));
#4972 = CARTESIAN_POINT('',(-117.9303854717,67.185237223471,
    -125.9239059751));
#4973 = CARTESIAN_POINT('',(-118.9608314779,67.543136557024,
    -126.1095372871));
#4974 = CARTESIAN_POINT('',(-120.0084848343,67.89708210475,
    -126.2626021358));
#4975 = CARTESIAN_POINT('',(-121.0729251544,68.246698039768,
    -126.3816352924));
#4976 = CARTESIAN_POINT('',(-122.1536333235,68.591565050014,
    -126.4650622509));
#4977 = CARTESIAN_POINT('',(-123.249991648,68.931220359058,
    -126.5111934264));
#4978 = CARTESIAN_POINT('',(-125.6728665607,69.659277048894,
    -126.5264935012));
#4979 = CARTESIAN_POINT('',(-127.005030003,70.04536434033,
    -126.4802916052));
#4980 = CARTESIAN_POINT('',(-128.356735646,70.422632398812,
    -126.3766501578));
#4981 = CARTESIAN_POINT('',(-129.7264223846,70.790098825111,
    -126.2123277736));
#4982 = CARTESIAN_POINT('',(-131.1119816767,71.146603240692,
    -125.9838821072));
#4983 = CARTESIAN_POINT('',(-132.5107362043,71.490821132437,
    -125.6877425418));
#4984 = CARTESIAN_POINT('',(-133.9194255259,71.821273406282,
    -125.3202703815));
#4985 = CARTESIAN_POINT('',(-136.3309839903,72.358307453326,
    -124.5660665201));
#4986 = CARTESIAN_POINT('',(-137.3306494125,72.572610580677,
    -124.2171447294));
#4987 = CARTESIAN_POINT('',(-138.3317655779,72.778656773025,
    -123.8298031212));
#4988 = CARTESIAN_POINT('',(-139.3326188549,72.975798692096,
    -123.4028631681));
#4989 = CARTESIAN_POINT('',(-140.3312140164,73.163336499509,
    -122.935251668));
#4990 = CARTESIAN_POINT('',(-141.3252799688,73.340531030986,
    -122.4260607354));
#4991 = CARTESIAN_POINT('',(-142.3122785838,73.506619565416,
    -121.8746219842));
#4992 = CARTESIAN_POINT('',(-144.7371848338,73.889324962373,
    -120.4004597751));
#4993 = CARTESIAN_POINT('',(-146.1645494463,74.091945557179,
    -119.426076658));
#4994 = CARTESIAN_POINT('',(-147.5606802911,74.26585716708,
    -118.3570886891));
#4995 = CARTESIAN_POINT('',(-148.9143144957,74.408462638134,
    -117.1948901455));
#4996 = CARTESIAN_POINT('',(-150.2140233546,74.517523951947,
    -115.9429808424));
#4997 = CARTESIAN_POINT('',(-151.4484792885,74.591271633564,
    -114.6073264134));
#4998 = CARTESIAN_POINT('',(-152.6068925284,74.628621497143,
    -113.1969711746));
#4999 = CARTESIAN_POINT('',(-154.761045762,74.630614526507,
    -110.2418554698));
#5000 = CARTESIAN_POINT('',(-155.756512543,74.594689598146,
    -108.6946714343));
#5001 = CARTESIAN_POINT('',(-156.6561683898,74.521756952381,
    -107.0969717335));
#5002 = CARTESIAN_POINT('',(-157.4545336238,74.412902691305,
    -105.462111059));
#5003 = CARTESIAN_POINT('',(-158.1493224205,74.269923875227,
    -103.8030111385));
#5004 = CARTESIAN_POINT('',(-158.7407023383,74.095104406662,
    -102.1319247638));
#5005 = CARTESIAN_POINT('',(-159.2308588704,73.89110328741,
    -100.4602877312));
#5006 = CARTESIAN_POINT('',(-159.8865659997,73.506619565415,
    -97.68569051985));
#5007 = CARTESIAN_POINT('',(-160.1060160719,73.340531030985,-96.57659511
    ));
#5008 = CARTESIAN_POINT('',(-160.2831021536,73.163336499509,
    -95.47383355673));
#5009 = CARTESIAN_POINT('',(-160.4192442425,72.975798692095,
    -94.37961322102));
#5010 = CARTESIAN_POINT('',(-160.5160075955,72.778656773024,
    -93.29581348896));
#5011 = CARTESIAN_POINT('',(-160.5750294475,72.572610580676,
    -92.22400029671));
#5012 = CARTESIAN_POINT('',(-160.5979601861,72.358307453325,
    -91.16543921982));
#5013 = CARTESIAN_POINT('',(-160.5700381346,71.821273406282,
    -88.63884901743));
#5014 = CARTESIAN_POINT('',(-160.484215987,71.490821132436,
    -87.18555071616));
#5015 = CARTESIAN_POINT('',(-160.3336225305,71.146603240691,
    -85.76374394951));
#5016 = CARTESIAN_POINT('',(-160.1227259022,70.79009882511,
    -84.37540516284));
#5017 = CARTESIAN_POINT('',(-159.8557492972,70.422632398811,
    -83.02197725558));
#5018 = CARTESIAN_POINT('',(-159.5366181561,70.045364340328,
    -81.70440182716));
#5019 = CARTESIAN_POINT('',(-159.1688976273,69.659277048893,
    -80.42316193356));
#5020 = CARTESIAN_POINT('',(-158.4056368682,68.931220359056,
    -78.12359894273));
#5021 = CARTESIAN_POINT('',(-158.022970159,68.591565050012,
    -77.09515553129));
#5022 = CARTESIAN_POINT('',(-157.6096692163,68.246698039766,
    -76.09312133275));
#5023 = CARTESIAN_POINT('',(-157.1675318086,67.897082104749,
    -75.11756169847));
#5024 = CARTESIAN_POINT('',(-156.6982157955,67.543136557022,
    -74.16848378645));
#5025 = CARTESIAN_POINT('',(-156.2032445989,67.185237223469,
    -73.24583462774));
#5026 = CARTESIAN_POINT('',(-155.6840067859,66.823715486681,
    -72.3495045914));
#5027 = CARTESIAN_POINT('',(-154.7025166807,66.163317224974,
    -70.77449203825));
#5028 = CARTESIAN_POINT('',(-154.2481960648,65.8655988928,
    -70.08683790237));
#5029 = CARTESIAN_POINT('',(-153.7794611439,65.565858705517,
    -69.41630108337));
#5030 = CARTESIAN_POINT('',(-153.2969413546,65.264244320433,
    -68.76280981487));
#5031 = CARTESIAN_POINT('',(-152.8012248731,64.96089379988,
    -68.12629126073));
#5032 = CARTESIAN_POINT('',(-152.2928601902,64.65593558059,
    -67.50667052154));
#5033 = CARTESIAN_POINT('',(-151.7723567302,64.349488350245,
    -66.90387070815));
#5034 = CARTESIAN_POINT('',(-149.8549672383,63.240401417805,
    -64.79233842045));
#5035 = CARTESIAN_POINT('',(-148.3909798482,62.429957604421,
    -63.38062244571));
#5036 = CARTESIAN_POINT('',(-146.8562752089,61.612083208972,
    -62.08088710467));
#5037 = CARTESIAN_POINT('',(-145.2576418426,60.78843401186,
    -60.89215471182));
#5038 = CARTESIAN_POINT('',(-143.6009097916,59.960569436693,
    -59.81385555657));
#5039 = CARTESIAN_POINT('',(-141.8909570205,59.129951874353,
    -58.84584952213));
#5040 = CARTESIAN_POINT('',(-140.1316941349,58.297945477746,
    -57.98848645172));
#5041 = CARTESIAN_POINT('',(-136.7240555147,56.72772923185,
    -56.58172095345));
#5042 = CARTESIAN_POINT('',(-135.086164872,55.989797821556,
    -56.00869116662));
#5043 = CARTESIAN_POINT('',(-133.4140123568,55.252867611518,
    -55.52459247479));
#5044 = CARTESIAN_POINT('',(-131.7092577049,54.51798321759,
    -55.13092488018));
#5045 = CARTESIAN_POINT('',(-129.9733790997,53.786392304241,
    -54.82989603392));
#5046 = CARTESIAN_POINT('',(-128.2075777226,53.059570459587,
    -54.62455335725));
#5047 = CARTESIAN_POINT('',(-126.4126725159,52.339245584069,
    -54.51892885304));
#5048 = CARTESIAN_POINT('',(-124.5886171337,51.627495454923,
    -54.51892885304));
#5049 = PCURVE('',#2309,#5050);
#5050 = DEFINITIONAL_REPRESENTATION('',(#5051),#5215);
#5051 = B_SPLINE_CURVE_WITH_KNOTS('',8,(#5052,#5053,#5054,#5055,#5056,
    #5057,#5058,#5059,#5060,#5061,#5062,#5063,#5064,#5065,#5066,#5067,
    #5068,#5069,#5070,#5071,#5072,#5073,#5074,#5075,#5076,#5077,#5078,
    #5079,#5080,#5081,#5082,#5083,#5084,#5085,#5086,#5087,#5088,#5089,
    #5090,#5091,#5092,#5093,#5094,#5095,#5096,#5097,#5098,#5099,#5100,
    #5101,#5102,#5103,#5104,#5105,#5106,#5107,#5108,#5109,#5110,#5111,
    #5112,#5113,#5114,#5115,#5116,#5117,#5118,#5119,#5120,#5121,#5122,
    #5123,#5124,#5125,#5126,#5127,#5128,#5129,#5130,#5131,#5132,#5133,
    #5134,#5135,#5136,#5137,#5138,#5139,#5140,#5141,#5142,#5143,#5144,
    #5145,#5146,#5147,#5148,#5149,#5150,#5151,#5152,#5153,#5154,#5155,
    #5156,#5157,#5158,#5159,#5160,#5161,#5162,#5163,#5164,#5165,#5166,
    #5167,#5168,#5169,#5170,#5171,#5172,#5173,#5174,#5175,#5176,#5177,
    #5178,#5179,#5180,#5181,#5182,#5183,#5184,#5185,#5186,#5187,#5188,
    #5189,#5190,#5191,#5192,#5193,#5194,#5195,#5196,#5197,#5198,#5199,
    #5200,#5201,#5202,#5203,#5204,#5205,#5206,#5207,#5208,#5209,#5210,
    #5211,#5212,#5213,#5214),.UNSPECIFIED.,.F.,.F.,(9,7,7,7,7,7,7,7,7,7,
    7,7,7,7,7,7,7,7,7,7,7,7,7,9),(0.,5.222431060826E-02,
    9.376839021676E-02,0.112360436842,0.140489655773,0.169815826623,
    0.189802797409,0.219500033711,0.247103799059,0.272156338837,
    0.355719288406,0.439549651871,0.471755567175,0.51151551351,
    0.558441207373,0.591502931093,0.640488550381,0.689856047891,
    0.722918191622,0.769844481621,0.809604933059,0.841811257501,
    0.925642685932,1.),.UNSPECIFIED.);
#5052 = CARTESIAN_POINT('',(0.,171.62749545492));
#5053 = CARTESIAN_POINT('',(3.558951421803E-02,171.12755981855));
#5054 = CARTESIAN_POINT('',(7.156464617991E-02,170.63204928326));
#5055 = CARTESIAN_POINT('',(0.108000294021,170.14159202243));
#5056 = CARTESIAN_POINT('',(0.144970919103,169.65707729334));
#5057 = CARTESIAN_POINT('',(0.182555284312,169.17967506862));
#5058 = CARTESIAN_POINT('',(0.220840022683,168.71084915702));
#5059 = CARTESIAN_POINT('',(0.259927202793,168.2523984603));
#5060 = CARTESIAN_POINT('',(0.3317897582,167.45190039295));
#5061 = CARTESIAN_POINT('',(0.364202979402,167.10542464618));
#5062 = CARTESIAN_POINT('',(0.397267723175,166.76812781855));
#5063 = CARTESIAN_POINT('',(0.431052707282,166.44143628974));
#5064 = CARTESIAN_POINT('',(0.46562130272,166.1272043797));
#5065 = CARTESIAN_POINT('',(0.501034130687,165.82771053617));
#5066 = CARTESIAN_POINT('',(0.537352401533,165.54565867976));
#5067 = CARTESIAN_POINT('',(0.591331617567,165.16717498717));
#5068 = CARTESIAN_POINT('',(0.608210816041,165.05431161236));
#5069 = CARTESIAN_POINT('',(0.625284394285,164.94589213152));
#5070 = CARTESIAN_POINT('',(0.642554303284,164.84223611636));
#5071 = CARTESIAN_POINT('',(0.660020668837,164.74368568118));
#5072 = CARTESIAN_POINT('',(0.677681613124,164.65059951674));
#5073 = CARTESIAN_POINT('',(0.695532953515,164.56334501392));
#5074 = CARTESIAN_POINT('',(0.740853937764,164.35965232456));
#5075 = CARTESIAN_POINT('',(0.768572959479,164.25114585924));
#5076 = CARTESIAN_POINT('',(0.796684061557,164.1581399215));
#5077 = CARTESIAN_POINT('',(0.825136596065,164.08192244254));
#5078 = CARTESIAN_POINT('',(0.853868941211,164.02362280616));
#5079 = CARTESIAN_POINT('',(0.882805906157,163.98411584349));
#5080 = CARTESIAN_POINT('',(0.91185464877,163.96390546067));
#5081 = CARTESIAN_POINT('',(0.9711794609,163.96203129464));
#5082 = CARTESIAN_POINT('',(1.001474010457,163.98204370933));
#5083 = CARTESIAN_POINT('',(1.031649677362,164.02306685851));
#5084 = CARTESIAN_POINT('',(1.061601469588,164.08453481919));
#5085 = CARTESIAN_POINT('',(1.091244976892,164.16544452784));
#5086 = CARTESIAN_POINT('',(1.12051158533,164.26449823863));
#5087 = CARTESIAN_POINT('',(1.149345613333,164.38021973523));
#5088 = CARTESIAN_POINT('',(1.197028986605,164.6002095375));
#5089 = CARTESIAN_POINT('',(1.216140957896,164.69642222225));
#5090 = CARTESIAN_POINT('',(1.235030968171,164.79922985068));
#5091 = CARTESIAN_POINT('',(1.253694893381,164.90817932805));
#5092 = CARTESIAN_POINT('',(1.272131441743,165.02283160252));
#5093 = CARTESIAN_POINT('',(1.290341763935,165.1427718568));
#5094 = CARTESIAN_POINT('',(1.308329235515,165.26761704666));
#5095 = CARTESIAN_POINT('',(1.352502868245,165.58929271598));
#5096 = CARTESIAN_POINT('',(1.37842181298,165.79159374915));
#5097 = CARTESIAN_POINT('',(1.403877978614,166.00280545069));
#5098 = CARTESIAN_POINT('',(1.428893168062,166.22192570904));
#5099 = CARTESIAN_POINT('',(1.453489831716,166.44807095716));
#5100 = CARTESIAN_POINT('',(1.477691620339,166.68047823281));
#5101 = CARTESIAN_POINT('',(1.501523913467,166.91850707841));
#5102 = CARTESIAN_POINT('',(1.546848804947,167.38763602926));
#5103 = CARTESIAN_POINT('',(1.568384604113,167.61800747973));
#5104 = CARTESIAN_POINT('',(1.589642113041,167.85231895359));
#5105 = CARTESIAN_POINT('',(1.610639604243,168.09018363934));
#5106 = CARTESIAN_POINT('',(1.63139392681,168.33126030733));
#5107 = CARTESIAN_POINT('',(1.651921052537,168.57525019361));
#5108 = CARTESIAN_POINT('',(1.672236471845,168.82189505227));
#5109 = CARTESIAN_POINT('',(1.710614949833,169.29703683246));
#5110 = CARTESIAN_POINT('',(1.728711845788,169.5250942533));
#5111 = CARTESIAN_POINT('',(1.746657106359,169.75497928977));
#5112 = CARTESIAN_POINT('',(1.764460742755,169.98653845565));
#5113 = CARTESIAN_POINT('',(1.782132037649,170.21963288208));
#5114 = CARTESIAN_POINT('',(1.799679738822,170.45413735503));
#5115 = CARTESIAN_POINT('',(1.817112207205,170.68993963619));
#5116 = CARTESIAN_POINT('',(1.892226238415,171.71745692612));
#5117 = CARTESIAN_POINT('',(1.94880395054,172.52104584601));
#5118 = CARTESIAN_POINT('',(2.004493812018,173.33429619675));
#5119 = CARTESIAN_POINT('',(2.059517658715,174.15449767289));
#5120 = CARTESIAN_POINT('',(2.114063045062,174.97939820321));
#5121 = CARTESIAN_POINT('',(2.168295029303,175.80716805575));
#5122 = CARTESIAN_POINT('',(2.22237445735,176.63634153207));
#5123 = CARTESIAN_POINT('',(2.330739971594,178.29794547774));
#5124 = CARTESIAN_POINT('',(2.384998406485,179.12995187436));
#5125 = CARTESIAN_POINT('',(2.439407068679,179.96056943669));
#5126 = CARTESIAN_POINT('',(2.494105105884,180.78843401185));
#5127 = CARTESIAN_POINT('',(2.549224057889,181.61208320898));
#5128 = CARTESIAN_POINT('',(2.604896776147,182.42995760441));
#5129 = CARTESIAN_POINT('',(2.661266047051,183.2404014178));
#5130 = CARTESIAN_POINT('',(2.740493368189,184.34948835024));
#5131 = CARTESIAN_POINT('',(2.762609359317,184.65593558059));
#5132 = CARTESIAN_POINT('',(2.784860788787,184.96089379988));
#5133 = CARTESIAN_POINT('',(2.807256713726,185.26424432043));
#5134 = CARTESIAN_POINT('',(2.829806331936,185.56585870551));
#5135 = CARTESIAN_POINT('',(2.852519115127,185.8655988928));
#5136 = CARTESIAN_POINT('',(2.875404970136,186.16331722497));
#5137 = CARTESIAN_POINT('',(2.926954923206,186.82371548668));
#5138 = CARTESIAN_POINT('',(2.955714006551,187.18523722347));
#5139 = CARTESIAN_POINT('',(2.98477224869,187.54313655702));
#5140 = CARTESIAN_POINT('',(3.014149957685,187.89708210475));
#5141 = CARTESIAN_POINT('',(3.043867545004,188.24669803976));
#5142 = CARTESIAN_POINT('',(3.073946068837,188.59156505001));
#5143 = CARTESIAN_POINT('',(3.104407954866,188.93122035905));
#5144 = CARTESIAN_POINT('',(3.171711377673,189.65927704889));
#5145 = CARTESIAN_POINT('',(3.208707085537,190.04536434033));
#5146 = CARTESIAN_POINT('',(3.246309206168,190.42263239881));
#5147 = CARTESIAN_POINT('',(3.284557124053,190.79009882511));
#5148 = CARTESIAN_POINT('',(3.323486648389,191.14660324069));
#5149 = CARTESIAN_POINT('',(3.363131454723,191.49082113243));
#5150 = CARTESIAN_POINT('',(3.40352473993,191.82127340628));
#5151 = CARTESIAN_POINT('',(3.473712086732,192.35830745332));
#5152 = CARTESIAN_POINT('',(3.503107720403,192.57261058067));
#5153 = CARTESIAN_POINT('',(3.532897595896,192.77865677302));
#5154 = CARTESIAN_POINT('',(3.56308735959,192.97579869209));
#5155 = CARTESIAN_POINT('',(3.59367891998,193.1633364995));
#5156 = CARTESIAN_POINT('',(3.624670214058,193.34053103098));
#5157 = CARTESIAN_POINT('',(3.656054519973,193.50661956541));
#5158 = CARTESIAN_POINT('',(3.734883353431,193.88932496237));
#5159 = CARTESIAN_POINT('',(3.782823080296,194.09194555717));
#5160 = CARTESIAN_POINT('',(3.831545299776,194.26585716708));
#5161 = CARTESIAN_POINT('',(3.880946603022,194.40846263813));
#5162 = CARTESIAN_POINT('',(3.930907495332,194.51752395194));
#5163 = CARTESIAN_POINT('',(3.981285384993,194.59127163356));
#5164 = CARTESIAN_POINT('',(4.031898370251,194.62862149714));
#5165 = CARTESIAN_POINT('',(4.133479561484,194.6306145265));
#5166 = CARTESIAN_POINT('',(4.184497662393,194.59468959814));
#5167 = CARTESIAN_POINT('',(4.235284033572,194.52175695238));
#5168 = CARTESIAN_POINT('',(4.285651907667,194.4129026913));
#5169 = CARTESIAN_POINT('',(4.33545491023,194.26992387522));
#5170 = CARTESIAN_POINT('',(4.384570211448,194.09510440666));
#5171 = CARTESIAN_POINT('',(4.432891250341,193.89110328741));
#5172 = CARTESIAN_POINT('',(4.512086379361,193.50661956541));
#5173 = CARTESIAN_POINT('',(4.543470685276,193.34053103098));
#5174 = CARTESIAN_POINT('',(4.574461979354,193.1633364995));
#5175 = CARTESIAN_POINT('',(4.605053539744,192.97579869209));
#5176 = CARTESIAN_POINT('',(4.635243303438,192.77865677302));
#5177 = CARTESIAN_POINT('',(4.66503317893,192.57261058067));
#5178 = CARTESIAN_POINT('',(4.694428812601,192.35830745332));
#5179 = CARTESIAN_POINT('',(4.764616159403,191.82127340628));
#5180 = CARTESIAN_POINT('',(4.805009444611,191.49082113243));
#5181 = CARTESIAN_POINT('',(4.844654250945,191.14660324069));
#5182 = CARTESIAN_POINT('',(4.88358377528,190.79009882511));
#5183 = CARTESIAN_POINT('',(4.921831693166,190.42263239881));
#5184 = CARTESIAN_POINT('',(4.959433813797,190.04536434032));
#5185 = CARTESIAN_POINT('',(4.996429521661,189.65927704889));
#5186 = CARTESIAN_POINT('',(5.063732944468,188.93122035905));
#5187 = CARTESIAN_POINT('',(5.094194830497,188.59156505001));
#5188 = CARTESIAN_POINT('',(5.12427335433,188.24669803976));
#5189 = CARTESIAN_POINT('',(5.153990941648,187.89708210474));
#5190 = CARTESIAN_POINT('',(5.183368650643,187.54313655702));
#5191 = CARTESIAN_POINT('',(5.212426892782,187.18523722346));
#5192 = CARTESIAN_POINT('',(5.241185976127,186.82371548668));
#5193 = CARTESIAN_POINT('',(5.292735929197,186.16331722497));
#5194 = CARTESIAN_POINT('',(5.315621784206,185.8655988928));
#5195 = CARTESIAN_POINT('',(5.338334567397,185.56585870551));
#5196 = CARTESIAN_POINT('',(5.360884185607,185.26424432043));
#5197 = CARTESIAN_POINT('',(5.383280110547,184.96089379988));
#5198 = CARTESIAN_POINT('',(5.405531540017,184.65593558059));
#5199 = CARTESIAN_POINT('',(5.427647531145,184.34948835024));
#5200 = CARTESIAN_POINT('',(5.506874852283,183.2404014178));
#5201 = CARTESIAN_POINT('',(5.563244123186,182.42995760442));
#5202 = CARTESIAN_POINT('',(5.618916841446,181.61208320897));
#5203 = CARTESIAN_POINT('',(5.674035793448,180.78843401186));
#5204 = CARTESIAN_POINT('',(5.728733830655,179.96056943669));
#5205 = CARTESIAN_POINT('',(5.783142492849,179.12995187435));
#5206 = CARTESIAN_POINT('',(5.83740092774,178.29794547774));
#5207 = CARTESIAN_POINT('',(5.939806372433,176.72772923185));
#5208 = CARTESIAN_POINT('',(5.987934619657,175.98979782155));
#5209 = CARTESIAN_POINT('',(6.036169855911,175.25286761151));
#5210 = CARTESIAN_POINT('',(6.084623425066,174.51798321759));
#5211 = CARTESIAN_POINT('',(6.133410389686,173.78639230424));
#5212 = CARTESIAN_POINT('',(6.182658620555,173.05957045958));
#5213 = CARTESIAN_POINT('',(6.232517102119,172.33924558406));
#5214 = CARTESIAN_POINT('',(6.28318530718,171.62749545492));
#5215 = ( GEOMETRIC_REPRESENTATION_CONTEXT(2) 
PARAMETRIC_REPRESENTATION_CONTEXT() REPRESENTATION_CONTEXT('2D SPACE',''
  ) );
#5216 = PCURVE('',#3867,#5217);
#5217 = DEFINITIONAL_REPRESENTATION('',(#5218),#5382);
#5218 = B_SPLINE_CURVE_WITH_KNOTS('',8,(#5219,#5220,#5221,#5222,#5223,
    #5224,#5225,#5226,#5227,#5228,#5229,#5230,#5231,#5232,#5233,#5234,
    #5235,#5236,#5237,#5238,#5239,#5240,#5241,#5242,#5243,#5244,#5245,
    #5246,#5247,#5248,#5249,#5250,#5251,#5252,#5253,#5254,#5255,#5256,
    #5257,#5258,#5259,#5260,#5261,#5262,#5263,#5264,#5265,#5266,#5267,
    #5268,#5269,#5270,#5271,#5272,#5273,#5274,#5275,#5276,#5277,#5278,
    #5279,#5280,#5281,#5282,#5283,#5284,#5285,#5286,#5287,#5288,#5289,
    #5290,#5291,#5292,#5293,#5294,#5295,#5296,#5297,#5298,#5299,#5300,
    #5301,#5302,#5303,#5304,#5305,#5306,#5307,#5308,#5309,#5310,#5311,
    #5312,#5313,#5314,#5315,#5316,#5317,#5318,#5319,#5320,#5321,#5322,
    #5323,#5324,#5325,#5326,#5327,#5328,#5329,#5330,#5331,#5332,#5333,
    #5334,#5335,#5336,#5337,#5338,#5339,#5340,#5341,#5342,#5343,#5344,
    #5345,#5346,#5347,#5348,#5349,#5350,#5351,#5352,#5353,#5354,#5355,
    #5356,#5357,#5358,#5359,#5360,#5361,#5362,#5363,#5364,#5365,#5366,
    #5367,#5368,#5369,#5370,#5371,#5372,#5373,#5374,#5375,#5376,#5377,
    #5378,#5379,#5380,#5381),.UNSPECIFIED.,.F.,.F.,(9,7,7,7,7,7,7,7,7,7,
    7,7,7,7,7,7,7,7,7,7,7,7,7,9),(0.,5.222431060826E-02,
    9.376839021676E-02,0.112360436842,0.140489655773,0.169815826623,
    0.189802797409,0.219500033711,0.247103799059,0.272156338837,
    0.355719288406,0.439549651871,0.471755567175,0.51151551351,
    0.558441207373,0.591502931093,0.640488550381,0.689856047891,
    0.722918191622,0.769844481621,0.809604933059,0.841811257501,
    0.925642685932,1.),.UNSPECIFIED.);
#5219 = CARTESIAN_POINT('',(2.729105353954,-32.37250454507));
#5220 = CARTESIAN_POINT('',(2.725328535923,-32.87244018144));
#5221 = CARTESIAN_POINT('',(2.721085238839,-33.36795071673));
#5222 = CARTESIAN_POINT('',(2.716346437582,-33.85840797756));
#5223 = CARTESIAN_POINT('',(2.711079481464,-34.34292270665));
#5224 = CARTESIAN_POINT('',(2.705247717103,-34.82032493136));
#5225 = CARTESIAN_POINT('',(2.698810416607,-35.28915084297));
#5226 = CARTESIAN_POINT('',(2.691721643685,-35.74760153969));
#5227 = CARTESIAN_POINT('',(2.677725858551,-36.54809960704));
#5228 = CARTESIAN_POINT('',(2.671081696278,-36.89457535381));
#5229 = CARTESIAN_POINT('',(2.663965481139,-37.23187218144));
#5230 = CARTESIAN_POINT('',(2.65634854722,-37.55856371025));
#5231 = CARTESIAN_POINT('',(2.648203449861,-37.87279562029));
#5232 = CARTESIAN_POINT('',(2.639505473219,-38.17228946383));
#5233 = CARTESIAN_POINT('',(2.630234321184,-38.45434132023));
#5234 = CARTESIAN_POINT('',(2.615963904348,-38.83282501282));
#5235 = CARTESIAN_POINT('',(2.611435426772,-38.94568838763));
#5236 = CARTESIAN_POINT('',(2.606789791539,-39.05410786847));
#5237 = CARTESIAN_POINT('',(2.602027207576,-39.15776388363));
#5238 = CARTESIAN_POINT('',(2.597148839304,-39.25631431881));
#5239 = CARTESIAN_POINT('',(2.592156965344,-39.34940048325));
#5240 = CARTESIAN_POINT('',(2.587055157381,-39.43665498607));
#5241 = CARTESIAN_POINT('',(2.573970928422,-39.64034767543));
#5242 = CARTESIAN_POINT('',(2.565849602284,-39.74885414075));
#5243 = CARTESIAN_POINT('',(2.557506734739,-39.84186007849));
#5244 = CARTESIAN_POINT('',(2.548971439308,-39.91807755745));
#5245 = CARTESIAN_POINT('',(2.540280388976,-39.97637719383));
#5246 = CARTESIAN_POINT('',(2.531478090678,-40.0158841565));
#5247 = CARTESIAN_POINT('',(2.522616754358,-40.03609453932));
#5248 = CARTESIAN_POINT('',(2.504517706527,-40.03796870535));
#5249 = CARTESIAN_POINT('',(2.495274265924,-40.01795629066));
#5250 = CARTESIAN_POINT('',(2.486093151463,-39.97693314148));
#5251 = CARTESIAN_POINT('',(2.477033675,-39.91546518081));
#5252 = CARTESIAN_POINT('',(2.468146001364,-39.83455547215));
#5253 = CARTESIAN_POINT('',(2.459471045227,-39.73550176136));
#5254 = CARTESIAN_POINT('',(2.451040875271,-39.61978026476));
#5255 = CARTESIAN_POINT('',(2.437317182544,-39.39979046249));
#5256 = CARTESIAN_POINT('',(2.431877662804,-39.30357777774));
#5257 = CARTESIAN_POINT('',(2.42656672472,-39.20077014931));
#5258 = CARTESIAN_POINT('',(2.421388257657,-39.09182067194));
#5259 = CARTESIAN_POINT('',(2.416344527605,-38.97716839747));
#5260 = CARTESIAN_POINT('',(2.411436423487,-38.85722814319));
#5261 = CARTESIAN_POINT('',(2.406663672461,-38.73238295333));
#5262 = CARTESIAN_POINT('',(2.395132782513,-38.41070728401));
#5263 = CARTESIAN_POINT('',(2.388537847866,-38.20840625084));
#5264 = CARTESIAN_POINT('',(2.382235086008,-37.9971945493));
#5265 = CARTESIAN_POINT('',(2.376217444385,-37.77807429095));
#5266 = CARTESIAN_POINT('',(2.370476409728,-37.55192904283));
#5267 = CARTESIAN_POINT('',(2.365002415607,-37.31952176718));
#5268 = CARTESIAN_POINT('',(2.359785199935,-37.08149292158));
#5269 = CARTESIAN_POINT('',(2.350193455753,-36.61236397073));
#5270 = CARTESIAN_POINT('',(2.345786148096,-36.38199252026));
#5271 = CARTESIAN_POINT('',(2.341583935694,-36.1476810464));
#5272 = CARTESIAN_POINT('',(2.337579007863,-35.90981636065));
#5273 = CARTESIAN_POINT('',(2.333763915224,-35.66873969266));
#5274 = CARTESIAN_POINT('',(2.330131521375,-35.42474980638));
#5275 = CARTESIAN_POINT('',(2.326674988003,-35.17810494772));
#5276 = CARTESIAN_POINT('',(2.320404411616,-34.70296316753));
#5277 = CARTESIAN_POINT('',(2.31756064355,-34.47490574669));
#5278 = CARTESIAN_POINT('',(2.314851665613,-34.24502071022));
#5279 = CARTESIAN_POINT('',(2.312272983277,-34.01346154434));
#5280 = CARTESIAN_POINT('',(2.309820382742,-33.78036711791));
#5281 = CARTESIAN_POINT('',(2.307489895346,-33.54586264496));
#5282 = CARTESIAN_POINT('',(2.305277774789,-33.3100603638));
#5283 = CARTESIAN_POINT('',(2.296184967175,-32.28254307387));
#5284 = CARTESIAN_POINT('',(2.290469307818,-31.47895415397));
#5285 = CARTESIAN_POINT('',(2.285898249963,-30.66570380327));
#5286 = CARTESIAN_POINT('',(2.282373180862,-29.84550232707));
#5287 = CARTESIAN_POINT('',(2.279812826004,-29.0206017968));
#5288 = CARTESIAN_POINT('',(2.278151579649,-28.19283194423));
#5289 = CARTESIAN_POINT('',(2.277335871938,-27.36365846792));
#5290 = CARTESIAN_POINT('',(2.277313614462,-25.70205452225));
#5291 = CARTESIAN_POINT('',(2.278112223374,-24.87004812563));
#5292 = CARTESIAN_POINT('',(2.279677766355,-24.03943056332));
#5293 = CARTESIAN_POINT('',(2.281979386392,-23.21156598812));
#5294 = CARTESIAN_POINT('',(2.28499422997,-22.38791679103));
#5295 = CARTESIAN_POINT('',(2.288706707594,-21.57004239557));
#5296 = CARTESIAN_POINT('',(2.293108167537,-20.75959858219));
#5297 = CARTESIAN_POINT('',(2.300155466913,-19.65051164975));
#5298 = CARTESIAN_POINT('',(2.302213109614,-19.3440644194));
#5299 = CARTESIAN_POINT('',(2.304372373735,-19.03910620011));
#5300 = CARTESIAN_POINT('',(2.306633357715,-18.73575567956));
#5301 = CARTESIAN_POINT('',(2.308996294756,-18.43414129448));
#5302 = CARTESIAN_POINT('',(2.311461557661,-18.13440110719));
#5303 = CARTESIAN_POINT('',(2.314029672724,-17.83668277502));
#5304 = CARTESIAN_POINT('',(2.319999663871,-17.17628451331));
#5305 = CARTESIAN_POINT('',(2.323455671438,-16.81476277652));
#5306 = CARTESIAN_POINT('',(2.327070755423,-16.45686344297));
#5307 = CARTESIAN_POINT('',(2.330846539172,-16.10291789525));
#5308 = CARTESIAN_POINT('',(2.334784853743,-15.75330196023));
#5309 = CARTESIAN_POINT('',(2.338887761659,-15.40843494998));
#5310 = CARTESIAN_POINT('',(2.343157629981,-15.06877964094));
#5311 = CARTESIAN_POINT('',(2.352837007708,-14.3407229511));
#5312 = CARTESIAN_POINT('',(2.358312331334,-13.95463565967));
#5313 = CARTESIAN_POINT('',(2.364028246853,-13.57736760118));
#5314 = CARTESIAN_POINT('',(2.369989367568,-13.20990117488));
#5315 = CARTESIAN_POINT('',(2.37619972312,-12.8533967593));
#5316 = CARTESIAN_POINT('',(2.382662689925,-12.50917886756));
#5317 = CARTESIAN_POINT('',(2.389381025756,-12.17872659371));
#5318 = CARTESIAN_POINT('',(2.401271970704,-11.64169254667));
#5319 = CARTESIAN_POINT('',(2.406314137194,-11.42738941932));
#5320 = CARTESIAN_POINT('',(2.411483851234,-11.22134322697));
#5321 = CARTESIAN_POINT('',(2.416780576458,-11.0242013079));
#5322 = CARTESIAN_POINT('',(2.422202831159,-10.83666350049));
#5323 = CARTESIAN_POINT('',(2.427748056052,-10.65946896901));
#5324 = CARTESIAN_POINT('',(2.433412415468,-10.49338043458));
#5325 = CARTESIAN_POINT('',(2.447751628751,-10.11067503762));
#5326 = CARTESIAN_POINT('',(2.456569801578,-9.908054442821));
#5327 = CARTESIAN_POINT('',(2.465618319246,-9.734142832919));
#5328 = CARTESIAN_POINT('',(2.474865494673,-9.591537361866));
#5329 = CARTESIAN_POINT('',(2.484273942667,-9.482476048055));
#5330 = CARTESIAN_POINT('',(2.493799508353,-9.408728366435));
#5331 = CARTESIAN_POINT('',(2.503388892848,-9.371378502857));
#5332 = CARTESIAN_POINT('',(2.522635843324,-9.369385473493));
#5333 = CARTESIAN_POINT('',(2.532302874498,-9.405310401855));
#5334 = CARTESIAN_POINT('',(2.541907169667,-9.478243047618));
#5335 = CARTESIAN_POINT('',(2.551394012155,-9.587097308695));
#5336 = CARTESIAN_POINT('',(2.560718067588,-9.730076124774));
#5337 = CARTESIAN_POINT('',(2.569840924033,-9.904895593337));
#5338 = CARTESIAN_POINT('',(2.578729986676,-10.10889671259));
#5339 = CARTESIAN_POINT('',(2.593135830275,-10.49338043458));
#5340 = CARTESIAN_POINT('',(2.598800189692,-10.65946896901));
#5341 = CARTESIAN_POINT('',(2.604345414585,-10.83666350049));
#5342 = CARTESIAN_POINT('',(2.609767669286,-11.0242013079));
#5343 = CARTESIAN_POINT('',(2.61506439451,-11.22134322697));
#5344 = CARTESIAN_POINT('',(2.62023410855,-11.42738941932));
#5345 = CARTESIAN_POINT('',(2.625276275039,-11.64169254667));
#5346 = CARTESIAN_POINT('',(2.637167219988,-12.17872659371));
#5347 = CARTESIAN_POINT('',(2.643885555818,-12.50917886756));
#5348 = CARTESIAN_POINT('',(2.650348522623,-12.8533967593));
#5349 = CARTESIAN_POINT('',(2.656558878175,-13.20990117489));
#5350 = CARTESIAN_POINT('',(2.66251999889,-13.57736760118));
#5351 = CARTESIAN_POINT('',(2.668235914409,-13.95463565967));
#5352 = CARTESIAN_POINT('',(2.673711238035,-14.3407229511));
#5353 = CARTESIAN_POINT('',(2.683390615763,-15.06877964094));
#5354 = CARTESIAN_POINT('',(2.687660484085,-15.40843494998));
#5355 = CARTESIAN_POINT('',(2.691763392001,-15.75330196023));
#5356 = CARTESIAN_POINT('',(2.695701706572,-16.10291789525));
#5357 = CARTESIAN_POINT('',(2.699477490321,-16.45686344297));
#5358 = CARTESIAN_POINT('',(2.703092574305,-16.81476277653));
#5359 = CARTESIAN_POINT('',(2.706548581873,-17.17628451331));
#5360 = CARTESIAN_POINT('',(2.71251857302,-17.83668277502));
#5361 = CARTESIAN_POINT('',(2.715086688083,-18.1344011072));
#5362 = CARTESIAN_POINT('',(2.717551950988,-18.43414129448));
#5363 = CARTESIAN_POINT('',(2.719914888028,-18.73575567956));
#5364 = CARTESIAN_POINT('',(2.722175872009,-19.03910620012));
#5365 = CARTESIAN_POINT('',(2.72433513613,-19.34406441941));
#5366 = CARTESIAN_POINT('',(2.726392778831,-19.65051164975));
#5367 = CARTESIAN_POINT('',(2.733440078206,-20.75959858219));
#5368 = CARTESIAN_POINT('',(2.73784153815,-21.57004239558));
#5369 = CARTESIAN_POINT('',(2.741554015773,-22.38791679101));
#5370 = CARTESIAN_POINT('',(2.744568859353,-23.21156598815));
#5371 = CARTESIAN_POINT('',(2.746870479388,-24.03943056329));
#5372 = CARTESIAN_POINT('',(2.74843602237,-24.87004812565));
#5373 = CARTESIAN_POINT('',(2.749234631281,-25.70205452225));
#5374 = CARTESIAN_POINT('',(2.74921359796,-27.27227076815));
#5375 = CARTESIAN_POINT('',(2.748566642497,-28.01020217844));
#5376 = CARTESIAN_POINT('',(2.747253508194,-28.74713238848));
#5377 = CARTESIAN_POINT('',(2.745237528937,-29.4820167824));
#5378 = CARTESIAN_POINT('',(2.742474473561,-30.21360769576));
#5379 = CARTESIAN_POINT('',(2.738910856154,-30.94042954041));
#5380 = CARTESIAN_POINT('',(2.734482347563,-31.66075441593));
#5381 = CARTESIAN_POINT('',(2.729105353954,-32.37250454507));
#5382 = ( GEOMETRIC_REPRESENTATION_CONTEXT(2) 
PARAMETRIC_REPRESENTATION_CONTEXT() REPRESENTATION_CONTEXT('2D SPACE',''
  ) );
#5383 = ORIENTED_EDGE('',*,*,#5384,.F.);
#5384 = EDGE_CURVE('',#1974,#4882,#5385,.T.);
#5385 = SEAM_CURVE('',#5386,(#5390,#5397),.PCURVE_S1.);
#5386 = LINE('',#5387,#5388);
#5387 = CARTESIAN_POINT('',(-124.5886171337,-120.,-54.51892885304));
#5388 = VECTOR('',#5389,1.);
#5389 = DIRECTION('',(0.,1.,0.));
#5390 = PCURVE('',#2309,#5391);
#5391 = DEFINITIONAL_REPRESENTATION('',(#5392),#5396);
#5392 = LINE('',#5393,#5394);
#5393 = CARTESIAN_POINT('',(6.28318530718,-0.));
#5394 = VECTOR('',#5395,1.);
#5395 = DIRECTION('',(0.,1.));
#5396 = ( GEOMETRIC_REPRESENTATION_CONTEXT(2) 
PARAMETRIC_REPRESENTATION_CONTEXT() REPRESENTATION_CONTEXT('2D SPACE',''
  ) );
#5397 = PCURVE('',#2309,#5398);
#5398 = DEFINITIONAL_REPRESENTATION('',(#5399),#5403);
#5399 = LINE('',#5400,#5401);
#5400 = CARTESIAN_POINT('',(0.,-0.));
#5401 = VECTOR('',#5402,1.);
#5402 = DIRECTION('',(0.,1.));
#5403 = ( GEOMETRIC_REPRESENTATION_CONTEXT(2) 
PARAMETRIC_REPRESENTATION_CONTEXT() REPRESENTATION_CONTEXT('2D SPACE',''
  ) );
#5404 = ORIENTED_EDGE('',*,*,#1973,.T.);
#5405 = ORIENTED_EDGE('',*,*,#5384,.T.);
#5406 = ADVANCED_FACE('',(#5407),#2833,.F.);
#5407 = FACE_BOUND('',#5408,.F.);
#5408 = EDGE_LOOP('',(#5409,#5933,#5954,#5955));
#5409 = ORIENTED_EDGE('',*,*,#5410,.F.);
#5410 = EDGE_CURVE('',#5411,#5411,#5413,.T.);
#5411 = VERTEX_POINT('',#5412);
#5412 = CARTESIAN_POINT('',(-124.5886171337,69.333281101831,
    126.51892885304));
#5413 = SURFACE_CURVE('',#5414,(#5585,#5759),.PCURVE_S1.);
#5414 = B_SPLINE_CURVE_WITH_KNOTS('',8,(#5415,#5416,#5417,#5418,#5419,
    #5420,#5421,#5422,#5423,#5424,#5425,#5426,#5427,#5428,#5429,#5430,
    #5431,#5432,#5433,#5434,#5435,#5436,#5437,#5438,#5439,#5440,#5441,
    #5442,#5443,#5444,#5445,#5446,#5447,#5448,#5449,#5450,#5451,#5452,
    #5453,#5454,#5455,#5456,#5457,#5458,#5459,#5460,#5461,#5462,#5463,
    #5464,#5465,#5466,#5467,#5468,#5469,#5470,#5471,#5472,#5473,#5474,
    #5475,#5476,#5477,#5478,#5479,#5480,#5481,#5482,#5483,#5484,#5485,
    #5486,#5487,#5488,#5489,#5490,#5491,#5492,#5493,#5494,#5495,#5496,
    #5497,#5498,#5499,#5500,#5501,#5502,#5503,#5504,#5505,#5506,#5507,
    #5508,#5509,#5510,#5511,#5512,#5513,#5514,#5515,#5516,#5517,#5518,
    #5519,#5520,#5521,#5522,#5523,#5524,#5525,#5526,#5527,#5528,#5529,
    #5530,#5531,#5532,#5533,#5534,#5535,#5536,#5537,#5538,#5539,#5540,
    #5541,#5542,#5543,#5544,#5545,#5546,#5547,#5548,#5549,#5550,#5551,
    #5552,#5553,#5554,#5555,#5556,#5557,#5558,#5559,#5560,#5561,#5562,
    #5563,#5564,#5565,#5566,#5567,#5568,#5569,#5570,#5571,#5572,#5573,
    #5574,#5575,#5576,#5577,#5578,#5579,#5580,#5581,#5582,#5583,#5584),
  .UNSPECIFIED.,.T.,.F.,(9,7,7,7,7,7,7,7,7,7,7,7,7,7,7,7,7,7,7,7,7,7,7,7
    ,9),(0.,4.29831553543E-02,7.471681934484E-02,0.156810247342,
    0.240372832036,0.265425262423,0.293028907241,0.322726013871,
    0.342712897385,0.371657268219,0.400983714911,0.420970873694,
    0.450668389327,0.478272414315,0.503325189737,0.586888925296,
    0.670720077266,0.702926295498,0.742686615813,0.789612751058,
    0.822674785755,0.871660865799,0.912898459102,0.936538171692,1.),
  .UNSPECIFIED.);
#5415 = CARTESIAN_POINT('',(-124.5886171337,69.333281101831,
    126.51892885304));
#5416 = CARTESIAN_POINT('',(-123.3843081406,68.973372046555,
    126.51892885304));
#5417 = CARTESIAN_POINT('',(-122.1973694252,68.60669948883,
    126.47288597004));
#5418 = CARTESIAN_POINT('',(-121.0286875226,68.233904007496,
    126.3831231687));
#5419 = CARTESIAN_POINT('',(-119.8790322141,67.855567670403,
    126.25178039646));
#5420 = CARTESIAN_POINT('',(-118.7490493003,67.472215908011,
    126.08083859041));
#5421 = CARTESIAN_POINT('',(-117.6392589163,67.084317898193,
    125.87213155174));
#5422 = CARTESIAN_POINT('',(-116.5500593922,66.692285462236,
    125.62734568801));
#5423 = CARTESIAN_POINT('',(-114.6930138547,66.004247628062,
    125.14177752635));
#5424 = CARTESIAN_POINT('',(-113.9156946278,65.709972243972,
    124.91672126527));
#5425 = CARTESIAN_POINT('',(-113.1499056939,65.413790774976,
    124.67345805748));
#5426 = CARTESIAN_POINT('',(-112.3957618884,65.115841010534,
    124.41256974215));
#5427 = CARTESIAN_POINT('',(-111.6533660896,64.816252014085,
    124.1346018663));
#5428 = CARTESIAN_POINT('',(-110.9228091439,64.515144062752,
    123.84006477108));
#5429 = CARTESIAN_POINT('',(-110.2041697921,64.212628587057,
    123.52943467802));
#5430 = CARTESIAN_POINT('',(-107.6694323516,63.12283948082,
    122.35908471417));
#5431 = CARTESIAN_POINT('',(-105.9219003637,62.328286941274,
    121.41044113339));
#5432 = CARTESIAN_POINT('',(-104.2556735077,61.526777661997,
    120.36478490565));
#5433 = CARTESIAN_POINT('',(-102.6718313576,60.719852061077,
    119.22838609309));
#5434 = CARTESIAN_POINT('',(-101.1715754459,59.908966122463,
    118.00652977033));
#5435 = CARTESIAN_POINT('',(-99.75619223371,59.095490202108,
    116.70359120347));
#5436 = CARTESIAN_POINT('',(-98.42715515348,58.280707613484,
    115.32292716869));
#5437 = CARTESIAN_POINT('',(-95.92331718605,56.63634153207,112.384271103
    ));
#5438 = CARTESIAN_POINT('',(-94.7523333386,55.807168055782,
    110.82428629335));
#5439 = CARTESIAN_POINT('',(-93.67496074234,54.979398203151,
    109.18873032352));
#5440 = CARTESIAN_POINT('',(-92.69401984446,54.15449767299,
    107.4789933453));
#5441 = CARTESIAN_POINT('',(-91.81336071351,53.334296196668,
    105.69592917895));
#5442 = CARTESIAN_POINT('',(-91.03808763429,52.521045846055,
    103.83957071617));
#5443 = CARTESIAN_POINT('',(-90.37465310851,51.717456926117,
    101.90895538529));
#5444 = CARTESIAN_POINT('',(-89.6699696629,50.689939636196,
    99.298283870025));
#5445 = CARTESIAN_POINT('',(-89.51834971031,50.454137355034,
    98.689180790813));
#5446 = CARTESIAN_POINT('',(-89.37790403888,50.219632882085,
    98.07306008819));
#5447 = CARTESIAN_POINT('',(-89.24891645178,49.986538455658,
    97.449844361414));
#5448 = CARTESIAN_POINT('',(-89.13169888727,49.754979289772,
    96.819452391611));
#5449 = CARTESIAN_POINT('',(-89.02659382337,49.52509425331,
    96.181796571364));
#5450 = CARTESIAN_POINT('',(-88.93397820511,49.297036832463,
    95.53677917588));
#5451 = CARTESIAN_POINT('',(-88.7664423853,48.821895052273,
    94.165349278555));
#5452 = CARTESIAN_POINT('',(-88.69428901964,48.575250193619,
    93.437371659362));
#5453 = CARTESIAN_POINT('',(-88.63836085392,48.331260307337,
    92.700183685114));
#5454 = CARTESIAN_POINT('',(-88.59927824398,48.09018363934,
    91.953635210049));
#5455 = CARTESIAN_POINT('',(-88.57772959677,47.852318953598,
    91.197594751849));
#5456 = CARTESIAN_POINT('',(-88.57447652721,47.618007479737,
    90.43194416826));
#5457 = CARTESIAN_POINT('',(-88.59036442021,47.387636029263,
    89.656570134172));
#5458 = CARTESIAN_POINT('',(-88.66504064328,46.918507078416,
    88.026583753076));
#5459 = CARTESIAN_POINT('',(-88.72698499376,46.680478232812,
    87.17055925445));
#5460 = CARTESIAN_POINT('',(-88.8133395953,46.448070957162,
    86.303048883418));
#5461 = CARTESIAN_POINT('',(-88.92541120644,46.221925709044,
    85.423997169486));
#5462 = CARTESIAN_POINT('',(-89.06462860839,46.002805450691,
    84.533524740593));
#5463 = CARTESIAN_POINT('',(-89.23252969982,45.791593749155,
    83.631930700375));
#5464 = CARTESIAN_POINT('',(-89.43075227631,45.589292715989,
    82.719695853653));
#5465 = CARTESIAN_POINT('',(-89.81601005531,45.267617046668,
    81.176817380954));
#5466 = CARTESIAN_POINT('',(-89.98549170649,45.142771856802,
    80.551705789635));
#5467 = CARTESIAN_POINT('',(-90.16998713495,45.022831602529,
    79.922391655007));
#5468 = CARTESIAN_POINT('',(-90.3700052537,44.908179328057,
    79.289226314572));
#5469 = CARTESIAN_POINT('',(-90.58603663231,44.799229850685,
    78.652675662485));
#5470 = CARTESIAN_POINT('',(-90.81853413773,44.696422222257,
    78.013324815161));
#5471 = CARTESIAN_POINT('',(-91.06788778523,44.600209537503,
    77.371884574493));
#5472 = CARTESIAN_POINT('',(-91.72033935696,44.381922411312,
    75.798483819306));
#5473 = CARTESIAN_POINT('',(-92.14245189778,44.267516846484,
    74.864686481134));
#5474 = CARTESIAN_POINT('',(-92.60141687518,44.169327344526,
    73.931035647771));
#5475 = CARTESIAN_POINT('',(-93.09744516359,44.088772633587,
    73.00116700686));
#5476 = CARTESIAN_POINT('',(-93.63012843185,44.027105468609,
    72.079095078447));
#5477 = CARTESIAN_POINT('',(-94.19826266774,43.985302968486,
    71.169179360103));
#5478 = CARTESIAN_POINT('',(-94.79961839731,43.963932041643,
    70.276075918441));
#5479 = CARTESIAN_POINT('',(-96.06998354394,43.962031294644,
    68.521750842938));
#5480 = CARTESIAN_POINT('',(-96.74018488108,43.982043709334,
    67.66054824817));
#5481 = CARTESIAN_POINT('',(-97.43758723342,44.023066858514,
    66.826207403689));
#5482 = CARTESIAN_POINT('',(-98.1583150991,44.08453481919,
    66.022476123121));
#5483 = CARTESIAN_POINT('',(-98.89844452575,44.165444527846,
    65.25198121151));
#5484 = CARTESIAN_POINT('',(-99.65412788118,44.264498238631,
    64.516442729787));
#5485 = CARTESIAN_POINT('',(-100.4216860958,44.380219735235,
    63.816839421193));
#5486 = CARTESIAN_POINT('',(-101.72655997,44.600209537502,62.70148088305
    ));
#5487 = CARTESIAN_POINT('',(-102.259551376,44.696422222257,
    62.266115536483));
#5488 = CARTESIAN_POINT('',(-102.7957644853,44.799229850685,
    61.847426991743));
#5489 = CARTESIAN_POINT('',(-103.3344027636,44.908179328056,
    61.445263972126));
#5490 = CARTESIAN_POINT('',(-103.8747697886,45.022831602529,
    61.059376586465));
#5491 = CARTESIAN_POINT('',(-104.4162708744,45.142771856802,
    60.689442244593));
#5492 = CARTESIAN_POINT('',(-104.9584146163,45.267617046667,
    60.335085510757));
#5493 = CARTESIAN_POINT('',(-106.3067280406,45.589292715989,
    59.491907921262));
#5494 = CARTESIAN_POINT('',(-107.1130607912,45.791593749155,
    59.021490977712));
#5495 = CARTESIAN_POINT('',(-107.9186433876,46.002805450691,
    58.583199670161));
#5496 = CARTESIAN_POINT('',(-108.7225124505,46.221925709044,
    58.175624939311));
#5497 = CARTESIAN_POINT('',(-109.5239082788,46.448070957162,
    57.7973965847));
#5498 = CARTESIAN_POINT('',(-110.3222746307,46.680478232812,
    57.44719303075));
#5499 = CARTESIAN_POINT('',(-111.1172604512,46.918507078415,
    57.123754334902));
#5500 = CARTESIAN_POINT('',(-112.6443933984,47.387636029262,
    56.549039533979));
#5501 = CARTESIAN_POINT('',(-113.3769082972,47.618007479739,
    56.294325496283));
#5502 = CARTESIAN_POINT('',(-114.1060905277,47.852318953598,
    56.0608203072));
#5503 = CARTESIAN_POINT('',(-114.8317866302,48.090183639339,
    55.847684938534));
#5504 = CARTESIAN_POINT('',(-115.5538736128,48.331260307337,
    55.654158543471));
#5505 = CARTESIAN_POINT('',(-116.2722637932,48.57525019362,
    55.47954577783));
#5506 = CARTESIAN_POINT('',(-116.9869082678,48.821895052272,
    55.323210250559));
#5507 = CARTESIAN_POINT('',(-118.3429870238,49.297036832463,
    55.058751138835));
#5508 = CARTESIAN_POINT('',(-118.9850548209,49.52509425331,
    54.947512489219));
#5509 = CARTESIAN_POINT('',(-119.6239807948,49.754979289772,
    54.850426860112));
#5510 = CARTESIAN_POINT('',(-120.259741405,49.986538455658,
    54.767105556878));
#5511 = CARTESIAN_POINT('',(-120.8923141395,50.219632882085,
    54.697195791378));
#5512 = CARTESIAN_POINT('',(-121.5216798478,50.454137355034,
    54.640375794677));
#5513 = CARTESIAN_POINT('',(-122.1478244424,50.689939636196,
    54.596351735792));
#5514 = CARTESIAN_POINT('',(-124.8484797593,51.717456926127,
    54.459803653713));
#5515 = CARTESIAN_POINT('',(-126.8896165931,52.521045846014,
    54.494174435765));
#5516 = CARTESIAN_POINT('',(-128.8946909628,53.334296196752,
    54.657856636943));
#5517 = CARTESIAN_POINT('',(-130.8626243945,54.154497672894,
    54.944416112721));
#5518 = CARTESIAN_POINT('',(-132.7918082971,54.979398203216,
    55.349008563471));
#5519 = CARTESIAN_POINT('',(-134.6802409013,55.807168055759,
    55.86823620174));
#5520 = CARTESIAN_POINT('',(-136.5257285289,56.636341532074,
    56.499846203175));
#5521 = CARTESIAN_POINT('',(-140.1316941349,58.297945477744,
    57.988486451726));
#5522 = CARTESIAN_POINT('',(-141.8909570205,59.129951874369,
    58.845849522144));
#5523 = CARTESIAN_POINT('',(-143.6009097916,59.960569436669,
    59.813855556563));
#5524 = CARTESIAN_POINT('',(-145.2576418426,60.788434011891,
    60.892154711839));
#5525 = CARTESIAN_POINT('',(-146.8562752088,61.612083208953,
    62.080887104671));
#5526 = CARTESIAN_POINT('',(-148.3909798482,62.429957604431,
    63.380622445722));
#5527 = CARTESIAN_POINT('',(-149.8549672383,63.240401417806,
    64.792338420452));
#5528 = CARTESIAN_POINT('',(-151.7723567302,64.349488350247,
    66.903870708163));
#5529 = CARTESIAN_POINT('',(-152.2928601902,64.655935580592,
    67.506670521548));
#5530 = CARTESIAN_POINT('',(-152.8012248731,64.960893799882,
    68.126291260737));
#5531 = CARTESIAN_POINT('',(-153.2969413546,65.264244320434,
    68.762809814878));
#5532 = CARTESIAN_POINT('',(-153.7794611439,65.565858705519,
    69.416301083377));
#5533 = CARTESIAN_POINT('',(-154.2481960648,65.865598892802,
    70.086837902374));
#5534 = CARTESIAN_POINT('',(-154.7025166807,66.163317224976,
    70.774492038254));
#5535 = CARTESIAN_POINT('',(-155.6840067859,66.823715486683,
    72.349504591406));
#5536 = CARTESIAN_POINT('',(-156.2032445989,67.185237223471,
    73.24583462775));
#5537 = CARTESIAN_POINT('',(-156.6982157955,67.543136557024,
    74.168483786463));
#5538 = CARTESIAN_POINT('',(-157.1675318086,67.897082104751,
    75.117561698475));
#5539 = CARTESIAN_POINT('',(-157.6096692163,68.246698039768,
    76.093121332755));
#5540 = CARTESIAN_POINT('',(-158.022970159,68.591565050014,
    77.095155531296));
#5541 = CARTESIAN_POINT('',(-158.4056368682,68.931220359058,
    78.123598942744));
#5542 = CARTESIAN_POINT('',(-159.1688976273,69.659277048894,
    80.423161933564));
#5543 = CARTESIAN_POINT('',(-159.5366181561,70.045364340331,
    81.704401827168));
#5544 = CARTESIAN_POINT('',(-159.8557492972,70.422632398812,
    83.021977255595));
#5545 = CARTESIAN_POINT('',(-160.1227259022,70.790098825111,
    84.375405162849));
#5546 = CARTESIAN_POINT('',(-160.3336225305,71.146603240693,
    85.763743949522));
#5547 = CARTESIAN_POINT('',(-160.484215987,71.490821132438,
    87.185550716177));
#5548 = CARTESIAN_POINT('',(-160.5700381346,71.821273406283,
    88.638849017435));
#5549 = CARTESIAN_POINT('',(-160.5979601861,72.358307453326,
    91.165439219826));
#5550 = CARTESIAN_POINT('',(-160.5750294475,72.572610580678,
    92.224000296725));
#5551 = CARTESIAN_POINT('',(-160.5160075955,72.778656773025,
    93.295813488968));
#5552 = CARTESIAN_POINT('',(-160.4192442425,72.975798692096,
    94.379613221027));
#5553 = CARTESIAN_POINT('',(-160.2831021536,73.16333649951,
    95.473833556739));
#5554 = CARTESIAN_POINT('',(-160.1060160719,73.340531030986,
    96.576595110015));
#5555 = CARTESIAN_POINT('',(-159.8865659997,73.506619565416,
    97.685690519856));
#5556 = CARTESIAN_POINT('',(-159.2338916657,73.889324962373,
    100.44745458534));
#5557 = CARTESIAN_POINT('',(-158.7482781753,74.09194555718,
    102.10605994343));
#5558 = CARTESIAN_POINT('',(-158.163038359,74.26585716708,
    103.76419473014));
#5559 = CARTESIAN_POINT('',(-157.4760178342,74.408462638134,
    105.41071646191));
#5560 = CARTESIAN_POINT('',(-156.6870134589,74.517523951947,
    107.03367429152));
#5561 = CARTESIAN_POINT('',(-155.798198473,74.591271633564,
    108.62045156875));
#5562 = CARTESIAN_POINT('',(-154.8148403105,74.628621497143,
    110.15799176594));
#5563 = CARTESIAN_POINT('',(-152.8473276223,74.630449774119,
    112.87505060089));
#5564 = CARTESIAN_POINT('',(-151.8872431631,74.605521043792,
    114.07364217013));
#5565 = CARTESIAN_POINT('',(-150.8718368295,74.554787454213,
    115.22120320932));
#5566 = CARTESIAN_POINT('',(-149.8073224509,74.478757609063,
    116.31190963733));
#5567 = CARTESIAN_POINT('',(-148.7003290486,74.378323231994,
    117.34147979228));
#5568 = CARTESIAN_POINT('',(-147.557709467,74.254667174656,
    118.3069322277));
#5569 = CARTESIAN_POINT('',(-146.3864138409,74.109212132324,
    119.20643179347));
#5570 = CARTESIAN_POINT('',(-144.5094619107,73.848625269874,
    120.51652144198));
#5571 = CARTESIAN_POINT('',(-143.8182011762,73.747014192349,
    120.97208256647));
#5572 = CARTESIAN_POINT('',(-143.1207528985,73.639022131665,
    121.40576200813));
#5573 = CARTESIAN_POINT('',(-142.4182106636,73.524933843459,
    121.81760486543));
#5574 = CARTESIAN_POINT('',(-141.7115985134,73.40503479386,
    122.2077566529));
#5575 = CARTESIAN_POINT('',(-141.0018662756,73.279606433194,
    122.57644381447));
#5576 = CARTESIAN_POINT('',(-140.289885802,73.148922209906,
    122.92395743066));
#5577 = CARTESIAN_POINT('',(-137.6611938704,72.649011188604,
    124.12763389155));
#5578 = CARTESIAN_POINT('',(-135.7368096853,72.249050678986,
    124.85387534184));
#5579 = CARTESIAN_POINT('',(-133.8167723474,71.818172241152,
    125.43721327552));
#5580 = CARTESIAN_POINT('',(-131.9121692816,71.360740473078,
    125.88638875246));
#5581 = CARTESIAN_POINT('',(-130.0317217409,70.880612250999,
    126.21050656945));
#5582 = CARTESIAN_POINT('',(-128.1818473641,70.381060554186,
    126.41855435924));
#5583 = CARTESIAN_POINT('',(-126.3667615547,69.864681500198,
    126.51892885304));
#5584 = CARTESIAN_POINT('',(-124.5886171337,69.333281101831,
    126.51892885304));
#5585 = PCURVE('',#2833,#5586);
#5586 = DEFINITIONAL_REPRESENTATION('',(#5587),#5758);
#5587 = B_SPLINE_CURVE_WITH_KNOTS('',8,(#5588,#5589,#5590,#5591,#5592,
    #5593,#5594,#5595,#5596,#5597,#5598,#5599,#5600,#5601,#5602,#5603,
    #5604,#5605,#5606,#5607,#5608,#5609,#5610,#5611,#5612,#5613,#5614,
    #5615,#5616,#5617,#5618,#5619,#5620,#5621,#5622,#5623,#5624,#5625,
    #5626,#5627,#5628,#5629,#5630,#5631,#5632,#5633,#5634,#5635,#5636,
    #5637,#5638,#5639,#5640,#5641,#5642,#5643,#5644,#5645,#5646,#5647,
    #5648,#5649,#5650,#5651,#5652,#5653,#5654,#5655,#5656,#5657,#5658,
    #5659,#5660,#5661,#5662,#5663,#5664,#5665,#5666,#5667,#5668,#5669,
    #5670,#5671,#5672,#5673,#5674,#5675,#5676,#5677,#5678,#5679,#5680,
    #5681,#5682,#5683,#5684,#5685,#5686,#5687,#5688,#5689,#5690,#5691,
    #5692,#5693,#5694,#5695,#5696,#5697,#5698,#5699,#5700,#5701,#5702,
    #5703,#5704,#5705,#5706,#5707,#5708,#5709,#5710,#5711,#5712,#5713,
    #5714,#5715,#5716,#5717,#5718,#5719,#5720,#5721,#5722,#5723,#5724,
    #5725,#5726,#5727,#5728,#5729,#5730,#5731,#5732,#5733,#5734,#5735,
    #5736,#5737,#5738,#5739,#5740,#5741,#5742,#5743,#5744,#5745,#5746,
    #5747,#5748,#5749,#5750,#5751,#5752,#5753,#5754,#5755,#5756,#5757),
  .UNSPECIFIED.,.F.,.F.,(9,7,7,7,7,7,7,7,7,7,7,7,7,7,7,7,7,7,7,7,7,7,7,7
    ,9),(0.,4.29831553543E-02,7.471681934484E-02,0.156810247342,
    0.240372832036,0.265425262423,0.293028907241,0.322726013871,
    0.342712897385,0.371657268219,0.400983714911,0.420970873694,
    0.450668389327,0.478272414315,0.503325189737,0.586888925296,
    0.670720077266,0.702926295498,0.742686615813,0.789612751058,
    0.822674785755,0.871660865799,0.912898459102,0.936538171692,1.),
  .UNSPECIFIED.);
#5588 = CARTESIAN_POINT('',(0.,189.33328110183));
#5589 = CARTESIAN_POINT('',(3.345302758693E-02,188.97337204655));
#5590 = CARTESIAN_POINT('',(6.642355397311E-02,188.60669948883));
#5591 = CARTESIAN_POINT('',(9.894397013308E-02,188.23390400749));
#5592 = CARTESIAN_POINT('',(0.131043084569,187.8555676704));
#5593 = CARTESIAN_POINT('',(0.162747533417,187.47221590801));
#5594 = CARTESIAN_POINT('',(0.194082885881,187.08431789819));
#5595 = CARTESIAN_POINT('',(0.225074444986,186.69228546223));
#5596 = CARTESIAN_POINT('',(0.278393269459,186.00424762806));
#5597 = CARTESIAN_POINT('',(0.300864625949,185.70997224397));
#5598 = CARTESIAN_POINT('',(0.323171739702,185.41379077497));
#5599 = CARTESIAN_POINT('',(0.3453240009,185.11584101053));
#5600 = CARTESIAN_POINT('',(0.367330396341,184.81625201408));
#5601 = CARTESIAN_POINT('',(0.389199642447,184.51514406275));
#5602 = CARTESIAN_POINT('',(0.410940318277,184.21262858705));
#5603 = CARTESIAN_POINT('',(0.488492634999,183.12283948082));
#5604 = CARTESIAN_POINT('',(0.543610546659,182.32828694127));
#5605 = CARTESIAN_POINT('',(0.598074248043,181.52677766199));
#5606 = CARTESIAN_POINT('',(0.652017666614,180.71985206107));
#5607 = CARTESIAN_POINT('',(0.70556547693,179.90896612246));
#5608 = CARTESIAN_POINT('',(0.758841637179,179.0954902021));
#5609 = CARTESIAN_POINT('',(0.811976890945,178.28070761348));
#5610 = CARTESIAN_POINT('',(0.91921819624,176.63634153207));
#5611 = CARTESIAN_POINT('',(0.973297624285,175.80716805578));
#5612 = CARTESIAN_POINT('',(1.027529608532,174.97939820315));
#5613 = CARTESIAN_POINT('',(1.082074994868,174.15449767299));
#5614 = CARTESIAN_POINT('',(1.137098841577,173.33429619666));
#5615 = CARTESIAN_POINT('',(1.192788703047,172.52104584605));
#5616 = CARTESIAN_POINT('',(1.249366415175,171.71745692611));
#5617 = CARTESIAN_POINT('',(1.324480446385,170.68993963619));
#5618 = CARTESIAN_POINT('',(1.341912914767,170.45413735503));
#5619 = CARTESIAN_POINT('',(1.359460615941,170.21963288208));
#5620 = CARTESIAN_POINT('',(1.377131910835,169.98653845565));
#5621 = CARTESIAN_POINT('',(1.394935547231,169.75497928977));
#5622 = CARTESIAN_POINT('',(1.412880807801,169.52509425331));
#5623 = CARTESIAN_POINT('',(1.430977703756,169.29703683246));
#5624 = CARTESIAN_POINT('',(1.469356181744,168.82189505227));
#5625 = CARTESIAN_POINT('',(1.489671601053,168.57525019361));
#5626 = CARTESIAN_POINT('',(1.510198726779,168.33126030733));
#5627 = CARTESIAN_POINT('',(1.530953049347,168.09018363934));
#5628 = CARTESIAN_POINT('',(1.551950540549,167.85231895359));
#5629 = CARTESIAN_POINT('',(1.573208049477,167.61800747973));
#5630 = CARTESIAN_POINT('',(1.594743848643,167.38763602926));
#5631 = CARTESIAN_POINT('',(1.640068740123,166.91850707841));
#5632 = CARTESIAN_POINT('',(1.66390103325,166.68047823281));
#5633 = CARTESIAN_POINT('',(1.688102821874,166.44807095716));
#5634 = CARTESIAN_POINT('',(1.712699485528,166.22192570904));
#5635 = CARTESIAN_POINT('',(1.737714674976,166.00280545069));
#5636 = CARTESIAN_POINT('',(1.763170840609,165.79159374915));
#5637 = CARTESIAN_POINT('',(1.789089785345,165.58929271598));
#5638 = CARTESIAN_POINT('',(1.833263418075,165.26761704666));
#5639 = CARTESIAN_POINT('',(1.851250889655,165.1427718568));
#5640 = CARTESIAN_POINT('',(1.869461211847,165.02283160252));
#5641 = CARTESIAN_POINT('',(1.887897760209,164.90817932805));
#5642 = CARTESIAN_POINT('',(1.906561685418,164.79922985068));
#5643 = CARTESIAN_POINT('',(1.925451695694,164.69642222225));
#5644 = CARTESIAN_POINT('',(1.944563666985,164.6002095375));
#5645 = CARTESIAN_POINT('',(1.9918779807,164.38192241131));
#5646 = CARTESIAN_POINT('',(2.020329773587,164.26751684648));
#5647 = CARTESIAN_POINT('',(2.049203329689,164.16932734452));
#5648 = CARTESIAN_POINT('',(2.078445673345,164.08877263358));
#5649 = CARTESIAN_POINT('',(2.107991339396,164.0271054686));
#5650 = CARTESIAN_POINT('',(2.137759671643,163.98530296848));
#5651 = CARTESIAN_POINT('',(2.167650316862,163.96393204164));
#5652 = CARTESIAN_POINT('',(2.227816522336,163.96203129464));
#5653 = CARTESIAN_POINT('',(2.258111071893,163.98204370933));
#5654 = CARTESIAN_POINT('',(2.288286738797,164.02306685851));
#5655 = CARTESIAN_POINT('',(2.318238531023,164.08453481919));
#5656 = CARTESIAN_POINT('',(2.347882038329,164.16544452784));
#5657 = CARTESIAN_POINT('',(2.377148646765,164.26449823863));
#5658 = CARTESIAN_POINT('',(2.405982674769,164.38021973523));
#5659 = CARTESIAN_POINT('',(2.453666048041,164.6002095375));
#5660 = CARTESIAN_POINT('',(2.472778019332,164.69642222225));
#5661 = CARTESIAN_POINT('',(2.491668029607,164.79922985068));
#5662 = CARTESIAN_POINT('',(2.510331954817,164.90817932805));
#5663 = CARTESIAN_POINT('',(2.528768503179,165.02283160252));
#5664 = CARTESIAN_POINT('',(2.546978825371,165.1427718568));
#5665 = CARTESIAN_POINT('',(2.564966296951,165.26761704666));
#5666 = CARTESIAN_POINT('',(2.609139929681,165.58929271598));
#5667 = CARTESIAN_POINT('',(2.635058874416,165.79159374915));
#5668 = CARTESIAN_POINT('',(2.66051504005,166.00280545069));
#5669 = CARTESIAN_POINT('',(2.685530229497,166.22192570904));
#5670 = CARTESIAN_POINT('',(2.710126893151,166.44807095716));
#5671 = CARTESIAN_POINT('',(2.734328681775,166.68047823281));
#5672 = CARTESIAN_POINT('',(2.758160974903,166.91850707841));
#5673 = CARTESIAN_POINT('',(2.803485866383,167.38763602926));
#5674 = CARTESIAN_POINT('',(2.825021665549,167.61800747973));
#5675 = CARTESIAN_POINT('',(2.846279174477,167.85231895359));
#5676 = CARTESIAN_POINT('',(2.867276665679,168.09018363933));
#5677 = CARTESIAN_POINT('',(2.888030988246,168.33126030733));
#5678 = CARTESIAN_POINT('',(2.908558113973,168.57525019362));
#5679 = CARTESIAN_POINT('',(2.928873533281,168.82189505227));
#5680 = CARTESIAN_POINT('',(2.967252011269,169.29703683246));
#5681 = CARTESIAN_POINT('',(2.985348907224,169.52509425331));
#5682 = CARTESIAN_POINT('',(3.003294167795,169.75497928977));
#5683 = CARTESIAN_POINT('',(3.02109780419,169.98653845565));
#5684 = CARTESIAN_POINT('',(3.038769099085,170.21963288208));
#5685 = CARTESIAN_POINT('',(3.056316800259,170.45413735503));
#5686 = CARTESIAN_POINT('',(3.073749268641,170.68993963619));
#5687 = CARTESIAN_POINT('',(3.148863299851,171.71745692612));
#5688 = CARTESIAN_POINT('',(3.205441011976,172.52104584601));
#5689 = CARTESIAN_POINT('',(3.261130873455,173.33429619675));
#5690 = CARTESIAN_POINT('',(3.31615472015,174.15449767289));
#5691 = CARTESIAN_POINT('',(3.370700106499,174.97939820321));
#5692 = CARTESIAN_POINT('',(3.424932090739,175.80716805575));
#5693 = CARTESIAN_POINT('',(3.479011518786,176.63634153207));
#5694 = CARTESIAN_POINT('',(3.58737703303,178.29794547774));
#5695 = CARTESIAN_POINT('',(3.641635467921,179.12995187436));
#5696 = CARTESIAN_POINT('',(3.696044130115,179.96056943666));
#5697 = CARTESIAN_POINT('',(3.750742167321,180.78843401189));
#5698 = CARTESIAN_POINT('',(3.805861119324,181.61208320895));
#5699 = CARTESIAN_POINT('',(3.861533837584,182.42995760443));
#5700 = CARTESIAN_POINT('',(3.917903108487,183.2404014178));
#5701 = CARTESIAN_POINT('',(3.997130429625,184.34948835024));
#5702 = CARTESIAN_POINT('',(4.019246420753,184.65593558059));
#5703 = CARTESIAN_POINT('',(4.041497850223,184.96089379988));
#5704 = CARTESIAN_POINT('',(4.063893775162,185.26424432043));
#5705 = CARTESIAN_POINT('',(4.086443393372,185.56585870551));
#5706 = CARTESIAN_POINT('',(4.109156176563,185.8655988928));
#5707 = CARTESIAN_POINT('',(4.132042031572,186.16331722497));
#5708 = CARTESIAN_POINT('',(4.183591984642,186.82371548668));
#5709 = CARTESIAN_POINT('',(4.212351067987,187.18523722347));
#5710 = CARTESIAN_POINT('',(4.241409310126,187.54313655702));
#5711 = CARTESIAN_POINT('',(4.270787019121,187.89708210475));
#5712 = CARTESIAN_POINT('',(4.30050460644,188.24669803976));
#5713 = CARTESIAN_POINT('',(4.330583130273,188.59156505001));
#5714 = CARTESIAN_POINT('',(4.361045016302,188.93122035905));
#5715 = CARTESIAN_POINT('',(4.428348439109,189.65927704889));
#5716 = CARTESIAN_POINT('',(4.465344146973,190.04536434033));
#5717 = CARTESIAN_POINT('',(4.502946267604,190.42263239881));
#5718 = CARTESIAN_POINT('',(4.541194185489,190.79009882511));
#5719 = CARTESIAN_POINT('',(4.580123709825,191.14660324069));
#5720 = CARTESIAN_POINT('',(4.619768516159,191.49082113243));
#5721 = CARTESIAN_POINT('',(4.660161801366,191.82127340628));
#5722 = CARTESIAN_POINT('',(4.730349148168,192.35830745332));
#5723 = CARTESIAN_POINT('',(4.759744781839,192.57261058067));
#5724 = CARTESIAN_POINT('',(4.789534657332,192.77865677302));
#5725 = CARTESIAN_POINT('',(4.819724421026,192.97579869209));
#5726 = CARTESIAN_POINT('',(4.850315981416,193.16333649951));
#5727 = CARTESIAN_POINT('',(4.881307275494,193.34053103098));
#5728 = CARTESIAN_POINT('',(4.912691581409,193.50661956541));
#5729 = CARTESIAN_POINT('',(4.991520414867,193.88932496237));
#5730 = CARTESIAN_POINT('',(5.039460141732,194.09194555718));
#5731 = CARTESIAN_POINT('',(5.088182361211,194.26585716708));
#5732 = CARTESIAN_POINT('',(5.137583664458,194.40846263813));
#5733 = CARTESIAN_POINT('',(5.187544556768,194.51752395194));
#5734 = CARTESIAN_POINT('',(5.237922446429,194.59127163356));
#5735 = CARTESIAN_POINT('',(5.288535431687,194.62862149714));
#5736 = CARTESIAN_POINT('',(5.381719484306,194.63044977411));
#5737 = CARTESIAN_POINT('',(5.424327494763,194.60552104379));
#5738 = CARTESIAN_POINT('',(5.466806442872,194.55478745421));
#5739 = CARTESIAN_POINT('',(5.509042117279,194.47875760906));
#5740 = CARTESIAN_POINT('',(5.550939657722,194.37832323199));
#5741 = CARTESIAN_POINT('',(5.592416229529,194.25466717465));
#5742 = CARTESIAN_POINT('',(5.633396857131,194.10921213232));
#5743 = CARTESIAN_POINT('',(5.696978748985,193.84862526987));
#5744 = CARTESIAN_POINT('',(5.719967098495,193.74701419234));
#5745 = CARTESIAN_POINT('',(5.742767448634,193.63902213166));
#5746 = CARTESIAN_POINT('',(5.765373315425,193.52493384345));
#5747 = CARTESIAN_POINT('',(5.787780037194,193.40503479386));
#5748 = CARTESIAN_POINT('',(5.809984531938,193.27960643319));
#5749 = CARTESIAN_POINT('',(5.831985159449,193.1489222099));
#5750 = CARTESIAN_POINT('',(5.912295409964,192.6490111886));
#5751 = CARTESIAN_POINT('',(5.969296311859,192.24905067898));
#5752 = CARTESIAN_POINT('',(6.024840090719,191.81817224115));
#5753 = CARTESIAN_POINT('',(6.078986759644,191.36074047307));
#5754 = CARTESIAN_POINT('',(6.131804342882,190.88061225099));
#5755 = CARTESIAN_POINT('',(6.183373353985,190.38106055418));
#5756 = CARTESIAN_POINT('',(6.233792406596,189.86468150019));
#5757 = CARTESIAN_POINT('',(6.28318530718,189.33328110183));
#5758 = ( GEOMETRIC_REPRESENTATION_CONTEXT(2) 
PARAMETRIC_REPRESENTATION_CONTEXT() REPRESENTATION_CONTEXT('2D SPACE',''
  ) );
#5759 = PCURVE('',#3867,#5760);
#5760 = DEFINITIONAL_REPRESENTATION('',(#5761),#5932);
#5761 = B_SPLINE_CURVE_WITH_KNOTS('',8,(#5762,#5763,#5764,#5765,#5766,
    #5767,#5768,#5769,#5770,#5771,#5772,#5773,#5774,#5775,#5776,#5777,
    #5778,#5779,#5780,#5781,#5782,#5783,#5784,#5785,#5786,#5787,#5788,
    #5789,#5790,#5791,#5792,#5793,#5794,#5795,#5796,#5797,#5798,#5799,
    #5800,#5801,#5802,#5803,#5804,#5805,#5806,#5807,#5808,#5809,#5810,
    #5811,#5812,#5813,#5814,#5815,#5816,#5817,#5818,#5819,#5820,#5821,
    #5822,#5823,#5824,#5825,#5826,#5827,#5828,#5829,#5830,#5831,#5832,
    #5833,#5834,#5835,#5836,#5837,#5838,#5839,#5840,#5841,#5842,#5843,
    #5844,#5845,#5846,#5847,#5848,#5849,#5850,#5851,#5852,#5853,#5854,
    #5855,#5856,#5857,#5858,#5859,#5860,#5861,#5862,#5863,#5864,#5865,
    #5866,#5867,#5868,#5869,#5870,#5871,#5872,#5873,#5874,#5875,#5876,
    #5877,#5878,#5879,#5880,#5881,#5882,#5883,#5884,#5885,#5886,#5887,
    #5888,#5889,#5890,#5891,#5892,#5893,#5894,#5895,#5896,#5897,#5898,
    #5899,#5900,#5901,#5902,#5903,#5904,#5905,#5906,#5907,#5908,#5909,
    #5910,#5911,#5912,#5913,#5914,#5915,#5916,#5917,#5918,#5919,#5920,
    #5921,#5922,#5923,#5924,#5925,#5926,#5927,#5928,#5929,#5930,#5931),
  .UNSPECIFIED.,.F.,.F.,(9,7,7,7,7,7,7,7,7,7,7,7,7,7,7,7,7,7,7,7,7,7,7,7
    ,9),(0.,4.29831553543E-02,7.471681934484E-02,0.156810247342,
    0.240372832036,0.265425262423,0.293028907241,0.322726013871,
    0.342712897385,0.371657268219,0.400983714911,0.420970873694,
    0.450668389327,0.478272414315,0.503325189737,0.586888925296,
    0.670720077266,0.702926295498,0.742686615813,0.789612751058,
    0.822674785755,0.871660865799,0.912898459102,0.936538171692,1.),
  .UNSPECIFIED.);
#5762 = CARTESIAN_POINT('',(3.934677856779,-14.66671889816));
#5763 = CARTESIAN_POINT('',(3.939510427752,-15.02662795344));
#5764 = CARTESIAN_POINT('',(3.944143922921,-15.39330051117));
#5765 = CARTESIAN_POINT('',(3.948582075782,-15.7660959925));
#5766 = CARTESIAN_POINT('',(3.952827951487,-16.14443232959));
#5767 = CARTESIAN_POINT('',(3.956884150771,-16.52778409198));
#5768 = CARTESIAN_POINT('',(3.960752932886,-16.9156821018));
#5769 = CARTESIAN_POINT('',(3.964436257569,-17.30771453776));
#5770 = CARTESIAN_POINT('',(3.970519353262,-17.99575237193));
#5771 = CARTESIAN_POINT('',(3.97300268047,-18.29002775602));
#5772 = CARTESIAN_POINT('',(3.975386345706,-18.58620922502));
#5773 = CARTESIAN_POINT('',(3.977670812393,-18.88415898946));
#5774 = CARTESIAN_POINT('',(3.979856397503,-19.18374798591));
#5775 = CARTESIAN_POINT('',(3.981943279732,-19.48485593724));
#5776 = CARTESIAN_POINT('',(3.983931507677,-19.78737141294));
#5777 = CARTESIAN_POINT('',(3.990709052453,-20.87716051918));
#5778 = CARTESIAN_POINT('',(3.994935444014,-21.67171305872));
#5779 = CARTESIAN_POINT('',(3.998500167843,-22.473222338));
#5780 = CARTESIAN_POINT('',(4.001394698491,-23.28014793892));
#5781 = CARTESIAN_POINT('',(4.003603796301,-24.09103387753));
#5782 = CARTESIAN_POINT('',(4.005105829472,-24.90450979789));
#5783 = CARTESIAN_POINT('',(4.005871461813,-25.71929238651));
#5784 = CARTESIAN_POINT('',(4.005849435241,-27.36365846793));
#5785 = CARTESIAN_POINT('',(4.005033727531,-28.19283194421));
#5786 = CARTESIAN_POINT('',(4.003372481175,-29.02060179685));
#5787 = CARTESIAN_POINT('',(4.000812126318,-29.84550232699));
#5788 = CARTESIAN_POINT('',(3.997287057216,-30.66570380334));
#5789 = CARTESIAN_POINT('',(3.992715999362,-31.47895415394));
#5790 = CARTESIAN_POINT('',(3.987000340004,-32.28254307388));
#5791 = CARTESIAN_POINT('',(3.977907532391,-33.3100603638));
#5792 = CARTESIAN_POINT('',(3.975695411833,-33.54586264496));
#5793 = CARTESIAN_POINT('',(3.973364924438,-33.78036711791));
#5794 = CARTESIAN_POINT('',(3.970912323902,-34.01346154434));
#5795 = CARTESIAN_POINT('',(3.968333641566,-34.24502071022));
#5796 = CARTESIAN_POINT('',(3.96562466363,-34.47490574669));
#5797 = CARTESIAN_POINT('',(3.962780895564,-34.70296316753));
#5798 = CARTESIAN_POINT('',(3.956510319177,-35.17810494772));
#5799 = CARTESIAN_POINT('',(3.953053785805,-35.42474980638));
#5800 = CARTESIAN_POINT('',(3.949421391955,-35.66873969266));
#5801 = CARTESIAN_POINT('',(3.945606299316,-35.90981636066));
#5802 = CARTESIAN_POINT('',(3.941601371485,-36.1476810464));
#5803 = CARTESIAN_POINT('',(3.937399159083,-36.38199252026));
#5804 = CARTESIAN_POINT('',(3.932991851427,-36.61236397073));
#5805 = CARTESIAN_POINT('',(3.923400107245,-37.08149292158));
#5806 = CARTESIAN_POINT('',(3.918182891572,-37.31952176718));
#5807 = CARTESIAN_POINT('',(3.912708897451,-37.55192904283));
#5808 = CARTESIAN_POINT('',(3.906967862795,-37.77807429095));
#5809 = CARTESIAN_POINT('',(3.900950221171,-37.9971945493));
#5810 = CARTESIAN_POINT('',(3.894647459314,-38.20840625084));
#5811 = CARTESIAN_POINT('',(3.888052524666,-38.41070728401));
#5812 = CARTESIAN_POINT('',(3.876521634718,-38.73238295333));
#5813 = CARTESIAN_POINT('',(3.871748883693,-38.85722814319));
#5814 = CARTESIAN_POINT('',(3.866840779575,-38.97716839747));
#5815 = CARTESIAN_POINT('',(3.861797049522,-39.09182067194));
#5816 = CARTESIAN_POINT('',(3.85661858246,-39.20077014931));
#5817 = CARTESIAN_POINT('',(3.851307644375,-39.30357777774));
#5818 = CARTESIAN_POINT('',(3.845868124636,-39.39979046249));
#5819 = CARTESIAN_POINT('',(3.832250650483,-39.61807758868));
#5820 = CARTESIAN_POINT('',(3.823933891402,-39.73248315351));
#5821 = CARTESIAN_POINT('',(3.815378441241,-39.83067265547));
#5822 = CARTESIAN_POINT('',(3.806614904651,-39.91122736641));
#5823 = CARTESIAN_POINT('',(3.797682333117,-39.97289453138));
#5824 = CARTESIAN_POINT('',(3.788628633673,-40.01469703151));
#5825 = CARTESIAN_POINT('',(3.779510511396,-40.03606795835));
#5826 = CARTESIAN_POINT('',(3.761154767963,-40.03796870535));
#5827 = CARTESIAN_POINT('',(3.751911327359,-40.01795629066));
#5828 = CARTESIAN_POINT('',(3.742730212899,-39.97693314148));
#5829 = CARTESIAN_POINT('',(3.733670736436,-39.91546518081));
#5830 = CARTESIAN_POINT('',(3.7247830628,-39.83455547215));
#5831 = CARTESIAN_POINT('',(3.716108106663,-39.73550176136));
#5832 = CARTESIAN_POINT('',(3.707677936707,-39.61978026476));
#5833 = CARTESIAN_POINT('',(3.69395424398,-39.39979046249));
#5834 = CARTESIAN_POINT('',(3.68851472424,-39.30357777774));
#5835 = CARTESIAN_POINT('',(3.683203786156,-39.20077014931));
#5836 = CARTESIAN_POINT('',(3.678025319093,-39.09182067194));
#5837 = CARTESIAN_POINT('',(3.672981589041,-38.97716839747));
#5838 = CARTESIAN_POINT('',(3.668073484922,-38.85722814319));
#5839 = CARTESIAN_POINT('',(3.663300733897,-38.73238295333));
#5840 = CARTESIAN_POINT('',(3.651769843949,-38.41070728401));
#5841 = CARTESIAN_POINT('',(3.645174909301,-38.20840625084));
#5842 = CARTESIAN_POINT('',(3.638872147444,-37.9971945493));
#5843 = CARTESIAN_POINT('',(3.632854505821,-37.77807429095));
#5844 = CARTESIAN_POINT('',(3.627113471164,-37.55192904283));
#5845 = CARTESIAN_POINT('',(3.621639477043,-37.31952176718));
#5846 = CARTESIAN_POINT('',(3.616422261371,-37.08149292158));
#5847 = CARTESIAN_POINT('',(3.606830517189,-36.61236397073));
#5848 = CARTESIAN_POINT('',(3.602423209532,-36.38199252026));
#5849 = CARTESIAN_POINT('',(3.59822099713,-36.1476810464));
#5850 = CARTESIAN_POINT('',(3.594216069299,-35.90981636066));
#5851 = CARTESIAN_POINT('',(3.59040097666,-35.66873969266));
#5852 = CARTESIAN_POINT('',(3.58676858281,-35.42474980638));
#5853 = CARTESIAN_POINT('',(3.583312049439,-35.17810494772));
#5854 = CARTESIAN_POINT('',(3.577041473052,-34.70296316753));
#5855 = CARTESIAN_POINT('',(3.574197704986,-34.47490574669));
#5856 = CARTESIAN_POINT('',(3.571488727049,-34.24502071022));
#5857 = CARTESIAN_POINT('',(3.568910044713,-34.01346154434));
#5858 = CARTESIAN_POINT('',(3.566457444177,-33.78036711791));
#5859 = CARTESIAN_POINT('',(3.564126956782,-33.54586264496));
#5860 = CARTESIAN_POINT('',(3.561914836224,-33.3100603638));
#5861 = CARTESIAN_POINT('',(3.552822028611,-32.28254307387));
#5862 = CARTESIAN_POINT('',(3.547106369254,-31.47895415398));
#5863 = CARTESIAN_POINT('',(3.542535311399,-30.66570380323));
#5864 = CARTESIAN_POINT('',(3.539010242298,-29.84550232712));
#5865 = CARTESIAN_POINT('',(3.53644988744,-29.02060179677));
#5866 = CARTESIAN_POINT('',(3.534788641084,-28.19283194424));
#5867 = CARTESIAN_POINT('',(3.533972933374,-27.36365846792));
#5868 = CARTESIAN_POINT('',(3.533950675898,-25.70205452225));
#5869 = CARTESIAN_POINT('',(3.53474928481,-24.87004812563));
#5870 = CARTESIAN_POINT('',(3.536314827791,-24.03943056332));
#5871 = CARTESIAN_POINT('',(3.538616447828,-23.21156598811));
#5872 = CARTESIAN_POINT('',(3.541631291406,-22.38791679104));
#5873 = CARTESIAN_POINT('',(3.54534376903,-21.57004239557));
#5874 = CARTESIAN_POINT('',(3.549745228973,-20.75959858219));
#5875 = CARTESIAN_POINT('',(3.556792528349,-19.65051164975));
#5876 = CARTESIAN_POINT('',(3.55885017105,-19.3440644194));
#5877 = CARTESIAN_POINT('',(3.561009435171,-19.03910620011));
#5878 = CARTESIAN_POINT('',(3.563270419151,-18.73575567956));
#5879 = CARTESIAN_POINT('',(3.565633356192,-18.43414129448));
#5880 = CARTESIAN_POINT('',(3.568098619097,-18.13440110719));
#5881 = CARTESIAN_POINT('',(3.57066673416,-17.83668277502));
#5882 = CARTESIAN_POINT('',(3.576636725307,-17.17628451331));
#5883 = CARTESIAN_POINT('',(3.580092732874,-16.81476277652));
#5884 = CARTESIAN_POINT('',(3.583707816859,-16.45686344297));
#5885 = CARTESIAN_POINT('',(3.587483600608,-16.10291789524));
#5886 = CARTESIAN_POINT('',(3.591421915179,-15.75330196023));
#5887 = CARTESIAN_POINT('',(3.595524823095,-15.40843494998));
#5888 = CARTESIAN_POINT('',(3.599794691417,-15.06877964094));
#5889 = CARTESIAN_POINT('',(3.609474069144,-14.3407229511));
#5890 = CARTESIAN_POINT('',(3.61494939277,-13.95463565966));
#5891 = CARTESIAN_POINT('',(3.620665308289,-13.57736760118));
#5892 = CARTESIAN_POINT('',(3.626626429004,-13.20990117488));
#5893 = CARTESIAN_POINT('',(3.632836784556,-12.8533967593));
#5894 = CARTESIAN_POINT('',(3.639299751361,-12.50917886756));
#5895 = CARTESIAN_POINT('',(3.646018087192,-12.17872659371));
#5896 = CARTESIAN_POINT('',(3.65790903214,-11.64169254667));
#5897 = CARTESIAN_POINT('',(3.66295119863,-11.42738941932));
#5898 = CARTESIAN_POINT('',(3.66812091267,-11.22134322697));
#5899 = CARTESIAN_POINT('',(3.673417637894,-11.0242013079));
#5900 = CARTESIAN_POINT('',(3.678839892595,-10.83666350049));
#5901 = CARTESIAN_POINT('',(3.684385117488,-10.65946896901));
#5902 = CARTESIAN_POINT('',(3.690049476904,-10.49338043458));
#5903 = CARTESIAN_POINT('',(3.704388690187,-10.11067503762));
#5904 = CARTESIAN_POINT('',(3.713206863014,-9.90805444282));
#5905 = CARTESIAN_POINT('',(3.722255380682,-9.734142832919));
#5906 = CARTESIAN_POINT('',(3.731502556108,-9.591537361866));
#5907 = CARTESIAN_POINT('',(3.740911004103,-9.482476048054));
#5908 = CARTESIAN_POINT('',(3.750436569789,-9.408728366435));
#5909 = CARTESIAN_POINT('',(3.760025954284,-9.371378502857));
#5910 = CARTESIAN_POINT('',(3.777681868968,-9.369550225881));
#5911 = CARTESIAN_POINT('',(3.785755273307,-9.39447895621));
#5912 = CARTESIAN_POINT('',(3.793793305077,-9.445212545785));
#5913 = CARTESIAN_POINT('',(3.801763062389,-9.521242390937));
#5914 = CARTESIAN_POINT('',(3.809635998661,-9.621676768008));
#5915 = CARTESIAN_POINT('',(3.817386907662,-9.745332825343));
#5916 = CARTESIAN_POINT('',(3.824993349547,-9.890787867676));
#5917 = CARTESIAN_POINT('',(3.836701380718,-10.15137473012));
#5918 = CARTESIAN_POINT('',(3.840914684769,-10.25298580765));
#5919 = CARTESIAN_POINT('',(3.845072221723,-10.36097786833));
#5920 = CARTESIAN_POINT('',(3.849171581756,-10.47506615654));
#5921 = CARTESIAN_POINT('',(3.8532108229,-10.59496520613));
#5922 = CARTESIAN_POINT('',(3.857188415173,-10.7203935668));
#5923 = CARTESIAN_POINT('',(3.86110320046,-10.85107779009));
#5924 = CARTESIAN_POINT('',(3.875292993901,-11.35098881139));
#5925 = CARTESIAN_POINT('',(3.88516573437,-11.75094932101));
#5926 = CARTESIAN_POINT('',(3.894568034947,-12.18182775884));
#5927 = CARTESIAN_POINT('',(3.903500239548,-12.63925952692));
#5928 = CARTESIAN_POINT('',(3.911967046119,-13.119387749));
#5929 = CARTESIAN_POINT('',(3.919977144029,-13.61893944581));
#5930 = CARTESIAN_POINT('',(3.927542637195,-14.1353184998));
#5931 = CARTESIAN_POINT('',(3.934677856779,-14.66671889816));
#5932 = ( GEOMETRIC_REPRESENTATION_CONTEXT(2) 
PARAMETRIC_REPRESENTATION_CONTEXT() REPRESENTATION_CONTEXT('2D SPACE',''
  ) );
#5933 = ORIENTED_EDGE('',*,*,#5934,.F.);
#5934 = EDGE_CURVE('',#2484,#5411,#5935,.T.);
#5935 = SEAM_CURVE('',#5936,(#5940,#5947),.PCURVE_S1.);
#5936 = LINE('',#5937,#5938);
#5937 = CARTESIAN_POINT('',(-124.5886171337,-120.,126.51892885304));
#5938 = VECTOR('',#5939,1.);
#5939 = DIRECTION('',(0.,1.,0.));
#5940 = PCURVE('',#2833,#5941);
#5941 = DEFINITIONAL_REPRESENTATION('',(#5942),#5946);
#5942 = LINE('',#5943,#5944);
#5943 = CARTESIAN_POINT('',(6.28318530718,-0.));
#5944 = VECTOR('',#5945,1.);
#5945 = DIRECTION('',(0.,1.));
#5946 = ( GEOMETRIC_REPRESENTATION_CONTEXT(2) 
PARAMETRIC_REPRESENTATION_CONTEXT() REPRESENTATION_CONTEXT('2D SPACE',''
  ) );
#5947 = PCURVE('',#2833,#5948);
#5948 = DEFINITIONAL_REPRESENTATION('',(#5949),#5953);
#5949 = LINE('',#5950,#5951);
#5950 = CARTESIAN_POINT('',(0.,-0.));
#5951 = VECTOR('',#5952,1.);
#5952 = DIRECTION('',(0.,1.));
#5953 = ( GEOMETRIC_REPRESENTATION_CONTEXT(2) 
PARAMETRIC_REPRESENTATION_CONTEXT() REPRESENTATION_CONTEXT('2D SPACE',''
  ) );
#5954 = ORIENTED_EDGE('',*,*,#2483,.T.);
#5955 = ORIENTED_EDGE('',*,*,#5934,.T.);
#5956 = ADVANCED_FACE('',(#5957),#3364,.F.);
#5957 = FACE_BOUND('',#5958,.F.);
#5958 = EDGE_LOOP('',(#5959,#6483,#6504,#6505));
#5959 = ORIENTED_EDGE('',*,*,#5960,.F.);
#5960 = EDGE_CURVE('',#5961,#5961,#5963,.T.);
#5961 = VERTEX_POINT('',#5962);
#5962 = CARTESIAN_POINT('',(47.588617133742,74.019053216582,
    182.46270350945));
#5963 = SURFACE_CURVE('',#5964,(#6135,#6309),.PCURVE_S1.);
#5964 = B_SPLINE_CURVE_WITH_KNOTS('',8,(#5965,#5966,#5967,#5968,#5969,
    #5970,#5971,#5972,#5973,#5974,#5975,#5976,#5977,#5978,#5979,#5980,
    #5981,#5982,#5983,#5984,#5985,#5986,#5987,#5988,#5989,#5990,#5991,
    #5992,#5993,#5994,#5995,#5996,#5997,#5998,#5999,#6000,#6001,#6002,
    #6003,#6004,#6005,#6006,#6007,#6008,#6009,#6010,#6011,#6012,#6013,
    #6014,#6015,#6016,#6017,#6018,#6019,#6020,#6021,#6022,#6023,#6024,
    #6025,#6026,#6027,#6028,#6029,#6030,#6031,#6032,#6033,#6034,#6035,
    #6036,#6037,#6038,#6039,#6040,#6041,#6042,#6043,#6044,#6045,#6046,
    #6047,#6048,#6049,#6050,#6051,#6052,#6053,#6054,#6055,#6056,#6057,
    #6058,#6059,#6060,#6061,#6062,#6063,#6064,#6065,#6066,#6067,#6068,
    #6069,#6070,#6071,#6072,#6073,#6074,#6075,#6076,#6077,#6078,#6079,
    #6080,#6081,#6082,#6083,#6084,#6085,#6086,#6087,#6088,#6089,#6090,
    #6091,#6092,#6093,#6094,#6095,#6096,#6097,#6098,#6099,#6100,#6101,
    #6102,#6103,#6104,#6105,#6106,#6107,#6108,#6109,#6110,#6111,#6112,
    #6113,#6114,#6115,#6116,#6117,#6118,#6119,#6120,#6121,#6122,#6123,
    #6124,#6125,#6126,#6127,#6128,#6129,#6130,#6131,#6132,#6133,#6134),
  .UNSPECIFIED.,.T.,.F.,(9,7,7,7,7,7,7,7,7,7,7,7,7,7,7,7,7,7,7,7,7,7,7,7
    ,9),(0.,3.844582871717E-02,8.781257975176E-02,0.120874223556,
    0.167799803992,0.20755965422,0.239765491676,0.323595652509,
    0.40715840009,0.432210879312,0.459814577937,0.489511742455,
    0.50949866493,0.538443092185,0.567769596042,0.587756793786,
    0.617454367308,0.645058446105,0.670111270362,0.753675168812,
    0.829955203885,0.85970936149,0.89762158505,0.942642251534,1.),
  .UNSPECIFIED.);
#5965 = CARTESIAN_POINT('',(47.588617133742,74.019053216582,
    182.46270350945));
#5966 = CARTESIAN_POINT('',(48.952555384029,74.165664499004,
    182.46270350945));
#5967 = CARTESIAN_POINT('',(50.333521343734,74.294262427607,
    182.40364543377));
#5968 = CARTESIAN_POINT('',(51.726393560747,74.403574468979,
    182.28294910374));
#5969 = CARTESIAN_POINT('',(53.125596901168,74.492487451718,
    182.09868725829));
#5970 = CARTESIAN_POINT('',(54.525116390411,74.560079717709,
    181.84971026032));
#5971 = CARTESIAN_POINT('',(55.918511395577,74.605660500183,
    181.53579324823));
#5972 = CARTESIAN_POINT('',(57.29893505437,74.628835063873,
    181.15784999462));
#5973 = CARTESIAN_POINT('',(60.405779258141,74.630614526507,
    180.15379489483));
#5974 = CARTESIAN_POINT('',(62.12054075999,74.594689598145,
    179.48721740971));
#5975 = CARTESIAN_POINT('',(63.787481950861,74.521756952383,
    178.72345563872));
#5976 = CARTESIAN_POINT('',(65.394319986969,74.412902691305,
    177.87009288014));
#5977 = CARTESIAN_POINT('',(66.931610396275,74.269923875225,
    176.93623945725));
#5978 = CARTESIAN_POINT('',(68.392286726316,74.095104406664,
    175.93190657525));
#5979 = CARTESIAN_POINT('',(69.771395285673,73.89110328741,
    174.86763058828));
#5980 = CARTESIAN_POINT('',(71.932740818463,73.506619565415,
    173.00834927214));
#5981 = CARTESIAN_POINT('',(72.76218958162,73.340531030985,
    172.24006175328));
#5982 = CARTESIAN_POINT('',(73.553642208984,73.163336499509,
    171.45199750314));
#5983 = CARTESIAN_POINT('',(74.3069500486,72.975798692096,170.646776968)
  );
#5984 = CARTESIAN_POINT('',(75.022274744549,72.778656773024,
    169.82684063812));
#5985 = CARTESIAN_POINT('',(75.700020413526,72.572610580677,
    168.994417725));
#5986 = CARTESIAN_POINT('',(76.340778360365,72.358307453326,
    168.15150217416));
#5987 = CARTESIAN_POINT('',(77.803281405761,71.821273406282,
    166.09103559254));
#5988 = CARTESIAN_POINT('',(78.588077138532,71.490821132437,
    164.86484757625));
#5989 = CARTESIAN_POINT('',(79.301961522003,71.146603240692,
    163.62606512647));
#5990 = CARTESIAN_POINT('',(79.947387629634,70.79009882511,
    162.37891352622));
#5991 = CARTESIAN_POINT('',(80.526923983026,70.422632398812,
    161.12704243747));
#5992 = CARTESIAN_POINT('',(81.043192872044,70.04536434033,
    159.87352094621));
#5993 = CARTESIAN_POINT('',(81.498794629202,69.659277048894,
    158.62083539464));
#5994 = CARTESIAN_POINT('',(82.232952916669,68.931220359058,
    156.31181643758));
#5995 = CARTESIAN_POINT('',(82.527872915828,68.591565050013,
    155.25486239176));
#5996 = CARTESIAN_POINT('',(82.782486353517,68.246698039768,
    154.20126749727));
#5997 = CARTESIAN_POINT('',(82.998209242643,67.89708210475,
    153.15214132641));
#5998 = CARTESIAN_POINT('',(83.176378612279,67.543136557024,
    152.10846413545));
#5999 = CARTESIAN_POINT('',(83.318258071028,67.18523722347,
    151.07108851653));
#6000 = CARTESIAN_POINT('',(83.425035432761,66.823715486682,
    150.04074195566));
#6001 = CARTESIAN_POINT('',(83.556762408726,66.163317224975,
    148.18962462467));
#6002 = CARTESIAN_POINT('',(83.593402269329,65.865598892802,
    147.36625778467));
#6003 = CARTESIAN_POINT('',(83.608319405753,65.565858705518,
    146.54826662898));
#6004 = CARTESIAN_POINT('',(83.60206522625,65.264244320434,
    145.73596307102));
#6005 = CARTESIAN_POINT('',(83.575158387276,64.960893799881,
    144.92963390635));
#6006 = CARTESIAN_POINT('',(83.528086651917,64.655935580592,
    144.12954093484));
#6007 = CARTESIAN_POINT('',(83.461307347558,64.349488350247,
    143.33592138407));
#6008 = CARTESIAN_POINT('',(83.151234202273,63.240401417809,
    140.50064261294));
#6009 = CARTESIAN_POINT('',(82.796629354485,62.429957604418,
    138.49803020066));
#6010 = CARTESIAN_POINT('',(82.318992485283,61.612083208978,
    136.54444546803));
#6011 = CARTESIAN_POINT('',(81.72439029357,60.788434011859,
    134.64308764379));
#6012 = CARTESIAN_POINT('',(81.017874250285,59.960569436695,
    132.79692263573));
#6013 = CARTESIAN_POINT('',(80.20347306999,59.129951874355,
    131.00870428215));
#6014 = CARTESIAN_POINT('',(79.284144866672,58.297945477749,
    129.28101420883));
#6015 = CARTESIAN_POINT('',(77.24185819429,56.636341532073,
    125.95714554571));
#6016 = CARTESIAN_POINT('',(76.120078384712,55.807168055762,
    124.36141190996));
#6017 = CARTESIAN_POINT('',(74.897498663492,54.979398203203,
    122.83135509191));
#6018 = CARTESIAN_POINT('',(73.574569576866,54.154497672916,
    121.37008707664));
#6019 = CARTESIAN_POINT('',(72.150913420507,53.334296196732,
    119.98153334213));
#6020 = CARTESIAN_POINT('',(70.624984164446,52.521045846024,
    118.67055851551));
#6021 = CARTESIAN_POINT('',(68.993872416762,51.717456926124,
    117.44300183983));
#6022 = CARTESIAN_POINT('',(66.728735420589,50.689939636196,
    115.966066192));
#6023 = CARTESIAN_POINT('',(66.196297110046,50.454137355033,
    115.63364384528));
#6024 = CARTESIAN_POINT('',(65.653731600251,50.219632882085,
    115.30968030659));
#6025 = CARTESIAN_POINT('',(65.100877578722,49.986538455658,
    114.99442157062));
#6026 = CARTESIAN_POINT('',(64.537561407493,49.754979289772,
    114.68813921028));
#6027 = CARTESIAN_POINT('',(63.96359393543,49.525094253309,
    114.39113186935));
#6028 = CARTESIAN_POINT('',(63.37876573832,49.297036832463,
    114.10372784522));
#6029 = CARTESIAN_POINT('',(62.126229813314,48.821895052273,
    113.52059666721));
#6030 = CARTESIAN_POINT('',(61.456178571053,48.575250193619,
    113.22701728277));
#6031 = CARTESIAN_POINT('',(60.772353898082,48.331260307337,
    112.94602282422));
#6032 = CARTESIAN_POINT('',(60.074421296797,48.09018363934,
    112.67815688745));
#6033 = CARTESIAN_POINT('',(59.362042990638,47.852318953598,
    112.42403355608));
#6034 = CARTESIAN_POINT('',(58.634871267687,47.618007479737,
    112.184340661));
#6035 = CARTESIAN_POINT('',(57.892537111061,47.387636029263,
    111.95984719163));
#6036 = CARTESIAN_POINT('',(56.319251719842,46.918507078415,
    111.52717500784));
#6037 = CARTESIAN_POINT('',(55.485982185312,46.680478232811,
    111.32156146833));
#6038 = CARTESIAN_POINT('',(54.634245754571,46.448070957162,
    111.13561412739));
#6039 = CARTESIAN_POINT('',(53.763585861445,46.221925709044,
    110.97055864492));
#6040 = CARTESIAN_POINT('',(52.873675712251,46.002805450691,
    110.82779114867));
#6041 = CARTESIAN_POINT('',(51.964324534623,45.791593749154,
    110.70886669532));
#6042 = CARTESIAN_POINT('',(51.035483494452,45.589292715989,
    110.61549149787));
#6043 = CARTESIAN_POINT('',(49.449067668212,45.267617046667,
    110.50511775072));
#6044 = CARTESIAN_POINT('',(48.80217850543,45.142771856801,
    110.47313427437));
#6045 = CARTESIAN_POINT('',(48.146652974114,45.022831602528,
    110.45413109144));
#6046 = CARTESIAN_POINT('',(47.482667953323,44.908179328056,
    110.44870077621));
#6047 = CARTESIAN_POINT('',(46.810514940398,44.799229850685,
    110.45745385727));
#6048 = CARTESIAN_POINT('',(46.130610470528,44.696422222257,
    110.48100184764));
#6049 = CARTESIAN_POINT('',(45.443510035138,44.600209537503,
    110.51993532371));
#6050 = CARTESIAN_POINT('',(43.745498370505,44.381922411312,
    110.65424607026));
#6051 = CARTESIAN_POINT('',(42.726964378479,44.267516846484,
    110.76713970602));
#6052 = CARTESIAN_POINT('',(41.697181691632,44.169327344526,
    110.9151273642));
#6053 = CARTESIAN_POINT('',(40.659542890583,44.088772633587,
    111.09953308759));
#6054 = CARTESIAN_POINT('',(39.617992192058,44.027105468609,
    111.32120908508));
#6055 = CARTESIAN_POINT('',(38.577047784878,43.985302968486,
    111.58035743182));
#6056 = CARTESIAN_POINT('',(37.541826796855,43.963932041643,
    111.87629657583));
#6057 = CARTESIAN_POINT('',(35.480800082731,43.962031294644,
    112.54236936462));
#6058 = CARTESIAN_POINT('',(34.454644140286,43.982043709334,
    112.91364247617));
#6059 = CARTESIAN_POINT('',(33.44562966456,44.023066858514,
    113.31908602778));
#6060 = CARTESIAN_POINT('',(32.458518633997,44.08453481919,
    113.75617233631));
#6061 = CARTESIAN_POINT('',(31.497021856656,44.165444527847,
    114.22198122867));
#6062 = CARTESIAN_POINT('',(30.563964191457,44.26449823863,
    114.71338491722));
#6063 = CARTESIAN_POINT('',(29.661413373473,44.380219735235,
    115.22718684726));
#6064 = CARTESIAN_POINT('',(28.197416165122,44.600209537503,
    116.12353090516));
#6065 = CARTESIAN_POINT('',(27.61865571299,44.696422222257,
    116.49590056413));
#6066 = CARTESIAN_POINT('',(27.054760280859,44.799229850685,
    116.8764876601));
#6067 = CARTESIAN_POINT('',(26.505832138618,44.908179328057,
    117.26448789705));
#6068 = CARTESIAN_POINT('',(25.971848831995,45.022831602529,
    117.65916171732));
#6069 = CARTESIAN_POINT('',(25.452687327587,45.142771856802,
    118.05984385506));
#6070 = CARTESIAN_POINT('',(24.948142417139,45.267617046668,
    118.46595094073));
#6071 = CARTESIAN_POINT('',(23.729581114377,45.58929271599,
    119.48771700457));
#6072 = CARTESIAN_POINT('',(23.033017491797,45.791593749154,
    120.10921819129));
#6073 = CARTESIAN_POINT('',(22.36723897506,46.002805450691,
    120.73993330647));
#6074 = CARTESIAN_POINT('',(21.731203169697,46.221925709045,
    121.37851069874));
#6075 = CARTESIAN_POINT('',(21.123841698244,46.448070957162,
    122.02380443402));
#6076 = CARTESIAN_POINT('',(20.544069555756,46.680478232811,
    122.67487710572));
#6077 = CARTESIAN_POINT('',(19.990796947615,46.918507078417,
    123.33100549704));
#6078 = CARTESIAN_POINT('',(18.972300657829,47.387636029264,
    124.60579859733));
#6079 = CARTESIAN_POINT('',(18.503693660144,47.618007479738,
    125.22375069871));
#6080 = CARTESIAN_POINT('',(18.056287327255,47.852318953599,
    125.84508713889));
#6081 = CARTESIAN_POINT('',(17.629331117591,48.090183639341,
    126.46940269506));
#6082 = CARTESIAN_POINT('',(17.222139429453,48.331260307337,
    127.09634528025));
#6083 = CARTESIAN_POINT('',(16.834078046555,48.57525019362,
    127.72561663046));
#6084 = CARTESIAN_POINT('',(16.464556837013,48.821895052274,
    128.35697358015));
#6085 = CARTESIAN_POINT('',(15.793989894205,49.297036832463,
    129.5649587578));
#6086 = CARTESIAN_POINT('',(15.489785790784,49.525094253311,
    130.14122688696));
#6087 = CARTESIAN_POINT('',(15.200012886489,49.754979289772,
    130.7188804886));
#6088 = CARTESIAN_POINT('',(14.924308785204,49.986538455659,
    131.29777706102));
#6089 = CARTESIAN_POINT('',(14.662344922039,50.219632882086,
    131.87778617657));
#6090 = CARTESIAN_POINT('',(14.413821194375,50.454137355035,
    132.45879018999));
#6091 = CARTESIAN_POINT('',(14.178462505625,50.689939636197,
    133.04068490449));
#6092 = CARTESIAN_POINT('',(13.214049173519,51.71745692612,
    135.56696506394));
#6093 = CARTESIAN_POINT('',(12.615991760216,52.52104584605,
    137.51882270631));
#6094 = CARTESIAN_POINT('',(12.152060729092,53.334296196676,
    139.47634233285));
#6095 = CARTESIAN_POINT('',(11.816470111589,54.154497672987,
    141.43650999494));
#6096 = CARTESIAN_POINT('',(11.605109787189,54.979398203151,
    143.39629885937));
#6097 = CARTESIAN_POINT('',(11.515366848562,55.807168055786,
    145.35275515754));
#6098 = CARTESIAN_POINT('',(11.545776616349,56.63634153207,
    147.3030964157));
#6099 = CARTESIAN_POINT('',(11.833653225289,58.222989707691,
    151.01713173381));
#6100 = CARTESIAN_POINT('',(12.071038207053,58.98009217328,
    152.78152327482));
#6101 = CARTESIAN_POINT('',(12.408204198083,59.736141107201,
    154.53561735317));
#6102 = CARTESIAN_POINT('',(12.845712024262,60.490100271366,
    156.2765577993));
#6103 = CARTESIAN_POINT('',(13.384692227362,61.240878150774,
    158.00097609013));
#6104 = CARTESIAN_POINT('',(14.02674830003,61.987328356365,
    159.70501022326));
#6105 = CARTESIAN_POINT('',(14.774001250219,62.728250365181,
    161.38428162955));
#6106 = CARTESIAN_POINT('',(15.962918812606,63.748750538541,
    163.67724697999));
#6107 = CARTESIAN_POINT('',(16.31296073375,64.034064655379,
    164.31611542742));
#6108 = CARTESIAN_POINT('',(16.67958282079,64.31825073957,
    164.95011709796));
#6109 = CARTESIAN_POINT('',(17.062952758683,64.601222251853,
    165.57891979743));
#6110 = CARTESIAN_POINT('',(17.46324708109,64.882886688364,
    166.20216692141));
#6111 = CARTESIAN_POINT('',(17.880651646178,65.163145623963,
    166.81947691998));
#6112 = CARTESIAN_POINT('',(18.315362112413,65.441894755562,
    167.43044276237));
#6113 = CARTESIAN_POINT('',(19.343798106477,66.072137078111,
    168.80447792431));
#6114 = CARTESIAN_POINT('',(19.948426321197,66.422609724925,
    169.56329850182));
#6115 = CARTESIAN_POINT('',(20.58190433019,66.770221226238,
    170.31021327431));
#6116 = CARTESIAN_POINT('',(21.244676090901,67.114719779841,
    171.04423783738));
#6117 = CARTESIAN_POINT('',(21.937188350105,67.455823490314,
    171.76428451112));
#6118 = CARTESIAN_POINT('',(22.659889447748,67.793220891242,
    172.46916113531));
#6119 = CARTESIAN_POINT('',(23.413232821059,68.12657094031,
    173.15756739068));
#6120 = CARTESIAN_POINT('',(25.129220371269,68.846107840401,
    174.6243308866));
#6121 = CARTESIAN_POINT('',(26.10451115144,69.230434935995,
    175.3952555846));
#6122 = CARTESIAN_POINT('',(27.124393381757,69.607895860223,
    176.13856793091));
#6123 = CARTESIAN_POINT('',(28.189583631079,69.977768864932,
    176.8515884032));
#6124 = CARTESIAN_POINT('',(29.3006345261,70.339208221601,
    177.53127913354));
#6125 = CARTESIAN_POINT('',(30.457904830313,70.691250592891,
    178.17426093235));
#6126 = CARTESIAN_POINT('',(31.66154428068,71.032817921774,
    178.77682096907));
#6127 = CARTESIAN_POINT('',(34.503967489383,71.783018458569,
    180.04593554345));
#6128 = CARTESIAN_POINT('',(36.17130759195,72.184300641981,
    180.68464324654));
#6129 = CARTESIAN_POINT('',(37.91340988286,72.564124211221,
    181.24273527705));
#6130 = CARTESIAN_POINT('',(39.728292369332,72.91938878266,
    181.7104196934));
#6131 = CARTESIAN_POINT('',(41.611726609413,73.246490384131,
    182.07693619396));
#6132 = CARTESIAN_POINT('',(43.556832655032,73.541503208527,
    182.33124958716));
#6133 = CARTESIAN_POINT('',(45.553724103505,73.800320237512,
    182.46270350945));
#6134 = CARTESIAN_POINT('',(47.588617133742,74.019053216582,
    182.46270350945));
#6135 = PCURVE('',#3364,#6136);
#6136 = DEFINITIONAL_REPRESENTATION('',(#6137),#6308);
#6137 = B_SPLINE_CURVE_WITH_KNOTS('',8,(#6138,#6139,#6140,#6141,#6142,
    #6143,#6144,#6145,#6146,#6147,#6148,#6149,#6150,#6151,#6152,#6153,
    #6154,#6155,#6156,#6157,#6158,#6159,#6160,#6161,#6162,#6163,#6164,
    #6165,#6166,#6167,#6168,#6169,#6170,#6171,#6172,#6173,#6174,#6175,
    #6176,#6177,#6178,#6179,#6180,#6181,#6182,#6183,#6184,#6185,#6186,
    #6187,#6188,#6189,#6190,#6191,#6192,#6193,#6194,#6195,#6196,#6197,
    #6198,#6199,#6200,#6201,#6202,#6203,#6204,#6205,#6206,#6207,#6208,
    #6209,#6210,#6211,#6212,#6213,#6214,#6215,#6216,#6217,#6218,#6219,
    #6220,#6221,#6222,#6223,#6224,#6225,#6226,#6227,#6228,#6229,#6230,
    #6231,#6232,#6233,#6234,#6235,#6236,#6237,#6238,#6239,#6240,#6241,
    #6242,#6243,#6244,#6245,#6246,#6247,#6248,#6249,#6250,#6251,#6252,
    #6253,#6254,#6255,#6256,#6257,#6258,#6259,#6260,#6261,#6262,#6263,
    #6264,#6265,#6266,#6267,#6268,#6269,#6270,#6271,#6272,#6273,#6274,
    #6275,#6276,#6277,#6278,#6279,#6280,#6281,#6282,#6283,#6284,#6285,
    #6286,#6287,#6288,#6289,#6290,#6291,#6292,#6293,#6294,#6295,#6296,
    #6297,#6298,#6299,#6300,#6301,#6302,#6303,#6304,#6305,#6306,#6307),
  .UNSPECIFIED.,.F.,.F.,(9,7,7,7,7,7,7,7,7,7,7,7,7,7,7,7,7,7,7,7,7,7,7,7
    ,9),(0.,3.844582871717E-02,8.781257975176E-02,0.120874223556,
    0.167799803992,0.20755965422,0.239765491676,0.323595652509,
    0.40715840009,0.432210879312,0.459814577937,0.489511742455,
    0.50949866493,0.538443092185,0.567769596042,0.587756793786,
    0.617454367308,0.645058446105,0.670111270362,0.753675168812,
    0.829955203885,0.85970936149,0.89762158505,0.942642251534,1.),
  .UNSPECIFIED.);
#6138 = CARTESIAN_POINT('',(0.,194.01905321658));
#6139 = CARTESIAN_POINT('',(3.788717361909E-02,194.165664499));
#6140 = CARTESIAN_POINT('',(7.624734182909E-02,194.2942624276));
#6141 = CARTESIAN_POINT('',(0.115021097965,194.40357446897));
#6142 = CARTESIAN_POINT('',(0.154145182134,194.49248745171));
#6143 = CARTESIAN_POINT('',(0.19355006684,194.5600797177));
#6144 = CARTESIAN_POINT('',(0.233156863046,194.60566050018));
#6145 = CARTESIAN_POINT('',(0.272872305429,194.62883506387));
#6146 = CARTESIAN_POINT('',(0.363568377177,194.6306145265));
#6147 = CARTESIAN_POINT('',(0.414586478085,194.59468959814));
#6148 = CARTESIAN_POINT('',(0.465372849264,194.52175695238));
#6149 = CARTESIAN_POINT('',(0.515740723359,194.4129026913));
#6150 = CARTESIAN_POINT('',(0.565543725921,194.26992387522));
#6151 = CARTESIAN_POINT('',(0.614659027141,194.09510440666));
#6152 = CARTESIAN_POINT('',(0.662980066034,193.89110328741));
#6153 = CARTESIAN_POINT('',(0.742175195053,193.50661956541));
#6154 = CARTESIAN_POINT('',(0.773559500968,193.34053103098));
#6155 = CARTESIAN_POINT('',(0.804550795046,193.1633364995));
#6156 = CARTESIAN_POINT('',(0.835142355436,192.97579869209));
#6157 = CARTESIAN_POINT('',(0.86533211913,192.77865677302));
#6158 = CARTESIAN_POINT('',(0.895121994622,192.57261058067));
#6159 = CARTESIAN_POINT('',(0.924517628294,192.35830745332));
#6160 = CARTESIAN_POINT('',(0.994704975095,191.82127340628));
#6161 = CARTESIAN_POINT('',(1.035098260303,191.49082113243));
#6162 = CARTESIAN_POINT('',(1.074743066637,191.14660324069));
#6163 = CARTESIAN_POINT('',(1.113672590973,190.79009882511));
#6164 = CARTESIAN_POINT('',(1.151920508858,190.42263239881));
#6165 = CARTESIAN_POINT('',(1.189522629489,190.04536434033));
#6166 = CARTESIAN_POINT('',(1.226518337353,189.65927704889));
#6167 = CARTESIAN_POINT('',(1.29382176016,188.93122035905));
#6168 = CARTESIAN_POINT('',(1.324283646189,188.59156505001));
#6169 = CARTESIAN_POINT('',(1.354362170022,188.24669803976));
#6170 = CARTESIAN_POINT('',(1.38407975734,187.89708210475));
#6171 = CARTESIAN_POINT('',(1.413457466335,187.54313655702));
#6172 = CARTESIAN_POINT('',(1.442515708475,187.18523722347));
#6173 = CARTESIAN_POINT('',(1.47127479182,186.82371548668));
#6174 = CARTESIAN_POINT('',(1.522824744889,186.16331722497));
#6175 = CARTESIAN_POINT('',(1.545710599898,185.8655988928));
#6176 = CARTESIAN_POINT('',(1.568423383089,185.56585870551));
#6177 = CARTESIAN_POINT('',(1.5909730013,185.26424432043));
#6178 = CARTESIAN_POINT('',(1.613368926239,184.96089379988));
#6179 = CARTESIAN_POINT('',(1.635620355709,184.65593558059));
#6180 = CARTESIAN_POINT('',(1.657736346837,184.34948835024));
#6181 = CARTESIAN_POINT('',(1.736963667975,183.2404014178));
#6182 = CARTESIAN_POINT('',(1.793332938879,182.42995760441));
#6183 = CARTESIAN_POINT('',(1.849005657136,181.61208320897));
#6184 = CARTESIAN_POINT('',(1.904124609144,180.78843401185));
#6185 = CARTESIAN_POINT('',(1.958822646344,179.96056943669));
#6186 = CARTESIAN_POINT('',(2.013231308542,179.12995187435));
#6187 = CARTESIAN_POINT('',(2.067489743432,178.29794547774));
#6188 = CARTESIAN_POINT('',(2.175855257676,176.63634153207));
#6189 = CARTESIAN_POINT('',(2.229934685722,175.80716805576));
#6190 = CARTESIAN_POINT('',(2.284166669966,174.9793982032));
#6191 = CARTESIAN_POINT('',(2.338712056307,174.15449767291));
#6192 = CARTESIAN_POINT('',(2.39373590301,173.33429619673));
#6193 = CARTESIAN_POINT('',(2.449425764485,172.52104584602));
#6194 = CARTESIAN_POINT('',(2.506003476611,171.71745692612));
#6195 = CARTESIAN_POINT('',(2.581117507821,170.68993963619));
#6196 = CARTESIAN_POINT('',(2.598549976203,170.45413735503));
#6197 = CARTESIAN_POINT('',(2.616097677376,170.21963288208));
#6198 = CARTESIAN_POINT('',(2.633768972271,169.98653845565));
#6199 = CARTESIAN_POINT('',(2.651572608666,169.75497928977));
#6200 = CARTESIAN_POINT('',(2.669517869237,169.5250942533));
#6201 = CARTESIAN_POINT('',(2.687614765192,169.29703683246));
#6202 = CARTESIAN_POINT('',(2.72599324318,168.82189505227));
#6203 = CARTESIAN_POINT('',(2.746308662489,168.57525019361));
#6204 = CARTESIAN_POINT('',(2.766835788215,168.33126030733));
#6205 = CARTESIAN_POINT('',(2.787590110783,168.09018363934));
#6206 = CARTESIAN_POINT('',(2.808587601985,167.85231895359));
#6207 = CARTESIAN_POINT('',(2.829845110913,167.61800747973));
#6208 = CARTESIAN_POINT('',(2.851380910079,167.38763602926));
#6209 = CARTESIAN_POINT('',(2.896705801559,166.91850707841));
#6210 = CARTESIAN_POINT('',(2.920538094686,166.68047823281));
#6211 = CARTESIAN_POINT('',(2.94473988331,166.44807095716));
#6212 = CARTESIAN_POINT('',(2.969336546964,166.22192570904));
#6213 = CARTESIAN_POINT('',(2.994351736412,166.00280545069));
#6214 = CARTESIAN_POINT('',(3.019807902045,165.79159374915));
#6215 = CARTESIAN_POINT('',(3.045726846781,165.58929271598));
#6216 = CARTESIAN_POINT('',(3.089900479511,165.26761704666));
#6217 = CARTESIAN_POINT('',(3.107887951091,165.1427718568));
#6218 = CARTESIAN_POINT('',(3.126098273283,165.02283160252));
#6219 = CARTESIAN_POINT('',(3.144534821645,164.90817932805));
#6220 = CARTESIAN_POINT('',(3.163198746854,164.79922985068));
#6221 = CARTESIAN_POINT('',(3.18208875713,164.69642222225));
#6222 = CARTESIAN_POINT('',(3.201200728421,164.6002095375));
#6223 = CARTESIAN_POINT('',(3.248515042136,164.38192241131));
#6224 = CARTESIAN_POINT('',(3.276966835023,164.26751684648));
#6225 = CARTESIAN_POINT('',(3.305840391125,164.16932734452));
#6226 = CARTESIAN_POINT('',(3.335082734781,164.08877263358));
#6227 = CARTESIAN_POINT('',(3.364628400832,164.0271054686));
#6228 = CARTESIAN_POINT('',(3.394396733079,163.98530296848));
#6229 = CARTESIAN_POINT('',(3.424287378298,163.96393204164));
#6230 = CARTESIAN_POINT('',(3.484453583772,163.96203129464));
#6231 = CARTESIAN_POINT('',(3.514748133329,163.98204370933));
#6232 = CARTESIAN_POINT('',(3.544923800233,164.02306685851));
#6233 = CARTESIAN_POINT('',(3.574875592459,164.08453481919));
#6234 = CARTESIAN_POINT('',(3.604519099765,164.16544452784));
#6235 = CARTESIAN_POINT('',(3.633785708201,164.26449823863));
#6236 = CARTESIAN_POINT('',(3.662619736205,164.38021973523));
#6237 = CARTESIAN_POINT('',(3.710303109477,164.6002095375));
#6238 = CARTESIAN_POINT('',(3.729415080768,164.69642222225));
#6239 = CARTESIAN_POINT('',(3.748305091043,164.79922985068));
#6240 = CARTESIAN_POINT('',(3.766969016253,164.90817932805));
#6241 = CARTESIAN_POINT('',(3.785405564615,165.02283160252));
#6242 = CARTESIAN_POINT('',(3.803615886807,165.1427718568));
#6243 = CARTESIAN_POINT('',(3.821603358387,165.26761704666));
#6244 = CARTESIAN_POINT('',(3.865776991117,165.58929271599));
#6245 = CARTESIAN_POINT('',(3.891695935852,165.79159374915));
#6246 = CARTESIAN_POINT('',(3.917152101486,166.00280545069));
#6247 = CARTESIAN_POINT('',(3.942167290933,166.22192570904));
#6248 = CARTESIAN_POINT('',(3.966763954587,166.44807095716));
#6249 = CARTESIAN_POINT('',(3.990965743211,166.68047823281));
#6250 = CARTESIAN_POINT('',(4.014798036339,166.91850707841));
#6251 = CARTESIAN_POINT('',(4.060122927819,167.38763602926));
#6252 = CARTESIAN_POINT('',(4.081658726985,167.61800747973));
#6253 = CARTESIAN_POINT('',(4.102916235913,167.85231895359));
#6254 = CARTESIAN_POINT('',(4.123913727115,168.09018363934));
#6255 = CARTESIAN_POINT('',(4.144668049682,168.33126030733));
#6256 = CARTESIAN_POINT('',(4.165195175409,168.57525019361));
#6257 = CARTESIAN_POINT('',(4.185510594717,168.82189505227));
#6258 = CARTESIAN_POINT('',(4.223889072705,169.29703683246));
#6259 = CARTESIAN_POINT('',(4.24198596866,169.52509425331));
#6260 = CARTESIAN_POINT('',(4.259931229231,169.75497928977));
#6261 = CARTESIAN_POINT('',(4.277734865627,169.98653845565));
#6262 = CARTESIAN_POINT('',(4.295406160521,170.21963288208));
#6263 = CARTESIAN_POINT('',(4.312953861694,170.45413735503));
#6264 = CARTESIAN_POINT('',(4.330386330077,170.68993963619));
#6265 = CARTESIAN_POINT('',(4.405500361286,171.71745692612));
#6266 = CARTESIAN_POINT('',(4.462078073414,172.52104584605));
#6267 = CARTESIAN_POINT('',(4.517767934885,173.33429619667));
#6268 = CARTESIAN_POINT('',(4.572791781594,174.15449767298));
#6269 = CARTESIAN_POINT('',(4.627337167929,174.97939820315));
#6270 = CARTESIAN_POINT('',(4.681569152177,175.80716805578));
#6271 = CARTESIAN_POINT('',(4.735648580222,176.63634153207));
#6272 = CARTESIAN_POINT('',(4.839125672897,178.22298970769));
#6273 = CARTESIAN_POINT('',(4.888499557038,178.98009217328));
#6274 = CARTESIAN_POINT('',(4.937985955876,179.7361411072));
#6275 = CARTESIAN_POINT('',(4.987690192223,180.49010027136));
#6276 = CARTESIAN_POINT('',(5.037712372428,181.24087815077));
#6277 = CARTESIAN_POINT('',(5.088152867234,181.98732835636));
#6278 = CARTESIAN_POINT('',(5.139118291103,182.72825036518));
#6279 = CARTESIAN_POINT('',(5.210864667256,183.74875053854));
#6280 = CARTESIAN_POINT('',(5.231094900931,184.03406465537));
#6281 = CARTESIAN_POINT('',(5.251429560047,184.31825073957));
#6282 = CARTESIAN_POINT('',(5.271875532441,184.60122225185));
#6283 = CARTESIAN_POINT('',(5.292439806727,184.88288668836));
#6284 = CARTESIAN_POINT('',(5.313129561837,185.16314562396));
#6285 = CARTESIAN_POINT('',(5.33395225656,185.44189475556));
#6286 = CARTESIAN_POINT('',(5.381626993802,186.07213707811));
#6287 = CARTESIAN_POINT('',(5.408566030916,186.42260972492));
#6288 = CARTESIAN_POINT('',(5.435749539069,186.77022122623));
#6289 = CARTESIAN_POINT('',(5.463194155079,187.11471977984));
#6290 = CARTESIAN_POINT('',(5.490916714155,187.45582349031));
#6291 = CARTESIAN_POINT('',(5.51893463566,187.79322089124));
#6292 = CARTESIAN_POINT('',(5.547266424436,188.12657094031));
#6293 = CARTESIAN_POINT('',(5.609972925428,188.8461078404));
#6294 = CARTESIAN_POINT('',(5.644480540313,189.23043493599));
#6295 = CARTESIAN_POINT('',(5.679491422079,189.60789586022));
#6296 = CARTESIAN_POINT('',(5.715039448145,189.97776886493));
#6297 = CARTESIAN_POINT('',(5.75115693041,190.3392082216));
#6298 = CARTESIAN_POINT('',(5.787875829676,190.69125059289));
#6299 = CARTESIAN_POINT('',(5.825229337698,191.03281792177));
#6300 = CARTESIAN_POINT('',(5.911698224828,191.78301845856));
#6301 = CARTESIAN_POINT('',(5.96122255634,192.18430064198));
#6302 = CARTESIAN_POINT('',(6.011903504197,192.56412421122));
#6303 = CARTESIAN_POINT('',(6.063785401354,192.91938878266));
#6304 = CARTESIAN_POINT('',(6.116885345475,193.24649038413));
#6305 = CARTESIAN_POINT('',(6.171191298593,193.54150320852));
#6306 = CARTESIAN_POINT('',(6.226660500784,193.80032023751));
#6307 = CARTESIAN_POINT('',(6.28318530718,194.01905321658));
#6308 = ( GEOMETRIC_REPRESENTATION_CONTEXT(2) 
PARAMETRIC_REPRESENTATION_CONTEXT() REPRESENTATION_CONTEXT('2D SPACE',''
  ) );
#6309 = PCURVE('',#3867,#6310);
#6310 = DEFINITIONAL_REPRESENTATION('',(#6311),#6482);
#6311 = B_SPLINE_CURVE_WITH_KNOTS('',8,(#6312,#6313,#6314,#6315,#6316,
    #6317,#6318,#6319,#6320,#6321,#6322,#6323,#6324,#6325,#6326,#6327,
    #6328,#6329,#6330,#6331,#6332,#6333,#6334,#6335,#6336,#6337,#6338,
    #6339,#6340,#6341,#6342,#6343,#6344,#6345,#6346,#6347,#6348,#6349,
    #6350,#6351,#6352,#6353,#6354,#6355,#6356,#6357,#6358,#6359,#6360,
    #6361,#6362,#6363,#6364,#6365,#6366,#6367,#6368,#6369,#6370,#6371,
    #6372,#6373,#6374,#6375,#6376,#6377,#6378,#6379,#6380,#6381,#6382,
    #6383,#6384,#6385,#6386,#6387,#6388,#6389,#6390,#6391,#6392,#6393,
    #6394,#6395,#6396,#6397,#6398,#6399,#6400,#6401,#6402,#6403,#6404,
    #6405,#6406,#6407,#6408,#6409,#6410,#6411,#6412,#6413,#6414,#6415,
    #6416,#6417,#6418,#6419,#6420,#6421,#6422,#6423,#6424,#6425,#6426,
    #6427,#6428,#6429,#6430,#6431,#6432,#6433,#6434,#6435,#6436,#6437,
    #6438,#6439,#6440,#6441,#6442,#6443,#6444,#6445,#6446,#6447,#6448,
    #6449,#6450,#6451,#6452,#6453,#6454,#6455,#6456,#6457,#6458,#6459,
    #6460,#6461,#6462,#6463,#6464,#6465,#6466,#6467,#6468,#6469,#6470,
    #6471,#6472,#6473,#6474,#6475,#6476,#6477,#6478,#6479,#6480,#6481),
  .UNSPECIFIED.,.F.,.F.,(9,7,7,7,7,7,7,7,7,7,7,7,7,7,7,7,7,7,7,7,7,7,7,7
    ,9),(0.,3.844582871717E-02,8.781257975176E-02,0.120874223556,
    0.167799803992,0.20755965422,0.239765491676,0.323595652509,
    0.40715840009,0.432210879312,0.459814577937,0.489511742455,
    0.50949866493,0.538443092185,0.567769596042,0.587756793786,
    0.617454367308,0.645058446105,0.670111270362,0.753675168812,
    0.829955203885,0.85970936149,0.89762158505,0.942642251534,1.),
  .UNSPECIFIED.);
#6312 = CARTESIAN_POINT('',(4.967518265752,-9.980946783417));
#6313 = CARTESIAN_POINT('',(4.974517328055,-9.834335500996));
#6314 = CARTESIAN_POINT('',(4.981653606323,-9.705737572393));
#6315 = CARTESIAN_POINT('',(4.988910071737,-9.59642553102));
#6316 = CARTESIAN_POINT('',(4.996267842304,-9.507512548282));
#6317 = CARTESIAN_POINT('',(5.003705905336,-9.439920282291));
#6318 = CARTESIAN_POINT('',(5.011200702706,-9.394339499817));
#6319 = CARTESIAN_POINT('',(5.018725458118,-9.371164936127));
#6320 = CARTESIAN_POINT('',(5.035909966196,-9.369385473493));
#6321 = CARTESIAN_POINT('',(5.04557699737,-9.405310401855));
#6322 = CARTESIAN_POINT('',(5.055181292539,-9.478243047617));
#6323 = CARTESIAN_POINT('',(5.064668135027,-9.587097308695));
#6324 = CARTESIAN_POINT('',(5.073992190459,-9.730076124774));
#6325 = CARTESIAN_POINT('',(5.083115046904,-9.904895593336));
#6326 = CARTESIAN_POINT('',(5.092004109548,-10.10889671259));
#6327 = CARTESIAN_POINT('',(5.106409953147,-10.49338043458));
#6328 = CARTESIAN_POINT('',(5.112074312564,-10.65946896901));
#6329 = CARTESIAN_POINT('',(5.117619537457,-10.83666350049));
#6330 = CARTESIAN_POINT('',(5.123041792158,-11.0242013079));
#6331 = CARTESIAN_POINT('',(5.128338517381,-11.22134322697));
#6332 = CARTESIAN_POINT('',(5.133508231422,-11.42738941932));
#6333 = CARTESIAN_POINT('',(5.138550397911,-11.64169254667));
#6334 = CARTESIAN_POINT('',(5.15044134286,-12.17872659371));
#6335 = CARTESIAN_POINT('',(5.15715967869,-12.50917886756));
#6336 = CARTESIAN_POINT('',(5.163622645495,-12.8533967593));
#6337 = CARTESIAN_POINT('',(5.169833001047,-13.20990117489));
#6338 = CARTESIAN_POINT('',(5.175794121762,-13.57736760118));
#6339 = CARTESIAN_POINT('',(5.181510037281,-13.95463565967));
#6340 = CARTESIAN_POINT('',(5.186985360907,-14.3407229511));
#6341 = CARTESIAN_POINT('',(5.196664738634,-15.06877964094));
#6342 = CARTESIAN_POINT('',(5.200934606957,-15.40843494998));
#6343 = CARTESIAN_POINT('',(5.205037514872,-15.75330196023));
#6344 = CARTESIAN_POINT('',(5.208975829444,-16.10291789525));
#6345 = CARTESIAN_POINT('',(5.212751613192,-16.45686344297));
#6346 = CARTESIAN_POINT('',(5.216366697177,-16.81476277653));
#6347 = CARTESIAN_POINT('',(5.219822704744,-17.17628451331));
#6348 = CARTESIAN_POINT('',(5.225792695892,-17.83668277502));
#6349 = CARTESIAN_POINT('',(5.228360810955,-18.13440110719));
#6350 = CARTESIAN_POINT('',(5.23082607386,-18.43414129448));
#6351 = CARTESIAN_POINT('',(5.2331890109,-18.73575567956));
#6352 = CARTESIAN_POINT('',(5.23544999488,-19.03910620011));
#6353 = CARTESIAN_POINT('',(5.237609259002,-19.3440644194));
#6354 = CARTESIAN_POINT('',(5.239666901703,-19.65051164975));
#6355 = CARTESIAN_POINT('',(5.246714201078,-20.75959858219));
#6356 = CARTESIAN_POINT('',(5.251115661022,-21.57004239558));
#6357 = CARTESIAN_POINT('',(5.254828138645,-22.387916791));
#6358 = CARTESIAN_POINT('',(5.257842982225,-23.21156598816));
#6359 = CARTESIAN_POINT('',(5.26014460226,-24.03943056329));
#6360 = CARTESIAN_POINT('',(5.261710145242,-24.87004812565));
#6361 = CARTESIAN_POINT('',(5.262508754153,-25.70205452225));
#6362 = CARTESIAN_POINT('',(5.262486496677,-27.36365846792));
#6363 = CARTESIAN_POINT('',(5.261670788967,-28.19283194423));
#6364 = CARTESIAN_POINT('',(5.260009542611,-29.0206017968));
#6365 = CARTESIAN_POINT('',(5.257449187754,-29.84550232707));
#6366 = CARTESIAN_POINT('',(5.253924118652,-30.66570380327));
#6367 = CARTESIAN_POINT('',(5.249353060798,-31.47895415397));
#6368 = CARTESIAN_POINT('',(5.24363740144,-32.28254307387));
#6369 = CARTESIAN_POINT('',(5.234544593827,-33.3100603638));
#6370 = CARTESIAN_POINT('',(5.232332473269,-33.54586264496));
#6371 = CARTESIAN_POINT('',(5.230001985874,-33.78036711791));
#6372 = CARTESIAN_POINT('',(5.227549385338,-34.01346154434));
#6373 = CARTESIAN_POINT('',(5.224970703002,-34.24502071022));
#6374 = CARTESIAN_POINT('',(5.222261725065,-34.47490574669));
#6375 = CARTESIAN_POINT('',(5.219417957,-34.70296316753));
#6376 = CARTESIAN_POINT('',(5.213147380612,-35.17810494772));
#6377 = CARTESIAN_POINT('',(5.209690847241,-35.42474980638));
#6378 = CARTESIAN_POINT('',(5.206058453391,-35.66873969266));
#6379 = CARTESIAN_POINT('',(5.202243360752,-35.90981636066));
#6380 = CARTESIAN_POINT('',(5.198238432921,-36.1476810464));
#6381 = CARTESIAN_POINT('',(5.194036220519,-36.38199252026));
#6382 = CARTESIAN_POINT('',(5.189628912863,-36.61236397073));
#6383 = CARTESIAN_POINT('',(5.180037168681,-37.08149292158));
#6384 = CARTESIAN_POINT('',(5.174819953008,-37.31952176718));
#6385 = CARTESIAN_POINT('',(5.169345958887,-37.55192904283));
#6386 = CARTESIAN_POINT('',(5.16360492423,-37.77807429095));
#6387 = CARTESIAN_POINT('',(5.157587282607,-37.9971945493));
#6388 = CARTESIAN_POINT('',(5.15128452075,-38.20840625084));
#6389 = CARTESIAN_POINT('',(5.144689586102,-38.41070728401));
#6390 = CARTESIAN_POINT('',(5.133158696154,-38.73238295333));
#6391 = CARTESIAN_POINT('',(5.128385945129,-38.85722814319));
#6392 = CARTESIAN_POINT('',(5.123477841011,-38.97716839747));
#6393 = CARTESIAN_POINT('',(5.118434110958,-39.09182067194));
#6394 = CARTESIAN_POINT('',(5.113255643896,-39.20077014931));
#6395 = CARTESIAN_POINT('',(5.107944705811,-39.30357777774));
#6396 = CARTESIAN_POINT('',(5.102505186072,-39.39979046249));
#6397 = CARTESIAN_POINT('',(5.088887711919,-39.61807758868));
#6398 = CARTESIAN_POINT('',(5.080570952838,-39.73248315351));
#6399 = CARTESIAN_POINT('',(5.072015502677,-39.83067265547));
#6400 = CARTESIAN_POINT('',(5.063251966087,-39.91122736641));
#6401 = CARTESIAN_POINT('',(5.054319394552,-39.97289453138));
#6402 = CARTESIAN_POINT('',(5.045265695109,-40.01469703151));
#6403 = CARTESIAN_POINT('',(5.036147572832,-40.03606795835));
#6404 = CARTESIAN_POINT('',(5.017791829399,-40.03796870535));
#6405 = CARTESIAN_POINT('',(5.008548388795,-40.01795629066));
#6406 = CARTESIAN_POINT('',(4.999367274335,-39.97693314148));
#6407 = CARTESIAN_POINT('',(4.990307797872,-39.91546518081));
#6408 = CARTESIAN_POINT('',(4.981420124236,-39.83455547215));
#6409 = CARTESIAN_POINT('',(4.972745168099,-39.73550176136));
#6410 = CARTESIAN_POINT('',(4.964314998143,-39.61978026476));
#6411 = CARTESIAN_POINT('',(4.950591305416,-39.39979046249));
#6412 = CARTESIAN_POINT('',(4.945151785676,-39.30357777774));
#6413 = CARTESIAN_POINT('',(4.939840847591,-39.20077014931));
#6414 = CARTESIAN_POINT('',(4.934662380529,-39.09182067194));
#6415 = CARTESIAN_POINT('',(4.929618650477,-38.97716839747));
#6416 = CARTESIAN_POINT('',(4.924710546358,-38.85722814319));
#6417 = CARTESIAN_POINT('',(4.919937795333,-38.73238295333));
#6418 = CARTESIAN_POINT('',(4.908406905385,-38.41070728401));
#6419 = CARTESIAN_POINT('',(4.901811970737,-38.20840625084));
#6420 = CARTESIAN_POINT('',(4.89550920888,-37.9971945493));
#6421 = CARTESIAN_POINT('',(4.889491567257,-37.77807429095));
#6422 = CARTESIAN_POINT('',(4.8837505326,-37.55192904283));
#6423 = CARTESIAN_POINT('',(4.878276538479,-37.31952176718));
#6424 = CARTESIAN_POINT('',(4.873059322807,-37.08149292158));
#6425 = CARTESIAN_POINT('',(4.863467578625,-36.61236397073));
#6426 = CARTESIAN_POINT('',(4.859060270968,-36.38199252026));
#6427 = CARTESIAN_POINT('',(4.854858058566,-36.1476810464));
#6428 = CARTESIAN_POINT('',(4.850853130735,-35.90981636065));
#6429 = CARTESIAN_POINT('',(4.847038038096,-35.66873969266));
#6430 = CARTESIAN_POINT('',(4.843405644246,-35.42474980638));
#6431 = CARTESIAN_POINT('',(4.839949110875,-35.17810494772));
#6432 = CARTESIAN_POINT('',(4.833678534488,-34.70296316753));
#6433 = CARTESIAN_POINT('',(4.830834766422,-34.47490574668));
#6434 = CARTESIAN_POINT('',(4.828125788485,-34.24502071022));
#6435 = CARTESIAN_POINT('',(4.825547106149,-34.01346154434));
#6436 = CARTESIAN_POINT('',(4.823094505613,-33.78036711791));
#6437 = CARTESIAN_POINT('',(4.820764018218,-33.54586264496));
#6438 = CARTESIAN_POINT('',(4.81855189766,-33.3100603638));
#6439 = CARTESIAN_POINT('',(4.809459090047,-32.28254307388));
#6440 = CARTESIAN_POINT('',(4.803743430689,-31.47895415395));
#6441 = CARTESIAN_POINT('',(4.799172372836,-30.66570380332));
#6442 = CARTESIAN_POINT('',(4.795647303734,-29.84550232701));
#6443 = CARTESIAN_POINT('',(4.793086948876,-29.02060179684));
#6444 = CARTESIAN_POINT('',(4.79142570252,-28.19283194421));
#6445 = CARTESIAN_POINT('',(4.79060999481,-27.36365846793));
#6446 = CARTESIAN_POINT('',(4.79058874138,-25.7770102923));
#6447 = CARTESIAN_POINT('',(4.791249039999,-25.01990782672));
#6448 = CARTESIAN_POINT('',(4.792547635385,-24.2638588928));
#6449 = CARTESIAN_POINT('',(4.794460353286,-23.50989972863));
#6450 = CARTESIAN_POINT('',(4.796968883153,-22.75912184922));
#6451 = CARTESIAN_POINT('',(4.800059867593,-22.01267164363));
#6452 = CARTESIAN_POINT('',(4.803725043135,-21.27174963481));
#6453 = CARTESIAN_POINT('',(4.809615087808,-20.25124946145));
#6454 = CARTESIAN_POINT('',(4.811354838957,-19.96593534462));
#6455 = CARTESIAN_POINT('',(4.813181367902,-19.68174926043));
#6456 = CARTESIAN_POINT('',(4.815094600105,-19.39877774814));
#6457 = CARTESIAN_POINT('',(4.817094564631,-19.11711331163));
#6458 = CARTESIAN_POINT('',(4.819181398959,-18.83685437603));
#6459 = CARTESIAN_POINT('',(4.821355353797,-18.55810524443));
#6460 = CARTESIAN_POINT('',(4.826498290151,-17.92786292188));
#6461 = CARTESIAN_POINT('',(4.829521742033,-17.57739027507));
#6462 = CARTESIAN_POINT('',(4.832687964708,-17.22977877376));
#6463 = CARTESIAN_POINT('',(4.835997993738,-16.88528022015));
#6464 = CARTESIAN_POINT('',(4.83945307402,-16.54417650968));
#6465 = CARTESIAN_POINT('',(4.843054677591,-16.20677910875));
#6466 = CARTESIAN_POINT('',(4.846804554299,-15.87342905969));
#6467 = CARTESIAN_POINT('',(4.855336365155,-15.15389215959));
#6468 = CARTESIAN_POINT('',(4.86017941901,-14.769565064));
#6469 = CARTESIAN_POINT('',(4.865237784327,-14.39210413977));
#6470 = CARTESIAN_POINT('',(4.870515262693,-14.02223113506));
#6471 = CARTESIAN_POINT('',(4.876015538858,-13.66079177839));
#6472 = CARTESIAN_POINT('',(4.881742182567,-13.3087494071));
#6473 = CARTESIAN_POINT('',(4.887698763208,-12.96718207822));
#6474 = CARTESIAN_POINT('',(4.901775732587,-12.21698154143));
#6475 = CARTESIAN_POINT('',(4.910040279631,-11.81569935802));
#6476 = CARTESIAN_POINT('',(4.918690670324,-11.43587578876));
#6477 = CARTESIAN_POINT('',(4.927728864684,-11.08061121736));
#6478 = CARTESIAN_POINT('',(4.937149836711,-10.75350961585));
#6479 = CARTESIAN_POINT('',(4.946940056561,-10.45849679147));
#6480 = CARTESIAN_POINT('',(4.957076192517,-10.19967976248));
#6481 = CARTESIAN_POINT('',(4.967518265752,-9.980946783417));
#6482 = ( GEOMETRIC_REPRESENTATION_CONTEXT(2) 
PARAMETRIC_REPRESENTATION_CONTEXT() REPRESENTATION_CONTEXT('2D SPACE',''
  ) );
#6483 = ORIENTED_EDGE('',*,*,#6484,.F.);
#6484 = EDGE_CURVE('',#3015,#5961,#6485,.T.);
#6485 = SEAM_CURVE('',#6486,(#6490,#6497),.PCURVE_S1.);
#6486 = LINE('',#6487,#6488);
#6487 = CARTESIAN_POINT('',(47.588617133742,-120.,182.46270350945));
#6488 = VECTOR('',#6489,1.);
#6489 = DIRECTION('',(0.,1.,0.));
#6490 = PCURVE('',#3364,#6491);
#6491 = DEFINITIONAL_REPRESENTATION('',(#6492),#6496);
#6492 = LINE('',#6493,#6494);
#6493 = CARTESIAN_POINT('',(6.28318530718,-0.));
#6494 = VECTOR('',#6495,1.);
#6495 = DIRECTION('',(0.,1.));
#6496 = ( GEOMETRIC_REPRESENTATION_CONTEXT(2) 
PARAMETRIC_REPRESENTATION_CONTEXT() REPRESENTATION_CONTEXT('2D SPACE',''
  ) );
#6497 = PCURVE('',#3364,#6498);
#6498 = DEFINITIONAL_REPRESENTATION('',(#6499),#6503);
#6499 = LINE('',#6500,#6501);
#6500 = CARTESIAN_POINT('',(0.,-0.));
#6501 = VECTOR('',#6502,1.);
#6502 = DIRECTION('',(0.,1.));
#6503 = ( GEOMETRIC_REPRESENTATION_CONTEXT(2) 
PARAMETRIC_REPRESENTATION_CONTEXT() REPRESENTATION_CONTEXT('2D SPACE',''
  ) );
#6504 = ORIENTED_EDGE('',*,*,#3014,.T.);
#6505 = ORIENTED_EDGE('',*,*,#6484,.T.);
#6506 = ADVANCED_FACE('',(#6507),#3586,.T.);
#6507 = FACE_BOUND('',#6508,.T.);
#6508 = EDGE_LOOP('',(#6509,#6510,#6533,#6560));
#6509 = ORIENTED_EDGE('',*,*,#3571,.T.);
#6510 = ORIENTED_EDGE('',*,*,#6511,.T.);
#6511 = EDGE_CURVE('',#3547,#6512,#6514,.T.);
#6512 = VERTEX_POINT('',#6513);
#6513 = CARTESIAN_POINT('',(225.,76.,0.));
#6514 = SEAM_CURVE('',#6515,(#6519,#6526),.PCURVE_S1.);
#6515 = LINE('',#6516,#6517);
#6516 = CARTESIAN_POINT('',(112.,18.,0.));
#6517 = VECTOR('',#6518,1.);
#6518 = DIRECTION('',(0.889653469116,0.456636293882,0.));
#6519 = PCURVE('',#3586,#6520);
#6520 = DEFINITIONAL_REPRESENTATION('',(#6521),#6525);
#6521 = LINE('',#6522,#6523);
#6522 = CARTESIAN_POINT('',(0.,0.));
#6523 = VECTOR('',#6524,1.);
#6524 = DIRECTION('',(0.,1.));
#6525 = ( GEOMETRIC_REPRESENTATION_CONTEXT(2) 
PARAMETRIC_REPRESENTATION_CONTEXT() REPRESENTATION_CONTEXT('2D SPACE',''
  ) );
#6526 = PCURVE('',#3586,#6527);
#6527 = DEFINITIONAL_REPRESENTATION('',(#6528),#6532);
#6528 = LINE('',#6529,#6530);
#6529 = CARTESIAN_POINT('',(6.28318530718,0.));
#6530 = VECTOR('',#6531,1.);
#6531 = DIRECTION('',(0.,1.));
#6532 = ( GEOMETRIC_REPRESENTATION_CONTEXT(2) 
PARAMETRIC_REPRESENTATION_CONTEXT() REPRESENTATION_CONTEXT('2D SPACE',''
  ) );
#6533 = ORIENTED_EDGE('',*,*,#6534,.F.);
#6534 = EDGE_CURVE('',#6512,#6512,#6535,.T.);
#6535 = SURFACE_CURVE('',#6536,(#6541,#6548),.PCURVE_S1.);
#6536 = CIRCLE('',#6537,225.);
#6537 = AXIS2_PLACEMENT_3D('',#6538,#6539,#6540);
#6538 = CARTESIAN_POINT('',(0.,76.,0.));
#6539 = DIRECTION('',(-0.,1.,0.));
#6540 = DIRECTION('',(1.,0.,0.));
#6541 = PCURVE('',#3586,#6542);
#6542 = DEFINITIONAL_REPRESENTATION('',(#6543),#6547);
#6543 = LINE('',#6544,#6545);
#6544 = CARTESIAN_POINT('',(0.,58.));
#6545 = VECTOR('',#6546,1.);
#6546 = DIRECTION('',(1.,0.));
#6547 = ( GEOMETRIC_REPRESENTATION_CONTEXT(2) 
PARAMETRIC_REPRESENTATION_CONTEXT() REPRESENTATION_CONTEXT('2D SPACE',''
  ) );
#6548 = PCURVE('',#6549,#6554);
#6549 = CYLINDRICAL_SURFACE('',#6550,225.);
#6550 = AXIS2_PLACEMENT_3D('',#6551,#6552,#6553);
#6551 = CARTESIAN_POINT('',(0.,76.,0.));
#6552 = DIRECTION('',(0.,1.,0.));
#6553 = DIRECTION('',(1.,0.,0.));
#6554 = DEFINITIONAL_REPRESENTATION('',(#6555),#6559);
#6555 = LINE('',#6556,#6557);
#6556 = CARTESIAN_POINT('',(0.,0.));
#6557 = VECTOR('',#6558,1.);
#6558 = DIRECTION('',(1.,0.));
#6559 = ( GEOMETRIC_REPRESENTATION_CONTEXT(2) 
PARAMETRIC_REPRESENTATION_CONTEXT() REPRESENTATION_CONTEXT('2D SPACE',''
  ) );
#6560 = ORIENTED_EDGE('',*,*,#6511,.F.);
#6561 = ADVANCED_FACE('',(#6562),#3621,.F.);
#6562 = FACE_BOUND('',#6563,.F.);
#6563 = EDGE_LOOP('',(#6564,#6593,#6614,#6615));
#6564 = ORIENTED_EDGE('',*,*,#6565,.F.);
#6565 = EDGE_CURVE('',#6566,#6566,#6568,.T.);
#6566 = VERTEX_POINT('',#6567);
#6567 = CARTESIAN_POINT('',(66.784352885652,38.,57.521672576744));
#6568 = SURFACE_CURVE('',#6569,(#6574,#6581),.PCURVE_S1.);
#6569 = CIRCLE('',#6570,9.);
#6570 = AXIS2_PLACEMENT_3D('',#6571,#6572,#6573);
#6571 = CARTESIAN_POINT('',(66.784352885652,38.,48.521672576744));
#6572 = DIRECTION('',(0.,1.,0.));
#6573 = DIRECTION('',(0.,-0.,1.));
#6574 = PCURVE('',#3621,#6575);
#6575 = DEFINITIONAL_REPRESENTATION('',(#6576),#6580);
#6576 = LINE('',#6577,#6578);
#6577 = CARTESIAN_POINT('',(0.,158.));
#6578 = VECTOR('',#6579,1.);
#6579 = DIRECTION('',(1.,0.));
#6580 = ( GEOMETRIC_REPRESENTATION_CONTEXT(2) 
PARAMETRIC_REPRESENTATION_CONTEXT() REPRESENTATION_CONTEXT('2D SPACE',''
  ) );
#6581 = PCURVE('',#6582,#6587);
#6582 = PLANE('',#6583);
#6583 = AXIS2_PLACEMENT_3D('',#6584,#6585,#6586);
#6584 = CARTESIAN_POINT('',(0.,38.,0.));
#6585 = DIRECTION('',(0.,1.,0.));
#6586 = DIRECTION('',(0.,-0.,1.));
#6587 = DEFINITIONAL_REPRESENTATION('',(#6588),#6592);
#6588 = CIRCLE('',#6589,9.);
#6589 = AXIS2_PLACEMENT_2D('',#6590,#6591);
#6590 = CARTESIAN_POINT('',(48.521672576744,66.784352885652));
#6591 = DIRECTION('',(1.,0.));
#6592 = ( GEOMETRIC_REPRESENTATION_CONTEXT(2) 
PARAMETRIC_REPRESENTATION_CONTEXT() REPRESENTATION_CONTEXT('2D SPACE',''
  ) );
#6593 = ORIENTED_EDGE('',*,*,#6594,.F.);
#6594 = EDGE_CURVE('',#3605,#6566,#6595,.T.);
#6595 = SEAM_CURVE('',#6596,(#6600,#6607),.PCURVE_S1.);
#6596 = LINE('',#6597,#6598);
#6597 = CARTESIAN_POINT('',(66.784352885652,-120.,57.521672576744));
#6598 = VECTOR('',#6599,1.);
#6599 = DIRECTION('',(0.,1.,0.));
#6600 = PCURVE('',#3621,#6601);
#6601 = DEFINITIONAL_REPRESENTATION('',(#6602),#6606);
#6602 = LINE('',#6603,#6604);
#6603 = CARTESIAN_POINT('',(6.28318530718,-0.));
#6604 = VECTOR('',#6605,1.);
#6605 = DIRECTION('',(0.,1.));
#6606 = ( GEOMETRIC_REPRESENTATION_CONTEXT(2) 
PARAMETRIC_REPRESENTATION_CONTEXT() REPRESENTATION_CONTEXT('2D SPACE',''
  ) );
#6607 = PCURVE('',#3621,#6608);
#6608 = DEFINITIONAL_REPRESENTATION('',(#6609),#6613);
#6609 = LINE('',#6610,#6611);
#6610 = CARTESIAN_POINT('',(0.,-0.));
#6611 = VECTOR('',#6612,1.);
#6612 = DIRECTION('',(0.,1.));
#6613 = ( GEOMETRIC_REPRESENTATION_CONTEXT(2) 
PARAMETRIC_REPRESENTATION_CONTEXT() REPRESENTATION_CONTEXT('2D SPACE',''
  ) );
#6614 = ORIENTED_EDGE('',*,*,#3604,.T.);
#6615 = ORIENTED_EDGE('',*,*,#6594,.T.);
#6616 = ADVANCED_FACE('',(#6617),#3652,.F.);
#6617 = FACE_BOUND('',#6618,.F.);
#6618 = EDGE_LOOP('',(#6619,#6643,#6664,#6665));
#6619 = ORIENTED_EDGE('',*,*,#6620,.F.);
#6620 = EDGE_CURVE('',#6621,#6621,#6623,.T.);
#6621 = VERTEX_POINT('',#6622);
#6622 = CARTESIAN_POINT('',(-25.50935288565,38.,87.509715420165));
#6623 = SURFACE_CURVE('',#6624,(#6629,#6636),.PCURVE_S1.);
#6624 = CIRCLE('',#6625,9.);
#6625 = AXIS2_PLACEMENT_3D('',#6626,#6627,#6628);
#6626 = CARTESIAN_POINT('',(-25.50935288565,38.,78.509715420165));
#6627 = DIRECTION('',(0.,1.,0.));
#6628 = DIRECTION('',(0.,-0.,1.));
#6629 = PCURVE('',#3652,#6630);
#6630 = DEFINITIONAL_REPRESENTATION('',(#6631),#6635);
#6631 = LINE('',#6632,#6633);
#6632 = CARTESIAN_POINT('',(0.,158.));
#6633 = VECTOR('',#6634,1.);
#6634 = DIRECTION('',(1.,0.));
#6635 = ( GEOMETRIC_REPRESENTATION_CONTEXT(2) 
PARAMETRIC_REPRESENTATION_CONTEXT() REPRESENTATION_CONTEXT('2D SPACE',''
  ) );
#6636 = PCURVE('',#6582,#6637);
#6637 = DEFINITIONAL_REPRESENTATION('',(#6638),#6642);
#6638 = CIRCLE('',#6639,9.);
#6639 = AXIS2_PLACEMENT_2D('',#6640,#6641);
#6640 = CARTESIAN_POINT('',(78.509715420165,-25.50935288565));
#6641 = DIRECTION('',(1.,0.));
#6642 = ( GEOMETRIC_REPRESENTATION_CONTEXT(2) 
PARAMETRIC_REPRESENTATION_CONTEXT() REPRESENTATION_CONTEXT('2D SPACE',''
  ) );
#6643 = ORIENTED_EDGE('',*,*,#6644,.F.);
#6644 = EDGE_CURVE('',#3636,#6621,#6645,.T.);
#6645 = SEAM_CURVE('',#6646,(#6650,#6657),.PCURVE_S1.);
#6646 = LINE('',#6647,#6648);
#6647 = CARTESIAN_POINT('',(-25.50935288565,-120.,87.509715420165));
#6648 = VECTOR('',#6649,1.);
#6649 = DIRECTION('',(0.,1.,0.));
#6650 = PCURVE('',#3652,#6651);
#6651 = DEFINITIONAL_REPRESENTATION('',(#6652),#6656);
#6652 = LINE('',#6653,#6654);
#6653 = CARTESIAN_POINT('',(6.28318530718,-0.));
#6654 = VECTOR('',#6655,1.);
#6655 = DIRECTION('',(0.,1.));
#6656 = ( GEOMETRIC_REPRESENTATION_CONTEXT(2) 
PARAMETRIC_REPRESENTATION_CONTEXT() REPRESENTATION_CONTEXT('2D SPACE',''
  ) );
#6657 = PCURVE('',#3652,#6658);
#6658 = DEFINITIONAL_REPRESENTATION('',(#6659),#6663);
#6659 = LINE('',#6660,#6661);
#6660 = CARTESIAN_POINT('',(0.,-0.));
#6661 = VECTOR('',#6662,1.);
#6662 = DIRECTION('',(0.,1.));
#6663 = ( GEOMETRIC_REPRESENTATION_CONTEXT(2) 
PARAMETRIC_REPRESENTATION_CONTEXT() REPRESENTATION_CONTEXT('2D SPACE',''
  ) );
#6664 = ORIENTED_EDGE('',*,*,#3635,.T.);
#6665 = ORIENTED_EDGE('',*,*,#6644,.T.);
#6666 = ADVANCED_FACE('',(#6667),#3683,.F.);
#6667 = FACE_BOUND('',#6668,.F.);
#6668 = EDGE_LOOP('',(#6669,#6693,#6714,#6715));
#6669 = ORIENTED_EDGE('',*,*,#6670,.F.);
#6670 = EDGE_CURVE('',#6671,#6671,#6673,.T.);
#6671 = VERTEX_POINT('',#6672);
#6672 = CARTESIAN_POINT('',(-1.397321997827E-14,38.,57.05));
#6673 = SURFACE_CURVE('',#6674,(#6679,#6686),.PCURVE_S1.);
#6674 = CIRCLE('',#6675,57.05);
#6675 = AXIS2_PLACEMENT_3D('',#6676,#6677,#6678);
#6676 = CARTESIAN_POINT('',(0.,38.,0.));
#6677 = DIRECTION('',(0.,1.,0.));
#6678 = DIRECTION('',(0.,-0.,1.));
#6679 = PCURVE('',#3683,#6680);
#6680 = DEFINITIONAL_REPRESENTATION('',(#6681),#6685);
#6681 = LINE('',#6682,#6683);
#6682 = CARTESIAN_POINT('',(0.,21.));
#6683 = VECTOR('',#6684,1.);
#6684 = DIRECTION('',(1.,0.));
#6685 = ( GEOMETRIC_REPRESENTATION_CONTEXT(2) 
PARAMETRIC_REPRESENTATION_CONTEXT() REPRESENTATION_CONTEXT('2D SPACE',''
  ) );
#6686 = PCURVE('',#6582,#6687);
#6687 = DEFINITIONAL_REPRESENTATION('',(#6688),#6692);
#6688 = CIRCLE('',#6689,57.05);
#6689 = AXIS2_PLACEMENT_2D('',#6690,#6691);
#6690 = CARTESIAN_POINT('',(0.,0.));
#6691 = DIRECTION('',(1.,0.));
#6692 = ( GEOMETRIC_REPRESENTATION_CONTEXT(2) 
PARAMETRIC_REPRESENTATION_CONTEXT() REPRESENTATION_CONTEXT('2D SPACE',''
  ) );
#6693 = ORIENTED_EDGE('',*,*,#6694,.F.);
#6694 = EDGE_CURVE('',#3667,#6671,#6695,.T.);
#6695 = SEAM_CURVE('',#6696,(#6700,#6707),.PCURVE_S1.);
#6696 = LINE('',#6697,#6698);
#6697 = CARTESIAN_POINT('',(-1.397321997827E-14,17.,57.05));
#6698 = VECTOR('',#6699,1.);
#6699 = DIRECTION('',(0.,1.,0.));
#6700 = PCURVE('',#3683,#6701);
#6701 = DEFINITIONAL_REPRESENTATION('',(#6702),#6706);
#6702 = LINE('',#6703,#6704);
#6703 = CARTESIAN_POINT('',(6.28318530718,-0.));
#6704 = VECTOR('',#6705,1.);
#6705 = DIRECTION('',(0.,1.));
#6706 = ( GEOMETRIC_REPRESENTATION_CONTEXT(2) 
PARAMETRIC_REPRESENTATION_CONTEXT() REPRESENTATION_CONTEXT('2D SPACE',''
  ) );
#6707 = PCURVE('',#3683,#6708);
#6708 = DEFINITIONAL_REPRESENTATION('',(#6709),#6713);
#6709 = LINE('',#6710,#6711);
#6710 = CARTESIAN_POINT('',(0.,-0.));
#6711 = VECTOR('',#6712,1.);
#6712 = DIRECTION('',(0.,1.));
#6713 = ( GEOMETRIC_REPRESENTATION_CONTEXT(2) 
PARAMETRIC_REPRESENTATION_CONTEXT() REPRESENTATION_CONTEXT('2D SPACE',''
  ) );
#6714 = ORIENTED_EDGE('',*,*,#3666,.T.);
#6715 = ORIENTED_EDGE('',*,*,#6694,.T.);
#6716 = ADVANCED_FACE('',(#6717),#3714,.F.);
#6717 = FACE_BOUND('',#6718,.F.);
#6718 = EDGE_LOOP('',(#6719,#6743,#6764,#6765));
#6719 = ORIENTED_EDGE('',*,*,#6720,.F.);
#6720 = EDGE_CURVE('',#6721,#6721,#6723,.T.);
#6721 = VERTEX_POINT('',#6722);
#6722 = CARTESIAN_POINT('',(66.784352885652,38.,-39.52167257674));
#6723 = SURFACE_CURVE('',#6724,(#6729,#6736),.PCURVE_S1.);
#6724 = CIRCLE('',#6725,9.);
#6725 = AXIS2_PLACEMENT_3D('',#6726,#6727,#6728);
#6726 = CARTESIAN_POINT('',(66.784352885652,38.,-48.52167257674));
#6727 = DIRECTION('',(0.,1.,0.));
#6728 = DIRECTION('',(0.,-0.,1.));
#6729 = PCURVE('',#3714,#6730);
#6730 = DEFINITIONAL_REPRESENTATION('',(#6731),#6735);
#6731 = LINE('',#6732,#6733);
#6732 = CARTESIAN_POINT('',(0.,158.));
#6733 = VECTOR('',#6734,1.);
#6734 = DIRECTION('',(1.,0.));
#6735 = ( GEOMETRIC_REPRESENTATION_CONTEXT(2) 
PARAMETRIC_REPRESENTATION_CONTEXT() REPRESENTATION_CONTEXT('2D SPACE',''
  ) );
#6736 = PCURVE('',#6582,#6737);
#6737 = DEFINITIONAL_REPRESENTATION('',(#6738),#6742);
#6738 = CIRCLE('',#6739,9.);
#6739 = AXIS2_PLACEMENT_2D('',#6740,#6741);
#6740 = CARTESIAN_POINT('',(-48.52167257674,66.784352885652));
#6741 = DIRECTION('',(1.,0.));
#6742 = ( GEOMETRIC_REPRESENTATION_CONTEXT(2) 
PARAMETRIC_REPRESENTATION_CONTEXT() REPRESENTATION_CONTEXT('2D SPACE',''
  ) );
#6743 = ORIENTED_EDGE('',*,*,#6744,.F.);
#6744 = EDGE_CURVE('',#3698,#6721,#6745,.T.);
#6745 = SEAM_CURVE('',#6746,(#6750,#6757),.PCURVE_S1.);
#6746 = LINE('',#6747,#6748);
#6747 = CARTESIAN_POINT('',(66.784352885652,-120.,-39.52167257674));
#6748 = VECTOR('',#6749,1.);
#6749 = DIRECTION('',(0.,1.,0.));
#6750 = PCURVE('',#3714,#6751);
#6751 = DEFINITIONAL_REPRESENTATION('',(#6752),#6756);
#6752 = LINE('',#6753,#6754);
#6753 = CARTESIAN_POINT('',(6.28318530718,-0.));
#6754 = VECTOR('',#6755,1.);
#6755 = DIRECTION('',(0.,1.));
#6756 = ( GEOMETRIC_REPRESENTATION_CONTEXT(2) 
PARAMETRIC_REPRESENTATION_CONTEXT() REPRESENTATION_CONTEXT('2D SPACE',''
  ) );
#6757 = PCURVE('',#3714,#6758);
#6758 = DEFINITIONAL_REPRESENTATION('',(#6759),#6763);
#6759 = LINE('',#6760,#6761);
#6760 = CARTESIAN_POINT('',(0.,-0.));
#6761 = VECTOR('',#6762,1.);
#6762 = DIRECTION('',(0.,1.));
#6763 = ( GEOMETRIC_REPRESENTATION_CONTEXT(2) 
PARAMETRIC_REPRESENTATION_CONTEXT() REPRESENTATION_CONTEXT('2D SPACE',''
  ) );
#6764 = ORIENTED_EDGE('',*,*,#3697,.T.);
#6765 = ORIENTED_EDGE('',*,*,#6744,.T.);
#6766 = ADVANCED_FACE('',(#6767),#3745,.F.);
#6767 = FACE_BOUND('',#6768,.F.);
#6768 = EDGE_LOOP('',(#6769,#6793,#6814,#6815));
#6769 = ORIENTED_EDGE('',*,*,#6770,.F.);
#6770 = EDGE_CURVE('',#6771,#6771,#6773,.T.);
#6771 = VERTEX_POINT('',#6772);
#6772 = CARTESIAN_POINT('',(-82.55,38.,9.));
#6773 = SURFACE_CURVE('',#6774,(#6779,#6786),.PCURVE_S1.);
#6774 = CIRCLE('',#6775,9.);
#6775 = AXIS2_PLACEMENT_3D('',#6776,#6777,#6778);
#6776 = CARTESIAN_POINT('',(-82.55,38.,1.010945932696E-14));
#6777 = DIRECTION('',(0.,1.,0.));
#6778 = DIRECTION('',(0.,-0.,1.));
#6779 = PCURVE('',#3745,#6780);
#6780 = DEFINITIONAL_REPRESENTATION('',(#6781),#6785);
#6781 = LINE('',#6782,#6783);
#6782 = CARTESIAN_POINT('',(0.,158.));
#6783 = VECTOR('',#6784,1.);
#6784 = DIRECTION('',(1.,0.));
#6785 = ( GEOMETRIC_REPRESENTATION_CONTEXT(2) 
PARAMETRIC_REPRESENTATION_CONTEXT() REPRESENTATION_CONTEXT('2D SPACE',''
  ) );
#6786 = PCURVE('',#6582,#6787);
#6787 = DEFINITIONAL_REPRESENTATION('',(#6788),#6792);
#6788 = CIRCLE('',#6789,9.);
#6789 = AXIS2_PLACEMENT_2D('',#6790,#6791);
#6790 = CARTESIAN_POINT('',(1.010945932696E-14,-82.55));
#6791 = DIRECTION('',(1.,0.));
#6792 = ( GEOMETRIC_REPRESENTATION_CONTEXT(2) 
PARAMETRIC_REPRESENTATION_CONTEXT() REPRESENTATION_CONTEXT('2D SPACE',''
  ) );
#6793 = ORIENTED_EDGE('',*,*,#6794,.F.);
#6794 = EDGE_CURVE('',#3729,#6771,#6795,.T.);
#6795 = SEAM_CURVE('',#6796,(#6800,#6807),.PCURVE_S1.);
#6796 = LINE('',#6797,#6798);
#6797 = CARTESIAN_POINT('',(-82.55,-120.,9.));
#6798 = VECTOR('',#6799,1.);
#6799 = DIRECTION('',(0.,1.,0.));
#6800 = PCURVE('',#3745,#6801);
#6801 = DEFINITIONAL_REPRESENTATION('',(#6802),#6806);
#6802 = LINE('',#6803,#6804);
#6803 = CARTESIAN_POINT('',(6.28318530718,-0.));
#6804 = VECTOR('',#6805,1.);
#6805 = DIRECTION('',(0.,1.));
#6806 = ( GEOMETRIC_REPRESENTATION_CONTEXT(2) 
PARAMETRIC_REPRESENTATION_CONTEXT() REPRESENTATION_CONTEXT('2D SPACE',''
  ) );
#6807 = PCURVE('',#3745,#6808);
#6808 = DEFINITIONAL_REPRESENTATION('',(#6809),#6813);
#6809 = LINE('',#6810,#6811);
#6810 = CARTESIAN_POINT('',(0.,-0.));
#6811 = VECTOR('',#6812,1.);
#6812 = DIRECTION('',(0.,1.));
#6813 = ( GEOMETRIC_REPRESENTATION_CONTEXT(2) 
PARAMETRIC_REPRESENTATION_CONTEXT() REPRESENTATION_CONTEXT('2D SPACE',''
  ) );
#6814 = ORIENTED_EDGE('',*,*,#3728,.T.);
#6815 = ORIENTED_EDGE('',*,*,#6794,.T.);
#6816 = ADVANCED_FACE('',(#6817),#3776,.F.);
#6817 = FACE_BOUND('',#6818,.F.);
#6818 = EDGE_LOOP('',(#6819,#6843,#6864,#6865));
#6819 = ORIENTED_EDGE('',*,*,#6820,.F.);
#6820 = EDGE_CURVE('',#6821,#6821,#6823,.T.);
#6821 = VERTEX_POINT('',#6822);
#6822 = CARTESIAN_POINT('',(-25.50935288565,38.,-69.50971542016));
#6823 = SURFACE_CURVE('',#6824,(#6829,#6836),.PCURVE_S1.);
#6824 = CIRCLE('',#6825,9.);
#6825 = AXIS2_PLACEMENT_3D('',#6826,#6827,#6828);
#6826 = CARTESIAN_POINT('',(-25.50935288565,38.,-78.50971542016));
#6827 = DIRECTION('',(0.,1.,0.));
#6828 = DIRECTION('',(0.,-0.,1.));
#6829 = PCURVE('',#3776,#6830);
#6830 = DEFINITIONAL_REPRESENTATION('',(#6831),#6835);
#6831 = LINE('',#6832,#6833);
#6832 = CARTESIAN_POINT('',(0.,158.));
#6833 = VECTOR('',#6834,1.);
#6834 = DIRECTION('',(1.,0.));
#6835 = ( GEOMETRIC_REPRESENTATION_CONTEXT(2) 
PARAMETRIC_REPRESENTATION_CONTEXT() REPRESENTATION_CONTEXT('2D SPACE',''
  ) );
#6836 = PCURVE('',#6582,#6837);
#6837 = DEFINITIONAL_REPRESENTATION('',(#6838),#6842);
#6838 = CIRCLE('',#6839,9.);
#6839 = AXIS2_PLACEMENT_2D('',#6840,#6841);
#6840 = CARTESIAN_POINT('',(-78.50971542016,-25.50935288565));
#6841 = DIRECTION('',(1.,0.));
#6842 = ( GEOMETRIC_REPRESENTATION_CONTEXT(2) 
PARAMETRIC_REPRESENTATION_CONTEXT() REPRESENTATION_CONTEXT('2D SPACE',''
  ) );
#6843 = ORIENTED_EDGE('',*,*,#6844,.F.);
#6844 = EDGE_CURVE('',#3760,#6821,#6845,.T.);
#6845 = SEAM_CURVE('',#6846,(#6850,#6857),.PCURVE_S1.);
#6846 = LINE('',#6847,#6848);
#6847 = CARTESIAN_POINT('',(-25.50935288565,-120.,-69.50971542016));
#6848 = VECTOR('',#6849,1.);
#6849 = DIRECTION('',(0.,1.,0.));
#6850 = PCURVE('',#3776,#6851);
#6851 = DEFINITIONAL_REPRESENTATION('',(#6852),#6856);
#6852 = LINE('',#6853,#6854);
#6853 = CARTESIAN_POINT('',(6.28318530718,-0.));
#6854 = VECTOR('',#6855,1.);
#6855 = DIRECTION('',(0.,1.));
#6856 = ( GEOMETRIC_REPRESENTATION_CONTEXT(2) 
PARAMETRIC_REPRESENTATION_CONTEXT() REPRESENTATION_CONTEXT('2D SPACE',''
  ) );
#6857 = PCURVE('',#3776,#6858);
#6858 = DEFINITIONAL_REPRESENTATION('',(#6859),#6863);
#6859 = LINE('',#6860,#6861);
#6860 = CARTESIAN_POINT('',(0.,-0.));
#6861 = VECTOR('',#6862,1.);
#6862 = DIRECTION('',(0.,1.));
#6863 = ( GEOMETRIC_REPRESENTATION_CONTEXT(2) 
PARAMETRIC_REPRESENTATION_CONTEXT() REPRESENTATION_CONTEXT('2D SPACE',''
  ) );
#6864 = ORIENTED_EDGE('',*,*,#3759,.T.);
#6865 = ORIENTED_EDGE('',*,*,#6844,.T.);
#6866 = ADVANCED_FACE('',(#6867,#6969,#6972,#6975,#6978),#3867,.F.);
#6867 = FACE_BOUND('',#6868,.T.);
#6868 = EDGE_LOOP('',(#6869,#6892,#6919,#6920,#6921,#6922,#6945,#6967,
    #6968));
#6869 = ORIENTED_EDGE('',*,*,#6870,.F.);
#6870 = EDGE_CURVE('',#6871,#3794,#6873,.T.);
#6871 = VERTEX_POINT('',#6872);
#6872 = CARTESIAN_POINT('',(212.,84.,0.));
#6873 = SEAM_CURVE('',#6874,(#6878,#6885),.PCURVE_S1.);
#6874 = LINE('',#6875,#6876);
#6875 = CARTESIAN_POINT('',(212.,84.,0.));
#6876 = VECTOR('',#6877,1.);
#6877 = DIRECTION('',(-0.92002397899,-0.391862065125,0.));
#6878 = PCURVE('',#3867,#6879);
#6879 = DEFINITIONAL_REPRESENTATION('',(#6880),#6884);
#6880 = LINE('',#6881,#6882);
#6881 = CARTESIAN_POINT('',(0.,-0.));
#6882 = VECTOR('',#6883,1.);
#6883 = DIRECTION('',(0.,-1.));
#6884 = ( GEOMETRIC_REPRESENTATION_CONTEXT(2) 
PARAMETRIC_REPRESENTATION_CONTEXT() REPRESENTATION_CONTEXT('2D SPACE',''
  ) );
#6885 = PCURVE('',#3867,#6886);
#6886 = DEFINITIONAL_REPRESENTATION('',(#6887),#6891);
#6887 = LINE('',#6888,#6889);
#6888 = CARTESIAN_POINT('',(6.28318530718,-0.));
#6889 = VECTOR('',#6890,1.);
#6890 = DIRECTION('',(0.,-1.));
#6891 = ( GEOMETRIC_REPRESENTATION_CONTEXT(2) 
PARAMETRIC_REPRESENTATION_CONTEXT() REPRESENTATION_CONTEXT('2D SPACE',''
  ) );
#6892 = ORIENTED_EDGE('',*,*,#6893,.T.);
#6893 = EDGE_CURVE('',#6871,#6871,#6894,.T.);
#6894 = SURFACE_CURVE('',#6895,(#6900,#6907),.PCURVE_S1.);
#6895 = CIRCLE('',#6896,212.);
#6896 = AXIS2_PLACEMENT_3D('',#6897,#6898,#6899);
#6897 = CARTESIAN_POINT('',(0.,84.,0.));
#6898 = DIRECTION('',(-0.,1.,0.));
#6899 = DIRECTION('',(1.,0.,0.));
#6900 = PCURVE('',#3867,#6901);
#6901 = DEFINITIONAL_REPRESENTATION('',(#6902),#6906);
#6902 = LINE('',#6903,#6904);
#6903 = CARTESIAN_POINT('',(0.,-0.));
#6904 = VECTOR('',#6905,1.);
#6905 = DIRECTION('',(1.,-0.));
#6906 = ( GEOMETRIC_REPRESENTATION_CONTEXT(2) 
PARAMETRIC_REPRESENTATION_CONTEXT() REPRESENTATION_CONTEXT('2D SPACE',''
  ) );
#6907 = PCURVE('',#6908,#6913);
#6908 = CONICAL_SURFACE('',#6909,225.,1.343997478741);
#6909 = AXIS2_PLACEMENT_3D('',#6910,#6911,#6912);
#6910 = CARTESIAN_POINT('',(0.,87.,0.));
#6911 = DIRECTION('',(0.,1.,0.));
#6912 = DIRECTION('',(1.,-0.,0.));
#6913 = DEFINITIONAL_REPRESENTATION('',(#6914),#6918);
#6914 = LINE('',#6915,#6916);
#6915 = CARTESIAN_POINT('',(0.,-3.));
#6916 = VECTOR('',#6917,1.);
#6917 = DIRECTION('',(1.,-0.));
#6918 = ( GEOMETRIC_REPRESENTATION_CONTEXT(2) 
PARAMETRIC_REPRESENTATION_CONTEXT() REPRESENTATION_CONTEXT('2D SPACE',''
  ) );
#6919 = ORIENTED_EDGE('',*,*,#6870,.T.);
#6920 = ORIENTED_EDGE('',*,*,#3791,.F.);
#6921 = ORIENTED_EDGE('',*,*,#3933,.F.);
#6922 = ORIENTED_EDGE('',*,*,#6923,.T.);
#6923 = EDGE_CURVE('',#3934,#6924,#6926,.T.);
#6924 = VERTEX_POINT('',#6925);
#6925 = CARTESIAN_POINT('',(104.,38.,0.));
#6926 = SEAM_CURVE('',#6927,(#6931,#6938),.PCURVE_S1.);
#6927 = LINE('',#6928,#6929);
#6928 = CARTESIAN_POINT('',(212.,84.,0.));
#6929 = VECTOR('',#6930,1.);
#6930 = DIRECTION('',(-0.92002397899,-0.391862065125,0.));
#6931 = PCURVE('',#3867,#6932);
#6932 = DEFINITIONAL_REPRESENTATION('',(#6933),#6937);
#6933 = LINE('',#6934,#6935);
#6934 = CARTESIAN_POINT('',(0.,-0.));
#6935 = VECTOR('',#6936,1.);
#6936 = DIRECTION('',(0.,-1.));
#6937 = ( GEOMETRIC_REPRESENTATION_CONTEXT(2) 
PARAMETRIC_REPRESENTATION_CONTEXT() REPRESENTATION_CONTEXT('2D SPACE',''
  ) );
#6938 = PCURVE('',#3867,#6939);
#6939 = DEFINITIONAL_REPRESENTATION('',(#6940),#6944);
#6940 = LINE('',#6941,#6942);
#6941 = CARTESIAN_POINT('',(6.28318530718,-0.));
#6942 = VECTOR('',#6943,1.);
#6943 = DIRECTION('',(0.,-1.));
#6944 = ( GEOMETRIC_REPRESENTATION_CONTEXT(2) 
PARAMETRIC_REPRESENTATION_CONTEXT() REPRESENTATION_CONTEXT('2D SPACE',''
  ) );
#6945 = ORIENTED_EDGE('',*,*,#6946,.F.);
#6946 = EDGE_CURVE('',#6924,#6924,#6947,.T.);
#6947 = SURFACE_CURVE('',#6948,(#6953,#6960),.PCURVE_S1.);
#6948 = CIRCLE('',#6949,104.);
#6949 = AXIS2_PLACEMENT_3D('',#6950,#6951,#6952);
#6950 = CARTESIAN_POINT('',(0.,38.,0.));
#6951 = DIRECTION('',(-0.,1.,0.));
#6952 = DIRECTION('',(1.,0.,0.));
#6953 = PCURVE('',#3867,#6954);
#6954 = DEFINITIONAL_REPRESENTATION('',(#6955),#6959);
#6955 = LINE('',#6956,#6957);
#6956 = CARTESIAN_POINT('',(0.,-46.));
#6957 = VECTOR('',#6958,1.);
#6958 = DIRECTION('',(1.,-0.));
#6959 = ( GEOMETRIC_REPRESENTATION_CONTEXT(2) 
PARAMETRIC_REPRESENTATION_CONTEXT() REPRESENTATION_CONTEXT('2D SPACE',''
  ) );
#6960 = PCURVE('',#6582,#6961);
#6961 = DEFINITIONAL_REPRESENTATION('',(#6962),#6966);
#6962 = CIRCLE('',#6963,104.);
#6963 = AXIS2_PLACEMENT_2D('',#6964,#6965);
#6964 = CARTESIAN_POINT('',(0.,0.));
#6965 = DIRECTION('',(0.,1.));
#6966 = ( GEOMETRIC_REPRESENTATION_CONTEXT(2) 
PARAMETRIC_REPRESENTATION_CONTEXT() REPRESENTATION_CONTEXT('2D SPACE',''
  ) );
#6967 = ORIENTED_EDGE('',*,*,#6923,.F.);
#6968 = ORIENTED_EDGE('',*,*,#4079,.F.);
#6969 = FACE_BOUND('',#6970,.T.);
#6970 = EDGE_LOOP('',(#6971));
#6971 = ORIENTED_EDGE('',*,*,#4881,.F.);
#6972 = FACE_BOUND('',#6973,.T.);
#6973 = EDGE_LOOP('',(#6974));
#6974 = ORIENTED_EDGE('',*,*,#5410,.F.);
#6975 = FACE_BOUND('',#6976,.T.);
#6976 = EDGE_LOOP('',(#6977));
#6977 = ORIENTED_EDGE('',*,*,#5960,.F.);
#6978 = FACE_BOUND('',#6979,.T.);
#6979 = EDGE_LOOP('',(#6980));
#6980 = ORIENTED_EDGE('',*,*,#4352,.F.);
#6981 = ADVANCED_FACE('',(#6982),#6549,.T.);
#6982 = FACE_BOUND('',#6983,.T.);
#6983 = EDGE_LOOP('',(#6984,#7007,#7008,#7009));
#6984 = ORIENTED_EDGE('',*,*,#6985,.F.);
#6985 = EDGE_CURVE('',#6512,#6986,#6988,.T.);
#6986 = VERTEX_POINT('',#6987);
#6987 = CARTESIAN_POINT('',(225.,76.153846153846,0.));
#6988 = SEAM_CURVE('',#6989,(#6993,#7000),.PCURVE_S1.);
#6989 = LINE('',#6990,#6991);
#6990 = CARTESIAN_POINT('',(225.,76.,0.));
#6991 = VECTOR('',#6992,1.);
#6992 = DIRECTION('',(0.,1.,0.));
#6993 = PCURVE('',#6549,#6994);
#6994 = DEFINITIONAL_REPRESENTATION('',(#6995),#6999);
#6995 = LINE('',#6996,#6997);
#6996 = CARTESIAN_POINT('',(0.,0.));
#6997 = VECTOR('',#6998,1.);
#6998 = DIRECTION('',(0.,1.));
#6999 = ( GEOMETRIC_REPRESENTATION_CONTEXT(2) 
PARAMETRIC_REPRESENTATION_CONTEXT() REPRESENTATION_CONTEXT('2D SPACE',''
  ) );
#7000 = PCURVE('',#6549,#7001);
#7001 = DEFINITIONAL_REPRESENTATION('',(#7002),#7006);
#7002 = LINE('',#7003,#7004);
#7003 = CARTESIAN_POINT('',(6.28318530718,0.));
#7004 = VECTOR('',#7005,1.);
#7005 = DIRECTION('',(0.,1.));
#7006 = ( GEOMETRIC_REPRESENTATION_CONTEXT(2) 
PARAMETRIC_REPRESENTATION_CONTEXT() REPRESENTATION_CONTEXT('2D SPACE',''
  ) );
#7007 = ORIENTED_EDGE('',*,*,#6534,.T.);
#7008 = ORIENTED_EDGE('',*,*,#6985,.T.);
#7009 = ORIENTED_EDGE('',*,*,#7010,.F.);
#7010 = EDGE_CURVE('',#6986,#6986,#7011,.T.);
#7011 = SURFACE_CURVE('',#7012,(#7017,#7024),.PCURVE_S1.);
#7012 = CIRCLE('',#7013,225.);
#7013 = AXIS2_PLACEMENT_3D('',#7014,#7015,#7016);
#7014 = CARTESIAN_POINT('',(0.,76.153846153846,0.));
#7015 = DIRECTION('',(0.,1.,0.));
#7016 = DIRECTION('',(0.,-0.,1.));
#7017 = PCURVE('',#6549,#7018);
#7018 = DEFINITIONAL_REPRESENTATION('',(#7019),#7023);
#7019 = LINE('',#7020,#7021);
#7020 = CARTESIAN_POINT('',(-1.570796326795,0.153846153846));
#7021 = VECTOR('',#7022,1.);
#7022 = DIRECTION('',(1.,0.));
#7023 = ( GEOMETRIC_REPRESENTATION_CONTEXT(2) 
PARAMETRIC_REPRESENTATION_CONTEXT() REPRESENTATION_CONTEXT('2D SPACE',''
  ) );
#7024 = PCURVE('',#7025,#7030);
#7025 = CONICAL_SURFACE('',#7026,223.6,0.576375220591);
#7026 = AXIS2_PLACEMENT_3D('',#7027,#7028,#7029);
#7027 = CARTESIAN_POINT('',(0.,74.,0.));
#7028 = DIRECTION('',(0.,1.,0.));
#7029 = DIRECTION('',(1.,0.,0.));
#7030 = DEFINITIONAL_REPRESENTATION('',(#7031),#7035);
#7031 = LINE('',#7032,#7033);
#7032 = CARTESIAN_POINT('',(-1.570796326795,2.153846153846));
#7033 = VECTOR('',#7034,1.);
#7034 = DIRECTION('',(1.,0.));
#7035 = ( GEOMETRIC_REPRESENTATION_CONTEXT(2) 
PARAMETRIC_REPRESENTATION_CONTEXT() REPRESENTATION_CONTEXT('2D SPACE',''
  ) );
#7036 = ADVANCED_FACE('',(#7037,#7040,#7043,#7046,#7049,#7052,#7055),
  #6582,.T.);
#7037 = FACE_BOUND('',#7038,.T.);
#7038 = EDGE_LOOP('',(#7039));
#7039 = ORIENTED_EDGE('',*,*,#6946,.T.);
#7040 = FACE_BOUND('',#7041,.T.);
#7041 = EDGE_LOOP('',(#7042));
#7042 = ORIENTED_EDGE('',*,*,#6820,.F.);
#7043 = FACE_BOUND('',#7044,.T.);
#7044 = EDGE_LOOP('',(#7045));
#7045 = ORIENTED_EDGE('',*,*,#6770,.F.);
#7046 = FACE_BOUND('',#7047,.T.);
#7047 = EDGE_LOOP('',(#7048));
#7048 = ORIENTED_EDGE('',*,*,#6620,.F.);
#7049 = FACE_BOUND('',#7050,.T.);
#7050 = EDGE_LOOP('',(#7051));
#7051 = ORIENTED_EDGE('',*,*,#6720,.F.);
#7052 = FACE_BOUND('',#7053,.T.);
#7053 = EDGE_LOOP('',(#7054));
#7054 = ORIENTED_EDGE('',*,*,#6670,.F.);
#7055 = FACE_BOUND('',#7056,.T.);
#7056 = EDGE_LOOP('',(#7057));
#7057 = ORIENTED_EDGE('',*,*,#6565,.F.);
#7058 = ADVANCED_FACE('',(#7059),#6908,.F.);
#7059 = FACE_BOUND('',#7060,.T.);
#7060 = EDGE_LOOP('',(#7061,#7090,#7111,#7112));
#7061 = ORIENTED_EDGE('',*,*,#7062,.F.);
#7062 = EDGE_CURVE('',#7063,#7063,#7065,.T.);
#7063 = VERTEX_POINT('',#7064);
#7064 = CARTESIAN_POINT('',(221.24444444444,86.133333333333,0.));
#7065 = SURFACE_CURVE('',#7066,(#7071,#7078),.PCURVE_S1.);
#7066 = CIRCLE('',#7067,221.24444444444);
#7067 = AXIS2_PLACEMENT_3D('',#7068,#7069,#7070);
#7068 = CARTESIAN_POINT('',(0.,86.133333333333,0.));
#7069 = DIRECTION('',(0.,-1.,-0.));
#7070 = DIRECTION('',(0.,0.,-1.));
#7071 = PCURVE('',#6908,#7072);
#7072 = DEFINITIONAL_REPRESENTATION('',(#7073),#7077);
#7073 = LINE('',#7074,#7075);
#7074 = CARTESIAN_POINT('',(7.853981633974,-0.866666666667));
#7075 = VECTOR('',#7076,1.);
#7076 = DIRECTION('',(-1.,-0.));
#7077 = ( GEOMETRIC_REPRESENTATION_CONTEXT(2) 
PARAMETRIC_REPRESENTATION_CONTEXT() REPRESENTATION_CONTEXT('2D SPACE',''
  ) );
#7078 = PCURVE('',#7079,#7084);
#7079 = CONICAL_SURFACE('',#7080,220.6,0.165148677415);
#7080 = AXIS2_PLACEMENT_3D('',#7081,#7082,#7083);
#7081 = CARTESIAN_POINT('',(0.,90.,0.));
#7082 = DIRECTION('',(-0.,-1.,-0.));
#7083 = DIRECTION('',(1.,-0.,0.));
#7084 = DEFINITIONAL_REPRESENTATION('',(#7085),#7089);
#7085 = LINE('',#7086,#7087);
#7086 = CARTESIAN_POINT('',(-7.853981633974,3.866666666667));
#7087 = VECTOR('',#7088,1.);
#7088 = DIRECTION('',(1.,-0.));
#7089 = ( GEOMETRIC_REPRESENTATION_CONTEXT(2) 
PARAMETRIC_REPRESENTATION_CONTEXT() REPRESENTATION_CONTEXT('2D SPACE',''
  ) );
#7090 = ORIENTED_EDGE('',*,*,#7091,.T.);
#7091 = EDGE_CURVE('',#7063,#6871,#7092,.T.);
#7092 = SEAM_CURVE('',#7093,(#7097,#7104),.PCURVE_S1.);
#7093 = LINE('',#7094,#7095);
#7094 = CARTESIAN_POINT('',(225.,87.,0.));
#7095 = VECTOR('',#7096,1.);
#7096 = DIRECTION('',(-0.974391195695,-0.224859506699,0.));
#7097 = PCURVE('',#6908,#7098);
#7098 = DEFINITIONAL_REPRESENTATION('',(#7099),#7103);
#7099 = LINE('',#7100,#7101);
#7100 = CARTESIAN_POINT('',(0.,-0.));
#7101 = VECTOR('',#7102,1.);
#7102 = DIRECTION('',(0.,-1.));
#7103 = ( GEOMETRIC_REPRESENTATION_CONTEXT(2) 
PARAMETRIC_REPRESENTATION_CONTEXT() REPRESENTATION_CONTEXT('2D SPACE',''
  ) );
#7104 = PCURVE('',#6908,#7105);
#7105 = DEFINITIONAL_REPRESENTATION('',(#7106),#7110);
#7106 = LINE('',#7107,#7108);
#7107 = CARTESIAN_POINT('',(6.28318530718,-0.));
#7108 = VECTOR('',#7109,1.);
#7109 = DIRECTION('',(0.,-1.));
#7110 = ( GEOMETRIC_REPRESENTATION_CONTEXT(2) 
PARAMETRIC_REPRESENTATION_CONTEXT() REPRESENTATION_CONTEXT('2D SPACE',''
  ) );
#7111 = ORIENTED_EDGE('',*,*,#6893,.F.);
#7112 = ORIENTED_EDGE('',*,*,#7091,.F.);
#7113 = ADVANCED_FACE('',(#7114),#7025,.T.);
#7114 = FACE_BOUND('',#7115,.T.);
#7115 = EDGE_LOOP('',(#7116,#7117,#7140,#7167));
#7116 = ORIENTED_EDGE('',*,*,#7010,.T.);
#7117 = ORIENTED_EDGE('',*,*,#7118,.T.);
#7118 = EDGE_CURVE('',#6986,#7119,#7121,.T.);
#7119 = VERTEX_POINT('',#7120);
#7120 = CARTESIAN_POINT('',(230.1,84.,0.));
#7121 = SEAM_CURVE('',#7122,(#7126,#7133),.PCURVE_S1.);
#7122 = LINE('',#7123,#7124);
#7123 = CARTESIAN_POINT('',(223.6,74.,0.));
#7124 = VECTOR('',#7125,1.);
#7125 = DIRECTION('',(0.544988350595,0.838443616301,0.));
#7126 = PCURVE('',#7025,#7127);
#7127 = DEFINITIONAL_REPRESENTATION('',(#7128),#7132);
#7128 = LINE('',#7129,#7130);
#7129 = CARTESIAN_POINT('',(0.,0.));
#7130 = VECTOR('',#7131,1.);
#7131 = DIRECTION('',(0.,1.));
#7132 = ( GEOMETRIC_REPRESENTATION_CONTEXT(2) 
PARAMETRIC_REPRESENTATION_CONTEXT() REPRESENTATION_CONTEXT('2D SPACE',''
  ) );
#7133 = PCURVE('',#7025,#7134);
#7134 = DEFINITIONAL_REPRESENTATION('',(#7135),#7139);
#7135 = LINE('',#7136,#7137);
#7136 = CARTESIAN_POINT('',(6.28318530718,0.));
#7137 = VECTOR('',#7138,1.);
#7138 = DIRECTION('',(0.,1.));
#7139 = ( GEOMETRIC_REPRESENTATION_CONTEXT(2) 
PARAMETRIC_REPRESENTATION_CONTEXT() REPRESENTATION_CONTEXT('2D SPACE',''
  ) );
#7140 = ORIENTED_EDGE('',*,*,#7141,.F.);
#7141 = EDGE_CURVE('',#7119,#7119,#7142,.T.);
#7142 = SURFACE_CURVE('',#7143,(#7148,#7155),.PCURVE_S1.);
#7143 = CIRCLE('',#7144,230.1);
#7144 = AXIS2_PLACEMENT_3D('',#7145,#7146,#7147);
#7145 = CARTESIAN_POINT('',(0.,84.,0.));
#7146 = DIRECTION('',(-0.,1.,0.));
#7147 = DIRECTION('',(1.,0.,0.));
#7148 = PCURVE('',#7025,#7149);
#7149 = DEFINITIONAL_REPRESENTATION('',(#7150),#7154);
#7150 = LINE('',#7151,#7152);
#7151 = CARTESIAN_POINT('',(0.,10.));
#7152 = VECTOR('',#7153,1.);
#7153 = DIRECTION('',(1.,0.));
#7154 = ( GEOMETRIC_REPRESENTATION_CONTEXT(2) 
PARAMETRIC_REPRESENTATION_CONTEXT() REPRESENTATION_CONTEXT('2D SPACE',''
  ) );
#7155 = PCURVE('',#7156,#7161);
#7156 = CONICAL_SURFACE('',#7157,230.1,0.244978663127);
#7157 = AXIS2_PLACEMENT_3D('',#7158,#7159,#7160);
#7158 = CARTESIAN_POINT('',(0.,84.,0.));
#7159 = DIRECTION('',(-0.,-1.,-0.));
#7160 = DIRECTION('',(1.,0.,0.));
#7161 = DEFINITIONAL_REPRESENTATION('',(#7162),#7166);
#7162 = LINE('',#7163,#7164);
#7163 = CARTESIAN_POINT('',(-0.,-0.));
#7164 = VECTOR('',#7165,1.);
#7165 = DIRECTION('',(-1.,-0.));
#7166 = ( GEOMETRIC_REPRESENTATION_CONTEXT(2) 
PARAMETRIC_REPRESENTATION_CONTEXT() REPRESENTATION_CONTEXT('2D SPACE',''
  ) );
#7167 = ORIENTED_EDGE('',*,*,#7118,.F.);
#7168 = ADVANCED_FACE('',(#7169),#7079,.F.);
#7169 = FACE_BOUND('',#7170,.T.);
#7170 = EDGE_LOOP('',(#7171,#7194,#7221,#7222));
#7171 = ORIENTED_EDGE('',*,*,#7172,.F.);
#7172 = EDGE_CURVE('',#7173,#7063,#7175,.T.);
#7173 = VERTEX_POINT('',#7174);
#7174 = CARTESIAN_POINT('',(220.6,90.,0.));
#7175 = SEAM_CURVE('',#7176,(#7180,#7187),.PCURVE_S1.);
#7176 = LINE('',#7177,#7178);
#7177 = CARTESIAN_POINT('',(220.6,90.,0.));
#7178 = VECTOR('',#7179,1.);
#7179 = DIRECTION('',(0.164398987305,-0.986393923832,0.));
#7180 = PCURVE('',#7079,#7181);
#7181 = DEFINITIONAL_REPRESENTATION('',(#7182),#7186);
#7182 = LINE('',#7183,#7184);
#7183 = CARTESIAN_POINT('',(-0.,0.));
#7184 = VECTOR('',#7185,1.);
#7185 = DIRECTION('',(-0.,1.));
#7186 = ( GEOMETRIC_REPRESENTATION_CONTEXT(2) 
PARAMETRIC_REPRESENTATION_CONTEXT() REPRESENTATION_CONTEXT('2D SPACE',''
  ) );
#7187 = PCURVE('',#7079,#7188);
#7188 = DEFINITIONAL_REPRESENTATION('',(#7189),#7193);
#7189 = LINE('',#7190,#7191);
#7190 = CARTESIAN_POINT('',(-6.28318530718,0.));
#7191 = VECTOR('',#7192,1.);
#7192 = DIRECTION('',(-0.,1.));
#7193 = ( GEOMETRIC_REPRESENTATION_CONTEXT(2) 
PARAMETRIC_REPRESENTATION_CONTEXT() REPRESENTATION_CONTEXT('2D SPACE',''
  ) );
#7194 = ORIENTED_EDGE('',*,*,#7195,.T.);
#7195 = EDGE_CURVE('',#7173,#7173,#7196,.T.);
#7196 = SURFACE_CURVE('',#7197,(#7202,#7209),.PCURVE_S1.);
#7197 = CIRCLE('',#7198,220.6);
#7198 = AXIS2_PLACEMENT_3D('',#7199,#7200,#7201);
#7199 = CARTESIAN_POINT('',(0.,90.,0.));
#7200 = DIRECTION('',(-0.,1.,0.));
#7201 = DIRECTION('',(1.,0.,0.));
#7202 = PCURVE('',#7079,#7203);
#7203 = DEFINITIONAL_REPRESENTATION('',(#7204),#7208);
#7204 = LINE('',#7205,#7206);
#7205 = CARTESIAN_POINT('',(-0.,0.));
#7206 = VECTOR('',#7207,1.);
#7207 = DIRECTION('',(-1.,0.));
#7208 = ( GEOMETRIC_REPRESENTATION_CONTEXT(2) 
PARAMETRIC_REPRESENTATION_CONTEXT() REPRESENTATION_CONTEXT('2D SPACE',''
  ) );
#7209 = PCURVE('',#7210,#7215);
#7210 = CYLINDRICAL_SURFACE('',#7211,220.6);
#7211 = AXIS2_PLACEMENT_3D('',#7212,#7213,#7214);
#7212 = CARTESIAN_POINT('',(0.,114.95,0.));
#7213 = DIRECTION('',(-0.,-1.,-0.));
#7214 = DIRECTION('',(1.,-0.,0.));
#7215 = DEFINITIONAL_REPRESENTATION('',(#7216),#7220);
#7216 = LINE('',#7217,#7218);
#7217 = CARTESIAN_POINT('',(-0.,24.95));
#7218 = VECTOR('',#7219,1.);
#7219 = DIRECTION('',(-1.,0.));
#7220 = ( GEOMETRIC_REPRESENTATION_CONTEXT(2) 
PARAMETRIC_REPRESENTATION_CONTEXT() REPRESENTATION_CONTEXT('2D SPACE',''
  ) );
#7221 = ORIENTED_EDGE('',*,*,#7172,.T.);
#7222 = ORIENTED_EDGE('',*,*,#7062,.T.);
#7223 = ADVANCED_FACE('',(#7224),#7156,.T.);
#7224 = FACE_BOUND('',#7225,.T.);
#7225 = EDGE_LOOP('',(#7226,#7227,#7250,#7277));
#7226 = ORIENTED_EDGE('',*,*,#7141,.T.);
#7227 = ORIENTED_EDGE('',*,*,#7228,.T.);
#7228 = EDGE_CURVE('',#7119,#7229,#7231,.T.);
#7229 = VERTEX_POINT('',#7230);
#7230 = CARTESIAN_POINT('',(228.6,90.,0.));
#7231 = SEAM_CURVE('',#7232,(#7236,#7243),.PCURVE_S1.);
#7232 = LINE('',#7233,#7234);
#7233 = CARTESIAN_POINT('',(230.1,84.,0.));
#7234 = VECTOR('',#7235,1.);
#7235 = DIRECTION('',(-0.242535625036,0.970142500145,0.));
#7236 = PCURVE('',#7156,#7237);
#7237 = DEFINITIONAL_REPRESENTATION('',(#7238),#7242);
#7238 = LINE('',#7239,#7240);
#7239 = CARTESIAN_POINT('',(-0.,-0.));
#7240 = VECTOR('',#7241,1.);
#7241 = DIRECTION('',(-0.,-1.));
#7242 = ( GEOMETRIC_REPRESENTATION_CONTEXT(2) 
PARAMETRIC_REPRESENTATION_CONTEXT() REPRESENTATION_CONTEXT('2D SPACE',''
  ) );
#7243 = PCURVE('',#7156,#7244);
#7244 = DEFINITIONAL_REPRESENTATION('',(#7245),#7249);
#7245 = LINE('',#7246,#7247);
#7246 = CARTESIAN_POINT('',(-6.28318530718,-0.));
#7247 = VECTOR('',#7248,1.);
#7248 = DIRECTION('',(-0.,-1.));
#7249 = ( GEOMETRIC_REPRESENTATION_CONTEXT(2) 
PARAMETRIC_REPRESENTATION_CONTEXT() REPRESENTATION_CONTEXT('2D SPACE',''
  ) );
#7250 = ORIENTED_EDGE('',*,*,#7251,.F.);
#7251 = EDGE_CURVE('',#7229,#7229,#7252,.T.);
#7252 = SURFACE_CURVE('',#7253,(#7258,#7265),.PCURVE_S1.);
#7253 = CIRCLE('',#7254,228.6);
#7254 = AXIS2_PLACEMENT_3D('',#7255,#7256,#7257);
#7255 = CARTESIAN_POINT('',(0.,90.,0.));
#7256 = DIRECTION('',(-0.,1.,0.));
#7257 = DIRECTION('',(1.,0.,0.));
#7258 = PCURVE('',#7156,#7259);
#7259 = DEFINITIONAL_REPRESENTATION('',(#7260),#7264);
#7260 = LINE('',#7261,#7262);
#7261 = CARTESIAN_POINT('',(-0.,-6.));
#7262 = VECTOR('',#7263,1.);
#7263 = DIRECTION('',(-1.,-0.));
#7264 = ( GEOMETRIC_REPRESENTATION_CONTEXT(2) 
PARAMETRIC_REPRESENTATION_CONTEXT() REPRESENTATION_CONTEXT('2D SPACE',''
  ) );
#7265 = PCURVE('',#7266,#7271);
#7266 = CYLINDRICAL_SURFACE('',#7267,228.6);
#7267 = AXIS2_PLACEMENT_3D('',#7268,#7269,#7270);
#7268 = CARTESIAN_POINT('',(0.,90.,0.));
#7269 = DIRECTION('',(0.,1.,0.));
#7270 = DIRECTION('',(1.,0.,0.));
#7271 = DEFINITIONAL_REPRESENTATION('',(#7272),#7276);
#7272 = LINE('',#7273,#7274);
#7273 = CARTESIAN_POINT('',(0.,0.));
#7274 = VECTOR('',#7275,1.);
#7275 = DIRECTION('',(1.,0.));
#7276 = ( GEOMETRIC_REPRESENTATION_CONTEXT(2) 
PARAMETRIC_REPRESENTATION_CONTEXT() REPRESENTATION_CONTEXT('2D SPACE',''
  ) );
#7277 = ORIENTED_EDGE('',*,*,#7228,.F.);
#7278 = ADVANCED_FACE('',(#7279),#7210,.F.);
#7279 = FACE_BOUND('',#7280,.T.);
#7280 = EDGE_LOOP('',(#7281,#7310,#7331,#7332));
#7281 = ORIENTED_EDGE('',*,*,#7282,.T.);
#7282 = EDGE_CURVE('',#7283,#7283,#7285,.T.);
#7283 = VERTEX_POINT('',#7284);
#7284 = CARTESIAN_POINT('',(220.6,114.95,0.));
#7285 = SURFACE_CURVE('',#7286,(#7291,#7298),.PCURVE_S1.);
#7286 = CIRCLE('',#7287,220.6);
#7287 = AXIS2_PLACEMENT_3D('',#7288,#7289,#7290);
#7288 = CARTESIAN_POINT('',(0.,114.95,0.));
#7289 = DIRECTION('',(-0.,1.,0.));
#7290 = DIRECTION('',(1.,0.,0.));
#7291 = PCURVE('',#7210,#7292);
#7292 = DEFINITIONAL_REPRESENTATION('',(#7293),#7297);
#7293 = LINE('',#7294,#7295);
#7294 = CARTESIAN_POINT('',(-0.,0.));
#7295 = VECTOR('',#7296,1.);
#7296 = DIRECTION('',(-1.,0.));
#7297 = ( GEOMETRIC_REPRESENTATION_CONTEXT(2) 
PARAMETRIC_REPRESENTATION_CONTEXT() REPRESENTATION_CONTEXT('2D SPACE',''
  ) );
#7298 = PCURVE('',#7299,#7304);
#7299 = PLANE('',#7300);
#7300 = AXIS2_PLACEMENT_3D('',#7301,#7302,#7303);
#7301 = CARTESIAN_POINT('',(0.,114.95,0.));
#7302 = DIRECTION('',(0.,1.,0.));
#7303 = DIRECTION('',(1.,0.,0.));
#7304 = DEFINITIONAL_REPRESENTATION('',(#7305),#7309);
#7305 = CIRCLE('',#7306,220.6);
#7306 = AXIS2_PLACEMENT_2D('',#7307,#7308);
#7307 = CARTESIAN_POINT('',(0.,0.));
#7308 = DIRECTION('',(1.,0.));
#7309 = ( GEOMETRIC_REPRESENTATION_CONTEXT(2) 
PARAMETRIC_REPRESENTATION_CONTEXT() REPRESENTATION_CONTEXT('2D SPACE',''
  ) );
#7310 = ORIENTED_EDGE('',*,*,#7311,.T.);
#7311 = EDGE_CURVE('',#7283,#7173,#7312,.T.);
#7312 = SEAM_CURVE('',#7313,(#7317,#7324),.PCURVE_S1.);
#7313 = LINE('',#7314,#7315);
#7314 = CARTESIAN_POINT('',(220.6,114.95,0.));
#7315 = VECTOR('',#7316,1.);
#7316 = DIRECTION('',(0.,-1.,0.));
#7317 = PCURVE('',#7210,#7318);
#7318 = DEFINITIONAL_REPRESENTATION('',(#7319),#7323);
#7319 = LINE('',#7320,#7321);
#7320 = CARTESIAN_POINT('',(-0.,0.));
#7321 = VECTOR('',#7322,1.);
#7322 = DIRECTION('',(-0.,1.));
#7323 = ( GEOMETRIC_REPRESENTATION_CONTEXT(2) 
PARAMETRIC_REPRESENTATION_CONTEXT() REPRESENTATION_CONTEXT('2D SPACE',''
  ) );
#7324 = PCURVE('',#7210,#7325);
#7325 = DEFINITIONAL_REPRESENTATION('',(#7326),#7330);
#7326 = LINE('',#7327,#7328);
#7327 = CARTESIAN_POINT('',(-6.28318530718,0.));
#7328 = VECTOR('',#7329,1.);
#7329 = DIRECTION('',(-0.,1.));
#7330 = ( GEOMETRIC_REPRESENTATION_CONTEXT(2) 
PARAMETRIC_REPRESENTATION_CONTEXT() REPRESENTATION_CONTEXT('2D SPACE',''
  ) );
#7331 = ORIENTED_EDGE('',*,*,#7195,.F.);
#7332 = ORIENTED_EDGE('',*,*,#7311,.F.);
#7333 = ADVANCED_FACE('',(#7334),#7266,.T.);
#7334 = FACE_BOUND('',#7335,.T.);
#7335 = EDGE_LOOP('',(#7336,#7337,#7360,#7387));
#7336 = ORIENTED_EDGE('',*,*,#7251,.T.);
#7337 = ORIENTED_EDGE('',*,*,#7338,.T.);
#7338 = EDGE_CURVE('',#7229,#7339,#7341,.T.);
#7339 = VERTEX_POINT('',#7340);
#7340 = CARTESIAN_POINT('',(228.6,107.95,0.));
#7341 = SEAM_CURVE('',#7342,(#7346,#7353),.PCURVE_S1.);
#7342 = LINE('',#7343,#7344);
#7343 = CARTESIAN_POINT('',(228.6,90.,0.));
#7344 = VECTOR('',#7345,1.);
#7345 = DIRECTION('',(0.,1.,0.));
#7346 = PCURVE('',#7266,#7347);
#7347 = DEFINITIONAL_REPRESENTATION('',(#7348),#7352);
#7348 = LINE('',#7349,#7350);
#7349 = CARTESIAN_POINT('',(0.,0.));
#7350 = VECTOR('',#7351,1.);
#7351 = DIRECTION('',(0.,1.));
#7352 = ( GEOMETRIC_REPRESENTATION_CONTEXT(2) 
PARAMETRIC_REPRESENTATION_CONTEXT() REPRESENTATION_CONTEXT('2D SPACE',''
  ) );
#7353 = PCURVE('',#7266,#7354);
#7354 = DEFINITIONAL_REPRESENTATION('',(#7355),#7359);
#7355 = LINE('',#7356,#7357);
#7356 = CARTESIAN_POINT('',(6.28318530718,0.));
#7357 = VECTOR('',#7358,1.);
#7358 = DIRECTION('',(0.,1.));
#7359 = ( GEOMETRIC_REPRESENTATION_CONTEXT(2) 
PARAMETRIC_REPRESENTATION_CONTEXT() REPRESENTATION_CONTEXT('2D SPACE',''
  ) );
#7360 = ORIENTED_EDGE('',*,*,#7361,.F.);
#7361 = EDGE_CURVE('',#7339,#7339,#7362,.T.);
#7362 = SURFACE_CURVE('',#7363,(#7368,#7375),.PCURVE_S1.);
#7363 = CIRCLE('',#7364,228.6);
#7364 = AXIS2_PLACEMENT_3D('',#7365,#7366,#7367);
#7365 = CARTESIAN_POINT('',(0.,107.95,0.));
#7366 = DIRECTION('',(-0.,1.,0.));
#7367 = DIRECTION('',(1.,0.,0.));
#7368 = PCURVE('',#7266,#7369);
#7369 = DEFINITIONAL_REPRESENTATION('',(#7370),#7374);
#7370 = LINE('',#7371,#7372);
#7371 = CARTESIAN_POINT('',(0.,17.95));
#7372 = VECTOR('',#7373,1.);
#7373 = DIRECTION('',(1.,0.));
#7374 = ( GEOMETRIC_REPRESENTATION_CONTEXT(2) 
PARAMETRIC_REPRESENTATION_CONTEXT() REPRESENTATION_CONTEXT('2D SPACE',''
  ) );
#7375 = PCURVE('',#7376,#7381);
#7376 = PLANE('',#7377);
#7377 = AXIS2_PLACEMENT_3D('',#7378,#7379,#7380);
#7378 = CARTESIAN_POINT('',(0.,107.95,0.));
#7379 = DIRECTION('',(0.,1.,0.));
#7380 = DIRECTION('',(1.,0.,0.));
#7381 = DEFINITIONAL_REPRESENTATION('',(#7382),#7386);
#7382 = CIRCLE('',#7383,228.6);
#7383 = AXIS2_PLACEMENT_2D('',#7384,#7385);
#7384 = CARTESIAN_POINT('',(0.,0.));
#7385 = DIRECTION('',(1.,-0.));
#7386 = ( GEOMETRIC_REPRESENTATION_CONTEXT(2) 
PARAMETRIC_REPRESENTATION_CONTEXT() REPRESENTATION_CONTEXT('2D SPACE',''
  ) );
#7387 = ORIENTED_EDGE('',*,*,#7338,.F.);
#7388 = ADVANCED_FACE('',(#7389,#7420),#7299,.T.);
#7389 = FACE_BOUND('',#7390,.T.);
#7390 = EDGE_LOOP('',(#7391));
#7391 = ORIENTED_EDGE('',*,*,#7392,.T.);
#7392 = EDGE_CURVE('',#7393,#7393,#7395,.T.);
#7393 = VERTEX_POINT('',#7394);
#7394 = CARTESIAN_POINT('',(244.6,114.95,0.));
#7395 = SURFACE_CURVE('',#7396,(#7401,#7408),.PCURVE_S1.);
#7396 = CIRCLE('',#7397,244.6);
#7397 = AXIS2_PLACEMENT_3D('',#7398,#7399,#7400);
#7398 = CARTESIAN_POINT('',(0.,114.95,0.));
#7399 = DIRECTION('',(-0.,1.,0.));
#7400 = DIRECTION('',(1.,0.,0.));
#7401 = PCURVE('',#7299,#7402);
#7402 = DEFINITIONAL_REPRESENTATION('',(#7403),#7407);
#7403 = CIRCLE('',#7404,244.6);
#7404 = AXIS2_PLACEMENT_2D('',#7405,#7406);
#7405 = CARTESIAN_POINT('',(0.,0.));
#7406 = DIRECTION('',(1.,0.));
#7407 = ( GEOMETRIC_REPRESENTATION_CONTEXT(2) 
PARAMETRIC_REPRESENTATION_CONTEXT() REPRESENTATION_CONTEXT('2D SPACE',''
  ) );
#7408 = PCURVE('',#7409,#7414);
#7409 = CYLINDRICAL_SURFACE('',#7410,244.6);
#7410 = AXIS2_PLACEMENT_3D('',#7411,#7412,#7413);
#7411 = CARTESIAN_POINT('',(0.,107.95,0.));
#7412 = DIRECTION('',(0.,1.,0.));
#7413 = DIRECTION('',(1.,0.,0.));
#7414 = DEFINITIONAL_REPRESENTATION('',(#7415),#7419);
#7415 = LINE('',#7416,#7417);
#7416 = CARTESIAN_POINT('',(0.,7.));
#7417 = VECTOR('',#7418,1.);
#7418 = DIRECTION('',(1.,0.));
#7419 = ( GEOMETRIC_REPRESENTATION_CONTEXT(2) 
PARAMETRIC_REPRESENTATION_CONTEXT() REPRESENTATION_CONTEXT('2D SPACE',''
  ) );
#7420 = FACE_BOUND('',#7421,.T.);
#7421 = EDGE_LOOP('',(#7422));
#7422 = ORIENTED_EDGE('',*,*,#7282,.F.);
#7423 = ADVANCED_FACE('',(#7424,#7427),#7376,.F.);
#7424 = FACE_BOUND('',#7425,.T.);
#7425 = EDGE_LOOP('',(#7426));
#7426 = ORIENTED_EDGE('',*,*,#7361,.T.);
#7427 = FACE_BOUND('',#7428,.T.);
#7428 = EDGE_LOOP('',(#7429));
#7429 = ORIENTED_EDGE('',*,*,#7430,.F.);
#7430 = EDGE_CURVE('',#7431,#7431,#7433,.T.);
#7431 = VERTEX_POINT('',#7432);
#7432 = CARTESIAN_POINT('',(244.6,107.95,0.));
#7433 = SURFACE_CURVE('',#7434,(#7439,#7446),.PCURVE_S1.);
#7434 = CIRCLE('',#7435,244.6);
#7435 = AXIS2_PLACEMENT_3D('',#7436,#7437,#7438);
#7436 = CARTESIAN_POINT('',(0.,107.95,0.));
#7437 = DIRECTION('',(-0.,1.,0.));
#7438 = DIRECTION('',(1.,0.,0.));
#7439 = PCURVE('',#7376,#7440);
#7440 = DEFINITIONAL_REPRESENTATION('',(#7441),#7445);
#7441 = CIRCLE('',#7442,244.6);
#7442 = AXIS2_PLACEMENT_2D('',#7443,#7444);
#7443 = CARTESIAN_POINT('',(0.,0.));
#7444 = DIRECTION('',(1.,-0.));
#7445 = ( GEOMETRIC_REPRESENTATION_CONTEXT(2) 
PARAMETRIC_REPRESENTATION_CONTEXT() REPRESENTATION_CONTEXT('2D SPACE',''
  ) );
#7446 = PCURVE('',#7409,#7447);
#7447 = DEFINITIONAL_REPRESENTATION('',(#7448),#7452);
#7448 = LINE('',#7449,#7450);
#7449 = CARTESIAN_POINT('',(0.,0.));
#7450 = VECTOR('',#7451,1.);
#7451 = DIRECTION('',(1.,0.));
#7452 = ( GEOMETRIC_REPRESENTATION_CONTEXT(2) 
PARAMETRIC_REPRESENTATION_CONTEXT() REPRESENTATION_CONTEXT('2D SPACE',''
  ) );
#7453 = ADVANCED_FACE('',(#7454),#7409,.T.);
#7454 = FACE_BOUND('',#7455,.T.);
#7455 = EDGE_LOOP('',(#7456,#7457,#7478,#7479));
#7456 = ORIENTED_EDGE('',*,*,#7430,.T.);
#7457 = ORIENTED_EDGE('',*,*,#7458,.T.);
#7458 = EDGE_CURVE('',#7431,#7393,#7459,.T.);
#7459 = SEAM_CURVE('',#7460,(#7464,#7471),.PCURVE_S1.);
#7460 = LINE('',#7461,#7462);
#7461 = CARTESIAN_POINT('',(244.6,107.95,0.));
#7462 = VECTOR('',#7463,1.);
#7463 = DIRECTION('',(0.,1.,0.));
#7464 = PCURVE('',#7409,#7465);
#7465 = DEFINITIONAL_REPRESENTATION('',(#7466),#7470);
#7466 = LINE('',#7467,#7468);
#7467 = CARTESIAN_POINT('',(0.,0.));
#7468 = VECTOR('',#7469,1.);
#7469 = DIRECTION('',(0.,1.));
#7470 = ( GEOMETRIC_REPRESENTATION_CONTEXT(2) 
PARAMETRIC_REPRESENTATION_CONTEXT() REPRESENTATION_CONTEXT('2D SPACE',''
  ) );
#7471 = PCURVE('',#7409,#7472);
#7472 = DEFINITIONAL_REPRESENTATION('',(#7473),#7477);
#7473 = LINE('',#7474,#7475);
#7474 = CARTESIAN_POINT('',(6.28318530718,0.));
#7475 = VECTOR('',#7476,1.);
#7476 = DIRECTION('',(0.,1.));
#7477 = ( GEOMETRIC_REPRESENTATION_CONTEXT(2) 
PARAMETRIC_REPRESENTATION_CONTEXT() REPRESENTATION_CONTEXT('2D SPACE',''
  ) );
#7478 = ORIENTED_EDGE('',*,*,#7392,.F.);
#7479 = ORIENTED_EDGE('',*,*,#7458,.F.);
#7480 = ( GEOMETRIC_REPRESENTATION_CONTEXT(3) 
GLOBAL_UNCERTAINTY_ASSIGNED_CONTEXT((#7484)) 
GLOBAL_UNIT_ASSIGNED_CONTEXT((#7481,#7482,#7483)) REPRESENTATION_CONTEXT
('Context #1','3D Context with UNIT and UNCERTAINTY') );
#7481 = ( LENGTH_UNIT() NAMED_UNIT(*) SI_UNIT(.MILLI.,.METRE.) );
#7482 = ( NAMED_UNIT(*) PLANE_ANGLE_UNIT() SI_UNIT($,.RADIAN.) );
#7483 = ( NAMED_UNIT(*) SI_UNIT($,.STERADIAN.) SOLID_ANGLE_UNIT() );
#7484 = UNCERTAINTY_MEASURE_WITH_UNIT(LENGTH_MEASURE(1.E-07),#7481,
  'distance_accuracy_value','confusion accuracy');
#7485 = PRODUCT_RELATED_PRODUCT_CATEGORY('part',$,(#7));
ENDSEC;
END-ISO-10303-21;
